lookback_period,leverage,capital_allocation,momentum_threshold,sharpe_ratio,calmar_ratio,annual_return,max_drawdown,error_type,error_msg
5,1,0.1,0.0,-5.679980984337223,-0.5405091515382179,-0.2727723900104111,-0.5046582268480316,,
5,1,0.1,0.01,-2.2044417482172283,-0.4416098868804694,-0.06650828855568847,-0.15060416564833448,,
5,1,0.1,0.02,-1.4116916593082989,-0.3605821504755656,-0.02772595503564035,-0.07689220056808986,,
5,1,0.1,0.03,-0.7447089364955503,-0.25184177932308704,-0.009768717079755462,-0.038789104436969556,,
5,1,0.1,0.04,-0.8568543981537083,-0.3264649840929004,-0.008403730607899562,-0.025741598693194482,,
5,1,0.1,0.05,-1.06772612167072,-0.35885095136862777,-0.007709698941888554,-0.02148440435363039,,
5,1,0.1,0.06,0.024676320942537577,0.0171821867674747,0.00011351075078414041,-0.006606304093901041,,
5,1,0.1,0.07,-0.22894145811828204,-0.12464974340018682,-0.000813652075424498,-0.00652750702271625,,
5,1,0.1,0.08,-0.5570079257751889,-0.25989167511331246,-0.0015712903740009443,-0.006045943462082283,,
5,1,0.1,0.09,-0.2779795667482794,-0.19743835155853162,-0.0004747008533249053,-0.002404299111989789,,
5,1,0.1,0.1,-0.6998914267475512,-0.46112470684226703,-0.0010764783483311335,-0.002334462526856873,,
5,1,0.2,0.0,-4.918052681086678,-0.6249692876941026,-0.4723638997089562,-0.7558193802639456,,
5,1,0.2,0.01,-2.144273705338102,-0.46233939311815486,-0.12938602206416627,-0.2798507416630634,,
5,1,0.2,0.02,-1.4013980578119563,-0.3706892113552962,-0.0550475725796471,-0.14850060615032412,,
5,1,0.2,0.03,-0.7475024502818369,-0.25686026543365104,-0.019610721975728218,-0.07634782258992026,,
5,1,0.2,0.04,-0.8580829157560108,-0.3302940933297888,-0.01683155896449262,-0.05095930961044105,,
5,1,0.2,0.05,-1.0671740219492127,-0.3618347162433758,-0.015411424822984965,-0.04259244381796409,,
5,1,0.2,0.06,0.02237636668818406,0.015615593561149,0.00020586198311423054,-0.013183103306838575,,
5,1,0.2,0.07,-0.23062347045372641,-0.12580590464455724,-0.001639259808324689,-0.013030070511842297,,
5,1,0.2,0.08,-0.5579799147099838,-0.2608440708171632,-0.003148064608414658,-0.012068760461192433,,
5,1,0.2,0.09,-0.2787694709518647,-0.19802590443518675,-0.0009520995178873282,-0.004807954396688274,,
5,1,0.2,0.1,-0.7002855831755234,-0.4614157302923536,-0.0021541691728960144,-0.004668608006777597,,
5,1,0.30000000000000004,0.0,-4.290000595709981,-0.7021754603845811,-0.6180621302420318,-0.8802103820368765,,
5,1,0.30000000000000004,0.01,-2.0855816148280293,-0.4833345905647884,-0.1887667895387991,-0.39055096246726406,,
5,1,0.30000000000000004,0.02,-1.3909409139430444,-0.3809505986410423,-0.08195521660044414,-0.21513345009248283,,
5,1,0.30000000000000004,0.03,-0.7501920784903368,-0.2619450415039592,-0.029521926531720588,-0.11270275002046327,,
5,1,0.30000000000000004,0.04,-0.8592543815131961,-0.33415146584369354,-0.025281806435679566,-0.07565972027639008,,
5,1,0.30000000000000004,0.05,-1.0665936234077218,-0.36483488186129814,-0.02310456463389088,-0.0633288256759251,,
5,1,0.30000000000000004,0.06,0.0200753065915189,0.014041157898844815,0.0002770384364101375,-0.01973045516658778,,
5,1,0.30000000000000004,0.07,-0.23230338548285687,-0.12696549676465338,-0.0024768008373818873,-0.019507668622546732,,
5,1,0.30000000000000004,0.08,-0.5589503142691503,-0.2617989789095001,-0.004730309252603315,-0.01806847861785783,,
5,1,0.30000000000000004,0.09,-0.27956051808367055,-0.19861442485211606,-0.0014322018489629773,-0.0072109659206745095,,
5,1,0.30000000000000004,0.1,-0.7006806828422415,-0.4617074148110743,-0.003233076825981507,-0.007002436439762283,,
5,1,0.4,0.0,-3.77018172981105,-0.7691978150281809,-0.7242376337670833,-0.9415492603038006,,
5,1,0.4,0.01,-2.028367694521552,-0.5045223988186186,-0.24478444764235596,-0.4851805355233766,,
5,1,0.4,0.02,-1.380330103836497,-0.39135934510903597,-0.10844002694487409,-0.2770855693114005,,
5,1,0.4,0.03,-0.752778026547105,-0.2670958389415672,-0.03949825337023738,-0.14788045192601615,,
5,1,0.4,0.04,-0.8603689669165664,-0.3380369213491759,-0.03375280111506951,-0.09984945129767196,,
5,1,0.4,0.05,-1.0659850947671128,-0.36785135882981956,-0.0307885102383193,-0.08369823707124895,,
5,1,0.4,0.06,0.017773193368254683,0.012458877618054342,0.0003270258200580578,-0.026248417400308987,,
5,1,0.4,0.07,-0.2339811878474906,-0.1281285306200309,-0.0033262525829470535,-0.02596028040633009,,
5,1,0.4,0.08,-0.5599191214007592,-0.26275640603616557,-0.0063180108214917485,-0.024045125737570575,,
5,1,0.4,0.09,-0.2803527132853817,-0.19920391683515815,-0.0019150137369490228,-0.009613333750529125,,
5,1,0.4,0.1,-0.7010767298701921,-0.46199976324979913,-0.004313205685237076,-0.00933594782581082,,
5,1,0.5,0.0,-3.337122915349522,-0.8247286435739024,-0.8013071942716964,-0.9716010235794518,,
5,1,0.5,0.01,-1.9726308212112535,-0.5258261985566028,-0.2975726166887004,-0.5659143981519742,,
5,1,0.5,0.02,-1.3695753949691387,-0.40190792462147007,-0.13449390866784472,-0.33463860856815764,,
5,1,0.5,0.03,-0.7552605370157123,-0.27231233422707496,-0.04953563832824204,-0.18190743533098802,,
5,1,0.5,0.04,-0.8614268536196333,-0.34195026710107906,-0.042242878322317434,-0.12353515229110969,,
5,1,0.5,0.05,-1.0653486064048279,-0.37088405338325514,-0.03846265843290264,-0.1037053442498835,,
5,1,0.5,0.06,0.015470079804308888,0.010868750772907464,0.00035581081502522593,-0.03273704793306657,,
5,1,0.5,0.07,-0.23565686222467586,-0.12929501704938756,-0.004187592247666849,-0.03238788580744214,,
5,1,0.5,0.08,-0.5608863330544775,-0.2637163588494141,-0.007911155795589986,-0.029998729809959844,,
5,1,0.5,0.09,-0.2811460617305133,-0.19979438443492092,-0.0024005411076358785,-0.012015057952831538,,
5,1,0.5,0.1,-0.701473728408698,-0.4622927784783422,-0.005394560153881178,-0.011669142164923318,,
5,1,0.6,0.0,-2.974816051912328,-0.8691025372342569,-0.8571684452618012,-0.9862684879387955,,
5,1,0.6,0.01,-1.9183667359378334,-0.5471669005896785,-0.3472642138062476,-0.6346586634388941,,
5,1,0.6,0.02,-1.358686436842587,-0.41258826411702565,-0.16010952026403535,-0.3880612566784552,,
5,1,0.6,0.03,-0.7576398891258357,-0.277594147713823,-0.0596300328558107,-0.2148101224283893,,
5,1,0.6,0.04,-0.8624282333326847,-0.3458912977400511,-0.05075038109525698,-0.14672349789325312,,
5,1,0.6,0.05,-1.0646843303288493,-0.3739328673398056,-0.04612641100587256,-0.1233547918213777,,
5,1,0.6,0.06,0.013166018753342104,0.00927077563517165,0.00036338107540667686,-0.039196404886347874,,
5,1,0.6,0.07,-0.23733039332771796,-0.1304649668704846,-0.005060796817131563,-0.03879046565930244,,
5,1,0.6,0.08,-0.5618519461817687,-0.2646788440079094,-0.009509730621019119,-0.03592931900796325,,
5,1,0.6,0.09,-0.2819405686250511,-0.20038583172719146,-0.002888789922485535,-0.014416138594161592,,
5,1,0.6,0.1,-0.7018716826340294,-0.46258646338506476,-0.006477144660908651,-0.014002019457099779,,
5,1,0.7000000000000001,0.0,-2.6699933013412838,-0.9035321294037012,-0.8975620502860133,-0.9933925104338814,,
5,1,0.7000000000000001,0.01,-1.8655682483530405,-0.5684641025448811,-0.39399102306738487,-0.693079864328423,,
5,1,0.7000000000000001,0.02,-1.347672752112078,-0.4233917595689198,-0.18528026086296967,-0.43760951099193446,,
5,1,0.7000000000000001,0.03,-0.7599163982806761,-0.2829408424899736,-0.06977740637573959,-0.24661482506970428,,
5,1,0.7000000000000001,0.04,-0.8633733077126533,-0.34985979514414944,-0.059273660675506434,-0.16942118385190405,,
5,1,0.7000000000000001,0.05,-1.0639924401504672,-0.37699769805977157,-0.05377917479455163,-0.14265120204003248,,
5,1,0.7000000000000001,0.06,0.010861063134944442,0.007664950695706641,0.0003497252299249354,-0.045626546576591355,,
5,1,0.7000000000000001,0.07,-0.23900176590588823,-0.13163839087945756,-0.005945843060512157,-0.04516800168088365,,
5,1,0.7000000000000001,0.08,-0.5628159577357654,-0.265643868176556,-0.011113721709534174,-0.041836921686999436,,
5,1,0.7000000000000001,0.09,-0.2827362392076153,-0.20097826281307937,-0.0033797661789107813,-0.016816575741099654,,
5,1,0.7000000000000001,0.1,-0.7022705967496846,-0.462880820877066,-0.00756096366130099,-0.01633457970233998,,
5,1,0.8,0.0,-2.412084608179017,-0.9296434463512432,-0.9267019106874633,-0.9968358453175514,,
5,1,0.8,0.01,-1.8142254392727226,-0.589637298021242,-0.4378833021749897,-0.7426316205648421,,
5,1,0.8,0.02,-1.336543728170997,-0.4343092959455987,-0.21000025645029796,-0.48352696663578315,,
5,1,0.8,0.03,-0.7620904155465923,-0.2883519233089014,-0.07997374860251771,-0.27734772039943917,,
5,1,0.8,0.04,-0.8642622882508213,-0.3538555282874597,-0.06781107698742395,-0.1916349232004555,,
5,1,0.8,0.05,-1.0632731110572617,-0.38007843840514666,-0.06142036174167731,-0.16159917410575642,,
5,1,0.8,0.06,0.008555265932812426,0.006051274665921079,0.00031483288337930126,-0.05202753151370626,,
5,1,0.8,0.07,-0.2406709647445897,-0.1328152998503172,-0.006842707531204084,-0.05152047647308566,,
5,1,0.8,0.08,-0.5637783646713556,-0.2666114380264245,-0.012723115438549537,-0.04772156638414185,,
5,1,0.8,0.09,-0.2835330787496744,-0.20157168181920335,-0.0038734759105567562,-0.01921636946022513,,
5,1,0.8,0.1,-0.7026704749866527,-0.4631758538803382,-0.008646021636238954,-0.018666822900644253,,
5,1,0.9,0.0,-2.1926100666008423,-0.9491048556796118,-0.947673663743046,-0.9984920613059755,,
5,1,0.9,0.01,-1.7647757653874994,-0.6106836739760376,-0.4792023176041078,-0.7846980982545655,,
5,1,0.9,0.02,-1.325308609193616,-0.4453312711619216,-0.23426434517838268,-0.5260451271862393,,
5,1,0.9,0.03,-0.7641623271267413,-0.2938268355937072,-0.09021507181924293,-0.3070348276288452,,
5,1,0.9,0.04,-0.8650953961587575,-0.357878253106152,-0.07636099911029903,-0.21337144251581341,,
5,1,0.9,0.05,-1.0625265197862848,-0.3831749767007258,-0.06904938895056856,-0.18020328348450257,,
5,1,0.9,0.06,0.006248680192682474,0.004429746479058766,0.00025869461803473826,-0.05839941839960687,,
5,1,0.9,0.07,-0.2423379746657905,-0.13399570453457413,-0.007751366567483209,-0.05784787351510338,,
5,1,0.9,0.08,-0.5647391639452055,-0.26758156023464635,-0.014337898151164374,-0.05358328181729433,,
5,1,0.9,0.09,-0.28433109255596895,-0.20216609289798876,-0.004369925187587942,-0.021615519818117906,,
5,1,0.9,0.1,-0.7030713216035877,-0.46347156533992284,-0.009732323093316397,-0.020998749052012378,,
5,1,1.0,0.0,-2.004701855857875,-0.9634204308022816,-0.9627314170053406,-0.9992848254252121,,
5,1,1.0,0.01,-1.7162158907938412,-0.631370052903621,-0.5177990473217318,-0.8201197458454275,,
5,1,1.0,0.02,-1.3139764886342864,-0.4564476239593268,-0.25806806182883735,-0.5653837336040844,,
5,1,1.0,0.03,-0.7661325538158295,-0.2993649645205424,-0.1004974131106332,-0.33570198594076656,,
5,1,1.0,0.04,-0.8658728622505579,-0.361927712371963,-0.08492180574346886,-0.2346374782602787,,
5,1,1.0,0.05,-1.0617528445965534,-0.3862871966965938,-0.07666567873908081,-0.19846808124810117,,
5,1,1.0,0.06,0.003941359020659524,0.0028003652917708193,0.00018130199497190524,-0.06474226612673749,,
5,1,1.0,0.07,-0.24400278052787536,-0.13517961566059536,-0.008671796293150291,-0.06415017716075742,,
5,1,1.0,0.08,-0.5656983525156958,-0.26855424148427126,-0.01595805615618584,-0.05942209688436619,,
5,1,1.0,0.09,-0.2851302859647138,-0.20276150022783637,-0.0048691201169757115,-0.024014026881357866,,
5,1,1.0,0.1,-0.7034731408871162,-0.46376795822009376,-0.01081987256675776,-0.023330358156444464,,
11,1,0.1,0.0,-3.2353124728526583,-0.5025896179558731,-0.15507545313324766,-0.30855283832556835,,
11,1,0.1,0.01,-2.047818889739823,-0.447086670712948,-0.07114969638686863,-0.15914072381851505,,
11,1,0.1,0.02,-1.5229618553026412,-0.38492431595087667,-0.0400213755253761,-0.10397206377183912,,
11,1,0.1,0.03,-0.7489888183934765,-0.2861476637784881,-0.014997859624403143,-0.05241300741848183,,
11,1,0.1,0.04,-0.9750367752934876,-0.33032564058060976,-0.01494681125403341,-0.045248716471908035,,
11,1,0.1,0.05,-1.0951625832996976,-0.3288962317257244,-0.012420866829693566,-0.03776530598882528,,
11,1,0.1,0.06,-0.8420558472094185,-0.36676535691586093,-0.007969866373030432,-0.021730150415647864,,
11,1,0.1,0.07,-0.44908877278522347,-0.2915158908216398,-0.0033780773398240926,-0.01158796980261678,,
11,1,0.1,0.08,-0.8423577352142377,-0.34880176945338814,-0.005380942784599996,-0.015426936603654684,,
11,1,0.1,0.09,0.3531499374401564,0.2660538097458717,0.0012448914745302186,-0.004679096592224367,,
11,1,0.1,0.1,-0.006004678006167315,-0.005208167099668175,-1.6404078620246842e-05,-0.0031496836231103232,,
11,1,0.2,0.0,-3.0015680751449736,-0.5488490078706778,-0.287743167480191,-0.5242665347916422,,
11,1,0.2,0.01,-1.98994912048695,-0.46939451502968105,-0.13827812259896788,-0.29458827952053124,,
11,1,0.2,0.02,-1.5045892407791341,-0.39886527638438257,-0.07907713618302836,-0.1982552527506117,,
11,1,0.2,0.03,-0.7530815430686258,-0.29354232477258485,-0.0301596258617004,-0.10274370445579142,,
11,1,0.2,0.04,-0.9751940195682839,-0.3368434837593747,-0.029898443455452006,-0.08876064076338215,,
11,1,0.2,0.05,-1.0938980393731235,-0.3340731682144219,-0.02481304982385113,-0.07427429732376799,,
11,1,0.2,0.06,-0.843362587043753,-0.36995696644383586,-0.015964468734531168,-0.04315223169869617,,
11,1,0.2,0.07,-0.45207327702555006,-0.29466293656302295,-0.006801053981326688,-0.023080792109977728,,
11,1,0.2,0.08,-0.843261310233845,-0.3509990959279531,-0.010773429561209191,-0.03069361057106703,,
11,1,0.2,0.09,0.3516062913608059,0.26523702395854987,0.0024788999124794042,-0.009345979967211501,,
11,1,0.2,0.1,-0.007368390285524441,-0.006393138364295858,-4.0259162414457705e-05,-0.006297245596825412,,
11,1,0.30000000000000004,0.0,-2.7883851837876525,-0.5946285908188886,-0.4009598140960745,-0.6743029519382772,,
11,1,0.30000000000000004,0.01,-1.9333669171429118,-0.4920100204960161,-0.20151948472837555,-0.40958410669200446,,
11,1,0.30000000000000004,0.02,-1.4860425359514993,-0.413065879074546,-0.11715355740051414,-0.2836195467487922,,
11,1,0.30000000000000004,0.03,-0.7569299270889476,-0.3010694214117629,-0.0454706205748423,-0.1510303516100149,,
11,1,0.30000000000000004,0.04,-0.975202851256686,-0.3434364758656227,-0.0448480713388727,-0.1305862204235421,,
11,1,0.30000000000000004,0.05,-1.0925549158580399,-0.3392958581306742,-0.03717387533395888,-0.10956183060637886,,
11,1,0.30000000000000004,0.06,-0.844615502107573,-0.37317250522150985,-0.023982278767004095,-0.06426593179143399,,
11,1,0.30000000000000004,0.07,-0.45503892237749927,-0.2978194649488314,-0.010268504350852803,-0.03447895641279539,,
11,1,0.30000000000000004,0.08,-0.8441455122992947,-0.35320874871286767,-0.01617708906918547,-0.04580036346250368,,
11,1,0.30000000000000004,0.09,0.35006072033712105,0.2644167433273085,0.00370200495694073,-0.014000645005895861,,
11,1,0.30000000000000004,0.1,-0.008730694137247998,-0.007577701457202129,-7.15537084035045e-05,-0.009442666593244737,,
11,1,0.4,0.0,-2.593970987855874,-0.6391499298807023,-0.4973383309730991,-0.778124674230861,,
11,1,0.4,0.01,-1.8781001036845373,-0.5148421753538974,-0.2610118557472212,-0.5069745025605259,,
11,1,0.4,0.02,-1.4673464349724252,-0.42750632162797086,-0.1542395103209817,-0.3607888410483101,,
11,1,0.4,0.03,-0.7605348684233776,-0.3087280644677663,-0.06091623755101483,-0.19731357321217868,,
11,1,0.4,0.04,-0.9750649993271712,-0.3501032812836217,-0.059788975655695076,-0.1707752507673857,,
11,1,0.4,0.05,-1.0911341967539085,-0.34456357273234256,-0.0495007143519115,-0.1436620649112079,,
11,1,0.4,0.06,-0.8458147878145562,-0.37641193263408196,-0.0320217755511345,-0.08507109571965549,,
11,1,0.4,0.07,-0.4579855544900021,-0.30098536468905107,-0.013779998230589063,-0.045782951090745636,,
11,1,0.4,0.08,-0.8450103735202245,-0.3554307443512406,-0.0215915508683463,-0.0607475611254644,,
11,1,0.4,0.09,0.3485132311932065,0.2635929562655749,0.004914186347230176,-0.018643086738171562,,
11,1,0.4,0.1,-0.010091597889545386,-0.008761870444538432,-0.00011027626461501683,-0.012585927321460879,,
11,1,0.5,0.0,-2.416668539807156,-0.6817098917121783,-0.579180484154314,-0.8495996481724035,,
11,1,0.5,0.01,-1.8241710894765226,-0.5377950771830393,-0.3168962348776063,-0.5892509030344847,,
11,1,0.5,0.02,-1.4485250050173608,-0.4421649702396458,-0.19032637942260533,-0.43044201199260923,,
11,1,0.5,0.03,-0.7638974759002954,-0.3165171109142472,-0.0764819636130385,-0.24163611057905637,,
11,1,0.5,0.04,-0.9747822458450132,-0.3568424629554674,-0.0747145472438342,-0.2093768399226588,,
11,1,0.5,0.05,-1.0896368769940095,-0.3498755453197754,-0.06179098313004572,-0.17660846537179578,,
11,1,0.5,0.06,-0.8469606474205232,-0.3796751995951012,-0.04008144593691154,-0.10556772204151281,,
11,1,0.5,0.07,-0.46091302094841513,-0.30416052344895006,-0.017335100831393335,-0.05699326340850027,,
11,1,0.5,0.08,-0.8458559267770716,-0.3576650980647253,-0.027016445363587938,-0.07553559324007307,,
11,1,0.5,0.09,0.34696383077007303,0.26276565116163003,0.006115423919184515,-0.02327330034252784,,
11,1,0.5,0.1,-0.011451109809900514,-0.0099456593400722,-0.00015641546925393435,-0.015727008527601435,,
11,1,0.6,0.0,-2.2552167224157853,-0.721777774456507,-0.6485971800199444,-0.8986106291626019,,
11,1,0.6,0.01,-1.771597129645301,-0.5607694685521838,-0.36931566124031323,-0.6585873196588727,,
11,1,0.6,0.02,-1.4296016558518914,-0.4570184503610668,-0.22540797533965184,-0.4932141692782175,,
11,1,0.6,0.03,-0.767019064616647,-0.32443515591887767,-0.09215339917919663,-0.28404258138485716,,
11,1,0.6,0.04,-0.9743564240514628,-0.3636524817801502,-0.089618290920782,-0.24643937663255558,,
11,1,0.6,0.05,-1.0880639619733605,-0.35523097120866365,-0.07404214376904894,-0.2084338072131565,,
11,1,0.6,0.06,-0.848053291923812,-0.38296224839227044,-0.04815978490909112,-0.12575595926562655,,
11,1,0.6,0.07,-0.46382117128893213,-0.30734482785613165,-0.020933372866274835,-0.06811037951181584,,
11,1,0.6,0.08,-0.8466822057177608,-0.35991182372845576,-0.03245140382937761,-0.09016487286580883,,
11,1,0.6,0.09,0.3454125259245988,0.2619348163778063,0.007305697605437311,-0.027891281145687064,,
11,1,0.6,0.1,-0.01280923810687546,-0.0111290821069355,-0.0002099600499025911,-0.018865890994886874,,
11,1,0.7000000000000001,0.0,-2.1075107764445935,-0.7587997932848336,-0.7071650108082195,-0.931952034075961,,
11,1,0.7000000000000001,0.01,-1.7203905937958281,-0.5836644153133608,-0.4184143838113764,-0.7168749247574668,,
11,1,0.7000000000000001,0.02,-1.4105991124552775,-0.47204176309291573,-0.25948044344736054,-0.5496980643136123,,
11,1,0.7000000000000001,0.03,-0.7699011510910891,-0.33248052545797496,-0.10791627823561356,-0.32457924591813125,,
11,1,0.7000000000000001,0.04,-0.9737894164230424,-0.3705316962374877,-0.1044938291978641,-0.28201050074509704,,
11,1,0.7000000000000001,0.05,-1.0864164670755936,-0.3606290077570221,-0.0862517047736604,-0.23917018020850242,,
11,1,0.7000000000000001,0.06,-0.8490929399625916,-0.38627301253419394,-0.056255295946798345,-0.14563610224211165,,
11,1,0.7000000000000001,0.07,-0.4667098570117602,-0.310538163507208,-0.02457437062445955,-0.07913478442365153,,
11,1,0.7000000000000001,0.08,-0.8474892447538906,-0.36217093384577836,-0.03789605843409638,-0.10463583598962552,,
11,1,0.7000000000000001,0.09,0.3438593235297761,0.2611004402506894,0.008484987435704694,-0.032497024622241286,,
11,1,0.7000000000000001,0.1,-0.014165990930431712,-0.012312152658099287,-0.00027089882272202104,-0.02200255554367384,,
11,1,0.8,0.0,-1.9728965207997244,-0.7925481051504603,-0.7565303676603656,-0.9545545093653881,,
11,1,0.8,0.01,-1.671037781883268,-0.6064544957503292,-0.46447311888017706,-0.7658828850885387,,
11,1,0.8,0.02,-1.3915393906772329,-0.48720842673770715,-0.29254216876800065,-0.6004456259651134,,
11,1,0.8,0.03,-0.7725454481771347,-0.340651269638432,-0.12375648768786152,-0.36329378081936087,,
11,1,0.8,0.04,-0.9730831527158158,-0.3774783622474815,-0.11933490581415374,-0.31613707631780935,,
11,1,0.8,0.05,-1.0846954172009595,-0.3660687744480638,-0.09841722157627875,-0.2688489935386219,,
11,1,0.8,0.06,-0.8500798177116288,-0.3896074165989229,-0.06436649137725714,-0.16520858853033213,,
11,1,0.8,0.07,-0.4695789315944126,-0.3137404149748682,-0.028257646046057405,-0.09006696204032544,,
11,1,0.8,0.08,-0.8482770790568176,-0.3644424395227749,-0.04335004226423056,-0.11894894107556733,,
11,1,0.8,0.09,0.34230423047456143,0.26026251109101906,0.009653273537065132,-0.037090526394288066,,
11,1,0.8,0.1,-0.01552137637273694,-0.013494884857262756,-0.0003392206916691398,-0.0251369830315059,,
11,1,0.9,0.0,-1.8499299111761405,-0.8228917040336556,-0.7980404521642233,-0.9698000942923396,,
11,1,0.9,0.01,-1.622483746052234,-0.6288868038530644,-0.5073538098052054,-0.8067490153979213,,
11,1,0.9,0.02,-1.3724437758873016,-0.5024906423334798,-0.32459367774646064,-0.6459695970438447,,
11,1,0.9,0.03,-0.7749538597506386,-0.3489451568115388,-0.13966008606074054,-0.4002350608240977,,
11,1,0.9,0.04,-0.9722396079959275,-0.3844906332742488,-0.13413538908860945,-0.3488651672638631,,
11,1,0.9,0.05,-1.0829018462955964,-0.3715493530302966,-0.1105362970285797,-0.29750098103270395,,
11,1,0.9,0.06,-0.8510141587779325,-0.39296537608425386,-0.07249189272356193,-0.18447399474710793,,
11,1,0.9,0.07,-0.4724282505049513,-0.3169514658152057,-0.031982746797325934,-0.10090739512772294,,
11,1,0.9,0.08,-0.8490457445540204,-0.3667263504427045,-0.04881298934842926,-0.13310466861599451,,
11,1,0.9,0.09,0.34074725366362146,0.25942101718347477,0.010810536134232773,-0.041671782231071326,,
11,1,0.9,0.1,-0.016875402469007362,-0.014677292519773231,-0.00041491464772802633,-0.02826915435316519,,
11,1,1.0,0.0,-1.7374789450141148,-0.8498316776787771,-0.8328617666136997,-0.9800314444485891,,
11,1,1.0,0.01,-1.575311297945211,-0.6509450649649624,-0.5473479039012148,-0.840851146065108,,
11,1,1.0,0.02,-1.3533328045631705,-0.5178594813710944,-0.35563753743175663,-0.6867452469734918,,
11,1,1.0,0.03,-0.7771284751837756,-0.3573596685622374,-0.15561332151703378,-0.43545294896626624,,
11,1,1.0,0.04,-0.9712608006580603,-0.3915665606831666,-0.1488892750892158,-0.3802400154636507,,
11,1,1.0,0.05,-1.0810367968812558,-0.37706978771582406,-0.12260658186115259,-0.32515620676975093,,
11,1,1.0,0.06,-0.8518962040945803,-0.3963467972600326,-0.0806300310463508,-0.20343303289884185,,
11,1,1.0,0.07,-0.47525767121437873,-0.32017119857488385,-0.03574921634646766,-0.11165656531752773,,
11,1,1.0,0.08,-0.849795277925117,-0.3690226748402691,-0.054284534681400265,-0.14710352068445995,,
11,1,1.0,0.09,0.339188400017327,0.2585759467867101,0.011956755549834108,-0.0462407880486146,,
11,1,1.0,0.1,-0.018228077198129147,-0.01585938941335706,-0.0004979697681489759,-0.03139905044071728,,
17,1,0.1,0.0,-1.7625021476798717,-0.45967017835004115,-0.08438792865875056,-0.18358364895816393,,
17,1,0.1,0.01,-0.8001822043158497,-0.3025712047783219,-0.030656118042974967,-0.10131868981199021,,
17,1,0.1,0.02,-0.996054837791433,-0.3243223922551668,-0.029528098403442615,-0.09104551245481325,,
17,1,0.1,0.03,0.1909539088518097,0.08779467527703333,0.004434723792797524,-0.050512445986090754,,
17,1,0.1,0.04,-0.26159305548498757,-0.14685531099884247,-0.004818477943474897,-0.032811056751722634,,
17,1,0.1,0.05,-1.0551812028186947,-0.31021802961649514,-0.015604155738638825,-0.05030060876193867,,
17,1,0.1,0.06,-1.1226876265559513,-0.34354608487500304,-0.012275674354361166,-0.035732249310387536,,
17,1,0.1,0.07,-1.034698000305959,-0.42943964696652365,-0.009603314909720884,-0.022362432014735464,,
17,1,0.1,0.08,-0.6380731053026352,-0.40653022831152347,-0.004595278287059523,-0.011303657064188026,,
17,1,0.1,0.09,-0.6062335700910401,-0.37974222326841267,-0.004069382137943611,-0.010716169782013563,,
17,1,0.1,0.1,-0.28823875215842654,-0.19320606904027737,-0.0017263969738258167,-0.008935521448168988,,
17,1,0.2,0.0,-1.7081823769674795,-0.4863179721335532,-0.1635742376296372,-0.33635244223447336,,
17,1,0.2,0.01,-0.8058964135935502,-0.3177466058021738,-0.061750075051112185,-0.19433748126189973,,
17,1,0.2,0.02,-0.9952980341506638,-0.3368382571838282,-0.059011325838884576,-0.17519187497362976,,
17,1,0.2,0.03,0.1796730198876815,0.08452584912942963,0.008345471648218972,-0.09873277505251707,,
17,1,0.2,0.04,-0.27008389139879496,-0.1532608961039044,-0.009949753988539256,-0.06492036939281462,,
17,1,0.2,0.05,-1.0541197445523292,-0.31676856963643696,-0.031176917513749514,-0.09842175172092366,,
17,1,0.2,0.06,-1.1211337338972758,-0.3483581191935087,-0.02451736760871137,-0.0703797794794393,,
17,1,0.2,0.07,-1.034289210238546,-0.43254389177622776,-0.019199041634776925,-0.04438634321233082,,
17,1,0.2,0.08,-0.6401838901131031,-0.4094749952253545,-0.009220959496691994,-0.02251898065623577,,
17,1,0.2,0.09,-0.6083384876324565,-0.3824523971257616,-0.008167023066780632,-0.021354351883157565,,
17,1,0.2,0.1,-0.29098327272627056,-0.19553793734801156,-0.0034856703875296713,-0.017826056850165077,,
17,1,0.30000000000000004,0.0,-1.6545754652212508,-0.5134491010115753,-0.2376613211565356,-0.4628722120426455,,
17,1,0.30000000000000004,0.01,-0.8107037077344329,-0.333389493796232,-0.093177635399053,-0.27948581803841505,,
17,1,0.30000000000000004,0.02,-0.9939797184397496,-0.34967179460900893,-0.08839974414117813,-0.25280776289098095,,
17,1,0.30000000000000004,0.03,0.16830681244503973,0.08101040883996645,0.011726299243538962,-0.1447505254133935,,
17,1,0.30000000000000004,0.04,-0.2784840546346369,-0.1597573955579293,-0.015388817631783014,-0.09632616742429871,,
17,1,0.30000000000000004,0.05,-1.0529213985876495,-0.3234063421310989,-0.04671221238651124,-0.14443814576640415,,
17,1,0.30000000000000004,0.06,-1.1195061177571404,-0.3532118371310947,-0.03672266144446601,-0.10396781076970639,,
17,1,0.30000000000000004,0.07,-1.033828877931086,-0.4356705342281979,-0.02878574504232112,-0.06607227889146977,,
17,1,0.30000000000000004,0.08,-0.6422720489897035,-0.41242358031554793,-0.013876554786184436,-0.03364636613543628,,
17,1,0.30000000000000004,0.09,-0.6104256999928749,-0.3851672448696664,-0.012292566244985537,-0.03191487959768001,,
17,1,0.30000000000000004,0.1,-0.29372370537231524,-0.19787836645892182,-0.00527774678767301,-0.026671671502648236,,
17,1,0.4,0.0,-1.601810304362001,-0.5409035510035884,-0.30677625866678715,-0.567155194484482,,
17,1,0.4,0.01,-0.8146175349385747,-0.34948390796036904,-0.12483662434010756,-0.35720278243616255,,
17,1,0.4,0.02,-0.9921154099487768,-0.36281275357002446,-0.11764525542588056,-0.32425887532416775,,
17,1,0.4,0.03,0.1568641111791713,0.07724298159496593,0.014572082033097677,-0.18865250579668674,,
17,1,0.4,0.04,-0.2867898383292522,-0.1663448922179899,-0.02113038525185984,-0.12702755684357964,,
17,1,0.4,0.05,-1.0515882451388292,-0.3301300284808606,-0.062204090468005346,-0.18842300033791579,,
17,1,0.4,0.06,-1.1178057998283368,-0.3581066981092354,-0.048889182228552985,-0.13652127281249576,,
17,1,0.4,0.07,-1.0333174154865752,-0.43881946774013075,-0.03836200529886857,-0.08742092846616045,,
17,1,0.4,0.08,-0.644337519139658,-0.41537588660664526,-0.01856157350393839,-0.04468620857020504,,
17,1,0.4,0.09,-0.6124951509898139,-0.3878867031706444,-0.016445653622518597,-0.042398085544282246,,
17,1,0.4,0.1,-0.2964599778442001,-0.2002273555077885,-0.007102550989804279,-0.035472430686565214,,
17,1,0.5,0.0,-1.550001877750643,-0.5685091709464826,-0.3710674850885586,-0.6527027250427409,,
17,1,0.5,0.01,-0.8176540317619265,-0.3660101199208498,-0.1566274429799358,-0.42793200093430944,,
17,1,0.5,0.02,-0.9897213359180984,-0.3762490437934704,-0.14670170702537022,-0.3899058600821251,,
17,1,0.5,0.03,0.1453538489412219,0.0732184623409953,0.016878527812032917,-0.23052283908156543,,
17,1,0.5,0.04,-0.2949976252974842,-0.17302338024323416,-0.027168908368727207,-0.1570244918954507,,
17,1,0.5,0.05,-1.0501223996165254,-0.33693818414940824,-0.0776467275216659,-0.2304479906831666,,
17,1,0.5,0.06,-1.1160338087521922,-0.36304212912275347,-0.06101460139329562,-0.16806479606300756,,
17,1,0.5,0.07,-1.0327552404181999,-0.4419905773885324,-0.04792641812136378,-0.1084331218202283,,
17,1,0.5,0.08,-0.6463802396598892,-0.418331816684602,-0.02327552325751625,-0.055638902730328656,,
17,1,0.5,0.09,-0.6145467855270712,-0.39061070834545475,-0.020625925677284496,-0.052804301665593356,,
17,1,0.5,0.1,-0.2991920179633832,-0.20258490354840503,-0.008960006080669602,-0.044228399667148574,,
17,1,0.6,0.0,-1.499251499389043,-0.5960856703172601,-0.4307015298852752,-0.7225497127888328,,
17,1,0.6,0.01,-0.8198318635425683,-0.382944561346564,-0.18845354656924573,-0.4921170466727054,,
17,1,0.6,0.02,-0.9868143652107709,-0.38996671431093144,-0.17552498462725719,-0.45010247845744644,,
17,1,0.6,0.03,0.13378505155548967,0.0689320361357888,0.018642187158814494,-0.2704430074006716,,
17,1,0.6,0.04,-0.3031038913570757,-0.17979276240370476,-0.03349858227033775,-0.18631774617890565,,
17,1,0.6,0.05,-1.0485260107956078,-0.3438292375022112,-0.09303442740315548,-0.2705832350937205,,
17,1,0.6,0.06,-1.1141911797001367,-0.368017524543104,-0.07309663578884418,-0.19862270384975309,,
17,1,0.6,0.07,-1.0321427755184067,-0.445183739772021,-0.05747759502095673,-0.12910982564275833,,
17,1,0.6,0.08,-0.6484001515399623,-0.421291272703635,-0.028017909981814637,-0.06650484307925444,,
17,1,0.6,0.09,-0.6165805495972385,-0.3933391963596833,-0.024833021451692194,-0.06313385922765755,,
17,1,0.6,0.1,-0.30191975362805773,-0.2049510095545861,-0.01085003342052826,-0.05293964369391648,,
17,1,0.7000000000000001,0.0,-1.4496471617402953,-0.6234491680356414,-0.48585986121172053,-0.7793095028782601,,
17,1,0.7000000000000001,0.01,-0.8211720545815354,-0.4002598051811544,-0.22022188336789084,-0.5501973481154826,,
17,1,0.7000000000000001,0.02,-0.9834119416439263,-0.40394995157416064,-0.20407309354431336,-0.5051940042301202,,
17,1,0.7000000000000001,0.03,0.12216682238761656,0.06437920028229255,0.019860461722587486,-0.30849189855578385,,
17,1,0.7000000000000001,0.04,-0.31110520850983314,-0.18665284743788035,-0.040113354988262406,-0.21490888319618306,,
17,1,0.7000000000000001,0.05,-1.0468012589817914,-0.3508014889379659,-0.10836162433755181,-0.30889727596542205,,
17,1,0.7000000000000001,0.06,-1.112278953956315,-0.373032245962166,-0.08513304800823607,-0.22821900500491987,,
17,1,0.7000000000000001,0.07,-1.0314804487268772,-0.4483988228770517,-0.06701416353941658,-0.14945213974790356,,
17,1,0.7000000000000001,0.08,-0.650397197664092,-0.42425415639268327,-0.03278823800731778,-0.07728442376642147,,
17,1,0.7000000000000001,0.09,-0.618596390284071,-0.39607210283039573,-0.029066578589309278,-0.07338708881942145,,
17,1,0.7000000000000001,0.1,-0.3046431128154172,-0.2073256724207446,-0.012772552645545665,-0.061606228000675084,,
17,1,0.8,0.0,-1.4015572167738828,-0.6504840033719197,-0.5368540228347622,-0.8253147195809079,,
17,1,0.8,0.01,-0.8216978096992043,-0.4179246061882716,-0.25184329182956644,-0.6026046040373921,,
17,1,0.8,0.02,-0.9795320172901977,-0.41818109865011993,-0.23230622811893042,-0.5555158491591566,,
17,1,0.8,0.03,0.11050832674065249,0.0595557861355623,0.020531610328200722,-0.34474585360129717,,
17,1,0.8,0.04,-0.3189982479785773,-0.19360334747143587,-0.04700693660363997,-0.2428002264298418,,
17,1,0.8,0.05,-1.0449503541814285,-0.35785311034950795,-0.12362288503423613,-0.34545706452990205,,
17,1,0.8,0.06,-1.1102981785033568,-0.37808562207839225,-0.0971216466853494,-0.2568773870623734,,
17,1,0.8,0.07,-1.0307686929985092,-0.4516356859465478,-0.07653476747819388,-0.16946129338249846,,
17,1,0.8,0.08,-0.6523713228134345,-0.42693454966197003,-0.037586010128454084,-0.08803693717974619,,
17,1,0.8,0.09,-0.6205942557647378,-0.39880936302878134,-0.03332623337160534,-0.08356432035222866,,
17,1,0.8,0.1,-0.30736202358422093,-0.20970889096271175,-0.01472748167028215,-0.0702282178055142,,
17,1,0.9,0.0,-1.3544008289918819,-0.6768762247258991,-0.5836381352337272,-0.8622523792589573,,
17,1,0.9,0.01,-0.8214343287954472,-0.4359040053399495,-0.2832328543556153,-0.6497596968275844,,
17,1,0.9,0.02,-0.9751929860441818,-0.4326406967598404,-0.26018682933459447,-0.6013924054838157,,
17,1,0.9,0.03,0.09881877611999418,0.054457980471464204,0.02065475287950802,-0.3792787154553232,,
17,1,0.9,0.04,-0.32677978309578254,-0.2006438755086697,-0.05417280886417919,-0.26999482903149175,,
17,1,0.9,0.05,-1.0429755342758025,-0.3649821449293375,-0.13881291063998835,-0.38032794910245066,,
17,1,0.9,0.06,-1.1082499056106456,-0.3831769486266701,-0.10906028676592705,-0.28462121000964663,,
17,1,0.9,0.07,-1.0300079461710334,-0.4548941793514403,-0.08603806712010009,-0.18913864152486584,,
17,1,0.9,0.08,-0.6543224736679575,-0.4286475498518839,-0.04241072767202436,-0.0989407910687442,,
17,1,0.9,0.09,-0.6225740953119713,-0.4015509118828143,-0.03761162075477986,-0.09366588305932216,,
17,1,0.9,0.1,-0.3100764140773506,-0.21210066391853108,-0.016714736690273457,-0.07880567831081223,,
17,1,1.0,0.0,-1.3085804022798353,-0.7025314686288087,-0.6265531310957988,-0.8918506274440584,,
17,1,1.0,0.01,-0.8204086160412954,-0.4541595011030088,-0.3143102063653017,-0.6920700890368743,,
17,1,1.0,0.02,-0.9704136177346697,-0.44730755004107864,-0.2876796307725993,-0.6431360944973545,,
17,1,1.0,0.03,0.08710741241158265,0.04908234630601313,0.020229872049933206,-0.4121618784034133,,
17,1,1.0,0.04,-0.33444669203836563,-0.20777394300726937,-0.061604235092069914,-0.2964964432037302,,
17,1,1.0,0.05,-1.040879063200323,-0.3721865073335282,-0.15392653853081473,-0.41357366669092127,,
17,1,1.0,0.06,-1.1061351924250333,-0.38830548835334994,-0.12094686975185631,-0.31147350058003087,,
17,1,1.0,0.07,-1.029198650832366,-0.4581741444655959,-0.09552273944359102,-0.2084856611780366,,
17,1,1.0,0.08,-0.6562505988080554,-0.4303737223686831,-0.04726189056569241,-0.10981592999120224,,
17,1,1.0,0.09,-0.6245358592961927,-0.40429668398001245,-0.04192237440667512,-0.10369210549534874,,
17,1,1.0,0.1,-0.31278621252425837,-0.21450098994922534,-0.01873423218469661,-0.08733867470323191,,
23,1,0.1,0.0,-3.475729786364265,-0.5055917873245037,-0.16669754577465734,-0.3297077799795548,,
23,1,0.1,0.01,-1.8704734015673339,-0.4075551625198837,-0.07425866099446432,-0.1822051781538687,,
23,1,0.1,0.02,-1.617791659050786,-0.36953358152359345,-0.05279385217211929,-0.14286618270103982,,
23,1,0.1,0.03,-0.7611109764510853,-0.20958111454577188,-0.020468517566666233,-0.09766394081369374,,
23,1,0.1,0.04,-0.45998882029583044,-0.15575619612315292,-0.010367702702540615,-0.06656366141827903,,
23,1,0.1,0.05,-0.45727553299974677,-0.15469394964628064,-0.008649803282506863,-0.05591558882739299,,
23,1,0.1,0.06,-0.419402183726573,-0.16490141444195155,-0.00622154144668452,-0.03772885434451274,,
23,1,0.1,0.07,-0.44538235394752906,-0.20039784582939474,-0.005797214018438246,-0.028928524627822617,,
23,1,0.1,0.08,0.4651800458831096,0.30458700098010516,0.004530889035601948,-0.014875516752265781,,
23,1,0.1,0.09,0.1543658678260397,0.08477568165209075,0.0012824862608993293,-0.015127997037670536,,
23,1,0.1,0.1,0.014250355014309244,0.00828807283410955,0.00010703769331077417,-0.01291466610552223,,
23,1,0.2,0.0,-3.202689132595961,-0.5555968701899977,-0.30720478926606687,-0.5529275014832461,,
23,1,0.2,0.01,-1.8180215279360132,-0.43324504896319177,-0.14435259460039807,-0.3331892538549521,,
23,1,0.2,0.02,-1.5897167031492176,-0.3889158497314456,-0.1037553484122321,-0.2667809719862981,,
23,1,0.2,0.03,-0.7662108762682659,-0.22100895299512036,-0.04121133780988284,-0.1864690875703698,,
23,1,0.2,0.04,-0.46863181832950396,-0.1633667788546209,-0.021125015022176452,-0.1293103479806961,,
23,1,0.2,0.05,-0.4645880513290617,-0.16104339121493433,-0.017576253096409644,-0.10913985953606592,,
23,1,0.2,0.06,-0.42542741152991775,-0.16988702209786805,-0.012621843071349725,-0.07429551071934481,,
23,1,0.2,0.07,-0.4505301984092383,-0.204775942205869,-0.011728439435458649,-0.05727449869901028,,
23,1,0.2,0.08,0.4613231528984744,0.3037578415859749,0.008986645209034805,-0.029584899478195845,,
23,1,0.2,0.09,0.15029911679503802,0.08302737423974109,0.0024973986157634798,-0.03007921951803817,,
23,1,0.2,0.1,0.010493391972456351,0.0061329903115389505,0.00015763656001688275,-0.02570305055272899,,
23,1,0.30000000000000004,0.0,-2.956225185594918,-0.604799525007762,-0.42534562248987573,-0.7032836583071338,,
23,1,0.30000000000000004,0.01,-1.7664298540334966,-0.459448786095046,-0.2103842518015927,-0.45790577354593465,,
23,1,0.30000000000000004,0.02,-1.5615674021126715,-0.40873242004929466,-0.15287721034297053,-0.3740276103484352,,
23,1,0.30000000000000004,0.03,-0.7708663558206015,-0.23280320878317878,-0.06219260541703675,-0.2671466847132671,,
23,1,0.30000000000000004,0.04,-0.4770476238065627,-0.1712028579875358,-0.032256574858052334,-0.18841142745643144,,
23,1,0.30000000000000004,0.05,-0.4717430247775582,-0.1675513245185131,-0.02677040910620665,-0.15977438067491212,,
23,1,0.30000000000000004,0.06,-0.43136770146198206,-0.17495798183841701,-0.01919712489019676,-0.10972420171105039,,
23,1,0.30000000000000004,0.07,-0.4556108756111877,-0.2092065583495874,-0.017791053450832983,-0.08504061053910106,,
23,1,0.30000000000000004,0.08,0.4574278405910991,0.30288607808143886,0.013366145898919823,-0.044129284460958235,,
23,1,0.30000000000000004,0.09,0.14622128324790998,0.0812496964677267,0.0036444608408092716,-0.04485507022487023,,
23,1,0.30000000000000004,0.1,0.006734828921414024,0.003955596428385783,0.00015176054600751776,-0.03836603373348905,,
23,1,0.4,0.0,-2.733694466037226,-0.6522475089194518,-0.5244368076873389,-0.8040457043004259,,
23,1,0.4,0.01,-1.7157661472108239,-0.4860280051115488,-0.2724668451628237,-0.5605990648631236,,
23,1,0.4,0.02,-1.533391152179241,-0.4289266746755427,-0.20015834636626773,-0.46664933235424333,,
23,1,0.4,0.03,-0.7750803104716474,-0.24495564666565922,-0.08337677653495579,-0.34037499306458946,,
23,1,0.4,0.04,-0.48523218146487906,-0.17926451155491316,-0.04374665450258297,-0.24403410425817765,,
23,1,0.4,0.05,-0.4787380340625917,-0.17421792253071203,-0.0362231479242322,-0.20791860790239075,,
23,1,0.4,0.06,-0.43722165553473025,-0.1801143894772832,-0.025943523966682647,-0.14403915224083058,,
23,1,0.4,0.07,-0.46062354336391914,-0.213689877103386,-0.02398238941569386,-0.11222988070740882,,
23,1,0.4,0.08,0.45349442875687757,0.3019712658745804,0.01766828094322359,-0.05850980851456863,,
23,1,0.4,0.09,0.14213266476326603,0.07944246638488449,0.004723406601498725,-0.05945694810902104,,
23,1,0.4,0.1,0.00297486421729468,0.001755828476205569,8.937955676535658e-05,-0.05090449208256957,,
23,1,0.5,0.0,-2.532697672270307,-0.6971146574619438,-0.6073465316736801,-0.8712290369634579,,
23,1,0.5,0.01,-1.6660904217250432,-0.5128348865001755,-0.3307228098227257,-0.6448914037025298,,
23,1,0.5,0.02,-1.5052332367618002,-0.44943685612933176,-0.2456035069212471,-0.5464694396370805,,
23,1,0.5,0.03,-0.7788563264105873,-0.2574563459101036,-0.10472871166159559,-0.4067824053486872,,
23,1,0.5,0.04,-0.4931817506758479,-0.18755133271323968,-0.05557919609912798,-0.2963412485269134,,
23,1,0.5,0.05,-0.48557080951032383,-0.18104312715321025,-0.04592517726062373,-0.2536698188037755,,
23,1,0.5,0.06,-0.4429879235154081,-0.18535627781354283,-0.032857097953603254,-0.17726455419360276,,
23,1,0.5,0.07,-0.4655673866031324,-0.21822605569147396,-0.030299738597875714,-0.1388456502220487,,
23,1,0.5,0.08,0.44952324490938006,0.30101296267877165,0.02189195301511182,-0.07272760887202719,,
23,1,0.5,0.09,0.13803356067085018,0.07760550391620147,0.005733979525281985,-0.07388624821602272,,
23,1,0.5,0.1,-0.0007863035154844722,-0.00046637491965507896,-2.9530532556942823e-05,-0.06331929808486053,,
23,1,0.6,0.0,-2.3512766627365367,-0.7388060601943576,-0.6766304542907112,-0.9158431295389079,,
23,1,0.6,0.01,-1.6174551590552093,-0.5397153263910488,-0.38528231696655124,-0.7138621012355619,,
23,1,0.6,0.02,-1.4771367729325482,-0.47019674514254256,-0.28922292926380155,-0.615110445258659,,
23,1,0.6,0.03,-0.7821986578575479,-0.2702937012199791,-0.12621376485962887,-0.4669504479385168,,
23,1,0.6,0.04,-0.5008929077542404,-0.1960624098821151,-0.06773784741203814,-0.3454912517537979,,
23,1,0.6,0.05,-0.4922392320958224,-0.18802664070102568,-0.05586705019133564,-0.2971230565149957,,
23,1,0.6,0.06,-0.4486652035267968,-0.19068361469961853,-0.03993382868860229,-0.20942454206938305,,
23,1,0.6,0.07,-0.4704416176264542,-0.2228152248499701,-0.036740351965746876,-0.1648915687448447,,
23,1,0.6,0.08,0.4455146242353845,0.30001072865683226,0.026036077996204332,-0.08678382307449324,,
23,1,0.6,0.09,0.13392427201228815,0.07573863092415896,0.006675933272383583,-0.08814436161472926,,
23,1,0.6,0.1,-0.004548475401780767,-0.0027110737795109714,-0.0002049878678525019,-0.07561132028265125,,
23,1,0.7000000000000001,0.0,-2.186996046440359,-0.7767683782023105,-0.7342335227308769,-0.9452412628203626,,
23,1,0.7000000000000001,0.01,-1.5699055616443287,-0.5665124208685638,-0.4362818490679915,-0.770118770563043,,
23,1,0.7000000000000001,0.02,-1.4491426701754178,-0.49113646310721293,-0.3310319745702477,-0.674012213379451,,
23,1,0.7000000000000001,0.03,-0.7851122027853659,-0.2834544398959591,-0.14779786901265834,-0.5214166659972128,,
23,1,0.7000000000000001,0.04,-0.5083625475902107,-0.2047963086069125,-0.08020599780212667,-0.39163790767378837,,
23,1,0.7000000000000001,0.05,-0.4987413342643003,-0.19516791790938345,-0.06603917951522043,-0.33837108179779035,,
23,1,0.7000000000000001,0.06,-0.45425224260451286,-0.19609630116030244,-0.047169625838646145,-0.2405431696546203,,
23,1,0.7000000000000001,0.07,-0.47524547631327463,-0.22745748795692197,-0.04330144198899,-0.19037158274248958,,
23,1,0.7000000000000001,0.08,0.4414689095493871,0.298964126567835,0.030099585347161728,-0.10067958886141522,,
23,1,0.7000000000000001,0.09,0.12980510150176283,0.07384167127075598,0.007549031604627832,-0.10223267532702128,,
23,1,0.7000000000000001,0.1,-0.008311452333508149,-0.004978326748820154,-0.0004370046075788947,-0.08778142328292599,,
23,1,0.8,0.0,-2.038331913020503,-0.8108253192498814,-0.7820782577365295,-0.9645459252062495,,
23,1,0.8,0.01,-1.5238170948337335,-0.5931587645820696,-0.4839965848391494,-0.8159646518587075,,
23,1,0.8,0.02,-1.4212896009891627,-0.5121833798599493,-0.3710507600585262,-0.7244490443246827,,
23,1,0.8,0.03,-0.7876024772843986,-0.2969236556511748,-0.16944761687200938,-0.5706773901203616,,
23,1,0.8,0.04,-0.5155878846122756,-0.21375105537429248,-0.09296681430220999,-0.43493031713653457,,
23,1,0.8,0.05,-0.5050753005363046,-0.2024661585278746,-0.07643185217162252,-0.3775043332048982,,
23,1,0.8,0.06,-0.45974783721268453,-0.20159416957020906,-0.05456033058916199,-0.2706443877096371,,
23,1,0.8,0.07,-0.4799782303282869,-0.23215292016369551,-0.04998018445485408,-0.21528992364003902,,
23,1,0.8,0.08,0.4373864512456734,0.2978727219152316,0.03408141847542345,-0.11441604406167248,,
23,1,0.8,0.09,0.12567635348631637,0.07191445088004925,0.008353048452279133,-0.11615257225855372,,
23,1,0.8,0.1,-0.01207503498744456,-0.007268191077596226,-0.0007255869150797345,-0.0998304677647116,,
23,1,0.9,0.0,-1.903694773686496,-0.8409292090727508,-0.8217209833699807,-0.9771583321217371,,
23,1,0.9,0.01,-1.4785161950087629,-0.6193191277994603,-0.5282913061527981,-0.8530195216638979,,
23,1,0.9,0.02,-1.3936139828661849,-0.5332631025145375,-0.40930378869454587,-0.7675456763547366,,
23,1,0.9,0.03,-0.7896755886948029,-0.31068485921683414,-0.19113033766877063,-0.6151903834340905,,
23,1,0.9,0.04,-0.5225664530878407,-0.22292412360335345,-0.10600327768849649,-0.4755128156390423,,
23,1,0.9,0.05,-0.5112394678989863,-0.20992030056664243,-0.08703524369024018,-0.4146108949696816,,
23,1,0.9,0.06,-0.46515083371786986,-0.2071769818966302,-0.062101719373498954,-0.29975202266670853,,
23,1,0.9,0.07,-0.4846391753084732,-0.23690156752937633,-0.05677372029836336,-0.23965109598239906,,
23,1,0.9,0.08,0.43326760724800767,0.2967360830964146,0.03798053509993626,-0.12799432648572012,,
23,1,0.9,0.09,0.12153833390561508,0.06995679780108272,0.009087767978863237,-0.1299054311305625,,
23,1,0.9,0.1,-0.015839023843155005,-0.009580722599808827,-0.001070734951716612,-0.111759310486453,,
23,1,1.0,0.0,-1.781650213402381,-0.8671862621707193,-0.8544877971944594,-0.9853567041704819,,
23,1,1.0,0.01,-1.4343732722034142,-0.6449460234829374,-0.5694624783569222,-0.8829614535517605,,
23,1,1.0,0.02,-1.3665106284517483,-0.5544035210159267,-0.44596360452060657,-0.8044025472698884,,
23,1,1.0,0.03,-0.7913382076311226,-0.3247200455803644,-0.21281416909263007,-0.6553773688725387,,
23,1,1.0,0.04,-0.529296106768182,-0.23231242202552174,-0.11929821844486355,-0.5135249221918813,,
23,1,1.0,0.05,-0.5172323259831382,-0.21752901425726628,-0.09783943264487072,-0.44977647225100004,,
23,1,1.0,0.06,-0.47046012882023025,-0.21284442801459774,-0.06978950763823,-0.32788975633152845,,
23,1,1.0,0.07,-0.4892276350334291,-0.24170344616001793,-0.06367915744496055,-0.26345986561897117,,
23,1,1.0,0.08,0.42911274295758844,0.2955537815541708,0.04179590761277341,-0.1414155738187123,,
23,1,1.0,0.09,0.11739135025176461,0.06796854227154793,0.009752984643986995,-0.14349262641269941,,
23,1,1.0,0.1,-0.019603219200727606,-0.011915975712593839,-0.0014724428707947324,-0.12356880429342658,,
29,1,0.1,0.0,-1.9677581752366438,-0.463540451806744,-0.0941408854516177,-0.20309098177879467,,
29,1,0.1,0.01,-2.0742311200732364,-0.42382759341149506,-0.08381368549940804,-0.197754197230932,,
29,1,0.1,0.02,-1.3166443678194215,-0.3458182165692836,-0.04560649708686415,-0.13187997306592736,,
29,1,0.1,0.03,-1.0531767718098672,-0.2946771261048467,-0.03065017270259196,-0.10401273118052118,,
29,1,0.1,0.04,-0.5374657264827812,-0.18525330046194144,-0.013263286780433647,-0.07159541421049319,,
29,1,0.1,0.05,-0.4485574459996161,-0.1592569951532625,-0.009447316204753808,-0.05932120090337063,,
29,1,0.1,0.06,-0.8526587149765884,-0.2724861680748141,-0.014506486904800497,-0.053237516631734434,,
29,1,0.1,0.07,-0.5262512675658113,-0.21942386081008786,-0.007502062387171771,-0.03418982037539132,,
29,1,0.1,0.08,-0.0974206184827683,-0.0726688897815871,-0.001189647915077141,-0.016370800746409297,,
29,1,0.1,0.09,-0.34276058949846,-0.23872028640337012,-0.0033946839467310364,-0.014220341295146469,,
29,1,0.1,0.1,-0.600487386323781,-0.39529932596705064,-0.005042204639603587,-0.012755409150441783,,
29,1,0.2,0.0,-1.8947439768512238,-0.49269616870796523,-0.18129552495793078,-0.36796617565213846,,
29,1,0.2,0.01,-2.004253994180553,-0.4519146440532776,-0.16197222412056966,-0.35841331156658485,,
29,1,0.2,0.02,-1.3023830023300569,-0.36373357936986606,-0.09022501148145035,-0.24805246641719642,,
29,1,0.2,0.03,-1.0506978819032233,-0.30854089735851215,-0.061156061167659814,-0.19821055066356058,,
29,1,0.2,0.04,-0.545905895501259,-0.19410103000465936,-0.02694313735889764,-0.13880986287528135,,
29,1,0.2,0.05,-0.45676529228956464,-0.16633747881350108,-0.019240372380843307,-0.11567069861877471,,
29,1,0.2,0.06,-0.854740826724693,-0.2796683341917302,-0.029083820741152122,-0.10399397137758663,,
29,1,0.2,0.07,-0.5313040698146264,-0.22469037027249003,-0.015148186898415905,-0.06741805125001644,,
29,1,0.2,0.08,-0.10345967890501818,-0.07729028754969482,-0.0025267873109566796,-0.032692171177808704,,
29,1,0.2,0.09,-0.3470980932024779,-0.24293698716324802,-0.0068752847383038995,-0.028300691543868814,,
29,1,0.2,0.1,-0.6031355402503364,-0.39729076579790873,-0.010128881600588002,-0.025494883024138285,,
29,1,0.30000000000000004,0.0,-1.8237664817935129,-0.5223412369353251,-0.2617562365340578,-0.50112114078879,,
29,1,0.30000000000000004,0.01,-1.9362392030204392,-0.4804756725672806,-0.2347134926909925,-0.48850234484686794,,
29,1,0.30000000000000004,0.02,-1.2875571968991697,-0.38212950184174405,-0.13379688923928146,-0.350134937486958,,
29,1,0.30000000000000004,0.03,-1.0476846934087622,-0.32276029041599047,-0.09147101697559434,-0.2834023257870467,,
29,1,0.30000000000000004,0.04,-0.5540415903982946,-0.20320646522608368,-0.041017010795248665,-0.20184894584733765,,
29,1,0.30000000000000004,0.05,-0.46478030383794644,-0.17360556892852425,-0.02936698433116003,-0.16915922981278794,,
29,1,0.30000000000000004,0.06,-0.8566423516376217,-0.2869630761607573,-0.0437227844078385,-0.15236379883014953,,
29,1,0.30000000000000004,0.07,-0.5362629164124226,-0.23002547165183196,-0.02293435533254784,-0.0997035466022712,,
29,1,0.30000000000000004,0.08,-0.10948708246143127,-0.08192660705486354,-0.00401099114561132,-0.048958345643745405,,
29,1,0.30000000000000004,0.09,-0.3514035574747334,-0.24717027144718437,-0.010440850423870107,-0.042241529949127075,,
29,1,0.30000000000000004,0.1,-0.6057503463451213,-0.39929805111786343,-0.015259190832374814,-0.038215039591742606,,
29,1,0.4,0.0,-1.7549061893344118,-0.5522608263229047,-0.33583074308121774,-0.6081016923059084,,
29,1,0.4,0.01,-1.8702178461846877,-0.5093277090590769,-0.30228039461671796,-0.5934890037205034,,
29,1,0.4,0.02,-1.2722141122523958,-0.40096461264880595,-0.17627001071033022,-0.4396148815873693,,
29,1,0.4,0.03,-1.0441546238442154,-0.33731830405548985,-0.12155041928635635,-0.36034338434940355,,
29,1,0.4,0.04,-0.5618691571458092,-0.21256843076411738,-0.055462005460875874,-0.2609136514839349,,
29,1,0.4,0.05,-0.4725989834817144,-0.18106140928742923,-0.03981467323586285,-0.21989596453796692,,
29,1,0.4,0.06,-0.858364571927553,-0.2943687127754952,-0.058414248061974594,-0.19843905118586808,,
29,1,0.4,0.07,-0.5411269723988458,-0.23542881355684037,-0.030856501876718734,-0.13106510375914096,,
29,1,0.4,0.08,-0.1155016844873614,-0.08657855594700092,-0.00564177646491093,-0.06516367018600477,,
29,1,0.4,0.09,-0.35567653897717416,-0.25141987389206444,-0.014090411489388499,-0.056043348010895784,,
29,1,0.4,0.1,-0.6083317013598775,-0.4013212859963627,-0.020432288816543576,-0.05091254695303842,,
29,1,0.5,0.0,-1.6882259419681627,-0.5822267532707828,-0.40383794873615764,-0.6936093995466749,,
29,1,0.5,0.01,-1.8062112373491235,-0.5382786714171813,-0.3649188827793959,-0.6779367308361608,,
29,1,0.5,0.02,-1.2564004573869745,-0.42019228545071685,-0.2175987123032017,-0.517855086439285,,
29,1,0.5,0.03,-1.0401256319719605,-0.3521957184610879,-0.15135175359758402,-0.4297376307097442,,
29,1,0.5,0.04,-0.569385424474291,-0.22218504594111432,-0.07025491860496713,-0.31620003185807016,,
29,1,0.5,0.05,-0.4802180661390552,-0.1887048131863424,-0.05057069009233339,-0.26798834241920366,,
29,1,0.5,0.06,-0.8599088690054263,-0.30188338074387505,-0.07314917755746819,-0.24230938906679883,,
29,1,0.5,0.07,-0.5458954485661264,-0.24089999446010715,-0.03891051636758336,-0.1615214498231419,,
29,1,0.5,0.08,-0.12150234445591013,-0.09124682576027804,-0.007418604655262229,-0.08130260525174046,,
29,1,0.5,0.09,-0.3599166018151623,-0.25568552515946247,-0.01782298122622128,-0.06970664927201368,,
29,1,0.5,0.1,-0.6108795065520294,-0.40336057135445885,-0.02564732875599962,-0.06358412442217032,,
29,1,0.6,0.0,-1.6237719815245668,-0.612004208343331,-0.4661040183777677,-0.7616026360986817,,
29,1,0.6,0.01,-1.7442315335390115,-0.5671323922997835,-0.4228761349941387,-0.7456391853749174,,
29,1,0.6,0.02,-1.240162327644609,-0.4397609768525925,-0.2577436745959013,-0.586099468035102,,
29,1,0.6,0.03,-1.0356161525529468,-0.36737114915617425,-0.18083467910972162,-0.49223974045072993,,
29,1,0.6,0.04,-0.5765877032032429,-0.2320536991882039,-0.08537230582163835,-0.3678989221904122,,
29,1,0.6,0.05,-0.4876345209285355,-0.19653525003387984,-0.06162204042292663,-0.31354192396683994,,
29,1,0.6,0.06,-0.8612767209989387,-0.3095050330649209,-0.08791864263011961,-0.2840620773093472,,
29,1,0.6,0.07,-0.5505676016186538,-0.24643856183148938,-0.04709224756611696,-0.19109122864593678,,
29,1,0.6,0.08,-0.1274879264104073,-0.09593209197488829,-0.00934088172793579,-0.09736972826966925,,
29,1,0.6,0.09,-0.36412331761954037,-0.2599669519633642,-0.021637556104606714,-0.08323194906580272,,
29,1,0.6,0.1,-0.6133936676824345,-0.4054160049448365,-0.0309034607640285,-0.07622654356784317,,
29,1,0.7000000000000001,0.0,-1.5618582462371053,-0.641429234092713,-0.5230827388004249,-0.8154956322505529,,
29,1,0.7000000000000001,0.01,-1.684282376273713,-0.5956939042249401,-0.4763988853881985,-0.799737721016372,,
29,1,0.7000000000000001,0.02,-1.2235450530751844,-0.45961468264675137,-0.2966717792884036,-0.645479334080409,,
29,1,0.7000000000000001,0.03,-1.0306450314703484,-0.38282112917540045,-0.20996108477348951,-0.548457409406182,,
29,1,0.7000000000000001,0.04,-0.5834737843907529,-0.24217102575911054,-0.10079054021393818,-0.41619570259488986,,
29,1,0.7000000000000001,0.05,-0.4948455528533517,-0.20455183282988293,-0.07295550918639926,-0.35666025660632067,,
29,1,0.7000000000000001,0.06,-0.8624697001970835,-0.3172314379264203,-0.10271382482061198,-0.32378198545516085,,
29,1,0.7000000000000001,0.07,-0.5551427342979334,-0.2520440113209367,-0.055397506442626754,-0.21979298834475033,,
29,1,0.7000000000000001,0.08,-0.13345729939460335,-0.10063501405824737,-0.011407958634884752,-0.11335973608829472,,
29,1,0.7000000000000001,0.09,-0.36829626562568896,-0.26426387709885923,-0.025533116151799984,-0.09661977426543329,,
29,1,0.7000000000000001,0.1,-0.6158740950122131,-0.40748768132905305,-0.036199832053183,-0.08883662920830983,,
29,1,0.8,0.0,-1.5019087622265381,-0.6701306581316497,-0.5748414030563223,-0.857804960989253,,
29,1,0.8,0.01,-1.6267161245095882,-0.6238536625091564,-0.5258526304264253,-0.8429102240282307,,
29,1,0.8,0.02,-1.2065930575369461,-0.479693506709221,-0.3343559376157157,-0.6970199365621066,,
29,1,0.8,0.03,-1.0252314614901663,-0.39852021957529604,-0.2386951341572302,-0.5989536350542218,,
29,1,0.8,0.04,-0.5900419363293685,-0.25253288913031213,-0.1164858710561073,-0.46127010013336606,,
29,1,0.8,0.05,-0.5018486040538367,-0.21275330664167852,-0.08455768582943013,-0.397444754980204,,
29,1,0.8,0.06,-0.8634894704261378,-0.32506017814895877,-0.11752602512731081,-0.3615515926821849,,
29,1,0.8,0.07,-0.5596201954739499,-0.2577157859943848,-0.06382206946862023,-0.24764516935726552,,
29,1,0.8,0.08,-0.1394093378802705,-0.10535623548616375,-0.01361913161583006,-0.12926744727528383,,
29,1,0.8,0.09,-0.3724350327501912,-0.2685760194721297,-0.029508625334722205,-0.10987066303506791,,
29,1,0.8,0.1,-0.6183207032987602,-0.4095756918520781,-0.04153558712395544,-0.10141126036101866,,
29,1,0.9,0.0,-1.4442053262134875,-0.6979739090923219,-0.6218499000357702,-0.8909357383350519,,
29,1,0.9,0.01,-1.5707351941279588,-0.6512716911711645,-0.5712260040391408,-0.8770932496880378,,
29,1,0.9,0.02,-1.1893497288730208,-0.49993433227748696,-0.37077489293065113,-0.7416471904251091,,
29,1,0.9,0.03,-1.0193949189100902,-0.4144411477597998,-0.2670032993297131,-0.6442490104396242,,
29,1,0.9,0.04,-0.5962909004160394,-0.263134366465555,-0.13243448176096628,-0.5032960290966111,,
29,1,0.9,0.05,-0.5086413546314075,-0.22113803820094122,-0.09641498941518412,-0.4359945950482514,,
29,1,0.9,0.06,-0.8643377843620332,-0.332988651199683,-0.13234667138146528,-0.39745099691731256,,
29,1,0.9,0.07,-0.5639993802028341,-0.26345327562598825,-0.07236168191216497,-0.2746660930300723,,
29,1,0.9,0.08,-0.14534292219238998,-0.11009638374478342,-0.015973642576410207,-0.14508780427737772,,
29,1,0.9,0.09,-0.3765392136650791,-0.27290309413174557,-0.03356303194694976,-0.12298516458280612,,
29,1,0.9,0.1,-0.6207334117910874,-0.41168012461425496,-0.046909867953198514,-0.11394737114684161,,
29,1,1.0,0.0,-1.3887966048674354,-0.7247680477638253,-0.6644279508618532,-0.916745644226255,,
29,1,1.0,0.01,-1.516779500978051,-0.6778700955599495,-0.6128884854959193,-0.9041385503068217,,
29,1,1.0,0.02,-1.1722812230794202,-0.5203845441933708,-0.40606436379192656,-0.7803159573491028,,
29,1,1.0,0.03,-1.0131551013329685,-0.43055497245250685,-0.2948543840081358,-0.6848240128980516,,
29,1,1.0,0.04,-0.6022198859257883,-0.27396973849712813,-0.14861254696525583,-0.5424414673696294,,
29,1,1.0,0.05,-0.5152217230457135,-0.22970400674123567,-0.10851369376610709,-0.4724066214846181,,
29,1,1.0,0.06,-0.8650164807826188,-0.34101406979657367,-0.14716732533783128,-0.43155792787559033,,
29,1,1.0,0.07,-0.5682797297510513,-0.2692558160500866,-0.08101206113340809,-0.30087395073515644,,
29,1,1.0,0.08,-0.15125693893126552,-0.11485607031357566,-0.018470679497108566,-0.16081587544028472,,
29,1,1.0,0.09,-0.38060841086934216,-0.2772448123011298,-0.03769526899984432,-0.13596383891541156,,
29,1,1.0,0.1,-0.6231121442242021,-0.41380106444067666,-0.052321814182230475,-0.12644195164880112,,
35,1,0.1,0.0,-0.8052204697209104,-0.323881007218782,-0.03850466609247305,-0.11888522399976083,,
35,1,0.1,0.01,-1.288523461589446,-0.4115096001195918,-0.05337778268511506,-0.12971212012940295,,
35,1,0.1,0.02,-1.403699912331035,-0.36041483241416683,-0.049948784637488086,-0.13858692857593047,,
35,1,0.1,0.03,-0.5611468602789638,-0.2141660217446027,-0.017153796247002973,-0.08009578787179986,,
35,1,0.1,0.04,-0.289126645532522,-0.1258370137982202,-0.007535317972598876,-0.05988157017681433,,
35,1,0.1,0.05,-0.12880355831786588,-0.06707263074316899,-0.002913558106189651,-0.04343885238892888,,
35,1,0.1,0.06,-0.32580556584226916,-0.13459417533367327,-0.006061153874538205,-0.04503280962576546,,
35,1,0.1,0.07,-0.6615491712557902,-0.23151794596408512,-0.010721583655614153,-0.04630994634548705,,
35,1,0.1,0.08,-0.0826621182078259,-0.055022810162897944,-0.0012070450900012464,-0.021937176353365548,,
35,1,0.1,0.09,-0.3173040798042757,-0.24030527842081037,-0.003871900632696601,-0.0161124244050783,,
35,1,0.1,0.1,-0.3209242432262004,-0.2363804256631704,-0.003275740212176359,-0.013857916546965337,,
35,1,0.2,0.0,-0.8117878530179056,-0.3439955683420029,-0.07763742079039282,-0.22569308425858886,,
35,1,0.2,0.01,-1.272675172232241,-0.43198131652091704,-0.10544251741967714,-0.24409045805241786,,
35,1,0.2,0.02,-1.3846909514293988,-0.3793788728393849,-0.09854475235746063,-0.2597528734795437,,
35,1,0.2,0.03,-0.5710847177968615,-0.22568523138624663,-0.03491517669365385,-0.15470740588203857,,
35,1,0.2,0.04,-0.3008588396534018,-0.13399756579824798,-0.015682172893335178,-0.11703326698446802,,
35,1,0.2,0.05,-0.13985135519957148,-0.07399309345302695,-0.006326922251600586,-0.08550692985443444,,
35,1,0.2,0.06,-0.3340084846549452,-0.140470782897726,-0.012427515261510647,-0.08847046343123804,,
35,1,0.2,0.07,-0.6659364883683481,-0.2378119433304477,-0.021585375901276738,-0.09076657630808362,,
35,1,0.2,0.08,-0.0898981326558186,-0.0602270721774454,-0.002625412993886078,-0.04359190807334772,,
35,1,0.2,0.09,-0.32274134096156054,-0.24576906852845826,-0.007876497541646654,-0.03204836796105859,,
35,1,0.2,0.1,-0.3254719498079374,-0.24073996788790542,-0.006644319190120096,-0.027599568316025773,,
35,1,0.30000000000000004,0.0,-0.8169513630379094,-0.36469524554354243,-0.11719686954233133,-0.3213556276766397,,
35,1,0.30000000000000004,0.01,-1.2560074850951777,-0.45279678969072756,-0.1560923722124271,-0.3447294145328248,,
35,1,0.30000000000000004,0.02,-1.3652054551400268,-0.3988352994781953,-0.14573703253597925,-0.3654065543512576,,
35,1,0.30000000000000004,0.03,-0.5805403713577109,-0.23754863789351607,-0.05323991960934582,-0.22412218433014644,,
35,1,0.30000000000000004,0.04,-0.3123803346466888,-0.1424031143818204,-0.024424090823045974,-0.1715137406163641,,
35,1,0.30000000000000004,0.05,-0.15081932183951804,-0.08108711600336227,-0.010234675115833425,-0.1262182652470837,,
35,1,0.30000000000000004,0.06,-0.34209982411142537,-0.14647871691382494,-0.019092856830404625,-0.13034560400769463,,
35,1,0.30000000000000004,0.07,-0.6701779643411329,-0.24420717202195982,-0.03258428589001017,-0.1334288654187441,,
35,1,0.30000000000000004,0.08,-0.09711616347680832,-0.06548939469868596,-0.0042543159125097985,-0.06496190615417553,,
35,1,0.30000000000000004,0.09,-0.32813049087733615,-0.2512538416416438,-0.012012029495668819,-0.0478083416244884,,
35,1,0.30000000000000004,0.1,-0.32998904450029604,-0.24511450186790001,-0.010104799548147914,-0.04122481318381444,,
35,1,0.4,0.0,-0.8207408301655714,-0.3859324222176334,-0.15698732360809375,-0.40677412565137144,,
35,1,0.4,0.01,-1.2385980691251677,-0.47262484075881095,-0.20523838498497338,-0.4342522171612013,,
35,1,0.4,0.02,-1.345298859784949,-0.4187334181115893,-0.1914826450587106,-0.4572900962198386,,
35,1,0.4,0.03,-0.5895081746702849,-0.24975053127880129,-0.07208311285362667,-0.2886204585213031,,
35,1,0.4,0.04,-0.32368128817580594,-0.15105527831683155,-0.033743571765138536,-0.22338558533759367,,
35,1,0.4,0.05,-0.16169959479968798,-0.0883556955500786,-0.014630687889338079,-0.16558850901745928,,
35,1,0.4,0.06,-0.3500761465711478,-0.15261857370304496,-0.026050695440855254,-0.17069151420287126,,
35,1,0.4,0.07,-0.6742733105996946,-0.2507028040244545,-0.04371120406738327,-0.17435466762118668,,
35,1,0.4,0.08,-0.1043141430554668,-0.07080991086496208,-0.006092845280166959,-0.0860450917921124,,
35,1,0.4,0.09,-0.33347064045968294,-0.25675898881063086,-0.016276691867032067,-0.06339288039117774,,
35,1,0.4,0.1,-0.3344750038912807,-0.24950378714055807,-0.013656222530277984,-0.05473352804294207,,
35,1,0.5,0.0,-0.8231923340558155,-0.40765252338543245,-0.19682029422133795,-0.4828138743918575,,
35,1,0.5,0.01,-1.2205238674696794,-0.4924715918993184,-0.2528043132386155,-0.5133378602888006,,
35,1,0.5,0.02,-1.325025417950897,-0.43901652918027234,-0.23574628971273648,-0.5369872750643804,,
35,1,0.5,0.03,-0.5979836445108938,-0.26228378831735627,-0.0913993316462709,-0.34847495620156355,,
35,1,0.5,0.04,-0.33475229379396393,-0.1599551524070744,-0.04362214646713736,-0.2727148567000963,,
35,1,0.5,0.05,-0.17248444784185524,-0.0957996066992703,-0.01950813579082533,-0.20363482130009541,,
35,1,0.5,0.06,-0.35793412289871784,-0.15889080859769497,-0.033294302235574835,-0.209542027820342,,
35,1,0.5,0.07,-0.6782223246172446,-0.25729789056852814,-0.05495900914428997,-0.2136006984855257,,
35,1,0.5,0.08,-0.11149001468894618,-0.07618872650206257,-0.008139972561320041,-0.10683959340230838,,
35,1,0.5,0.09,-0.3387609192512837,-0.26228389366558724,-0.020668637768398668,-0.078802542846002,,
35,1,0.5,0.1,-0.3389293118933283,-0.253907579505282,-0.01729760838403993,-0.06812560860823019,,
35,1,0.6,0.0,-0.8243476896500662,-0.4297942873862398,-0.23651583928371012,-0.550300099896773,,
35,1,0.6,0.01,-1.2018607083833792,-0.5126278019606156,-0.29872638701074883,-0.5827354385935148,,
35,1,0.6,0.02,-1.3044380317274933,-0.4596224375445017,-0.2785000999743876,-0.6059323419070954,,
35,1,0.6,0.03,-0.6059634530774197,-0.2751398410807573,-0.11114281493496658,-0.4039502766970947,,
35,1,0.6,0.04,-0.3455843970884144,-0.16910327550442264,-0.05404043574677364,-0.31957060314517854,,
35,1,0.6,0.05,-0.18316630367190112,-0.10341939084781583,-0.02485951517862872,-0.24037576488155984,,
35,1,0.6,0.06,-0.36567053534883026,-0.1652957295597299,-0.04081671305530177,-0.24693144320194052,,
35,1,0.6,0.07,-0.6820248892166992,-0.26399136018521285,-0.0663205750018584,-0.25122252090117175,,
35,1,0.6,0.08,-0.1186417337911275,-0.08162591946699951,-0.010394550152835857,-0.12734374351566433,,
35,1,0.6,0.09,-0.3440004756914301,-0.26782793256342013,-0.025185979208949938,-0.094037910713387,,
35,1,0.6,0.1,-0.3433514598586299,-0.2583256310383637,-0.021027956741347498,-0.08140096922176744,,
35,1,0.7000000000000001,0.0,-0.8242539001936467,-0.4522901931577455,-0.2759037515447499,-0.6100148880489275,,
35,1,0.7000000000000001,0.01,-1.1826829445409253,-0.533027591393187,-0.3429529733580303,-0.6434056677284676,,
35,1,0.7000000000000001,0.02,-1.2835881010666892,-0.4804841125144436,-0.3197233649595874,-0.6654192233046547,,
35,1,0.7000000000000001,0.03,-0.6134454160321858,-0.2883086557846356,-0.13126763943809594,-0.45530245729476776,,
35,1,0.7000000000000001,0.04,-0.35616911039886584,-0.17849959958509354,-0.06497821208249266,-0.36402441368792277,,
35,1,0.7000000000000001,0.05,-0.19373774531402743,-0.11121534572288617,-0.030676662197414384,-0.2758311993549076,,
35,1,0.7000000000000001,0.06,-0.3732822802838248,-0.17183349093121533,-0.048610739153973626,-0.28289443978899564,,
35,1,0.7000000000000001,0.07,-0.6856809717969279,-0.27078201699696225,-0.0777887775198911,-0.2872745331561799,,
35,1,0.7000000000000001,0.08,-0.1257672690868097,-0.0871215389931691,-0.012855312390701479,-0.14755607556139957,,
35,1,0.7000000000000001,0.09,-0.34918847736734315,-0.27339047473851735,-0.029826788268782045,-0.10909958840851969,,
35,1,0.7000000000000001,0.1,-0.347740946691234,-0.2627576901083414,-0.02484624700620397,-0.09455954265680772,,
35,1,0.8,0.0,-0.8229625850405026,-0.47506704466031147,-0.3148245802004118,-0.6626950527067642,,
35,1,0.8,0.01,-1.1630631223281327,-0.5536001179704723,-0.38544416112453006,-0.6962501426798625,,
35,1,0.8,0.02,-1.2625253874778994,-0.5015304866050437,-0.3594022233642369,-0.7166109199006019,,
35,1,0.8,0.03,-0.6204284763833089,-0.3017787228703771,-0.1517278904766849,-0.5027786221424779,,
35,1,0.8,0.04,-0.366498426081538,-0.18814346022310444,-0.07641446320230683,-0.40614998316546835,,
35,1,0.8,0.05,-0.20419152709153982,-0.1191875151816847,-0.036950772897414885,-0.31002217674467497,,
35,1,0.8,0.06,-0.38076637072088343,-0.17850408734944526,-0.05666897819188366,-0.3174659977446156,,
35,1,0.8,0.07,-0.6891906234859815,-0.27766853925888996,-0.08935650132059814,-0.3218099593100995,,
35,1,0.8,0.08,-0.1328646037944649,-0.09267560503773961,-0.01552087666003088,-0.16747532054104666,,
35,1,0.8,0.09,-0.35432411125499896,-0.27897088245740004,-0.03458909829067769,-0.12398820258942107,,
35,1,0.8,0.1,-0.35209727895686754,-0.2672035013924819,-0.0287514387490867,-0.10760127992056191,,
35,1,0.9,0.0,-0.8205293900181867,-0.49804670827873,-0.35313048081595944,-0.7090308498100368,,
35,1,0.9,0.01,-1.1430716822806353,-0.5742704266331045,-0.42617127512384245,-0.7421090401998343,,
35,1,0.9,0.02,-1.2412978931402046,-0.5226873749747482,-0.39752933324060347,-0.7605489481352189,,
35,1,0.9,0.03,-0.6269126843673151,-0.31553705913022634,-0.17247782874980788,-0.546616708748065,,
35,1,0.9,0.04,-0.37656482829138305,-0.19803354880361732,-0.08832745739922276,-0.4460226963200761,,
35,1,0.9,0.05,-0.2145205851901489,-0.1273356793341068,-0.043672424758994466,-0.3429708388676011,,
35,1,0.9,0.06,-0.3881199387068276,-0.1853073478605235,-0.06498382548429427,-0.3506813207062144,,
35,1,0.9,0.07,-0.6925539782229718,-0.2846494781644175,-0.10101664641958219,-0.3548808417671982,,
35,1,0.9,0.08,-0.1399317367973537,-0.09828810763290075,-0.01838974460716658,-0.18710040359970098,,
35,1,0.9,0.09,-0.35940658394930114,-0.284568511177255,-0.03947090508833995,-0.1387044017099766,,
35,1,0.9,0.1,-0.35641997099008393,-0.27166280589411645,-0.032742472107812004,-0.12052615005594008,,
35,1,1.0,0.0,-0.8170133879976582,-0.5211469929394312,-0.39068589139113163,-0.7496654431171935,,
35,1,1.0,0.01,-1.1230991175701135,-0.5950428068014586,-0.4652523838485423,-0.7818805278050827,,
35,1,1.0,0.02,-1.2202993764309877,-0.543985462253861,-0.4342509723605238,-0.7982767968859293,,
35,1,1.0,0.03,-0.6328991735132214,-0.32956922255168264,-0.1934720522528668,-0.5870452670152679,,
35,1,1.0,0.04,-0.3863613032600577,-0.20816788682623436,-0.10069481029705918,-0.4837192317809949,,
35,1,1.0,0.05,-0.22471804777885715,-0.13565934505176794,-0.05083159955080119,-0.3747003166748573,,
35,1,1.0,0.06,-0.3953402375164947,-0.1922429302651894,-0.07354748548230838,-0.3825757617242587,,
35,1,1.0,0.07,-0.6957712517701812,-0.2917232569289083,-0.11276213477623764,-0.3865380359568565,,
35,1,1.0,0.08,-0.14696668380112013,-0.10395900624160098,-0.02146030345241179,-0.20643044050015244,,
35,1,1.0,0.09,-0.3644351218833549,-0.29018270970827054,-0.04447016817014815,-0.15324885557397736,,
35,1,1.0,0.1,-0.36070854499869165,-0.2761353409609034,-0.03681826819468448,-0.13333413994225893,,
41,1,0.1,0.0,-1.4378032108057632,-0.42005917931058245,-0.06870141795645235,-0.16355175970492491,,
41,1,0.1,0.01,-1.4445129796759293,-0.40972391767896554,-0.060452262903075704,-0.14754389552245367,,
41,1,0.1,0.02,-0.9108843548734635,-0.32933946579089457,-0.03288943182652382,-0.09986483626413027,,
41,1,0.1,0.03,-0.47159364985949337,-0.18143481745696435,-0.014680916663152632,-0.0809156526234822,,
41,1,0.1,0.04,-0.2774304013386825,-0.11492576631870298,-0.007476359046630132,-0.06505381069983288,,
41,1,0.1,0.05,-0.21203256068408055,-0.09587351665063566,-0.004906226810738601,-0.05117395274668973,,
41,1,0.1,0.06,-0.21258579846004433,-0.08713870663023918,-0.0041669707078692,-0.04781997425726265,,
41,1,0.1,0.07,-0.19922846798820606,-0.08344769569334248,-0.0034907865976190333,-0.04183203105388482,,
41,1,0.1,0.08,0.3259466197507943,0.262065531246113,0.005170395938898009,-0.01972940094148569,,
41,1,0.1,0.09,0.27891735073064106,0.15967097612601025,0.0037967069438293866,-0.0237783161094542,,
41,1,0.1,0.1,-0.5140069522008095,-0.32812175332749427,-0.005943184104237442,-0.018112740298280753,,
41,1,0.2,0.0,-1.4091101354970468,-0.4447042156045093,-0.13466079869331138,-0.3028098092352465,,
41,1,0.2,0.01,-1.4193033127434818,-0.43080880103427327,-0.11879449781119189,-0.2757476112976186,,
41,1,0.2,0.02,-0.912774613730635,-0.34370039905172994,-0.06591536734747339,-0.1917814687714475,,
41,1,0.2,0.03,-0.4832268380299379,-0.1925569975658083,-0.030086125801863206,-0.15624529974082593,,
41,1,0.2,0.04,-0.28965241493677585,-0.12331112075022606,-0.015611450240070601,-0.12660212757041203,,
41,1,0.2,0.05,-0.22296076182689684,-0.10279545491978288,-0.010318189469471939,-0.10037593079892303,,
41,1,0.2,0.06,-0.2218634982007415,-0.09288880729472276,-0.008697652475799234,-0.09363509694125836,,
41,1,0.2,0.07,-0.20758263311215516,-0.08854226389897629,-0.007274328622647208,-0.0821565691040718,,
41,1,0.2,0.08,0.3187742265526735,0.25762840796877073,0.010113244724878179,-0.03925516135667806,,
41,1,0.2,0.09,0.27259532708406986,0.1574177132681063,0.007421299309522178,-0.047143991330140696,,
41,1,0.2,0.1,-0.5181948107411332,-0.332441471730743,-0.011983212090453832,-0.036046080617040135,,
41,1,0.30000000000000004,0.0,-1.3797447582321576,-0.4698766760726556,-0.19778176998661035,-0.4209227230423924,,
41,1,0.30000000000000004,0.01,-1.3935580038401552,-0.4524104469247266,-0.1749594555482572,-0.3867272666613896,,
41,1,0.30000000000000004,0.02,-0.9138377744603448,-0.3584896485210125,-0.09898821411129943,-0.2761257250235423,,
41,1,0.30000000000000004,0.03,-0.49441638236634494,-0.20405560655604676,-0.04617419493612973,-0.22628241250233588,,
41,1,0.30000000000000004,0.04,-0.3016565710500621,-0.1319844667717361,-0.02438766072207421,-0.18477674925377452,,
41,1,0.30000000000000004,0.05,-0.23376356775287227,-0.10991077894691782,-0.01622718340687135,-0.1476395997039415,,
41,1,0.30000000000000004,0.06,-0.23105673092801388,-0.09880474526659165,-0.013587078298845201,-0.13751443073088243,,
41,1,0.30000000000000004,0.07,-0.2158744053802875,-0.09376684012637294,-0.01134734642112134,-0.12101662384941321,,
41,1,0.30000000000000004,0.08,0.3115237787207846,0.2530948560768475,0.014824831884431733,-0.058574212507623825,,
41,1,0.30000000000000004,0.09,0.26622863589252194,0.15509246645341138,0.01087195301287136,-0.07009981375296016,,
41,1,0.30000000000000004,0.1,-0.5223214524931525,-0.3367767590944448,-0.018117960508908237,-0.05379813190680204,,
41,1,0.4,0.0,-1.3498418908282412,-0.49546146304370614,-0.2579937260397366,-0.5207140116505452,,
41,1,0.4,0.01,-1.3673691756946518,-0.47445619137312006,-0.22889530812855574,-0.4824371823794976,,
41,1,0.4,0.02,-0.9140946728530059,-0.37369292710934066,-0.132021388949924,-0.3532884338249602,,
41,1,0.4,0.03,-0.5051523068194321,-0.21592693933481616,-0.06290244935083367,-0.29131357830852767,,
41,1,0.4,0.04,-0.31343174939623286,-0.14094670110469337,-0.03378617893053382,-0.2397089017744224,,
41,1,0.4,0.05,-0.24443318689926613,-0.1172211223932649,-0.022623782896935007,-0.19300090662017827,,
41,1,0.4,0.06,-0.24016070346928475,-0.10488712772561182,-0.01882990536126261,-0.17952541717533027,,
41,1,0.4,0.07,-0.22410035297726855,-0.09912196706373762,-0.015706319816524483,-0.15845448069472806,,
41,1,0.4,0.08,0.30419750682228547,0.24846391369173207,0.019301584475388767,-0.07768365308507595,,
41,1,0.4,0.09,0.2598187985132677,0.1526943094588904,0.014146926806362536,-0.09264868387365337,,
41,1,0.4,0.1,-0.5263864298362636,-0.3411275060094369,-0.024345285207480916,-0.07136711282029375,,
41,1,0.5,0.0,-1.3195309858316695,-0.5213329624156176,-0.31525054709436784,-0.6047009681368344,,
41,1,0.5,0.01,-1.3408258485492823,-0.49686491582613734,-0.28056499956796976,-0.5646705787255563,,
41,1,0.5,0.02,-0.9135679782568157,-0.389292585683979,-0.16493164900140755,-0.4236701521340975,,
41,1,0.5,0.03,-0.515425818248259,-0.2281657870868328,-0.08022715621801135,-0.3516178180889118,,
41,1,0.5,0.04,-0.3249673164865617,-0.1501980343527562,-0.04378706019149359,-0.291528849762807,,
41,1,0.5,0.05,-0.2549620382854348,-0.12472783206426223,-0.02949786542031041,-0.23649786043833848,,
41,1,0.5,0.06,-0.24917071893605194,-0.11113636567571218,-0.0244204244730013,-0.21973387670655276,,
41,1,0.5,0.07,-0.2322570994983372,-0.10460807236250529,-0.020347492964174707,-0.19451169020363163,,
41,1,0.5,0.08,0.2967976928998689,0.24373465393616314,0.023540075169625085,-0.09658074791363273,,
41,1,0.5,0.09,0.2533673561812552,0.15022233033023547,0.017244563632078602,-0.11479361020541806,,
41,1,0.5,0.1,-0.5303893141744642,-0.3454935939954688,-0.030663022431529185,-0.08875134869195675,,
41,1,0.6,0.0,-1.2889355357393204,-0.5473571713764184,-0.3695291468021915,-0.6751152010540952,,
41,1,0.6,0.01,-1.3140136133599885,-0.5195479776085501,-0.3299455146365501,-0.6350626484107793,,
41,1,0.6,0.02,-0.912282038867688,-0.40526754019252986,-0.19763938921578517,-0.48767633628366314,,
41,1,0.6,0.03,-0.5252293146006,-0.24076538794228472,-0.09810371024707676,-0.40746600284005013,,
41,1,0.6,0.04,-0.33625314562991526,-0.1597379564827385,-0.05436929554563996,-0.34036553830282146,,
41,1,0.6,0.05,-0.26534276298578313,-0.13243195062440336,-0.03683863762045436,-0.27817031650416596,,
41,1,0.6,0.06,-0.2580821819314934,-0.11755266698991654,-0.03035257011865622,-0.25820401098394313,,
41,1,0.6,0.07,-0.24034132689150128,-0.11022546460007722,-0.025266879514924345,-0.22922905888034373,,
41,1,0.6,0.08,0.28932666904025384,0.23890618626718613,0.027537026199523362,-0.11526292654777347,,
41,1,0.6,0.09,0.24687586924622826,0.14767563233094097,0.020163291912296932,-0.13653770492826475,,
41,1,0.6,0.1,-0.5343296959913418,-0.34987489543662403,-0.03706898992755803,-0.1059492704708008,,
41,1,0.7000000000000001,0.0,-1.2581725684212084,-0.5733942253832371,-0.42082787953439904,-0.7339241675360997,,
41,1,0.7000000000000001,0.01,-1.2870143490124222,-0.5424104132981227,-0.3770270784468076,-0.695095575607218,,
41,1,0.7000000000000001,0.02,-0.9102627231708014,-0.4215932451859066,-0.23006890537139157,-0.545712978086117,,
41,1,0.7000000000000001,0.03,-0.5345563881674104,-0.2537173881429699,-0.11648681978957631,-0.4591203647577198,,
41,1,0.7000000000000001,0.04,-0.3472796352136046,-0.1695652046315713,-0.0655108834842153,-0.3863462650049953,,
41,1,0.7000000000000001,0.05,-0.2755682350401282,-0.14033419958007087,-0.044634662761506294,-0.3180597665791293,,
41,1,0.7000000000000001,0.06,-0.2668906035819238,-0.12413602978714851,-0.03661993109470585,-0.29499840745266864,,
41,1,0.7000000000000001,0.07,-0.24834977832119956,-0.11597432936948061,-0.030460268078537633,-0.2626466412363963,,
41,1,0.7000000000000001,0.08,0.28178681589007404,0.23397765782126534,0.03128931316234773,-0.133727781762178,,
41,1,0.7000000000000001,0.09,0.24034591639637265,0.1450533349052318,0.022901626776495432,-0.15788417957751769,,
41,1,0.7000000000000001,0.1,-0.5382071848959552,-0.3542712735178865,-0.04356098804996844,-0.12295941360814039,,
41,1,0.8,0.0,-1.2276843968630855,-0.5993825742230637,-0.469300894063593,-0.7829738705232026,,
41,1,0.8,0.01,-1.2599059833642692,-0.5653523888762257,-0.42181229970855394,-0.7461050983564563,,
41,1,0.8,0.02,-0.9075372587210174,-0.43824171904014786,-0.262148621971944,-0.59818271648375,,
41,1,0.8,0.03,-0.5434018239920964,-0.2670118148795123,-0.13533069234515704,-0.5068340979826091,,
41,1,0.8,0.04,-0.3580377252188081,-0.17967773365019596,-0.07718890426018432,-0.4295963817668074,,
41,1,0.8,0.05,-0.28563157178113235,-0.14843496265153708,-0.05287388959298511,-0.35620913461682735,,
41,1,0.8,0.06,-0.275591606384346,-0.13088623617880246,-0.04321576170965258,-0.33017804599878575,,
41,1,0.8,0.07,-0.2562792609509231,-0.12185472551259341,-0.03592322797676295,-0.2948037330981503,,
41,1,0.8,0.08,0.27418056111973105,0.22894825476943811,0.034793968676762876,-0.1519730679397494,,
41,1,0.8,0.09,0.23377909386886872,0.14235457465401652,0.025458171223524895,-0.17883634077372865,,
41,1,0.8,0.1,-0.5420214096598963,-0.3586825821631321,-0.050136800870173026,-0.13978041690178966,,
41,1,0.9,0.0,-1.1968517408307908,-0.6250116847169639,-0.5147001987226203,-0.8235049220810998,,
41,1,0.9,0.01,-1.2331159347635485,-0.5883568136434388,-0.464451540436027,-0.7894045410299233,,
41,1,0.9,0.02,-0.9041340694198103,-0.4551816252182818,-0.29381128472797347,-0.6454814264241809,,
41,1,0.9,0.03,-0.551761593536124,-0.2806370618705085,-0.15458921844136364,-0.5508510437323997,,
41,1,0.9,0.04,-0.36851891193194486,-0.1900726897923772,-0.08937959643225579,-0.4702390255532667,,
41,1,0.9,0.05,-0.29552614355544066,-0.15673426965868106,-0.06154368252202469,-0.39266257887345163,,
41,1,0.9,0.06,-0.2841809288630294,-0.13780284642299007,-0.05013299352058476,-0.36380230758586796,,
41,1,0.9,0.07,-0.26412664864055524,-0.12786658151289715,-0.04165111527549148,-0.32573886611092656,,
41,1,0.9,0.08,0.266510377837117,0.22381720368119568,0.03804818588599157,-0.16999669936090905,,
41,1,0.9,0.09,0.2271770146476915,0.13957850632285132,0.027831617217741966,-0.19939758599627216,,
41,1,0.9,0.1,-0.5457720182460539,-0.3631086659748979,-0.05679419728741919,-0.15641102129836096,,
41,1,1.0,0.0,-1.1661741222646667,-0.6502282637651376,-0.5572265500626181,-0.8569706687863822,,
41,1,1.0,0.01,-1.2059369543871257,-0.6111433957342932,-0.5046875957950689,-0.8258088025130063,,
41,1,1.0,0.02,-0.900082612412424,-0.4723784126731283,-0.3249941176483401,-0.6879952786352798,,
41,1,1.0,0.03,-0.559632843726282,-0.2945798886239048,-0.1742161528925701,-0.5914054544130637,,
41,1,1.0,0.04,-0.3787152608204661,-0.20074638794874894,-0.10205843529294545,-0.5083948774161816,,
41,1,1.0,0.05,-0.3052455828181923,-0.16523178105008945,-0.07063085299024008,-0.42746530081176437,,
41,1,1.0,0.06,-0.292654430026024,-0.14488519352275,-0.05736424757817493,-0.39592898475969907,,
41,1,1.0,0.07,-0.27188888455527654,-0.13400969206420804,-0.047639079084989655,-0.35548980339544656,,
41,1,1.0,0.08,0.2587787829525397,0.21858377289552772,0.04104932180225562,-0.187796748397582,,
41,1,1.0,0.09,0.22054130764939447,0.13672430380119338,0.0300207467179876,-0.21957139940269763,,
41,1,1.0,0.1,-0.5494586778284355,-0.3675493601759378,-0.06353093214057381,-0.17285006865516772,,
47,1,0.1,0.0,-1.2124962526275522,-0.3821400493102659,-0.05796947591786461,-0.15169693944012191,,
47,1,0.1,0.01,-0.9775456920287805,-0.3264910358273435,-0.04085083946688817,-0.12512086086336255,,
47,1,0.1,0.02,-0.285299029685282,-0.1632918865978562,-0.010347380245344207,-0.06336738744912053,,
47,1,0.1,0.03,-0.09687506842162379,-0.06686329407227083,-0.0030632954641929278,-0.04581430673878989,,
47,1,0.1,0.04,0.5225625498212764,0.39472014972623387,0.014735347847487645,-0.03733112651509593,,
47,1,0.1,0.05,-0.10690185466125895,-0.04862540188133163,-0.002592237440698697,-0.05331035509022527,,
47,1,0.1,0.06,-0.32057585242235653,-0.14025406163806875,-0.0067001087627686085,-0.04777122804513504,,
47,1,0.1,0.07,-0.04726308062514972,-0.023441360463372363,-0.0008668100054552985,-0.03697780283741245,,
47,1,0.1,0.08,0.050135500074060785,0.02609274911411056,0.0008249392863326488,-0.03161565240691845,,
47,1,0.1,0.09,0.028186503492663717,0.012749049029620969,0.00040628625981931066,-0.031867965906739446,,
47,1,0.1,0.1,0.2680333883262677,0.19879627099019564,0.003423566365774011,-0.017221481815133527,,
47,1,0.2,0.0,-1.198542274158302,-0.4053110103883503,-0.11460467172215583,-0.28275736109992894,,
47,1,0.2,0.01,-0.976780869103361,-0.34574897220510886,-0.08163775627767611,-0.23611857978061057,,
47,1,0.2,0.02,-0.3015615317029504,-0.1763662020525852,-0.021874395011724945,-0.12402827048009397,,
47,1,0.2,0.03,-0.11242161454220305,-0.07796451429950056,-0.007109788462921096,-0.09119262175621148,,
47,1,0.2,0.04,0.5119120097489696,0.3895019029206779,0.02887004257590764,-0.07412041471280573,,
47,1,0.2,0.05,-0.11881715355553443,-0.0551770843846268,-0.0057623373330588645,-0.10443352339697641,,
47,1,0.2,0.06,-0.3298117146861606,-0.14717902558964455,-0.013786280800221484,-0.09367014589877459,,
47,1,0.2,0.07,-0.05639750891099765,-0.02839497693458866,-0.002068672814390937,-0.07285347754134053,,
47,1,0.2,0.08,0.0419138997572356,0.022092541848202023,0.00137931894574006,-0.06243369166017058,,
47,1,0.2,0.09,0.02098332136604261,0.009620133764938527,0.0006049161194197072,-0.0628802191529166,,
47,1,0.2,0.1,0.2620692803056259,0.19545087968380204,0.006694774700716,-0.034252978096321295,,
47,1,0.30000000000000004,0.0,-1.1833976061232871,-0.4290877474934103,-0.16973480671983976,-0.39557132011196955,,
47,1,0.30000000000000004,0.01,-0.9749240943432445,-0.3655360613843271,-0.12222385509498412,-0.3343688024434808,,
47,1,0.30000000000000004,0.02,-0.3174147994699136,-0.18977930550568933,-0.03453651730857232,-0.18198252552640395,,
47,1,0.30000000000000004,0.03,-0.12783458584440152,-0.08917196859840354,-0.012126807651267502,-0.13599349483784537,,
47,1,0.30000000000000004,0.04,0.5009024185851667,0.38409056475535447,0.042373710351180094,-0.11032218502469573,,
47,1,0.30000000000000004,0.05,-0.13065397444455495,-0.06195334653084744,-0.009504590694084714,-0.15341529112317193,,
47,1,0.30000000000000004,0.06,-0.3389068041765227,-0.1542661929360058,-0.021249689562706453,-0.13774689812641877,,
47,1,0.30000000000000004,0.07,-0.06551201595644186,-0.03348396659433875,-0.0036044923537024154,-0.10764830814016639,,
47,1,0.30000000000000004,0.08,0.03368081717854905,0.017980205653585064,0.001662572184100819,-0.09246680578257566,,
47,1,0.30000000000000004,0.09,0.013779038263252037,0.006403173159992862,0.0005958419696867612,-0.09305417092412747,,
47,1,0.30000000000000004,0.1,0.25606851968521177,0.19204141872394756,0.00981222052374342,-0.05109429303814988,,
47,1,0.4,0.0,-1.1671694948892073,-0.45338070582116274,-0.22320961002369244,-0.49232269295495357,,
47,1,0.4,0.01,-0.9720175285490219,-0.3858054134291846,-0.16247928804370781,-0.42114310061004684,,
47,1,0.4,0.02,-0.33283240001050524,-0.20352812226564373,-0.04828538540321392,-0.237241835996463,,
47,1,0.4,0.03,-0.14309183741832823,-0.10050159386435925,-0.018098880699371156,-0.18008550912931878,,
47,1,0.4,0.04,0.489543475515237,0.37847353844544307,0.05521707133932363,-0.1458941398284392,,
47,1,0.4,0.05,-0.1424023882970625,-0.06895699349658883,-0.013812325473987697,-0.20030347574058555,,
47,1,0.4,0.06,-0.34785617961390025,-0.161515370140047,-0.0290810954050732,-0.1800515664847099,,
47,1,0.4,0.07,-0.07460222747994398,-0.03870922320083502,-0.005472851651101007,-0.14138365997959237,,
47,1,0.4,0.08,0.025439379418256216,0.013754776784926658,0.001674338021644628,-0.12172774940844347,,
47,1,0.4,0.09,0.006575741498155375,0.0030973421078297103,0.00037913654945098685,-0.12240706265303242,,
47,1,0.4,0.1,0.25003236830377246,0.18850687307675146,0.012774563823185092,-0.06776709843350841,,
47,1,0.5,0.0,-1.1499653466527224,-0.4780899266098635,-0.27489935875967175,-0.5749950866126454,,
47,1,0.5,0.01,-0.9681060399496346,-0.4065044360921799,-0.20228182041716258,-0.49761282401182133,,
47,1,0.5,0.02,-0.3477895780644918,-0.21760812099582522,-0.06306910706234992,-0.2898288297961081,,
47,1,0.5,0.03,-0.15817172022725773,-0.11196807230826436,-0.025007812692682374,-0.22334771133535491,,
47,1,0.5,0.04,0.47784561859716435,0.37263838622634854,0.06737204388101792,-0.18079737990303205,,
47,1,0.5,0.05,-0.15405262605134937,-0.07619050633133542,-0.01867792595150286,-0.2451476811333521,,
47,1,0.5,0.06,-0.35665507691165094,-0.16892613731295777,-0.03727086410353431,-0.22063408716014832,,
47,1,0.5,0.07,-0.08366379236372574,-0.044071535586154745,-0.007672014959243079,-0.17408095400363752,,
47,1,0.5,0.08,0.017192720466252396,0.009415350820961834,0.0014144618614151394,-0.15022933168523653,,
47,1,0.5,0.09,-0.0006244831837761732,-0.00029814766624144636,-4.500716754785028e-05,-0.15095596123634425,,
47,1,0.5,0.1,0.2439621017700914,0.18486621422448363,0.015580529936198406,-0.08428002921766396,,
47,1,0.6,0.0,-1.1318919311798883,-0.5031063313484447,-0.3246946878588651,-0.6453798484082004,,
47,1,0.6,0.01,-0.9632368432794158,-0.4275752043996263,-0.2415173058871668,-0.5648533951501933,,
47,1,0.6,0.02,-0.3622633395133074,-0.23201325657248334,-0.07883258194801623,-0.3397761968975601,,
47,1,0.6,0.03,-0.1730531480964933,-0.12358484671344737,-0.03283277724178413,-0.2656699273003311,,
47,1,0.6,0.04,0.4658200045630738,0.3665728513794715,0.0788118452487967,-0.21499640508623397,,
47,1,0.6,0.05,-0.16559509621096463,-0.08365601849556252,-0.0240928546892496,-0.2879990599902575,,
47,1,0.6,0.06,-0.3652989144912738,-0.1764978408996433,-0.045808986039064914,-0.25954417235682736,,
47,1,0.6,0.07,-0.0926923871089616,-0.04957158328685486,-0.010199930370111687,-0.2057616419287631,,
47,1,0.6,0.08,0.008943978718662505,0.004961085287163268,0.0008829958105831537,-0.1779844045148532,,
47,1,0.6,0.09,-0.007819552863215066,-0.0037840459458067565,-0.000676276194473413,-0.1787177545301267,,
47,1,0.6,0.1,0.23785900890940928,0.1811671344525451,0.018228910385761576,-0.10061930074042462,,
47,1,0.7000000000000001,0.0,-1.113054637479276,-0.5283133557357188,-0.37250618881466846,-0.7050856935008271,,
47,1,0.7000000000000001,0.01,-0.9574591369386114,-0.44895495152366605,-0.28008007065743457,-0.6238489400927579,,
47,1,0.7000000000000001,0.02,-0.37623252389404277,-0.24673591995615912,-0.09551783939763714,-0.38712579593035773,,
47,1,0.7000000000000001,0.03,-0.18771566185059071,-0.13536412520514945,-0.04155041967057582,-0.306952965622203,,
47,1,0.7000000000000001,0.04,0.45347848609668867,0.36026488290356506,0.08951108848865141,-0.24845909978023462,,
47,1,0.7000000000000001,0.05,-0.17702040192588547,-0.09135529258800633,-0.030047676961798886,-0.3289100840310124,,
47,1,0.7000000000000001,0.06,-0.37378329824005063,-0.18422958679111262,-0.05468509599502336,-0.2968312362173816,,
47,1,0.7000000000000001,0.07,-0.10168372024850589,-0.055209932240930265,-0.013054232914198716,-0.23644718231551948,,
47,1,0.7000000000000001,0.08,0.0006962944690287583,0.00039120226834243795,8.019875398801446e-05,-0.20500585113635558,,
47,1,0.7000000000000001,0.09,-0.01500738870061702,-0.007361062367823556,-0.001514237861567569,-0.2057091471180244,,
47,1,0.7000000000000001,0.1,0.23172439120219226,0.17740928256479407,0.020718563674556822,-0.11678398883660392,,
47,1,0.8,0.0,-1.0935567868439442,-0.5535888921983597,-0.41826381686469494,-0.755549511124989,,
47,1,0.8,0.01,-0.950823741531924,-0.4705766756435099,-0.31787320710105915,-0.6754971581759126,,
47,1,0.8,0.02,-0.38967786569582197,-0.2617668963595621,-0.11306438872916647,-0.4319277582519893,,
47,1,0.8,0.03,-0.202139490305904,-0.14731687691586504,-0.051134971577486255,-0.3471087131903443,,
47,1,0.8,0.04,0.440833586651583,0.3537026627529219,0.09944587486245737,-0.2811567040192882,,
47,1,0.8,0.05,-0.18831935751699003,-0.09928969742344049,-0.03653208756092996,-0.36793432258265096,,
47,1,0.8,0.06,-0.38210402610607647,-0.19212023391539934,-0.06388849351583781,-0.3325443250499647,,
47,1,0.8,0.07,-0.11063353671095867,-0.0609870305658723,-0.016232248138126737,-0.26615901754052823,,
47,1,0.8,0.08,-0.007547192604005712,-0.004295008995067224,-0.000993463820465168,-0.23130657505168242,,
47,1,0.8,0.09,-0.022185917186243565,-0.011029864774166086,-0.0025583402543294387,-0.23194665634718648,,
47,1,0.8,0.1,0.22555956221526252,0.17359232175747333,0.023048416035061692,-0.13277324596915493,,
47,1,0.9,0.0,-1.0737920752602497,-0.5788997290878454,-0.4620553999071789,-0.7981613683516928,,
47,1,0.9,0.01,-0.943382742909108,-0.4923698531448807,-0.3548087784601498,-0.7206143434532063,,
47,1,0.9,0.02,-0.40258204421773947,-0.27709533298844813,-0.13140957915131113,-0.4742395973763639,,
47,1,0.9,0.03,-0.21630560783755548,-0.15945281987119858,-0.06155837599370795,-0.3860601276505053,,
47,1,0.9,0.04,0.42789847289176547,0.3468746355552334,0.1085938814264984,-0.31306377087121096,,
47,1,0.9,0.05,-0.1994830043986091,-0.10746018562862707,-0.043534939873712264,-0.405126229952414,,
47,1,0.9,0.06,-0.3902570923238365,-0.20016008800521254,-0.07340816377242099,-0.36674725967601146,,
47,1,0.9,0.07,-0.11953762212974808,-0.06690320443286607,-0.01973099615341989,-0.2949185516699567,,
47,1,0.9,0.08,-0.015783345949072214,-0.009098189532636513,-0.002337320244445884,-0.2568994892952692,,
47,1,0.9,0.09,-0.029353071384732036,-0.014791077572987279,-0.003807912759095644,-0.25744660862640445,,
47,1,0.9,0.1,0.21936584702550185,0.16971593000431437,0.02521746213518994,-0.1485863002639109,,
47,1,1.0,0.0,-1.0532352155093798,-0.6039280157061201,-0.5035561584208003,-0.833801620929998,,
47,1,1.0,0.01,-0.9355576815635008,-0.5143751667664613,-0.39096247338333623,-0.7600726058395477,,
47,1,1.0,0.02,-0.41492972186167615,-0.2923961102276858,-0.15048896632890174,-0.5146749941773081,,
47,1,1.0,0.03,-0.23019578826403164,-0.1717804023916181,-0.07279042229900745,-0.42374113278104186,,
47,1,1.0,0.04,0.4146869248500599,0.33976954070799603,0.11693444330368674,-0.34415811099495314,,
47,1,1.0,0.05,-0.21050262635589104,-0.11586727193130633,-0.051044277120750436,-0.4405409419755115,,
47,1,1.0,0.06,-0.39823869126320843,-0.20835536264624055,-0.0832327988787731,-0.3994751938307018,,
47,1,1.0,0.07,-0.1283918070902461,-0.07295865405211335,-0.023547196148084204,-0.3227471292338366,,
47,1,1.0,0.08,-0.02400903465146827,-0.014018908097462276,-0.003950493339382355,-0.28179750604809795,,
47,1,1.0,0.09,-0.03650679217334836,-0.01864528011318167,-0.005262166715346961,-0.282225135981023,,
47,1,1.0,0.1,0.2131445816367926,0.1657798004432997,0.027224765738902645,-0.1642224545216177,,
53,1,0.1,0.0,-1.4430214884128496,-0.37721198016355745,-0.06898527576628866,-0.1828819851807913,,
53,1,0.1,0.01,-1.2170141194077697,-0.3590391629817991,-0.051054547031508246,-0.14219771071072926,,
53,1,0.1,0.02,-0.23769963286068493,-0.14804389666574158,-0.00877810031088988,-0.05929390206952852,,
53,1,0.1,0.03,0.28825497421293084,0.237513024118945,0.009455659180756859,-0.03981111863584173,,
53,1,0.1,0.04,0.18487044966096006,0.12358975735834966,0.00544241228353326,-0.044036111081219576,,
53,1,0.1,0.05,0.05225870060291419,0.03182534181898224,0.0013487937596412536,-0.04238112405242934,,
53,1,0.1,0.06,-0.0791410574973261,-0.037351287678672705,-0.0017321638813985185,-0.0463749441866651,,
53,1,0.1,0.07,-0.07458199705865673,-0.03759113808538801,-0.0014601128776198236,-0.03884194392580473,,
53,1,0.1,0.08,-0.33718403415310694,-0.14447494185616713,-0.005966186890707381,-0.04129565178608657,,
53,1,0.1,0.09,-0.11645755349894213,-0.04887689521363153,-0.0017270987843350794,-0.03533568932286435,,
53,1,0.1,0.1,-0.31055114416208746,-0.1451266486748451,-0.004069104798381407,-0.028038301962709813,,
53,1,0.2,0.0,-1.4139430079083222,-0.4045744996408888,-0.13519029217736034,-0.33415425909779006,,
53,1,0.2,0.01,-1.2048170391205923,-0.380082268999098,-0.10108574289684957,-0.2659575337809022,,
53,1,0.2,0.02,-0.25477516779048404,-0.16161272886712177,-0.018817378492960835,-0.11643500252033064,,
53,1,0.2,0.03,0.27292535647002014,0.22807331384480742,0.017905600134835886,-0.07850808949537937,,
53,1,0.2,0.04,0.17050994141508446,0.11533004576471773,0.010039304835617102,-0.08704847699530152,,
53,1,0.2,0.05,0.03936612252203276,0.024372415807241664,0.002032074268453199,-0.08337598884429906,,
53,1,0.2,0.06,-0.08997542382762384,-0.04317698736840295,-0.003938592288155851,-0.09121971050342723,,
53,1,0.2,0.07,-0.08428764079642069,-0.04315648354375942,-0.003300246027315601,-0.07647161576473781,,
53,1,0.2,0.08,-0.3449221643736826,-0.15033835842278187,-0.012206213147484046,-0.08119160855247405,,
53,1,0.2,0.09,-0.12374221162084445,-0.052713596356218424,-0.003670264690271652,-0.06962652795437063,,
53,1,0.2,0.1,-0.316412253322614,-0.14958270751349953,-0.008291804055242658,-0.05543290526743768,,
53,1,0.30000000000000004,0.0,-1.3842081656290648,-0.43258873756372623,-0.19852091488027068,-0.4589137387124551,,
53,1,0.30000000000000004,0.01,-1.1916854802746817,-0.4016674776135703,-0.14997598161570058,-0.37338343275077657,,
53,1,0.30000000000000004,0.02,-0.2714835829411841,-0.17549675335164713,-0.0300771620276028,-0.17138301109956408,,
53,1,0.30000000000000004,0.03,0.2573319638927457,0.21812680490719433,0.02532386495874195,-0.11609698757342733,,
53,1,0.30000000000000004,0.04,0.15602132821379855,0.10681764841836636,0.013779363787796317,-0.12899894345012633,,
53,1,0.30000000000000004,0.05,0.02646028260651535,0.016655912528080227,0.002048814665094545,-0.12300825077223751,,
53,1,0.30000000000000004,0.06,-0.10076221963024087,-0.04917351726828354,-0.006616161685441657,-0.13454725333851641,,
53,1,0.30000000000000004,0.07,-0.09395920746840766,-0.04887293854326422,-0.005518398039985883,-0.11291316226260435,,
53,1,0.30000000000000004,0.08,-0.3525573377476613,-0.15631916777317736,-0.01871461356682458,-0.11972052969204586,,
53,1,0.30000000000000004,0.09,-0.1309963376337279,-0.05664144844030882,-0.0058281393181151,-0.10289530862292552,,
53,1,0.30000000000000004,0.1,-0.3222172553189987,-0.1540972871926982,-0.012665892279458135,-0.08219412885328393,,
53,1,0.4,0.0,-1.353952242666071,-0.4610970333071442,-0.25890887858485245,-0.5615062771665873,,
53,1,0.4,0.01,-1.1776923498219567,-0.4237281976088143,-0.197619891187102,-0.4663836211569394,,
53,1,0.4,0.02,-0.2877946953271273,-0.18969395560648705,-0.04251231984029469,-0.22411003927022793,,
53,1,0.4,0.03,0.24149853515409528,0.20767141161033914,0.031687610558037926,-0.1525853284875554,,
53,1,0.4,0.04,0.14142292109698343,0.09804543369130832,0.016653431510831984,-0.16985422863510985,,
53,1,0.4,0.05,0.013553810361841941,0.0086456307980004,0.0013992919551768512,-0.16184960795463135,,
53,1,0.4,0.06,-0.11149401044099237,-0.05534353626339838,-0.009761097664618967,-0.17637285803644065,,
53,1,0.4,0.07,-0.1035913982341149,-0.05474124429769935,-0.008112152558924723,-0.14819086893254377,,
53,1,0.4,0.08,-0.3600866661005433,-0.16241734494999582,-0.02548571852998327,-0.1569150052159126,,
53,1,0.4,0.09,-0.1382177575908996,-0.0606610989291292,-0.00819923530716904,-0.13516463519311223,,
53,1,0.4,0.1,-0.3279650289254848,-0.15867023389047044,-0.017189105214894362,-0.10833226115214493,,
53,1,0.5,0.0,-1.3233050241448243,-0.4899297735191522,-0.3163104733594523,-0.645624108711342,,
53,1,0.5,0.01,-1.1629107655700086,-0.4461905416115541,-0.24392437781713305,-0.5466820899791495,,
53,1,0.5,0.02,-0.3036799377882011,-0.20420089093014135,-0.056073560657790456,-0.27459998045245376,,
53,1,0.5,0.03,0.22544951701481356,0.19670620781614728,0.03697722478474219,-0.18798199200354263,,
53,1,0.5,0.04,0.12673328097843445,0.08900670333743703,0.018654543394967416,-0.2095858255107528,,
53,1,0.5,0.05,0.000659320391664927,0.0004256723400422649,8.508508818838578e-05,-0.19988399570415524,,
53,1,0.5,0.06,-0.12216344124069584,-0.06168952666248893,-0.01336898363732586,-0.216713992805768,,
53,1,0.5,0.07,-0.11317895795133466,-0.06076200134590103,-0.011078682557291164,-0.1823291253068399,,
53,1,0.5,0.08,-0.36750735003140955,-0.1686327492220338,-0.032513661856842124,-0.19280751815314556,,
53,1,0.5,0.09,-0.14540431872915527,-0.06477314642864408,-0.010781937906521266,-0.16645691155977657,,
53,1,0.5,0.1,-0.33365447916064783,-0.16330136524963082,-0.021859121559787642,-0.13385755548566708,,
53,1,0.6,0.0,-1.2923902053819387,-0.5189091027100221,-0.37070506059054287,-0.7143930577716249,,
53,1,0.6,0.01,-1.1474136314256167,-0.4689741118963771,-0.28880856323369364,-0.6158305030225374,,
53,1,0.6,0.02,-0.3191124662118026,-0.21814075045761008,-0.07070775512314997,-0.3241382225687821,,
53,1,0.6,0.03,0.20920998103170604,0.1852314661876867,0.04117642618136674,-0.22229714545175885,,
53,1,0.6,0.04,0.11197116683358077,0.07969522744877904,0.019777955478365028,-0.24816988559417225,,
53,1,0.6,0.05,-0.012210614454133965,-0.007982129034336968,-0.0018909311238637372,-0.23689558459020907,,
53,1,0.6,0.06,-0.13276324737712003,-0.06821377990838497,-0.017434770963852264,-0.25559016062836815,,
53,1,0.6,0.07,-0.12271668134565353,-0.066935664123725,-0.014414755340270924,-0.21535239141911627,,
53,1,0.6,0.08,-0.3748166810606232,-0.1749651206107595,-0.03979238888778924,-0.22743040869450987,,
53,1,0.6,0.09,-0.1525538908025174,-0.06897813868208628,-0.01357450666450799,-0.19679433112962944,,
53,1,0.6,0.1,-0.3392845376711797,-0.16799046992511354,-0.026673564716293674,-0.15878022561746605,,
53,1,0.7000000000000001,0.0,-1.2613248950927214,-0.5478530317149808,-0.42209345108361573,-0.7704501511332492,,
53,1,0.7000000000000001,0.01,-1.1312732356270743,-0.49199298219347326,-0.33220362183916474,-0.6752202447239942,,
53,1,0.7000000000000001,0.02,-0.3340672554739822,-0.23183358725906716,-0.08635827875245838,-0.3725011538382295,,
53,1,0.7000000000000001,0.03,0.19280553720740365,0.17324869356344236,0.04427234662928892,-0.25554216726648343,,
53,1,0.7000000000000001,0.04,0.09715548315915551,0.07010528055824874,0.0200211627736826,-0.28558708579801645,,
53,1,0.7000000000000001,0.05,-0.025043489754717208,-0.0165817930206469,-0.004524596214174337,-0.2728653173116149,,
53,1,0.7000000000000001,0.06,-0.14328626527730018,-0.07491838211897756,-0.02195279048369403,-0.29302275173042175,,
53,1,0.7000000000000001,0.07,-0.13219941909095928,-0.07326253566886713,-0.0181167382597347,-0.2472851655260602,,
53,1,0.7000000000000001,0.08,-0.38201204365598496,-0.18141407655917396,-0.04731566477855342,-0.2608158400713735,,
53,1,0.7000000000000001,0.09,-0.1596643673931938,-0.0732765705815854,-0.016575077234491586,-0.22619886688115487,,
53,1,0.7000000000000001,0.1,-0.3448541630965472,-0.1727373071485131,-0.031630004568454995,-0.18311044145930036,,
53,1,0.8,0.0,-1.2305504835005163,-0.5766737460393455,-0.47063187440999477,-0.8161146187811441,,
53,1,0.8,0.01,-1.1145608743317639,-0.5151568545839084,-0.37405252524590693,-0.7260944349620054,,
53,1,0.8,0.02,-0.34852118360354584,-0.24580461853285776,-0.1029653726704769,-0.4188911228969161,,
53,1,0.8,0.03,0.17626224503960758,0.16076066210187573,0.04625559631934539,-0.28772957086997275,,
53,1,0.8,0.04,0.08230522692866507,0.06023167865809108,0.019383908195476307,-0.32182247991974927,,
53,1,0.8,0.05,-0.03782689593309684,-0.025377001663625925,-0.0078104783460023475,-0.30777782377645824,,
53,1,0.8,0.06,-0.1537254429282696,-0.0818051995265645,-0.02691676541232313,-0.3290348971471243,,
53,1,0.8,0.07,-0.1416220837910727,-0.07974276248082628,-0.022180605127649633,-0.2781519530751501,,
53,1,0.8,0.08,-0.38909091713653055,-0.1879791087600248,-0.0550770829928251,-0.2929957661579129,,
53,1,0.8,0.09,-0.16673366719910812,-0.07766888220196677,-0.019781663294510143,-0.25469226199330086,,
53,1,0.8,0.1,-0.35036234141613504,-0.17754160631169144,-0.03672595928700073,-0.2068583249299027,,
53,1,0.9,0.0,-1.1994528676256162,-0.6049989250627829,-0.516075122665107,-0.8530182472829222,,
53,1,0.9,0.01,-1.0973465025237163,-0.5383723617004085,-0.414309702382081,-0.7695597542814328,,
53,1,0.9,0.02,-0.3624531037692966,-0.2600600795071324,-0.12046651894790761,-0.463225725287082,,
53,1,0.9,0.03,0.15960652245452897,0.14777143585656546,0.0471203105906135,-0.31887292911162407,,
53,1,0.9,0.04,0.06743943427661868,0.050069816885025216,0.017868182046251624,-0.35686533640181145,,
53,1,0.9,0.05,-0.05054854432413355,-0.03437107864091671,-0.011741892607560311,-0.3416213011593501,,
53,1,0.9,0.06,-0.16407385010210535,-0.08887586388758335,-0.032319825563945415,-0.36365132388277965,,
53,1,0.9,0.07,-0.1509796558519616,-0.08637632955827482,-0.026601943312836496,-0.307977236922173,,
53,1,0.9,0.08,-0.39605087745190715,-0.19465958015994242,-0.06307007397718023,-0.32400190078165475,,
53,1,0.9,0.09,-0.17375973529707311,-0.08215545686181532,-0.02319215857824264,-0.28229602103304746,,
53,1,0.9,0.1,-0.35580808627785765,-0.18240306657011474,-0.041958897159252495,-0.2300339459650681,,
53,1,1.0,0.0,-1.1685228794335916,-0.6327614695042618,-0.5586265910056423,-0.882839139120306,,
53,1,1.0,0.01,-1.0800144622846628,-0.5616434891882774,-0.45308093211690326,-0.8067055718418892,,
53,1,1.0,0.02,-0.3758439037968555,-0.27460380063587875,-0.1387968272840746,-0.50544394128076,,
53,1,1.0,0.03,0.14286505312243047,0.13428639245726542,0.046864178314874216,-0.34898679946136774,,
53,1,1.0,0.04,0.05257712714418225,0.039615707598688786,0.015478212073760877,-0.39070896399369576,,
53,1,1.0,0.05,-0.06319629281004166,-0.04356696815440095,-0.01631092323215788,-0.3743873839086556,,
53,1,1.0,0.06,-0.17432468830224712,-0.09613175794023927,-0.038154522856029494,-0.3968982121366013,,
53,1,1.0,0.07,-0.1602671892340766,-0.09316305563640497,-0.03137596150402988,-0.3367854487993975,,
53,1,1.0,0.08,-0.40288959883519304,-0.20145472215602553,-0.07128791400251822,-0.35386568872436824,,
53,1,1.0,0.09,-0.18074054438005932,-0.08673661921674063,-0.02680433901453172,-0.3090314016915054,,
53,1,1.0,0.1,-0.3611904393085043,-0.18732135646723908,-0.0473262384424713,-0.2526473186774529,,
59,1,0.1,0.0,-0.975958119332363,-0.3169308287727102,-0.04667184939972102,-0.14726194223658864,,
59,1,0.1,0.01,-0.7309579035288264,-0.26447066034719924,-0.03102064188507525,-0.11729332034166322,,
59,1,0.1,0.02,-0.310066391414268,-0.2092850434443162,-0.011525078469238559,-0.05506881084077563,,
59,1,0.1,0.03,0.13452662873830168,0.142414522315126,0.004467086240223184,-0.03136678877691064,,
59,1,0.1,0.04,0.32765410160618147,0.2417693511188431,0.009835209268800993,-0.040680132627590335,,
59,1,0.1,0.05,0.4977180346428544,0.3677468053084473,0.013338582968022372,-0.03627110494361643,,
59,1,0.1,0.06,0.17895964396607245,0.1367678278827492,0.004115490201854088,-0.03009106940984901,,
59,1,0.1,0.07,0.1685048346878582,0.12755440531483844,0.0034691307964740403,-0.027197263692393035,,
59,1,0.1,0.08,-0.12299685173449952,-0.06660173924469977,-0.00218291562337547,-0.032775654932302514,,
59,1,0.1,0.09,-0.36977180419822686,-0.1567328338933723,-0.0058950585634726105,-0.037612148118773295,,
59,1,0.1,0.1,-0.28123713048351295,-0.1448214352802966,-0.003905787892710011,-0.026969680870449195,,
59,1,0.2,0.0,-0.9748864594972854,-0.3392654776513199,-0.09324120188806906,-0.2748325663240564,,
59,1,0.2,0.01,-0.7395197353744252,-0.28218718319793246,-0.0627679836752486,-0.2224338574272586,,
59,1,0.2,0.02,-0.3264172854458188,-0.22352934736063423,-0.02426567298261395,-0.10855698935793243,,
59,1,0.2,0.03,0.11809369955139239,0.12451734100754468,0.007842830007273927,-0.06298584553615483,,
59,1,0.2,0.04,0.31397816755956565,0.23442587620918634,0.018849396168979515,-0.080406636305625,,
59,1,0.2,0.05,0.48729377970571897,0.36305093077878914,0.026118436777441634,-0.07194152269879699,,
59,1,0.2,0.06,0.1677387506207702,0.12919952738814428,0.0077148922444425505,-0.059713006699051524,,
59,1,0.2,0.07,0.15843478603230582,0.12121889206365677,0.006523622855992173,-0.053816882376439834,,
59,1,0.2,0.08,-0.131693282777669,-0.07210279110699057,-0.004674515167095827,-0.0648312651331277,,
59,1,0.2,0.09,-0.3765558507812522,-0.16207857063163875,-0.012006425409243682,-0.07407780906786916,,
59,1,0.2,0.1,-0.28757486834809154,-0.1495752350086906,-0.007987611288101215,-0.05340196381865701,,
59,1,0.30000000000000004,0.0,-0.9724008688363739,-0.36234171439352447,-0.13950520828968171,-0.3850100685293188,,
59,1,0.30000000000000004,0.01,-0.7470085097101906,-0.300527440362685,-0.09510540902404951,-0.316461647925639,,
59,1,0.30000000000000004,0.02,-0.3423094522172771,-0.23799409967081045,-0.038170631259695886,-0.16038477975921622,,
59,1,0.30000000000000004,0.03,0.1015543103029706,0.10675283736375347,0.010116625974599947,-0.0947668111164876,,
59,1,0.30000000000000004,0.04,0.3000465935846582,0.22675058989367988,0.027019540031666622,-0.11915973424517087,,
59,1,0.30000000000000004,0.05,0.47655921965058506,0.35814882135558584,0.038314613383740204,-0.1069795880905602,,
59,1,0.30000000000000004,0.06,0.15643580889999784,0.12146396269149785,0.010792545589816571,-0.08885389008119376,,
59,1,0.30000000000000004,0.07,0.14830231980265163,0.11468768532617811,0.009159621071447965,-0.0798657767431394,,
59,1,0.30000000000000004,0.08,-0.14034422346458647,-0.07770203167688765,-0.007472376578694484,-0.09616706818899216,,
59,1,0.30000000000000004,0.09,-0.3832460537733308,-0.1675161157766688,-0.01832961225460894,-0.10941999323244718,,
59,1,0.30000000000000004,0.1,-0.29385652484143077,-0.15438759949887995,-0.012243133631888448,-0.07930127595498541,,
59,1,0.4,0.0,-0.9685654591021442,-0.38608374769716397,-0.18527328312780778,-0.4798784829273163,,
59,1,0.4,0.01,-0.7534333786657287,-0.3194599126315585,-0.12789785518985175,-0.40035650838407294,,
59,1,0.4,0.02,-0.3577157782087853,-0.25267731861720866,-0.05318476981315656,-0.2104849382770615,,
59,1,0.4,0.03,0.08493543409511924,0.089095685971639,0.01128145148695503,-0.12662174788739097,,
59,1,0.4,0.04,0.28587665519141614,0.21873636314585565,0.03432469442731856,-0.15692267135497037,,
59,1,0.4,0.05,0.46552318901594136,0.3530307568328902,0.0499031117864408,-0.14135627228100928,,
59,1,0.4,0.06,0.14505940762398206,0.11355971064571606,0.013343579759835356,-0.11750276294261348,,
59,1,0.4,0.07,0.13811356149815518,0.10796080713907964,0.011373774776053613,-0.10535096094086661,,
59,1,0.4,0.08,-0.14894584897058605,-0.08340010784932747,-0.010573806277794917,-0.12678408398341398,,
59,1,0.4,0.09,-0.3898404926412219,-0.17304539957266765,-0.024860008345049867,-0.14366176972309688,,
59,1,0.4,0.1,-0.30008062375350003,-0.15925845210307032,-0.01666993636406766,-0.1046722239475181,,
59,1,0.5,0.0,-0.9634487671026917,-0.4104050054963804,-0.2303681626898303,-0.5613190862796678,,
59,1,0.5,0.01,-0.7588077165566512,-0.33894721325932126,-0.1610127089487533,-0.4750377128062296,,
59,1,0.5,0.02,-0.3726110920252288,-0.267575686637426,-0.06924923488985757,-0.2588024187103838,,
59,1,0.5,0.03,0.06826425858175356,0.07152283320260165,0.011333902182399935,-0.15846550919333077,,
59,1,0.5,0.04,0.2714862169757478,0.21037655880032796,0.04074607557882648,-0.1936816335963518,,
59,1,0.5,0.05,0.45419509928144625,0.34768714894381125,0.060860955337714184,-0.17504516782571608,,
59,1,0.5,0.06,0.1336182440304474,0.10548552264097846,0.015363926802416605,-0.14564962487514005,,
59,1,0.5,0.07,0.12787470269048246,0.1010384671173172,0.013163244544741826,-0.13027953531260322,,
59,1,0.5,0.08,-0.15749438121324422,-0.0891975924447147,-0.013975843303955515,-0.15668408665422043,,
59,1,0.5,0.09,-0.3963373129045029,-0.17866627697609247,-0.03159288571944363,-0.17682623858374297,,
59,1,0.5,0.1,-0.3062457190620212,-0.16418768566884245,-0.02126552101513557,-0.12951958564070973,,
59,1,0.6,0.0,-0.9571230463737934,-0.43520905126593695,-0.27462675985267715,-0.631022629363618,,
59,1,0.6,0.01,-0.7631489076046825,-0.35894618164326814,-0.19432064845461494,-0.5413643002552868,,
59,1,0.6,0.02,-0.3869722496342603,-0.2826845197491658,-0.08630188242157344,-0.3052939810717319,,
59,1,0.6,0.03,0.05156808810536458,0.054013352774891575,0.010274208116441308,-0.19021607785135186,,
59,1,0.6,0.04,0.25689368305346233,0.2016650702423003,0.04626714184766678,-0.2294256600415574,,
59,1,0.6,0.05,0.44258492179028475,0.3421085624213712,0.07116626630495548,-0.20802246456872014,,
59,1,0.6,0.06,0.12212110933507607,0.09724033143555767,0.016850331765412063,-0.17328542094263613,,
59,1,0.6,0.07,0.11759199290899054,0.09392106580520025,0.014525707993186643,-0.15465867927131613,,
59,1,0.6,0.08,-0.16598609239888487,-0.09509498114995263,-0.017675263842168998,-0.18586957616929717,,
59,1,0.6,0.09,-0.4027347271351174,-0.18437852564431362,-0.03852340457088421,-0.20893650405470798,,
59,1,0.6,0.1,-0.3123503956029774,-0.16917516190123322,-0.026027311358180927,-0.15384830175824526,,
59,1,0.7000000000000001,0.0,-0.9496635578742134,-0.46038967426974453,-0.3179008153411359,-0.6905037908275855,,
59,1,0.7000000000000001,0.01,-0.7664781107298357,-0.37940668752457574,-0.22769642423509462,-0.6001381412665421,,
59,1,0.7000000000000001,0.02,-0.40077820656012236,-0.2979977410946368,-0.10427767359140794,-0.3499277316947577,,
59,1,0.7000000000000001,0.03,0.034874245393373575,0.03637058062384974,0.008106230285943816,-0.22287877033858003,,
59,1,0.7000000000000001,0.04,0.24211794528321615,0.19259636042021053,0.050873663828517435,-0.2641465483434904,,
59,1,0.7000000000000001,0.05,0.4307031688972447,0.3362857376070812,0.0807983373544805,-0.24026691684702337,,
59,1,0.7000000000000001,0.06,0.11057687406607705,0.08882325796643868,0.01780036114174477,-0.20040202925759068,,
59,1,0.7000000000000001,0.07,0.10727173141714054,0.08658750027993449,0.015459364558753297,-0.17854037255693592,,
59,1,0.7000000000000001,0.08,-0.17441730849324572,-0.10109268946574343,-0.021668586116594724,-0.21434374959365787,,
59,1,0.7000000000000001,0.09,-0.4090310158845517,-0.19018184400016117,-0.0456466186950385,-0.24001564889127805,,
59,1,0.7000000000000001,0.1,-0.3183932697161485,-0.1742207107391707,-0.030952655614419733,-0.1776634676962119,,
59,1,0.8,0.0,-0.94114786794258,-0.48583116005712945,-0.3600573482438617,-0.7411162104166438,,
59,1,0.8,0.01,-0.7688200043798729,-0.4002701807447402,-0.2610195735192238,-0.6521084659206249,,
59,1,0.8,0.02,-0.4140100767507226,-0.3135078597198188,-0.1231090825379404,-0.3926826033897928,,
59,1,0.8,0.03,0.018209973359902227,0.018851224928667566,0.004837437595442529,-0.2566113137871538,,
59,1,0.8,0.04,0.22717832950077266,0.18316550095805942,0.054553784641152125,-0.2978387543276703,,
59,1,0.8,0.05,0.41856087339437265,0.33020961455165565,0.0897376996346122,-0.27175980250137227,,
59,1,0.8,0.06,0.0989944732075365,0.08023361811144333,0.01821240925582357,-0.22699224694724343,,
59,1,0.8,0.07,0.09692025889395135,0.07865435850312265,0.01596293924997849,-0.20295047285071618,,
59,1,0.8,0.08,-0.1827844126121712,-0.10719104966985765,-0.025952075642515005,-0.2421104721191361,,
59,1,0.8,0.09,-0.4152245285384604,-0.19607584938037947,-0.052957481017937846,-0.27008670973650817,,
59,1,0.8,0.1,-0.32437298986560736,-0.1793241297478682,-0.03603882870973918,-0.20097032541248178,,
59,1,0.9,0.0,-0.9320043695420032,-0.5115380449916831,-0.4011313102324475,-0.7841671096799249,,
59,1,0.9,0.01,-0.7702025144598305,-0.42148437609885137,-0.29417506313604835,-0.6979501016356892,,
59,1,0.9,0.02,-0.42665117794357266,-0.3292059556642598,-0.14272651267130598,-0.4335477843446593,,
59,1,0.9,0.03,0.0016023375638114764,0.0016491888115003248,0.00047886445498290797,-0.2903636331047312,,
59,1,0.9,0.04,0.21209454000480574,0.17336821113399148,0.057298070066649665,-0.3304992864139642,,
59,1,0.9,0.05,0.4061695662757115,0.32387135854338533,0.0979661871498716,-0.3024848742120189,,
59,1,0.9,0.06,0.08738289119043116,0.07147092937632636,0.018085702568500395,-0.2530497745911641,,
59,1,0.9,0.07,0.08654394903776641,0.07052837009722657,0.016035685354096607,-0.22736503526156474,,
59,1,0.9,0.08,-0.1910838483277354,-0.11339030780623487,-0.03052175082584585,-0.2691742479260435,,
59,1,0.9,0.09,-0.42131368409854625,-0.20206007627629366,-0.060450849195080814,-0.29917265354498485,,
59,1,0.9,0.1,-0.33028823723479506,-0.18448518352867277,-0.04128303457976856,-0.22377425541792811,,
59,1,1.0,0.0,-0.9215361039736166,-0.5371518755919645,-0.44071079522743395,-0.8204584499342047,,
59,1,1.0,0.01,-0.7706565284903727,-0.4429861996715951,-0.32705385729169234,-0.7382935575287708,,
59,1,1.0,0.02,-0.4386870634697584,-0.34362842245580033,-0.16305871806576422,-0.4745204628314408,,
59,1,1.0,0.03,-0.014921870131667049,-0.015293182651792164,-0.004954950656887225,-0.3239973503034418,,
59,1,1.0,0.04,0.19688660254355167,0.1632008964752569,0.05909954823536823,-0.36212759556947893,,
59,1,1.0,0.05,0.3935412529115016,0.317262386990367,0.10546699713355268,-0.33242830369537296,,
59,1,1.0,0.06,0.07575114677093955,0.06253491747943689,0.017420301885162193,-0.27856919921403017,,
59,1,1.0,0.07,0.07614920011012118,0.06233744013799025,0.015677386095078072,-0.2514922983743732,,
59,1,1.0,0.08,-0.1993121228851036,-0.11969062071008485,-0.03537338889886299,-0.2955401909439886,,
59,1,1.0,0.09,-0.427296971890804,-0.2081339746746243,-0.06812149127358691,-0.3272963550524665,,
59,1,1.0,0.1,-0.3361377262956526,-0.18970360314786133,-0.04668240852093308,-0.24608076887473376,,
65,1,0.1,0.0,-0.328732946056446,-0.16449794051117986,-0.015712300449520766,-0.0955167000917735,,
65,1,0.1,0.01,-0.3778375594954971,-0.19690608620106012,-0.01608089512033084,-0.08166784191683488,,
65,1,0.1,0.02,-0.04419808690383952,-0.03462361609060819,-0.001671994038517921,-0.048290566593113794,,
65,1,0.1,0.03,0.26331461413691665,0.2488449245244629,0.008857911483341585,-0.03559611071139528,,
65,1,0.1,0.04,0.46370318794128185,0.5642088753536054,0.014102454931832265,-0.02499509587294929,,
65,1,0.1,0.05,0.6221034984857354,0.45893071546403247,0.017080139682341455,-0.03721725111615474,,
65,1,0.1,0.06,-0.009563813787530961,-0.00605442312942601,-0.00022885737306888032,-0.03780002952825948,,
65,1,0.1,0.07,0.32462343592610327,0.224678990211787,0.006629428394807402,-0.029506223027610936,,
65,1,0.1,0.08,0.18956808483531362,0.13851295424654678,0.003514027380513207,-0.02536966596105082,,
65,1,0.1,0.09,0.07671327351630412,0.04281203957897082,0.001290685316990059,-0.03014771848487314,,
65,1,0.1,0.1,-0.09397354705347648,-0.05207404808369977,-0.00139183299300627,-0.026727958440433634,,
65,1,0.2,0.0,-0.34926811146859815,-0.18131282110477473,-0.03338762098940351,-0.18414374000672518,,
65,1,0.2,0.01,-0.3953733582497484,-0.21239152634370884,-0.03365444936642392,-0.15845476486647408,,
65,1,0.2,0.02,-0.06298913363166345,-0.04979539683350971,-0.004765702015686157,-0.09570567399272312,,
65,1,0.2,0.03,0.24738247475537747,0.23451559117977128,0.016643907677480474,-0.07097143347165284,,
65,1,0.2,0.04,0.4513527622016235,0.5545368555325219,0.027453690864477798,-0.049507423339994264,,
65,1,0.2,0.05,0.6132312179539465,0.4592429034489019,0.033673094222169686,-0.07332305838432265,,
65,1,0.2,0.06,-0.0215142184801311,-0.013817563769455057,-0.0010296493918382499,-0.07451743368207793,,
65,1,0.2,0.07,0.3153611504860166,0.22110983929359823,0.012880549795714957,-0.05825407786856406,,
65,1,0.2,0.08,0.1805760211032695,0.1328377676389549,0.006694682630489002,-0.05039743402407023,,
65,1,0.2,0.09,0.06833508879613363,0.038569268481853804,0.00229944810595617,-0.05961866004894601,,
65,1,0.2,0.1,-0.10128823063292246,-0.05666533376370163,-0.0030003401088586346,-0.052948423834760436,,
65,1,0.30000000000000004,0.0,-0.3689952480831054,-0.19883889773466387,-0.052910098654958215,-0.2660953126262192,,
65,1,0.30000000000000004,0.01,-0.41220189306735017,-0.22837425337863265,-0.05263035855674547,-0.23045662012296575,,
65,1,0.30000000000000004,0.02,-0.08165782811208139,-0.06519796961699388,-0.00926723833762999,-0.142139983684622,,
65,1,0.30000000000000004,0.03,0.23120004133680971,0.21981460687214577,0.023332728885774978,-0.10614730848776742,,
65,1,0.30000000000000004,0.04,0.43862852900409877,0.5441738892362566,0.040019602342346694,-0.07354193785099439,,
65,1,0.30000000000000004,0.05,0.6039631190257235,0.4591750460242124,0.04974626148728456,-0.1083383383265593,,
65,1,0.30000000000000004,0.06,-0.03344328407556089,-0.021792794381016008,-0.0024008441539214997,-0.11016687956331597,,
65,1,0.30000000000000004,0.07,0.3059789838581493,0.2173214064884176,0.018746019596674657,-0.08625942515089395,,
65,1,0.30000000000000004,0.08,0.17152982502020717,0.12705638870045682,0.009538955392506487,-0.07507655057783168,,
65,1,0.30000000000000004,0.09,0.05994297919901427,0.03421858601193859,0.0030255855171803514,-0.08841936122447458,,
65,1,0.30000000000000004,0.1,-0.10857700766029928,-0.06132871742680893,-0.004824370249348009,-0.07866413079819451,,
65,1,0.4,0.0,-0.3878609706764009,-0.21706697145801326,-0.074153663963623,-0.34161652261300546,,
65,1,0.4,0.01,-0.4282893096759306,-0.24484523971336852,-0.07291255511234707,-0.29779037239075246,,
65,1,0.4,0.02,-0.1001650352480715,-0.08083703035118654,-0.01515679555697369,-0.18749817368509028,,
65,1,0.4,0.03,0.21479354579334806,0.20495860006685765,0.02890264518081387,-0.1410169915845727,,
65,1,0.4,0.04,0.4255448374874337,0.5331191345603267,0.05176782949269132,-0.09710367934061345,,
65,1,0.4,0.05,0.5943051957785213,0.4587137397548138,0.06526769762617679,-0.14228415669664246,,
65,1,0.4,0.06,-0.04534104504904927,-0.02997960318374767,-0.004339955876452528,-0.14476361978017355,,
65,1,0.4,0.07,0.296482208765082,0.2133113500774348,0.024218923907759704,-0.11353790550276822,,
65,1,0.4,0.08,0.16243392005604274,0.12116771571140027,0.012044163300946042,-0.09940076224291523,,
65,1,0.4,0.09,0.051540347341991276,0.02975912836800456,0.0034686236943199944,-0.11655662932820555,,
65,1,0.4,0.1,-0.11583768383220999,-0.06606441581793372,-0.006862642317815304,-0.10387804437305544,,
65,1,0.5,0.0,-0.4058175257524681,-0.23598211774489372,-0.09698338680068053,-0.41097769495196884,,
65,1,0.5,0.01,-0.44360552342887055,-0.26179223781587496,-0.0944000102396404,-0.36059132626397533,,
65,1,0.5,0.02,-0.1184723813509636,-0.09671674966280032,-0.022408788391542922,-0.23169501115029614,,
65,1,0.5,0.03,0.19818991341253145,0.1899347325019476,0.03333557303026291,-0.17551067459407976,,
65,1,0.5,0.04,0.4121169395541927,0.521373206999437,0.06266789530292804,-0.12019776709200117,,
65,1,0.5,0.05,0.5842641979153105,0.45784589074165855,0.08020622079827056,-0.1751816985150736,,
65,1,0.5,0.06,-0.0571975973029173,-0.0383771865227261,-0.006843552245686668,-0.17832344853195717,,
65,1,0.5,0.07,0.28687622816954605,0.20907751739565483,0.029292792853923277,-0.1401049391575187,,
65,1,0.5,0.08,0.15329277371373232,0.11517071721806812,0.014207956063196026,-0.12336431001201635,,
65,1,0.5,0.09,0.04313060144221465,0.025190089704126426,0.0036283182455110197,-0.14403752777889708,,
65,1,0.5,0.1,-0.12306808339513596,-0.07087261106096293,-0.009113746592853578,-0.12859335159832266,,
65,1,0.6,0.0,-0.42282303324480974,-0.25556339080887286,-0.12125689162009479,-0.47446894187899813,,
65,1,0.6,0.01,-0.45812432399770575,-0.2791996576406808,-0.11698756284763745,-0.4190104093830801,,
65,1,0.6,0.02,-0.13654242903893202,-0.11283973997275468,-0.030992037441061937,-0.27465534259955765,,
65,1,0.6,0.03,0.1814166653288822,0.17473135559880193,0.03661717223755745,-0.20956268617084156,,
65,1,0.6,0.04,0.39836095128942933,0.5084858559730461,0.07269133585778653,-0.14295645592478343,,
65,1,0.6,0.05,0.5738476227988432,0.45655876023522424,0.09453151359194845,-0.2070522391099116,,
65,1,0.6,0.06,-0.0690031160653292,-0.046984441961502386,-0.009907264336451616,-0.21086265842146906,,
65,1,0.6,0.07,0.27716656858243927,0.20461795188358495,0.03396161305377898,-0.16597572569341842,,
65,1,0.6,0.08,0.14411089278499256,0.10906443455551589,0.016028319013190684,-0.14696192281666268,,
65,1,0.6,0.09,0.03471715236876076,0.020510724592494214,0.00350465441685599,-0.17086936158942423,,
65,1,0.6,0.1,-0.1302660505013458,-0.07575344963607741,-0.01157614622250358,-0.15281345309178457,,
65,1,0.7000000000000001,0.0,-0.43884166670696495,-0.2757835982563131,-0.14682582138022238,-0.5323950456392355,,
65,1,0.7000000000000001,0.01,-0.4718234484977056,-0.2960592099185847,-0.14056676579519334,-0.47479274782179126,,
65,1,0.7000000000000001,0.02,-0.15433884521264907,-0.12920702199200026,-0.04086999076862996,-0.3163140063019206,,
65,1,0.7000000000000001,0.03,0.1645018179376541,0.15933800865071604,0.03873692247738236,-0.2431116266947791,,
65,1,0.7000000000000001,0.04,0.3842938107624215,0.4902137773777431,0.08181182276628585,-0.16689009273446892,,
65,1,0.7000000000000001,0.05,0.5630637050820003,0.4548400107125788,0.10821422366835409,-0.23791711617194672,,
65,1,0.7000000000000001,0.06,-0.08074787355164718,-0.05579996192250874,-0.013525799061682942,-0.24239799805717913,,
65,1,0.7000000000000001,0.07,0.2673588731411276,0.19993089991163804,0.0382198392455646,-0.19116524390405054,,
65,1,0.7000000000000001,0.08,0.13489281855102164,0.1028479843878786,0.01750357613014253,-0.17018881054712684,,
65,1,0.7000000000000001,0.09,0.026303410695649045,0.015720350479349367,0.003097846968437956,-0.1970596630467853,,
65,1,0.7000000000000001,0.1,-0.13742945054425537,-0.08070704136452975,-0.014248178836812286,-0.1765419546537147,,
65,1,0.8,0.0,-0.45384377134018755,-0.2966091595003648,-0.1735373293850795,-0.5850707027301564,,
65,1,0.8,0.01,-0.48468462307979043,-0.3128523414281368,-0.1650267400750789,-0.5274908262528892,,
65,1,0.8,0.02,-0.17182656094279494,-0.145817991884792,-0.05200098116109764,-0.35661567196853605,,
65,1,0.8,0.03,0.14747377982067478,0.14374542156530656,0.03968817885925913,-0.2761004728156017,,
65,1,0.8,0.04,0.3699332323778691,0.47079269264572693,0.09000527704901695,-0.19117815219945697,,
65,1,0.8,0.05,0.5519214039431074,0.45267775223483714,0.12122606217091936,-0.2677977028304022,,
65,1,0.8,0.06,-0.09242225634360818,-0.06482202792202071,-0.01769295410370586,-0.27294663050329193,,
65,1,0.8,0.07,0.25745889446956116,0.19501481735435192,0.042062405029334116,-0.21568825179527035,,
65,1,0.8,0.08,0.12564312193456584,0.09652056125880212,0.018632392516273466,-0.19304065655310618,,
65,1,0.8,0.09,0.017892783757100128,0.010818350127030793,0.002408339753141586,-0.2226161775929302,,
65,1,0.8,0.1,-0.14455617147288538,-0.08573345840330608,-0.017128058276582037,-0.19978265890089814,,
65,1,0.9,0.0,-0.4678059200748758,-0.3180000604140549,-0.2012355783261517,-0.6328161638212617,,
65,1,0.9,0.01,-0.4966935733578825,-0.33009807218414394,-0.1902550276816798,-0.5763590996543195,,
65,1,0.9,0.02,-0.18897192217669723,-0.16267039036408662,-0.06433851655451095,-0.39551461338790284,,
65,1,0.9,0.03,0.13036124677708982,0.12794552141742946,0.039468206112865944,-0.30847665221589665,,
65,1,0.9,0.04,0.3552976579689501,0.44833146756148884,0.09724997380381262,-0.21691534242011407,,
65,1,0.9,0.05,0.5404303879510122,0.4500605888962847,0.13353989944644606,-0.2967153817532332,,
65,1,0.9,0.06,-0.1040167824371183,-0.07404860544275534,-0.022401635269399756,-0.3025260926313833,,
65,1,0.9,0.07,0.24747248733479013,0.18986837589365327,0.04548473269686859,-0.23955928670472715,,
65,1,0.9,0.08,0.11636639861141689,0.09008144014601235,0.019413776328580212,-0.21551360965269387,,
65,1,0.9,0.09,0.009488672710469754,0.0058041740375296596,0.0014368049993684906,-0.24754684991837625,,
65,1,0.9,0.1,-0.1516441250842226,-0.09083273425173731,-0.020213876435984157,-0.2225395569394911,,
65,1,1.0,0.0,-0.48071090877524225,-0.33990991509947516,-0.2297632263102054,-0.6759532926333286,,
65,1,1.0,0.01,-0.5078400043699899,-0.34778249279447077,-0.2161384341748981,-0.6214758898247059,,
65,1,1.0,0.02,-0.20574283026134046,-0.17976027500077923,-0.07783160081412532,-0.4329744200368404,,
65,1,1.0,0.03,0.11319309556697171,0.1119314420935121,0.03807819115335187,-0.3401920893821755,,
65,1,1.0,0.04,0.3404062048431142,0.42636417261829274,0.10352663702031673,-0.24281270254149637,,
65,1,1.0,0.05,0.5286010175958992,0.446977665168703,0.14512985763208675,-0.32469152027386045,,
65,1,1.0,0.06,-0.11552211791183882,-0.08347733948705399,-0.027643876202531392,-0.3311542554230363,,
65,1,1.0,0.07,0.23740560111443873,0.18449046903020755,0.048482742123173495,-0.26279266554000236,,
65,1,1.0,0.08,0.10706726408990357,0.08352997901391478,0.019847080160957153,-0.2376042756774899,,
65,1,1.0,0.09,0.0010944696101458287,0.0006773428515018319,0.00018414229910379554,-0.2718598102799901,,
65,1,1.0,0.1,-0.15869124829174605,-0.09600486277184343,-0.023503605216488532,-0.24481682008488567,,
71,1,0.1,0.0,-0.0134418008940243,-0.01061140796173458,-0.0006424792094364973,-0.06054608509571196,,
71,1,0.1,0.01,0.31814659731493566,0.3009098034919636,0.013519359010969012,-0.04492827702547775,,
71,1,0.1,0.02,0.5541156936607826,0.515641141689516,0.02123535366723317,-0.04118242698333729,,
71,1,0.1,0.03,0.8048101266548102,0.7485046124183847,0.027915055584394777,-0.03729443362306411,,
71,1,0.1,0.04,0.3761031157322567,0.31472521173475154,0.011864676604085522,-0.03769852608466905,,
71,1,0.1,0.05,0.15505226338903683,0.1144292437048742,0.00432233326848297,-0.03777297768069454,,
71,1,0.1,0.06,0.3132602582640878,0.2742516151884588,0.007746584973555182,-0.02824626928170295,,
71,1,0.1,0.07,0.44950621211490943,0.3463235425526891,0.009701924461308131,-0.028014048336988517,,
71,1,0.1,0.08,0.16552016710016162,0.13423187902488762,0.003293678907573261,-0.024537233118539503,,
71,1,0.1,0.09,0.3459864448500813,0.23942953866391362,0.006164208764639856,-0.02574539799490878,,
71,1,0.1,0.1,-0.24022796465127594,-0.143704137226392,-0.0037832343325380213,-0.026326551243113484,,
71,1,0.2,0.0,-0.03726620728404969,-0.030048953395752122,-0.0035624338707764824,-0.11855434110660529,,
71,1,0.2,0.01,0.298503587901341,0.2873708107583712,0.025369293306668483,-0.08828068946779583,,
71,1,0.2,0.02,0.540041989571318,0.5108081084714315,0.04139201533145398,-0.08103241637122319,,
71,1,0.2,0.03,0.7977408554002839,0.7537320942642995,0.05533971202127508,-0.0734209309148377,,
71,1,0.2,0.04,0.3622017874759739,0.30619767832659234,0.02285228116474003,-0.07463244427466117,,
71,1,0.2,0.05,0.14133959891117245,0.10551106889498792,0.007880141020514708,-0.07468544393534277,,
71,1,0.2,0.06,0.3019264216279981,0.26711694468775543,0.014932623077460239,-0.05590294204254106,,
71,1,0.2,0.07,0.4406893573081693,0.3435149026864048,0.01902325147138706,-0.055378242174120205,,
71,1,0.2,0.08,0.15578118349615946,0.12756484295137088,0.006199766557359876,-0.048600902991142274,,
71,1,0.2,0.09,0.3380437080334179,0.236427967067445,0.012045396684797094,-0.05094742738857516,,
71,1,0.2,0.1,-0.24758234547493668,-0.14932078889277095,-0.007798109856949953,-0.052223872608588136,,
71,1,0.30000000000000004,0.0,-0.06094478518755903,-0.05021306233085295,-0.008738953444248798,-0.17403745237978105,,
71,1,0.30000000000000004,0.01,0.2783775765717178,0.2728019622561382,0.035488228666023414,-0.13008787903330013,,
71,1,0.30000000000000004,0.02,0.5252714248803088,0.5049997816618392,0.06038986770939547,-0.11958394815670251,,
71,1,0.30000000000000004,0.03,0.7899114196697539,0.7582104498031752,0.08219486978306989,-0.1084064059053881,,
71,1,0.30000000000000004,0.04,0.3479731828563042,0.2972728837552557,0.03293184056808074,-0.1107798335054114,,
71,1,0.30000000000000004,0.05,0.1275315060311727,0.09632251691407184,0.010665442591738072,-0.11072636942463396,,
71,1,0.30000000000000004,0.06,0.2904231307779052,0.2596634716798741,0.021545543057303496,-0.08297487096631713,,
71,1,0.30000000000000004,0.07,0.43168458222459277,0.3404468515899401,0.02795181308940653,-0.0821033091035126,,
71,1,0.30000000000000004,0.08,0.1459852655979489,0.12071051996797151,0.00871486414991618,-0.07219639309174147,,
71,1,0.30000000000000004,0.09,0.3300048210044467,0.2332693463280603,0.017638424628662497,-0.07561398403310374,,
71,1,0.30000000000000004,0.1,-0.25487202293039257,-0.1549964364295703,-0.012041569626834336,-0.0776893321176837,,
71,1,0.4,0.0,-0.08439780630414578,-0.07107793548994114,-0.01613588426133228,-0.22701678305802522,,
71,1,0.4,0.01,0.2578199110765354,0.2565654179492976,0.043823318777405085,-0.1708075824391323,,
71,1,0.4,0.02,0.509827677311767,0.4982365108920117,0.07815242311968928,-0.1568580812750355,,
71,1,0.4,0.03,0.7813220798114949,0.7619013832834529,0.10840146546320772,-0.1422775543418048,,
71,1,0.4,0.04,0.3334361742554879,0.2879441507691917,0.04207476311853986,-0.14612126346774051,,
71,1,0.4,0.05,0.11364369018823846,0.08686198616303695,0.01267200857613604,-0.14588670068343956,,
71,1,0.4,0.06,0.2787599879300245,0.2518903997742404,0.02757372346806508,-0.10946714719091455,,
71,1,0.4,0.07,0.4224968127288757,0.3371154217924972,0.03647586664445157,-0.10819993475974338,,
71,1,0.4,0.08,0.13613792848772885,0.1136694665047205,0.010836011863361916,-0.09532913452102738,,
71,1,0.4,0.09,0.3218731210649406,0.22995200210251113,0.02293839129830899,-0.09975295317534658,,
71,1,0.4,0.1,-0.2620946845652661,-0.16073106824375877,-0.016510411025001726,-0.10272071980485221,,
71,1,0.5,0.0,-0.10754729322478976,-0.092613467524639,-0.02570224796247944,-0.2775217109287219,,
71,1,0.5,0.01,0.23688409457512738,0.2386269619663607,0.050330903199622856,-0.21091876116965363,,
71,1,0.5,0.02,0.49373708514105724,0.4904991871203227,0.09460733328388327,-0.1928796943361202,,
71,1,0.5,0.03,0.7719752814564016,0.7647675677172111,0.1338808507616922,-0.17506083732253336,,
71,1,0.5,0.04,0.3186104819647237,0.27820550220614004,0.05025497228098419,-0.18063974969031024,,
71,1,0.5,0.05,0.09969202061819682,0.07712831531156941,0.013895383656514548,-0.18015930466499133,,
71,1,0.5,0.06,0.2669468648774302,0.24224191131310904,0.03300652600582743,-0.1362543988647982,,
71,1,0.5,0.07,0.4131312052771882,0.3335168594002625,0.04458411962039621,-0.1336787582509873,,
71,1,0.5,0.08,0.12624474284581993,0.10644241129461654,0.012560694385103766,-0.11800460204098212,,
71,1,0.5,0.09,0.31365202310096135,0.2264743500230146,0.02794064014102826,-0.12337220589523228,,
71,1,0.5,0.1,-0.2692480658277781,-0.16652463054913133,-0.021201289535291767,-0.12731623823682078,,
71,1,0.6,0.0,-0.13031759090272582,-0.11478529361578282,-0.0373728238227693,-0.3255889552181324,,
71,1,0.6,0.01,0.215625477477341,0.21997961014723985,0.05497688675341239,-0.24991810248510982,,
71,1,0.6,0.02,0.4770285525910053,0.48177150056436824,0.1096868773744526,-0.22767406798858086,,
71,1,0.6,0.03,0.7618756871866019,0.7667728374906114,0.15855517806128372,-0.20678246582153492,,
71,1,0.6,0.04,0.3035166154452628,0.268051703621776,0.05744902930484996,-0.2143207020460172,,
71,1,0.6,0.05,0.08569249062605176,0.06712080155256113,0.014332902790182844,-0.21353890982602464,,
71,1,0.6,0.06,0.2549938847684362,0.23222130135827493,0.03783432613588089,-0.16292358157751194,,
71,1,0.6,0.07,0.40359314086767306,0.3296476349926658,0.05226575375736009,-0.15855036775411094,,
71,1,0.6,0.08,0.11631132817215237,0.09903025727142918,0.013886845634246914,-0.140228310183875,,
71,1,0.6,0.09,0.30534501649373386,0.22283489919064903,0.03264076593044596,-0.1464795956513067,,
71,1,0.6,0.1,-0.27632995150960377,-0.17237702647748493,-0.026110722650727336,-0.1514744927691266,,
71,1,0.7000000000000001,0.0,-0.15263591044037228,-0.13755487755074172,-0.051068885703003164,-0.37126190370214024,,
71,1,0.7000000000000001,0.01,0.19410093384550542,0.20063114963192205,0.05773703575075073,-0.28777702693063917,,
71,1,0.7000000000000001,0.02,0.45973343815541784,0.4720401140529815,0.12332842372989838,-0.2612668289374578,,
71,1,0.7000000000000001,0.03,0.7510301975510145,0.7678823822018981,0.18234779000775858,-0.23746838608912657,,
71,1,0.7000000000000001,0.04,0.28817581097417866,0.2574783053990234,0.06363624393194112,-0.2471518671575912,,
71,1,0.7000000000000001,0.05,0.07166117744703392,0.05683921829433798,0.013983700669532695,-0.24602204409496034,,
71,1,0.7000000000000001,0.06,0.24291140318715956,0.22209304538935296,0.04204854089643084,-0.18932848988006462,,
71,1,0.7000000000000001,0.07,0.3938882185307409,0.3255044543266833,0.059510448300218455,-0.18282529627226693,,
71,1,0.7000000000000001,0.08,0.1063433459237332,0.09143408322530013,0.01481285266299115,-0.16200580943641354,,
71,1,0.7000000000000001,0.09,0.2969556619303219,0.21903225561471418,0.0370346210049195,-0.1690829549327418,,
71,1,0.7000000000000001,0.1,-0.2833381771337798,-0.17828811520434726,-0.03123509391194823,-0.17519448156231682,,
71,1,0.8,0.0,-0.1744328390990784,-0.16087964258407697,-0.06669908203384345,-0.41458994415024253,,
71,1,0.8,0.01,0.17236852531702043,0.1805924232788006,0.05859718747569209,-0.3244720150038028,,
71,1,0.8,0.02,0.44188542649506335,0.4612948236106945,0.13547486085479132,-0.293683895679532,,
71,1,0.8,0.03,0.7394479610932944,0.7680629404919433,0.20518361041488342,-0.2671442659158422,,
71,1,0.8,0.04,0.2726099659662119,0.24648168405756185,0.06879877246307986,-0.27912326518757885,,
71,1,0.8,0.05,0.05761420184804817,0.04628383216781536,0.01284871441109292,-0.2776069700647562,,
71,1,0.8,0.06,0.23070998858839528,0.2118514526110427,0.045641653767424906,-0.2154417786845321,,
71,1,0.8,0.07,0.3840222483669179,0.3210842688139852,0.06630840232597479,-0.20651401755340884,,
71,1,0.8,0.08,0.09634649257872498,0.0835541272459028,0.0153375587270006,-0.18356434604195687,,
71,1,0.8,0.09,0.2884875881172998,0.21506512558966484,0.04111832115117742,-0.19119009201719406,,
71,1,0.8,0.1,-0.29027063028696615,-0.18425771109213532,-0.03657065706977902,-0.19847558537993784,,
71,1,0.9,0.0,-0.19564281097406017,-0.1847131458303891,-0.08416044514108612,-0.45562780473873554,,
71,1,0.9,0.01,0.15048715566229595,0.15987737742260646,0.05755337039584241,-0.3599844538587261,,
71,1,0.9,0.02,0.42352038471167297,0.4495287045532074,0.1460749935757395,-0.3249514260072121,,
71,1,0.9,0.03,0.7271403731402579,0.767282992590933,0.22698953374770992,-0.2958354817447732,,
71,1,0.9,0.04,0.25684157028924887,0.23505908247531102,0.07292170253976638,-0.3102271215043374,,
71,1,0.9,0.05,0.04356768762849667,0.03538792622492584,0.01093067946228743,-0.3088816053478798,,
71,1,0.9,0.06,0.21840040214494846,0.20149115699516765,0.048607236505671336,-0.241237567099965,,
71,1,0.9,0.07,0.3740012441460154,0.31638428573901817,0.07265035608431347,-0.2296269421681769,,
71,1,0.9,0.08,0.08632649264081745,0.07517889529643315,0.01546026551697488,-0.20564635135983955,,
71,1,0.9,0.09,0.2799444884026641,0.21093231900285464,0.0448882511219435,-0.2128087878336748,,
71,1,0.9,0.1,-0.2971252518949644,-0.19028558285352346,-0.04211354036564119,-0.22131755719012627,,
71,1,1.0,0.0,-0.2162045334055029,-0.2090052963337192,-0.10333951439550548,-0.4944349076709667,,
71,1,1.0,0.01,0.1285162191986224,0.1385030919973543,0.05461183368743194,-0.39430046578653377,,
71,1,1.0,0.02,0.40467620395517406,0.43673824144317996,0.155083900528582,-0.35509576632473244,,
71,1,1.0,0.03,0.7141210631764936,0.765512950264299,0.24769481039481356,-0.3235671066169359,,
71,1,1.0,0.04,0.24089363491012575,0.2232086487226886,0.07599312408318237,-0.3404577937192532,,
71,1,1.0,0.05,0.029537721179374303,0.02419013471123021,0.00823411875055613,-0.34039160380258077,,
71,1,1.0,0.06,0.20599357706712837,0.1910071205297546,0.05093996785930743,-0.2666914600776474,,
71,1,1.0,0.07,0.363831415483009,0.31140197818667903,0.07852761128837549,-0.25217441374537386,,
71,1,1.0,0.08,0.07628909159736703,0.06673237799167141,0.015180734545786168,-0.22748679130962202,,
71,1,1.0,0.09,0.271330117310704,0.20663275256558516,0.048341069776942414,-0.23394679292963963,,
71,1,1.0,0.1,-0.30390003744002914,-0.1963714527376422,-0.04785975092332373,-0.24372051159221045,,
77,1,0.1,0.0,-0.2802351507645969,-0.18897062656123648,-0.013391559414581589,-0.07086582533101786,,
77,1,0.1,0.01,-0.19706914958859043,-0.14604315989223174,-0.008508960551793843,-0.05826332817006138,,
77,1,0.1,0.02,-0.3350537422102149,-0.22803829077170076,-0.012982734917858174,-0.05693225849888414,,
77,1,0.1,0.03,-0.15218644022213484,-0.08373013050098393,-0.005319184624992479,-0.06352772404827402,,
77,1,0.1,0.04,-0.18891863455353172,-0.09648797248662822,-0.006063128305200838,-0.06283817712141372,,
77,1,0.1,0.05,-0.3716238527298025,-0.15860260119980818,-0.010783947153432893,-0.06799350749517175,,
77,1,0.1,0.06,0.03747848411266463,0.023596184679593925,0.0009621122584237973,-0.040774060361370025,,
77,1,0.1,0.07,-0.042689022907187124,-0.02919523576405725,-0.0009662226163390519,-0.03309521540252759,,
77,1,0.1,0.08,0.2981755529045788,0.23325743277931377,0.005873643999757983,-0.025180951062404394,,
77,1,0.1,0.09,0.23735595299039475,0.13457899412545427,0.004269301644777901,-0.03172338798132245,,
77,1,0.1,0.1,-0.12519529747126393,-0.05603784499513352,-0.001993921755728101,-0.03558169940156083,,
77,1,0.2,0.0,-0.30158354644965696,-0.20959240589009856,-0.02882346464903951,-0.13752151241659644,,
77,1,0.2,0.01,-0.2174241545603529,-0.1647079246560065,-0.018775679075323737,-0.11399378089753032,,
77,1,0.2,0.02,-0.35173137798889675,-0.24093345235017447,-0.027257927117004477,-0.11313467204789646,,
77,1,0.2,0.03,-0.16905538018440522,-0.09508786236275556,-0.011817567685223462,-0.12428050638198194,,
77,1,0.2,0.04,-0.20418626532899628,-0.10674004186159299,-0.013106251035269745,-0.1227866394531143,,
77,1,0.2,0.05,-0.38380759193138253,-0.168462731095368,-0.022275000692615343,-0.13222509541297475,,
77,1,0.2,0.06,0.024643967658400056,0.015708771204332877,0.001265273339715156,-0.08054565969909612,,
77,1,0.2,0.07,-0.053961011565597565,-0.037220524405531745,-0.0024427052307367525,-0.06562791013158631,,
77,1,0.2,0.08,0.28909340405941497,0.22714790483664785,0.011389476579031221,-0.050141235452829294,,
77,1,0.2,0.09,0.22879994635513745,0.13132963480302443,0.008230810940213606,-0.06267291424786675,,
77,1,0.2,0.1,-0.13299622431882357,-0.06046602374137576,-0.004236326291087167,-0.07006126794787614,,
77,1,0.30000000000000004,0.0,-0.3222190719070331,-0.2307966142164638,-0.04619351820263695,-0.20014816230931412,,
77,1,0.30000000000000004,0.01,-0.2373396730847254,-0.1838312578526751,-0.030743227743199708,-0.16723612786155093,,
77,1,0.30000000000000004,0.02,-0.36787840461849547,-0.25402889634496084,-0.04276389612299836,-0.1683426442357437,,
77,1,0.30000000000000004,0.03,-0.18569684578544113,-0.10682693383638853,-0.01947129728975394,-0.1822695512311093,,
77,1,0.30000000000000004,0.04,-0.21922963958458797,-0.11733669690766196,-0.02110777641780459,-0.179890664848145,,
77,1,0.30000000000000004,0.05,-0.39567383525134664,-0.17863020588026174,-0.034445520905104554,-0.19283144603323055,,
77,1,0.30000000000000004,0.06,0.011803250519665118,0.007619451385977534,0.000909005709522237,-0.11930067710585131,,
77,1,0.30000000000000004,0.07,-0.06520053000018343,-0.045370044410692284,-0.00442724305171649,-0.09758075199664404,,
77,1,0.30000000000000004,0.08,0.279908741711431,0.2209492472577411,0.01654143961721055,-0.07486533591994853,,
77,1,0.30000000000000004,0.09,0.22017760668993294,0.12794677429996554,0.011880948506346911,-0.0928585231738047,,
77,1,0.30000000000000004,0.1,-0.1407589820495233,-0.06500062607092558,-0.006725389905809509,-0.1034665404371811,,
77,1,0.4,0.0,-0.3420823519373467,-0.2521040881961946,-0.06538817315600687,-0.25936974534550156,,
77,1,0.4,0.01,-0.2567651726700896,-0.2033849109872274,-0.04434595125387031,-0.21803953419462488,,
77,1,0.4,0.02,-0.38346583124416045,-0.2673423641350535,-0.05943446808572661,-0.22231593663809326,,
77,1,0.4,0.03,-0.20208221894094752,-0.11894954991359914,-0.028252520537469294,-0.23751683430488768,,
77,1,0.4,0.04,-0.23402737119612696,-0.12827944089518664,-0.03004336722725809,-0.23420251146717766,,
77,1,0.4,0.05,-0.4072110676428553,-0.18910387176246216,-0.047266531483342256,-0.24995009907948826,,
77,1,0.4,0.06,-0.0010312094520066456,-0.0006743031663490134,-0.00010588894169738516,-0.15703462030397464,,
77,1,0.4,0.07,-0.076399207052332,-0.05364497126680004,-0.006916873397156631,-0.12893796443204297,,
77,1,0.4,0.08,0.2706264261601022,0.214658696178255,0.021323857958266856,-0.0993384304382399,,
77,1,0.4,0.09,0.21149282224261912,0.12442855334726209,0.01521641471357027,-0.12229037712190913,,
77,1,0.4,0.1,-0.14848086547853584,-0.06964200257344606,-0.00945911656322218,-0.13582487886166653,,
77,1,0.5,0.0,-0.361119154292055,-0.27378123172676716,-0.0862837619986474,-0.31515586899235787,,
77,1,0.5,0.01,-0.27565288166760205,-0.22333824806061828,-0.059510062863581736,-0.26645710432648134,,
77,1,0.5,0.02,-0.3984670706490927,-0.2808889095239839,-0.07719944146284063,-0.2748397634982057,,
77,1,0.5,0.03,-0.21818383906721267,-0.1314566113131278,-0.038129550848754024,-0.2900542655700288,,
77,1,0.5,0.04,-0.24855883353500813,-0.13956876606045593,-0.03988606266066297,-0.2857807214788001,,
77,1,0.5,0.05,-0.4184085512760039,-0.19988166098880872,-0.06070783229279775,-0.30371887041801576,,
77,1,0.5,0.06,-0.013846977274829635,-0.009171386300712119,-0.0017773326341296025,-0.1937910557743708,,
77,1,0.5,0.07,-0.08754873566486415,-0.06204630282337984,-0.009907882948644309,-0.15968530754923388,,
77,1,0.5,0.08,0.26125142098085663,0.20827357033165905,0.025731449582714783,-0.12354639881449912,,
77,1,0.5,0.09,0.20274953476697619,0.1207731791631249,0.018234194494663347,-0.15097884001244133,,
77,1,0.5,0.1,-0.15615920074495482,-0.07439043081133256,-0.012435340384647664,-0.1671631720507966,,
77,1,0.6,0.0,-0.37928070101042927,-0.29586209754972165,-0.10874781472332673,-0.3675625084252332,,
77,1,0.6,0.01,-0.29395804417966576,-0.24284160983933592,-0.07615430645625709,-0.3135966134742757,,
77,1,0.6,0.02,-0.41285803123309356,-0.2946808980272444,-0.09598507408722179,-0.32572547026223464,,
77,1,0.6,0.03,-0.23397510512770212,-0.14434763118433214,-0.04906705669741751,-0.33992283970880555,,
77,1,0.6,0.04,-0.2628042219863396,-0.15120409271658453,-0.05060641225204765,-0.33468943427942666,,
77,1,0.6,0.05,-0.4292563452721705,-0.21096055352229984,-0.07473811557607157,-0.35427531037536497,,
77,1,0.6,0.06,-0.026631667137062488,-0.01787171431276203,-0.004101978084994906,-0.2295234812513605,,
77,1,0.6,0.07,-0.09864088627182376,-0.07057485325372032,-0.013395816824214757,-0.1898100556590049,,
77,1,0.6,0.08,0.251788787263823,0.20179127363409527,0.02975933509864448,-0.14747582768423664,,
77,1,0.6,0.09,0.19395173566272927,0.11697892960123661,0.020931561740250793,-0.1789344612025713,,
77,1,0.6,0.1,-0.1637913472518133,-0.07924611332034623,-0.015651728329190706,-0.1975078356956109,,
77,1,0.7000000000000001,0.0,-0.3965239214054514,-0.3182981161613372,-0.1326404466684904,-0.41671766163158297,,
77,1,0.7000000000000001,0.01,-0.3116391476530464,-0.2615095174641013,-0.09419067639542744,-0.36018068217481786,,
77,1,0.7000000000000001,0.02,-0.42661719175026946,-0.308725138440671,-0.11571458694211156,-0.3748142685321005,,
77,1,0.7000000000000001,0.03,-0.2494305713051399,-0.15762065575019588,-0.06102627018326778,-0.38717178210440195,,
77,1,0.7000000000000001,0.04,-0.2767446123680753,-0.16318371142075136,-0.062172620904671905,-0.38099771333406307,,
77,1,0.7000000000000001,0.05,-0.43974532241514375,-0.22233654278867482,-0.08932508497885616,-0.4017562019202456,,
77,1,0.7000000000000001,0.06,-0.039372968514739565,-0.026777245882435862,-0.007075219713071346,-0.2642250716946298,,
77,1,0.7000000000000001,0.07,-0.10966751999429504,-0.07923124700744329,-0.017375489438743785,-0.2193009714603061,,
77,1,0.7000000000000001,0.08,0.24224367768460647,0.19520929795244926,0.03340304652865966,-0.17111401392773956,,
77,1,0.7000000000000001,0.09,0.18510346204709632,0.1130441573191409,0.02330608326906436,-0.2061679596873612,,
77,1,0.7000000000000001,0.1,-0.1713746995657393,-0.08420917567684569,-0.01910578305441135,-0.2268848127397679,,
77,1,0.8,0.0,-0.41281164497987477,-0.33771389677449754,-0.15781579593269357,-0.4673061945036638,,
77,1,0.8,0.01,-0.328658121424017,-0.2803848555742216,-0.11352518630386543,-0.40489057824242514,,
77,1,0.8,0.02,-0.4397256585536728,-0.3230189478375123,-0.1363086798893578,-0.4219835424574689,,
77,1,0.8,0.03,-0.2645260357728318,-0.17127219019426504,-0.07396521373858411,-0.43185769770731175,,
77,1,0.8,0.04,-0.2903620149926877,-0.17550472903948208,-0.07455070405385389,-0.4247788903573233,,
77,1,0.8,0.05,-0.4498671828141038,-0.23400460609596163,-0.1044355767778622,-0.44629709867777045,,
77,1,0.8,0.06,-0.0520586720251907,-0.03588959940140078,-0.010691208611775194,-0.29789155605225043,,
77,1,0.8,0.07,-0.1206206016116439,-0.08801591278853407,-0.021840997115719185,-0.2481482770984162,,
77,1,0.8,0.08,0.2326213304160694,0.1885252260444405,0.036658535370974965,-0.1944489665395418,,
77,1,0.8,0.09,0.1762087927631096,0.10896729395773874,0.02535562236514255,-0.2326902086324758,,
77,1,0.8,0.1,-0.17890668927574968,-0.08927966463822136,-0.02279484595332082,-0.25531957412351386,,
77,1,0.9,0.0,-0.42811273341960343,-0.3564678857504151,-0.18412348990042005,-0.5165219568456052,,
77,1,0.9,0.01,-0.34498050482897696,-0.29945805280128945,-0.1340586774525705,-0.4476709716052533,,
77,1,0.9,0.02,-0.4521672052527678,-0.33757953400627605,-0.15768605457318285,-0.4671078625585497,,
77,1,0.9,0.03,-0.27923862209212674,-0.1852971311452261,-0.0878389431313108,-0.4740437295948596,,
77,1,0.9,0.04,-0.3036394241368308,-0.1881630195759007,-0.08770465191370591,-0.46610993016259417,,
77,1,0.9,0.05,-0.4596144645037039,-0.24595868031657553,-0.12003568268769083,-0.48803190248537626,,
77,1,0.9,0.06,-0.06467669493127079,-0.04521003582218287,-0.014942871423664683,-0.33052111443656,,
77,1,0.9,0.07,-0.13149221227593663,-0.09692907759317344,-0.026785732408241114,-0.2763436222994408,,
77,1,0.9,0.08,0.22292706289259473,0.1817367346612713,0.03952217991478357,-0.21746940698833783,,
77,1,0.9,0.09,0.16727184433059147,0.10474685432269917,0.027078341874959166,-0.2585122202480419,,
77,1,0.9,0.1,-0.18638478680870568,-0.0944575463622899,-0.026716100362789708,-0.28283711986674603,,
77,1,1.0,0.0,-0.44240215167630376,-0.3755306773030555,-0.21141012050585395,-0.5629636492659819,,
77,1,1.0,0.01,-0.3605755838649907,-0.3187169381209982,-0.15568765712199895,-0.48848253261925295,,
77,1,1.0,0.02,-0.4639282948477007,-0.3524082692749414,-0.17976393975396165,-0.5101013665877223,,
77,1,1.0,0.03,-0.29354685282015325,-0.19968870714211712,-0.10259980481551378,-0.5137987334581429,,
77,1,1.0,0.04,-0.3165608627142711,-0.2011531806352425,-0.10159660171044849,-0.5050708191121116,,
77,1,1.0,0.05,-0.4689805509821972,-0.25819164339919737,-0.13609087362476158,-0.5270924799620553,,
77,1,1.0,0.06,-0.07721510621308508,-0.05473944169280495,-0.019821933032238337,-0.3621142711589579,,
77,1,1.0,0.07,-0.14227456193796564,-0.10597076084301664,-0.03220240008141517,-0.30388004979146355,,
77,1,1.0,0.08,0.21316626543855033,0.17484159780279485,0.04199079179186227,-0.240164768107553,,
77,1,1.0,0.09,0.15829676684625105,0.10038144055857608,0.028472706858423402,-0.2836451310121275,,
77,1,1.0,0.1,-0.19380650319950132,-0.09974270471157326,-0.03086657493822975,-0.3094619804775383,,
83,1,0.1,0.0,-0.64080819251821,-0.3548060266655568,-0.030624197633906225,-0.08631250692585574,,
83,1,0.1,0.01,-0.3468998909746491,-0.22045838332973788,-0.015086410293330244,-0.06843201000329217,,
83,1,0.1,0.02,-0.48925467033934683,-0.2728784844532919,-0.019398344370308962,-0.07108784853145629,,
83,1,0.1,0.03,0.24682860107908283,0.15948815256353177,0.008783568087292526,-0.0550734831779659,,
83,1,0.1,0.04,-0.10965122300136579,-0.05334184312057051,-0.0035770009352081855,-0.06705806784971716,,
83,1,0.1,0.05,-0.3591289191177126,-0.1631549778101136,-0.010585976586790835,-0.06488295195694994,,
83,1,0.1,0.06,-0.2502654766717826,-0.12367053514631829,-0.006434363749716732,-0.052028268027659495,,
83,1,0.1,0.07,0.030938463430843794,0.016429126288167274,0.0007201241901777511,-0.04383216596833912,,
83,1,0.1,0.08,0.3035086093774074,0.17457985498397413,0.0062909003369842065,-0.036034514621184045,,
83,1,0.1,0.09,0.02649317341229527,0.012867246637644835,0.0004973995894057559,-0.0386562567278805,,
83,1,0.1,0.1,0.33494694686272153,0.2568613329911326,0.005690621598884116,-0.022154450156499687,,
83,1,0.2,0.0,-0.6534202980794068,-0.3759247429985457,-0.06245385929837666,-0.16613394159750283,,
83,1,0.2,0.01,-0.3653460965049097,-0.23516702422834151,-0.03177724325858888,-0.13512627190338533,,
83,1,0.2,0.02,-0.5035487623315247,-0.2860791235558657,-0.03993017498299889,-0.13957738155332858,,
83,1,0.2,0.03,0.2298248108344224,0.1507930405509032,0.01635695268123727,-0.10847286201988647,,
83,1,0.2,0.04,-0.12563637677775596,-0.06271479059714859,-0.008196925213038497,-0.13070162771796262,,
83,1,0.2,0.05,-0.3716461451243758,-0.1730763686488961,-0.021909889075617306,-0.12659087573107022,,
83,1,0.2,0.06,-0.2621457679380914,-0.1323708870389167,-0.013479615716830429,-0.10183217789322101,,
83,1,0.2,0.07,0.01929681371851562,0.010428793911046296,0.0008983059151026485,-0.08613708572293798,,
83,1,0.2,0.08,0.29397702871501363,0.1714004782806253,0.012186673668352022,-0.07110058146045194,,
83,1,0.2,0.09,0.017110189148502885,0.008434956148823558,0.0006424750198608109,-0.07616815173964103,,
83,1,0.2,0.1,0.3273174317490316,0.25262236774001573,0.011121998061177862,-0.04402618089869214,,
83,1,0.30000000000000004,0.0,-0.6647580804136197,-0.3973479858938594,-0.09530628542679398,-0.23985596708737927,,
83,1,0.30000000000000004,0.01,-0.3830987494987499,-0.2501976879558621,-0.04998201269157143,-0.19977008220950812,,
83,1,0.30000000000000004,0.02,-0.5171022208481357,-0.2996204407969804,-0.06150739622601609,-0.2052843793381001,,
83,1,0.30000000000000004,0.03,0.2125599278689429,0.14170727518884482,0.02269228028159498,-0.16013489957628732,,
83,1,0.30000000000000004,0.04,-0.1414698809973155,-0.07248233230311088,-0.013844931669158456,-0.19101112270036932,,
83,1,0.30000000000000004,0.05,-0.38384503368675854,-0.18328820422249706,-0.03394358674494913,-0.18519242353285517,,
83,1,0.30000000000000004,0.06,-0.27384988581348224,-0.1413074103145888,-0.02112216756672225,-0.1494767154793832,,
83,1,0.30000000000000004,0.07,0.007649577208416665,0.004207702644538808,0.0005341550595807654,-0.12694696006478667,,
83,1,0.30000000000000004,0.08,0.2843300500482117,0.16804748399800418,0.017680144342516746,-0.1052092177870793,,
83,1,0.30000000000000004,0.09,0.007727567224725186,0.0038670460796823717,0.0004352466997668003,-0.11255275753076888,,
83,1,0.30000000000000004,0.1,0.3196037537783519,0.248274180358954,0.016289839701816522,-0.06561229878300162,,
83,1,0.4,0.0,-0.6748184315680651,-0.41490567211226365,-0.12899818233678895,-0.31090966214095306,,
83,1,0.4,0.01,-0.4001188236325173,-0.26556681567792306,-0.06960344348849534,-0.26209390397974175,,
83,1,0.4,0.02,-0.5298969048666287,-0.3135066223351792,-0.08403903541061031,-0.2680614361018559,,
83,1,0.4,0.03,0.19506549891932556,0.13221500701285613,0.027766167838720213,-0.21000768722131766,,
83,1,0.4,0.04,-0.15712754554971445,-0.08264901502769699,-0.02050302265652959,-0.24807340595237223,,
83,1,0.4,0.05,-0.3957131353196223,-0.1937905315570271,-0.04665745098858021,-0.24076228396561383,,
83,1,0.4,0.06,-0.2853675352770812,-0.15047866288915615,-0.029347372218517243,-0.19502680084374993,,
83,1,0.4,0.07,-0.003993986713630959,-0.00223613277590756,-0.0003718564051072848,-0.16629442093677224,,
83,1,0.4,0.08,0.2745733246644418,0.16451739797450773,0.02276460525059476,-0.1383720234508096,,
83,1,0.4,0.09,-0.0016499056894448867,-0.0008381749894842756,-0.000123905490628351,-0.14782771161495686,,
83,1,0.4,0.1,0.311808836122347,0.24381564496287061,0.021190055490047266,-0.08691015497907932,,
83,1,0.5,0.0,-0.6836051739506002,-0.4317817574977154,-0.16334731823851578,-0.3783099109725127,,
83,1,0.5,0.01,-0.41637123707769175,-0.28128707469963915,-0.09053832936134565,-0.32187163046159617,,
83,1,0.5,0.02,-0.5419178428550305,-0.3277392952849868,-0.1074318711033001,-0.32779673554213984,,
83,1,0.5,0.03,0.17737387241290936,0.122301220442196,0.03155986539717004,-0.25805028995672513,,
83,1,0.5,0.04,-0.1725857599245356,-0.09321828042200148,-0.028150138582858752,-0.30198088245591287,,
83,1,0.5,0.05,-0.4072388098554188,-0.20458253809507004,-0.06002051459616642,-0.2933804378175948,,
83,1,0.5,0.06,-0.2966887793984166,-0.159882726940858,-0.03813956987787992,-0.23854715645416827,,
83,1,0.5,0.07,-0.015624627218183305,-0.008904429411245937,-0.001818395416998353,-0.20421245798206816,,
83,1,0.5,0.08,0.2647126325915406,0.16080684246414456,0.02743383116858067,-0.17060114326103784,,
83,1,0.5,0.09,-0.011017452486028027,-0.005682305686951771,-0.0010342430968093286,-0.18201116831575112,,
83,1,0.5,0.1,0.30393566302588576,0.2392456841727436,0.02581875823748203,-0.10791734165135451,,
83,1,0.6,0.0,-0.6911288071180727,-0.4490491896305994,-0.19817410663708013,-0.4413193726061587,,
83,1,0.6,0.01,-0.4318249943974383,-0.2973672315134265,-0.112678427579054,-0.37892012178203444,,
83,1,0.6,0.02,-0.5531532409116133,-0.34231739296231983,-0.13159106339420468,-0.3844124374033469,,
83,1,0.6,0.03,0.15951806657900405,0.1119518439519913,0.034059370579206716,-0.30423233219644435,,
83,1,0.6,0.04,-0.1878215711877595,-0.10419237899134168,-0.036762267710366614,-0.35283067788884576,,
83,1,0.6,0.05,-0.4184112494079132,-0.2156625062332943,-0.07400058509513019,-0.3431314343304514,,
83,1,0.6,0.06,-0.3078040578111722,-0.1695094536855935,-0.047482136919587914,-0.2801149781749511,,
83,1,0.6,0.07,-0.027233118030356416,-0.01579862238016732,-0.0038032710534824377,-0.24073434771482638,,
83,1,0.6,0.08,0.2547538751540199,0.15691254527025014,0.031682091173794946,-0.20190922987852214,,
83,1,0.6,0.09,-0.020370310846068385,-0.010666845911788543,-0.0022946705764285147,-0.21512175158474375,,
83,1,0.6,0.1,0.29598727735060504,0.2345632709945026,0.03017226953574692,-0.12863168819151596,,
83,1,0.7000000000000001,0.0,-0.6974061998353567,-0.46668710679996106,-0.233303098820538,-0.49991331541229,,
83,1,0.7000000000000001,0.01,-0.4464532931815568,-0.313812011564133,-0.13591138000001113,-0.4330980809899153,,
83,1,0.7000000000000001,0.02,-0.5635944698806731,-0.35723702581234507,-0.15642078026674378,-0.43786273248426066,,
83,1,0.7000000000000001,0.03,0.1415316336677896,0.10115386549662189,0.03525551393859461,-0.3485335312249831,,
83,1,0.7000000000000001,0.04,-0.2028127584829171,-0.11557228686039385,-0.04631257042427672,-0.4007238385809587,,
83,1,0.7000000000000001,0.05,-0.42922049806294155,-0.2270277708791603,-0.08856437147861618,-0.39010369143674584,,
83,1,0.7000000000000001,0.06,-0.31870420401680116,-0.17933640699130854,-0.057357537409292614,-0.319832087480555,,
83,1,0.7000000000000001,0.07,-0.03881027335988564,-0.02291985142151675,-0.006323439984482704,-0.27589358535484965,,
83,1,0.7000000000000001,0.08,0.24470306729729144,0.1528313490128104,0.035504160101935245,-0.23230940727323732,,
83,1,0.7000000000000001,0.09,-0.029703738435766486,-0.015793190871643704,-0.0039037373704867706,-0.24717850890384904,,
83,1,0.7000000000000001,0.1,0.2879667780480805,0.22976743070458652,0.03424712443535638,-0.14905125730978003,,
83,1,0.8,0.0,-0.7024602329582748,-0.4846692128790018,-0.26856436924798144,-0.5541188961697653,,
83,1,0.8,0.01,-0.46023359516722756,-0.33062195517944826,-0.16012164957352837,-0.4843043453863214,,
83,1,0.8,0.02,-0.5732360320645481,-0.3724913631337576,-0.18182481443040477,-0.4881316251220393,,
83,1,0.8,0.03,0.12344852114519701,0.08989545221607978,0.03514401446231097,-0.39094318562229435,,
83,1,0.8,0.04,-0.21753790368697695,-0.12735762644624593,-0.05677151707988537,-0.4457645660022333,,
83,1,0.8,0.05,-0.43965746825779234,-0.2386746806962367,-0.10367761363510142,-0.4343888230316847,,
83,1,0.8,0.06,-0.3293804614735117,-0.1893155320340335,-0.06774737704472489,-0.35785429920533857,,
83,1,0.8,0.07,-0.0503469637231248,-0.030268947830241835,-0.009375014130243775,-0.30972381936834814,,
83,1,0.8,0.08,0.23456632969247465,0.14856022050450784,0.03889532901315795,-0.26181523479885876,,
83,1,0.8,0.09,-0.03901301806507219,-0.02106262511552728,-0.005859640554208734,-0.27820086632454144,,
83,1,0.8,0.1,0.2798773175648103,0.22485724273839094,0.038040075857740385,-0.16917434099286685,,
83,1,0.9,0.0,-0.7063193991544335,-0.5029637483255605,-0.30379477997353066,-0.604009296862662,,
83,1,0.9,0.01,-0.4731476619961652,-0.3477932794316952,-0.18519146155780009,-0.5324756759544307,,
83,1,0.9,0.02,-0.5820755083234787,-0.38807053093499133,-0.2077071852361645,-0.5352305023927703,,
83,1,0.9,0.03,0.10530293076110774,0.07816607331378526,0.03372550475427949,-0.43145962595426557,,
83,1,0.9,0.04,-0.2319764578724135,-0.13954659221957183,-0.06810703844780763,-0.48805948869495513,,
83,1,0.9,0.05,-0.44971395382444784,-0.25059856371694766,-0.11930521378982828,-0.4760809959173753,,
83,1,0.9,0.06,-0.33982449842788315,-0.19907633342960226,-0.07863245928785823,-0.39498647545497606,,
83,1,0.9,0.07,-0.061834131614100764,-0.037846421839291274,-0.012953270497138236,-0.3422587887473804,,
83,1,0.9,0.08,0.22434988063882572,0.1440962602113925,0.041851414638532924,-0.2904406719309436,,
83,1,0.9,0.09,-0.048293462799057885,-0.0264763165802258,-0.00816022806104344,-0.3082085846918003,,
83,1,0.9,0.1,0.27172209918244455,0.2198318425787462,0.041548098732840266,-0.18899945633652812,,
83,1,1.0,0.0,-0.7090173658308699,-0.5215335466727731,-0.3388391127109245,-0.6496976366575381,,
83,1,1.0,0.01,-0.4851815561587885,-0.3653177559600966,-0.21100173892827312,-0.5775841318573103,,
83,1,1.0,0.02,-0.5901134865177485,-0.40396153137864005,-0.23397272060980367,-0.5791955481783166,,
83,1,1.0,0.03,0.08712917640619097,0.06595662484752526,0.031005525697092917,-0.47008963494978273,,
83,1,1.0,0.04,-0.2461088032579292,-0.15213588276607956,-0.08028468769615227,-0.5277169740395569,,
83,1,1.0,0.05,-0.45938263968930554,-0.262793698001521,-0.13541136926751351,-0.5152763186380891,,
83,1,1.0,0.06,-0.3500284214516292,-0.20904037982845555,-0.08999284345210168,-0.43050459210776576,,
83,1,1.0,0.07,-0.07326280698276634,-0.045652450521567495,-0.017052663157154924,-0.37353226305121934,,
83,1,1.0,0.08,0.21406002778064356,0.1394367117721083,0.04436876778100185,-0.3182000437124263,,
83,1,1.0,0.09,-0.05754042101388571,-0.03203531067064442,-0.010803002472047574,-0.33722171709565824,,
83,1,1.0,0.1,0.26350437429714585,0.2146904236416566,0.044768393855232125,-0.20852534126047376,,
89,1,0.1,0.0,-0.19809053966312729,-0.12310614333218795,-0.009454021312619298,-0.07679569074882556,,
89,1,0.1,0.01,0.07849617954142568,0.0585059232617722,0.003441732286878052,-0.05882707416612775,,
89,1,0.1,0.02,-0.33390328097831334,-0.21829218952634374,-0.013370485401465904,-0.06125040676204468,,
89,1,0.1,0.03,0.2070886820619089,0.1436172299102523,0.007541064932462316,-0.052508079547104444,,
89,1,0.1,0.04,-0.31427196931471674,-0.13491079622247926,-0.010410914892140855,-0.07716887887143131,,
89,1,0.1,0.05,-0.19949722289595498,-0.09247567778147368,-0.0059603340106652025,-0.06445299081505385,,
89,1,0.1,0.06,-0.0034626840854051376,-0.0019906645760018873,-9.223924832280073e-05,-0.046335906829696495,,
89,1,0.1,0.07,-0.20607837375096766,-0.08688562231639435,-0.004854287729477269,-0.05586986201008448,,
89,1,0.1,0.08,0.21595459505694087,0.10562552104845138,0.004409575027315649,-0.04174724994059851,,
89,1,0.1,0.09,0.20331070173276763,0.10699874377963031,0.003774556951468,-0.03527664735243905,,
89,1,0.1,0.1,0.2527994065001766,0.16426650176199603,0.0041837024800943645,-0.025468993587968933,,
89,1,0.2,0.0,-0.22053259865056118,-0.141924666454301,-0.021050171212773083,-0.1483193284061804,,
89,1,0.2,0.01,0.05658798541473832,0.04316947967211673,0.004962297466936105,-0.11494920727852241,,
89,1,0.2,0.02,-0.35113775923745616,-0.231636477140723,-0.02812121084903496,-0.12140234213608274,,
89,1,0.2,0.03,0.18940697071023183,0.13301447545481915,0.013794382682486228,-0.1037058758854539,,
89,1,0.2,0.04,-0.32884458451889165,-0.14550631055629687,-0.02178732636978631,-0.14973458048994184,,
89,1,0.2,0.05,-0.2136567821538546,-0.10178924109149626,-0.012766752005816784,-0.12542339316923498,,
89,1,0.2,0.06,-0.01676959161174269,-0.009790481840980794,-0.0008934193745638863,-0.09125387177822344,,
89,1,0.2,0.07,-0.21723732917354405,-0.09376704735389856,-0.010234285938862109,-0.10914586976633212,,
89,1,0.2,0.08,0.2061380871932011,0.10244859819961534,0.008418263674603299,-0.0821706087007729,,
89,1,0.2,0.09,0.1943468312025965,0.10359415063651457,0.007216277121267822,-0.06965911759427322,,
89,1,0.2,0.1,0.24498913092734123,0.16064348257206956,0.008108892729193684,-0.050477570576545415,,
89,1,0.30000000000000004,0.0,-0.24242865429368607,-0.1615349120859342,-0.03471027442875019,-0.21487784888436273,,
89,1,0.30000000000000004,0.01,0.034618534198516515,0.027035024552264447,0.004553637931354881,-0.16843476219345507,,
89,1,0.30000000000000004,0.02,-0.36780612370045307,-0.2452285386718552,-0.04418416967720129,-0.18017548005016226,,
89,1,0.30000000000000004,0.03,0.17150453165081275,0.1220547239670458,0.01873584007363105,-0.1535036044871941,,
89,1,0.30000000000000004,0.04,-0.3430546812411295,-0.15650698507287872,-0.034093206888986094,-0.21783824455573225,,
89,1,0.30000000000000004,0.05,-0.22761733377080848,-0.11145384825142621,-0.02040141686481478,-0.18304811529514609,,
89,1,0.30000000000000004,0.06,-0.03005273544296715,-0.017822864757831697,-0.002401641321240211,-0.13475057763566797,,
89,1,0.30000000000000004,0.07,-0.22827159139339795,-0.10087451771722074,-0.016131182980339553,-0.15991335914546562,,
89,1,0.30000000000000004,0.08,0.1962436285633482,0.09911194503588076,0.012021290913785565,-0.12129003128163397,,
89,1,0.30000000000000004,0.09,0.1853218604138175,0.10006146389603941,0.010321757445951762,-0.10315417188654896,,
89,1,0.30000000000000004,0.1,0.23711732222249637,0.1569081211227191,0.011772515720541055,-0.07502808418267705,,
89,1,0.4,0.0,-0.2637111379423134,-0.18189895073077145,-0.050343256628439415,-0.27676496442770826,,
89,1,0.4,0.01,0.012650853215884137,0.010114902186747859,0.002218750019378213,-0.21935456996164832,,
89,1,0.4,0.02,-0.3838764302825566,-0.25908582353191045,-0.061486238673924554,-0.2373199653911267,,
89,1,0.4,0.03,0.1534160838820106,0.1107226591934413,0.022346381052199993,-0.201823016309237,,
89,1,0.4,0.04,-0.3568828881776987,-0.1679151498332091,-0.04728996204632818,-0.2816301095720161,,
89,1,0.4,0.05,-0.24136171924608021,-0.1214694747895654,-0.028844440904228885,-0.23746246498718468,,
89,1,0.4,0.06,-0.04329826834597983,-0.026090765860424536,-0.004613530576174196,-0.17682618443838685,,
89,1,0.4,0.07,-0.23917280388755827,-0.10820940746733693,-0.022535379836392866,-0.2082571225907062,,
89,1,0.4,0.08,0.18627709374638363,0.09561182562395143,0.015214361528698372,-0.1591263573246432,,
89,1,0.4,0.09,0.17624019560994034,0.09639825096341736,0.013087922077844372,-0.13576928986824843,,
89,1,0.4,0.1,0.22918693491783432,0.1530593315361765,0.015171712011440963,-0.09912307769262037,,
89,1,0.5,0.0,-0.28431669629702433,-0.20297336668265406,-0.06784615032339958,-0.33426134390072987,,
89,1,0.5,0.01,-0.009252188620798147,-0.007574647257551684,-0.002028350709965543,-0.26778154031441415,,
89,1,0.5,0.02,-0.3993194777530097,-0.27322286580092137,-0.0799497272409907,-0.29261726322439113,,
89,1,0.5,0.03,0.1351770134509992,0.09900402830307843,0.024612128139035017,-0.2485972395354516,,
89,1,0.5,0.04,-0.3703110367075221,-0.1797316241295412,-0.0613366297858039,-0.34126787694076394,,
89,1,0.5,0.05,-0.25487335070290557,-0.1318351440146813,-0.03807397111986388,-0.2887998598888315,,
89,1,0.5,0.06,-0.05649243594140297,-0.03459677008192043,-0.007524249539716976,-0.2174841617266751,,
89,1,0.5,0.07,-0.24993282640368025,-0.1157727179948818,-0.029436515591662382,-0.25426124653101556,,
89,1,0.5,0.08,0.1762444391690572,0.09194458264896463,0.017993668471333324,-0.1957012360372702,,
89,1,0.5,0.09,0.16710629623372678,0.0926021341910673,0.015512027323385746,-0.16751263303909994,,
89,1,0.5,0.1,0.22120096680347504,0.1490960770608211,0.018303821322743552,-0.12276527782335168,,
89,1,0.6,0.0,-0.3041866004928214,-0.22470947307975794,-0.08710521791589565,-0.3876348278605001,,
89,1,0.6,0.01,-0.031028277978770197,-0.026013452310315852,-0.008162768691391098,-0.3137902879639733,,
89,1,0.6,0.02,-0.41410891531511257,-0.28765123604394105,-0.09949295240133693,-0.34588049670726456,,
89,1,0.6,0.03,0.11682322081921756,0.08688573869102346,0.025524470532495958,-0.29377054182924267,,
89,1,0.6,0.04,-0.3833222109201293,-0.19195560915765278,-0.07619008954935491,-0.3969151507668637,,
89,1,0.6,0.05,-0.2681362545020647,-0.14254888735319202,-0.04806628224698284,-0.33719156381690635,,
89,1,0.6,0.06,-0.069621607899799,-0.043343070537146415,-0.011127514878015554,-0.2567311161879709,,
89,1,0.6,0.07,-0.26054374806712427,-0.12356505901455149,-0.036823494757270314,-0.29800896022664336,,
89,1,0.6,0.08,0.1661516953481493,0.08810664798215063,0.02035590026765144,-0.23103705263847177,,
89,1,0.6,0.09,0.15792467019255998,0.08867079645140645,0.017591666054071142,-0.198393008274283,,
89,1,0.6,0.1,0.2131624564999906,0.1450173721934196,0.02116638587728792,-0.14595758809542392,,
89,1,0.7000000000000001,0.0,-0.3232671041830162,-0.24705359430652118,-0.10799717485088389,-0.4371406744922359,,
89,1,0.7000000000000001,0.01,-0.05261604800479003,-0.04517740670281689,-0.016148970128069706,-0.357456775558186,,
89,1,0.7000000000000001,0.02,-0.4282213291672208,-0.302379474491072,-0.12003083376167734,-0.3969543037393609,,
89,1,0.7000000000000001,0.03,0.09839096518667557,0.07435596003425335,0.02508011808742805,-0.33729801990149094,,
89,1,0.7000000000000001,0.04,-0.3959007912764455,-0.20458458754692732,-0.09180527989462339,-0.44873996128161525,,
89,1,0.7000000000000001,0.05,-0.28113511223277166,-0.153607708605757,-0.05879587709022693,-0.38276644853241004,,
89,1,0.7000000000000001,0.06,-0.08267230867671514,-0.05233144436623356,-0.015415619776330214,-0.294576615704439,,
89,1,0.7000000000000001,0.07,-0.27099789988707323,-0.13158663031818274,-0.04468451634851989,-0.3395824958848068,,
89,1,0.7000000000000001,0.08,0.15600495899617087,0.08409455351162749,0.022298247453446107,-0.2651568564468684,,
89,1,0.7000000000000001,0.09,0.1486998690499218,0.08460198683243511,0.019324771580384148,-0.22841983154200968,,
89,1,0.7000000000000001,0.1,0.20507448098306372,0.14082228480141826,0.02375715349175933,-0.1687030822235322,,
89,1,0.8,0.0,-0.34150974736200507,-0.269947413910907,-0.13039049458972662,-0.4830218326624181,,
89,1,0.8,0.01,-0.07395545912736018,-0.0650384992970212,-0.02594112406045923,-0.39885797398230177,,
89,1,0.8,0.02,-0.44163630774041934,-0.31741301172750963,-0.14147550244129758,-0.4457142499336178,,
89,1,0.8,0.03,0.07991670682438037,0.06140423049587611,0.023281120700591185,-0.37914522358772557,,
89,1,0.8,0.04,-0.40803249175314577,-0.21761423175988454,-0.10813542306386636,-0.49691337827198245,,
89,1,0.8,0.05,-0.2938552989235416,-0.16500755264900244,-0.07023559353712439,-0.4256507802798989,,
89,1,0.8,0.06,-0.09563124768006948,-0.061563228799782946,-0.020379460983716347,-0.3310330107927705,,
89,1,0.8,0.07,-0.28128786663402394,-0.139837204436906,-0.05300710461166358,-0.37906295985472294,,
89,1,0.8,0.08,0.14581038500454332,0.07990494220653473,0.02381840802303037,-0.29808429072466647,,
89,1,0.8,0.09,0.1394364831504036,0.08039352644453499,0.02070962098022333,-0.25760309189212255,,
89,1,0.8,0.1,0.19694015306195858,0.13650993824073118,0.026074080416637502,-0.1910049975310709,,
89,1,0.9,0.0,-0.3588716034709085,-0.29332838496946234,-0.15414677622312667,-0.5255092385251925,,
89,1,0.9,0.01,-0.09498816606725488,-0.08556487856928646,-0.037483538172354836,-0.4380715405562389,,
89,1,0.9,0.02,-0.45433648551339606,-0.3327540831067581,-0.16373691795422218,-0.49206584161340006,,
89,1,0.9,0.03,0.06143694848731818,0.04802156584719608,0.020134852946286808,-0.419287721903022,,
89,1,0.9,0.04,-0.4197043903599085,-0.23103832340815394,-0.12513225495994718,-0.5416082194246521,,
89,1,0.9,0.05,-0.3062829183262877,-0.1767432790925946,-0.08235671763432262,-0.4659680303383785,,
89,1,0.9,0.06,-0.10848534876691095,-0.07103929761667788,-0.026008570518535667,-0.3661152543888559,,
89,1,0.9,0.07,-0.29140649806071045,-0.14831611036371614,-0.06177814129016368,-0.4165302146790724,,
89,1,0.9,0.08,0.13557417832013688,0.07553457938272864,0.02491459187615419,-0.32984352437992176,,
89,1,0.9,0.09,0.13013913668573254,0.07604331432589737,0.021744837874434708,-0.2859533157805731,,
89,1,0.9,0.1,0.18876261881522166,0.13207951346569524,0.028115333919394248,-0.212866728394609,,
89,1,1.0,0.0,-0.3753154681696458,-0.31713019862150765,-0.17912215500375017,-0.5648221323051326,,
89,1,1.0,0.01,-0.11565786755314572,-0.10672095237875111,-0.050711183565189,-0.47517551553715287,,
89,1,1.0,0.02,-0.4663075655140043,-0.34840164320369604,-0.18672348708376552,-0.5359431871984485,,
89,1,1.0,0.03,0.04298807698507706,0.03420057014222366,0.015653964120030617,-0.45771061870996116,,
89,1,1.0,0.04,-0.43090495296498066,-0.24484868552589326,-0.14274625897125137,-0.5829978570832706,,
89,1,1.0,0.05,-0.3184048351447177,-0.18880864138147357,-0.09512910207592606,-0.5038387087576406,,
89,1,1.0,0.06,-0.12122177896602661,-0.08076003817298195,-0.03229115188216991,-0.39984072088976336,,
89,1,1.0,0.07,-0.3013469194396139,-0.15702221848776776,-0.07098389931586035,-0.4520627717496559,,
89,1,1.0,0.08,0.12530258573310654,0.07098036413641108,0.025585524251572345,-0.36045918561930335,,
89,1,1.0,0.09,0.12081248271115638,0.07154933343395384,0.022429394643519007,-0.31348153179125365,,
89,1,1.0,0.1,0.1805450549871697,0.12753025112765642,0.029879294606574458,-0.23429181972413432,,
95,1,0.1,0.0,-0.07365232994425519,-0.03894620043297824,-0.003517153131210815,-0.09030799133444137,,
95,1,0.1,0.01,0.08051568326802183,0.049863784827841484,0.003540457715350387,-0.0710025868989706,,
95,1,0.1,0.02,-0.07577940711066318,-0.06467401905490561,-0.0030632244546163756,-0.0473640651900081,,
95,1,0.1,0.03,0.06792935933484638,0.058939081534272145,0.0024920643098111928,-0.042282035025640784,,
95,1,0.1,0.04,0.05506574125400116,0.033332631545585065,0.0018611751966914891,-0.05583643146044986,,
95,1,0.1,0.05,0.11131096694907423,0.06833223407387216,0.003395722075364649,-0.04969429320419443,,
95,1,0.1,0.06,0.22566445090155796,0.1459919416446427,0.006189974939160736,-0.042399428827569696,,
95,1,0.1,0.07,-0.24084914079069894,-0.10115279533782026,-0.005805539657159575,-0.05739376393673352,,
95,1,0.1,0.08,-0.06269831750232235,-0.030181564898645694,-0.0013491553859696914,-0.04470130659229769,,
95,1,0.1,0.09,0.3453454264593821,0.2220967929513727,0.006768334968847212,-0.030474708251771628,,
95,1,0.1,0.1,0.26574240168879293,0.17282558000029072,0.004699804329418189,-0.027193916140251247,,
95,1,0.2,0.0,-0.09719570782947935,-0.05355639126540092,-0.009282861476111903,-0.173328733635362,,
95,1,0.2,0.01,0.05854743719431072,0.03732729134738665,0.005148927943356751,-0.13794003683359243,,
95,1,0.2,0.02,-0.09572745031071636,-0.08296231665893908,-0.007739164977673685,-0.09328530457375794,,
95,1,0.2,0.03,0.04959475142826309,0.043178527489291754,0.0036388775398012996,-0.08427516525902229,,
95,1,0.2,0.04,0.03816629542045259,0.02344025398177033,0.002579976615895818,-0.11006606916044026,,
95,1,0.2,0.05,0.09615429809663195,0.059920709125216534,0.005866686484491845,-0.09790749425598766,,
95,1,0.2,0.06,0.21248697998996122,0.13915547834314923,0.011657033934951322,-0.08376985278442119,,
95,1,0.2,0.07,-0.2520587023910778,-0.10856344364140091,-0.012151480282300398,-0.11192976083586946,,
95,1,0.2,0.08,-0.07337821220647009,-0.035989757207647056,-0.0031579351457882154,-0.08774538620997481,,
95,1,0.2,0.09,0.3365911912272064,0.21843038553134195,0.013193525990169652,-0.06040151400216501,,
95,1,0.2,0.1,0.2574492298248642,0.16907062477909643,0.009106269810515544,-0.05386074501359166,,
95,1,0.30000000000000004,0.0,-0.12046067536270454,-0.06915032284197165,-0.017257239867104257,-0.24956123352514215,,
95,1,0.30000000000000004,0.01,0.03651409272558434,0.02396914548323191,0.004816823110560087,-0.20095931721595126,,
95,1,0.30000000000000004,0.02,-0.11548374687951153,-0.10166334372585308,-0.01400456869643163,-0.13775435848536088,,
95,1,0.30000000000000004,0.03,0.031219118061988974,0.02729994813189932,0.0034359244957351542,-0.1258582792587932,,
95,1,0.30000000000000004,0.04,0.021243100351191223,0.013246951317630313,0.002153996145739301,-0.16260316008503453,,
95,1,0.30000000000000004,0.05,0.08092449488205286,0.0512141433369985,0.00740619997940839,-0.14461239604603418,,
95,1,0.30000000000000004,0.06,0.19916369214010057,0.13207696617638037,0.01638917771336179,-0.12408808430286844,,
95,1,0.30000000000000004,0.07,-0.2631192017978749,-0.1162158243952945,-0.019027042682189133,-0.16372161692430867,,
95,1,0.30000000000000004,0.08,-0.08401628575691664,-0.04198651030192252,-0.005423639530705793,-0.12917576363705202,,
95,1,0.30000000000000004,0.09,0.32772020705136384,0.21463628485741446,0.01926870866764885,-0.08977377091878612,,
95,1,0.30000000000000004,0.1,0.2490840397358729,0.1651875336643315,0.013215575394444068,-0.08000346697650146,,
95,1,0.4,0.0,-0.1433703923548615,-0.08571993778280051,-0.027385725598930932,-0.3194790652825906,,
95,1,0.4,0.01,0.014479228583983332,0.009787259425500013,0.0025467384475563737,-0.2602095578381244,,
95,1,0.4,0.02,-0.13500143546189605,-0.12075609602749081,-0.02182860564803779,-0.18076607613307064,,
95,1,0.4,0.03,0.012839284624588896,0.011287568755344618,0.0018840939051831818,-0.16691760165722763,,
95,1,0.4,0.04,0.0043248808435948066,0.0027402860013086253,0.0005847091691812967,-0.21337523488499682,,
95,1,0.4,0.05,0.06564251520422607,0.042205665339578514,0.008010126731301526,-0.189787950666187,,
95,1,0.4,0.06,0.1857089657612371,0.12475001820377452,0.020375984599204422,-0.1633345220512995,,
95,1,0.4,0.07,-0.27402204566563976,-0.12411024578654,-0.02642061911161775,-0.2128802416285531,,
95,1,0.4,0.08,-0.0946054294767362,-0.04817299163688405,-0.008142956928041123,-0.16903573249966897,,
95,1,0.4,0.09,0.3187369677269395,0.21071152827375306,0.024987370895839023,-0.1185856848960624,,
95,1,0.4,0.1,0.2406504117902037,0.16117494605825552,0.017024153315696733,-0.10562530797772673,,
95,1,0.5,0.0,-0.1658506106713721,-0.10325036493750508,-0.0395996973264483,-0.38353082190476545,,
95,1,0.5,0.01,-0.007493719100305922,-0.005216479591113983,-0.0016475793614660894,-0.3158412359693039,,
95,1,0.5,0.02,-0.15423489689643455,-0.14021777069983585,-0.031173119844976505,-0.222319322931676,,
95,1,0.5,0.03,-0.005507958617803142,-0.004872641627343866,-0.0010103280250063351,-0.20734708239913732,,
95,1,0.5,0.04,-0.012559688506471746,-0.008091305537267042,-0.0021225339198278625,-0.26232279946071346,,
95,1,0.5,0.05,0.05032943660471866,0.0328889474405373,0.007676906579991316,-0.23341904127126725,,
95,1,0.5,0.06,0.17213745371719963,0.11716854477780295,0.023608648157551926,-0.2014930560273074,,
95,1,0.5,0.07,-0.28475890615534954,-0.1322465636200219,-0.034319805272855386,-0.2595137773973843,,
95,1,0.5,0.08,-0.10513860713517763,-0.054550147972919204,-0.011311971655740383,-0.20736830377354945,,
95,1,0.5,0.09,0.30964608271810223,0.206653202012433,0.03034336419500816,-0.1468322963279446,,
95,1,0.5,0.1,0.23215198282224414,0.15703156464393986,0.020528694085273136,-0.1307297302413103,,
95,1,0.6,0.0,-0.18783020383986568,-0.12171974168104648,-0.053817245705982786,-0.44214065001062114,,
95,1,0.6,0.01,-0.029341859927592116,-0.02103602166957354,-0.007741369890700511,-0.36800541529663916,,
95,1,0.6,0.02,-0.17313998872469522,-0.16002382594140782,-0.041992937217809945,-0.26241678056857304,,
95,1,0.6,0.03,-0.02378601881711812,-0.02119298593173154,-0.0052356997752130985,-0.24704870715616634,,
95,1,0.6,0.04,-0.029382090228052143,-0.019258430216929294,-0.005958537883707704,-0.3093989394041991,,
95,1,0.6,0.05,0.03500639243578032,0.023258254712698104,0.006407561599609979,-0.27549623472442664,,
95,1,0.6,0.06,0.15846404836929187,0.10932678189788966,0.026080009081938194,-0.23855096280339352,,
95,1,0.6,0.07,-0.2953217346303686,-0.14062416474914027,-0.04271143429590274,-0.30372755900165344,,
95,1,0.6,0.08,-0.11560886507171979,-0.061118695978383035,-0.014926173064045312,-0.24421615718575743,,
95,1,0.6,0.09,0.30045227204256075,0.20245844648809805,0.03533091444442982,-0.17450946136004664,,
95,1,0.6,0.1,0.22359244276353787,0.15275615835030315,0.023726151126365336,-0.15532042297081144,,
95,1,0.7000000000000001,0.0,-0.20924166060419025,-0.14109912035490035,-0.06994408372845051,-0.4957088573799983,,
95,1,0.7000000000000001,0.01,-0.05100324613219963,-0.03766099712978489,-0.015699101127030435,-0.41685303957644054,,
95,1,0.7000000000000001,0.02,-0.19167426748571237,-0.18014805309291257,-0.05423622697890007,-0.3010647411822284,,
95,1,0.7000000000000001,0.03,-0.041958661305024514,-0.03768404555380897,-0.010775102009603077,-0.285932729653915,,
95,1,0.7000000000000001,0.04,-0.046114069896495365,-0.0307706510763684,-0.010910314255060172,-0.35456884639789765,,
95,1,0.7000000000000001,0.05,0.019694507854798215,0.0133084950248021,0.004205690943427376,-0.3160155175765199,,
95,1,0.7000000000000001,0.06,0.14470384579176923,0.10121932042350293,0.027784581170446687,-0.2744987918728919,,
95,1,0.7000000000000001,0.07,-0.305702774592703,-0.14924195181634858,-0.05158161257136329,-0.34562408185895105,,
95,1,0.7000000000000001,0.08,-0.1260093421265024,-0.06787911313769669,-0.01898046591510527,-0.27962159547668664,,
95,1,0.7000000000000001,0.09,0.2911603609698418,0.19812446176766368,0.03994463198858367,-0.2016138321951677,,
95,1,0.7000000000000001,0.1,0.2149755312039505,0.14834756531723317,0.026613745043899684,-0.17940129308484196,,
95,1,0.8,0.0,-0.23002153710521536,-0.1613524650102266,-0.08787458266022019,-0.5446125824892148,,
95,1,0.8,0.01,-0.07241725933985733,-0.05507659388052731,-0.025474812771653643,-0.4625342813848267,,
95,1,0.8,0.02,-0.20979719705985217,-0.20056266107018453,-0.06784491238947998,-0.3382728969962084,,
95,1,0.8,0.03,-0.059990167719628625,-0.05435467946609043,-0.01760644968567915,-0.323917827473586,,
95,1,0.8,0.04,-0.06272774044353728,-0.042636396430214864,-0.016961153995112,-0.397809275999044,,
95,1,0.8,0.05,0.004414835942285222,0.0030352696473567764,0.0010774540032656432,-0.35497801791808825,,
95,1,0.8,0.06,0.13087210929142196,0.09284113600905075,0.02871857125967603,-0.30933024405126147,,
95,1,0.8,0.07,-0.3158945738308206,-0.1580983294535406,-0.060915757302205,-0.3853029789293627,,
95,1,0.8,0.08,-0.13633327935853667,-0.07483162901465067,-0.023469182008166944,-0.3136265014833782,,
95,1,0.8,0.09,0.2817752745426289,0.19364851320688153,0.04417952109217138,-0.22814283652657247,,
95,1,0.8,0.1,0.20630503388617466,0.14380469585418662,0.02918896751974076,-0.20297645599374198,,
95,1,0.9,0.0,-0.25011086301078583,-0.18243674303030855,-0.10749291775136227,-0.5892065160004762,,
95,1,0.9,0.01,-0.09352498340390886,-0.07326347300423791,-0.037012556072005265,-0.5051979459104304,,
95,1,0.9,0.02,-0.22747034147668346,-0.22123837299750307,-0.0827551264058306,-0.3740541267077777,,
95,1,0.9,0.03,-0.07784549041902705,-0.07121201743784857,-0.025702637744169254,-0.3609311836531193,,
95,1,0.9,0.04,-0.07919568425454485,-0.0548628664745021,-0.024090720632580886,-0.4391079464245131,,
95,1,0.9,0.05,-0.010811705754678495,-0.007565075966938493,-0.002968458007221786,-0.39238971560824787,,
95,1,0.9,0.06,0.11698423236811192,0.08418761960961668,0.02887989301674776,-0.3430420428878456,,
95,1,0.9,0.07,-0.3258899957501992,-0.16719119208774968,-0.07069863563512324,-0.4228610057282044,,
95,1,0.9,0.08,-0.14657402953054208,-0.08188689335434264,-0.028386093014278746,-0.3466500174996976,,
95,1,0.9,0.09,0.27230203192946617,0.18902793724402517,0.04803098872113809,-0.25409465617313803,,
95,1,0.9,0.1,0.1975847791386652,0.1391265353864681,0.03144958482611537,-0.22605022642700165,,
95,1,1.0,0.0,-0.2694554976342968,-0.20430211441995952,-0.12867430642638567,-0.6298236647805084,,
95,1,1.0,0.01,-0.11426955974035966,-0.0921977259095877,-0.05024692432475808,-0.544990929321098,,
95,1,1.0,0.02,-0.244657540773998,-0.24035211507761542,-0.0988977072373739,-0.41147009338959833,,
95,1,1.0,0.03,-0.09549040213872158,-0.08826144891867176,-0.03503171904307267,-0.39690849711013176,,
95,1,1.0,0.04,-0.09549105246955918,-0.06745593853063588,-0.03227516316224932,-0.4784628880019391,,
95,1,1.0,0.05,-0.025964397955560627,-0.018495401665454814,-0.007920861863646156,-0.42826114333275156,,
95,1,1.0,0.06,0.10305570125709064,0.07525460839212415,0.028268174520642786,-0.3756338000371712,,
95,1,1.0,0.07,-0.33568222986031687,-0.1765179134925508,-0.08091440522726934,-0.4583920330028374,,
95,1,1.0,0.08,-0.15672506633858868,-0.08911451357384952,-0.03372442448066204,-0.3784391916442936,,
95,1,1.0,0.09,0.26274574062036965,0.18426014734187196,0.05149485262882636,-0.27946820499000263,,
95,1,1.0,0.1,0.18881863425286563,0.13431214738384517,0.03339364095067077,-0.2486271093204731,,
101,1,0.1,0.0,0.2951845990349976,0.2253348004802239,0.014090389083692978,-0.0625309053624391,,
101,1,0.1,0.01,0.18922236536864848,0.16213605919265972,0.008340366452892711,-0.05144054008974149,,
101,1,0.1,0.02,-0.07021682179873792,-0.05340812759931828,-0.0028445026329632084,-0.05325973331818351,,
101,1,0.1,0.03,-0.20273808587591577,-0.11989624047050401,-0.007592554254514994,-0.06332604112288957,,
101,1,0.1,0.04,0.42172436363372506,0.34381261547683667,0.01442430501217018,-0.04195397249215241,,
101,1,0.1,0.05,0.2538776487778764,0.19881946957201294,0.007866895644588867,-0.039568034566853406,,
101,1,0.1,0.06,0.28692779166437193,0.22801401217288944,0.007909819028171006,-0.0346900567767452,,
101,1,0.1,0.07,-0.28580846238847984,-0.11127518449318663,-0.0071741728106237135,-0.0644723515247282,,
101,1,0.1,0.08,0.2336274007671069,0.11670270475286124,0.005165444438405498,-0.04426156573957944,,
101,1,0.1,0.09,0.7848875732765052,0.645223826569183,0.015254055050966109,-0.023641493731060347,,
101,1,0.1,0.1,0.3126224920762509,0.2838385551743495,0.005454827749076463,-0.019218064810560365,,
101,1,0.2,0.0,0.272759439731004,0.21418655642279938,0.026039885851932842,-0.12157572485796309,,
101,1,0.2,0.01,0.1676354589636261,0.1469480421202743,0.014777757962507243,-0.10056451075688315,,
101,1,0.2,0.02,-0.09023368483852043,-0.06909133882347349,-0.00731078244585992,-0.10581329831426155,,
101,1,0.2,0.03,-0.22039384384483288,-0.13297097092668322,-0.01650752703443359,-0.12414384071494383,,
101,1,0.2,0.04,0.4071832868960208,0.3364330404368524,0.027853908536084937,-0.0827918342975979,,
101,1,0.2,0.05,0.2391507415730238,0.18922742385242614,0.014821107224977315,-0.0783243090416743,,
101,1,0.2,0.06,0.27406903551019285,0.2198962614247652,0.015110676170726478,-0.06871729456799523,,
101,1,0.2,0.07,-0.29715025346478907,-0.11894091427151539,-0.014917733724618798,-0.12542138099396952,,
101,1,0.2,0.08,0.22306520710387837,0.11346206656357509,0.009863833862408189,-0.08693508025328697,,
101,1,0.2,0.09,0.7808676112275516,0.6479516802323539,0.030351856583631376,-0.04684277780211523,,
101,1,0.2,0.1,0.30466172876974107,0.2787448965229855,0.010631846999475947,-0.0381418534728195,,
101,1,0.30000000000000004,0.0,0.24978300745034404,0.20174761667634336,0.035769546646162054,-0.1772984842916181,,
101,1,0.30000000000000004,0.01,0.1457727521729306,0.13072115530124778,0.019275705114460973,-0.14745666124232135,,
101,1,0.30000000000000004,0.02,-0.1100670836240785,-0.08495361860214584,-0.013376542877517439,-0.15745701122117428,,
101,1,0.30000000000000004,0.03,-0.23772113778712783,-0.14641334237966735,-0.026708015343478442,-0.18241517411863567,,
101,1,0.30000000000000004,0.04,0.3922089664503259,0.3285103320588678,0.0402443556628449,-0.12250560099775876,,
101,1,0.30000000000000004,0.05,0.22421471292643602,0.17931205708261033,0.020843194630146167,-0.11623978314265593,,
101,1,0.30000000000000004,0.06,0.26101812130206814,0.2114965167848489,0.02158667960252081,-0.10206635991305946,,
101,1,0.30000000000000004,0.07,-0.3083044443867338,-0.12687220916621708,-0.02321655570128678,-0.18299165635927755,,
101,1,0.30000000000000004,0.08,0.21240080797734254,0.11001575217695295,0.014088389058949824,-0.12805792607125566,,
101,1,0.30000000000000004,0.09,0.7766161377618103,0.6504914028648375,0.04527990653273073,-0.06960877012872563,,
101,1,0.30000000000000004,0.1,0.2966162304825676,0.27348009641253823,0.015526622228462017,-0.05677423122244508,,
101,1,0.4,0.0,0.2263304552375262,0.1880067553923129,0.04321477727783485,-0.22985757712619823,,
101,1,0.4,0.01,0.12369705490116259,0.11346950995992627,0.021808812399302546,-0.19219975839328737,,
101,1,0.4,0.02,-0.12966967217989245,-0.10101587961448341,-0.021011815373153775,-0.20800507260188378,,
101,1,0.4,0.03,-0.2546867541400448,-0.1602243982265238,-0.0381521407851928,-0.23811692356150188,,
101,1,0.4,0.04,0.3768238919549691,0.32003416250739747,0.05155426835289312,-0.1610898909946886,,
101,1,0.4,0.05,0.20909004462339087,0.16906838434133367,0.025916256421829376,-0.15328860285023374,,
101,1,0.4,0.06,0.24778889849955446,0.20281125736473443,0.027323464666175523,-0.1347236096319702,,
101,1,0.4,0.07,-0.3192619728934458,-0.135070301974527,-0.032055601800691336,-0.2373253137964904,,
101,1,0.4,0.08,0.20164151604590677,0.10635910421859741,0.017832977539296024,-0.1676676168938422,,
101,1,0.4,0.09,0.7721330812303957,0.6528367895427875,0.060024701263100555,-0.09194442198200671,,
101,1,0.4,0.1,0.2884892672960203,0.2680439767702453,0.020134946146782573,-0.0751180697637586,,
101,1,0.5,0.0,0.20247991846735303,0.17296005389660152,0.04832604482358471,-0.2794058150124933,,
101,1,0.5,0.01,0.10147225541827627,0.09521250450044592,0.022362995868409508,-0.23487456805954277,,
101,1,0.5,0.02,-0.14899531454631126,-0.11729634587287768,-0.030179204474744648,-0.2572902356860458,,
101,1,0.5,0.03,-0.27125899697629785,-0.17440356579331012,-0.050793333740666524,-0.2912402249897971,,
101,1,0.5,0.04,0.36105188673071253,0.3109952888064242,0.061745573513349195,-0.1985418292036639,,
101,1,0.5,0.05,0.19379772277314716,0.15849203969534514,0.030026007971840185,-0.18944805070056803,,
101,1,0.5,0.06,0.23439559600499915,0.19383736710412441,0.032308246173109234,-0.16667707911939436,,
101,1,0.5,0.07,-0.3300141315420534,-0.14353586027769458,-0.041418969715678156,-0.288561824449626,,
101,1,0.5,0.08,0.19079477413191162,0.10248761040213211,0.021092127928499238,-0.2058017339436421,,
101,1,0.5,0.09,0.7674185697953557,0.654981666391916,0.07457275098600702,-0.11385471504386434,,
101,1,0.5,0.1,0.2802841761316787,0.26243647361775846,0.024452845530020362,-0.09317624639948559,,
101,1,0.6,0.0,0.17831193900521233,0.15661120512063217,0.05106942449704066,-0.3260904892322593,,
101,1,0.6,0.01,0.07916291178367121,0.0759748323023135,0.020935612736925346,-0.2755598413645704,,
101,1,0.6,0.02,-0.1679993237080385,-0.13381054515188434,-0.040834190985739816,-0.3051642225909038,,
101,1,0.6,0.03,-0.28740781697258416,-0.1889485663812294,-0.06458064652553641,-0.34178955555151547,,
101,1,0.6,0.04,0.344918027312138,0.3013856309973277,0.07078371456576371,-0.2348609465273125,,
101,1,0.6,0.05,0.17835917381842453,0.14757931090712478,0.03316084770216854,-0.22469848584018298,,
101,1,0.6,0.06,0.22085278865473382,0.18457215504416993,0.03652986516208756,-0.19791644711167622,,
101,1,0.6,0.07,-0.3405525824632234,-0.1522689575769335,-0.05128993852619723,-0.3368377858650744,,
101,1,0.6,0.08,0.17986814408639223,0.09839691937083671,0.02386104287767732,-0.24249786507797272,,
101,1,0.6,0.09,0.7624729334891982,0.6569198991136203,0.08891059941563229,-0.13534465851255084,,
101,1,0.6,0.1,0.2720043578029461,0.25665763864899305,0.028476586741263743,-0.11095164317399703,,
101,1,0.7000000000000001,0.0,0.15390886417874414,0.1389717465916408,0.05142697318078748,-0.3700534420992938,,
101,1,0.7000000000000001,0.01,0.056833837901971836,0.055786443088450044,0.01753548127739979,-0.3143323056033001,,
101,1,0.7000000000000001,0.02,-0.1866386884671846,-0.1505712839176798,-0.05292548979154654,-0.3514978979689243,,
101,1,0.7000000000000001,0.03,-0.3031049292235675,-0.20385533074333434,-0.07945909260209583,-0.3897817747142429,,
101,1,0.7000000000000001,0.04,0.32844855619089475,0.29119834857181065,0.07863784487427372,-0.27004907569000625,,
101,1,0.7000000000000001,0.05,0.16279619858859837,0.1363271739367523,0.035311911003514496,-0.2590232745519768,,
101,1,0.7000000000000001,0.06,0.20717536248905116,0.17501337536111253,0.039978829879633526,-0.22843299717603588,,
101,1,0.7000000000000001,0.07,-0.35086937103923305,-0.16126904615794443,-0.06165101748660606,-0.3822867373210976,,
101,1,0.7000000000000001,0.08,0.16886929538697545,0.09408285675038547,0.026135610457805658,-0.2777935466728754,,
101,1,0.7000000000000001,0.09,0.7572967059949347,0.6586454016733498,0.1030248436276966,-0.15641928625927154,,
101,1,0.7000000000000001,0.1,0.2636532739828019,0.250707640692351,0.03220268093486456,-0.12844714603006932,,
101,1,0.8,0.0,0.12935422759193047,0.12006121607306312,0.049396923886934285,-0.41143114739795605,,
101,1,0.8,0.01,0.03454968836015129,0.03468245699046693,0.012182790811033684,-0.35126665952133473,,
101,1,0.8,0.02,-0.20487228647220948,-0.16758860888654423,-0.06639545833751959,-0.39618121290372804,,
101,1,0.8,0.03,-0.3183239192010092,-0.21911792178655648,-0.09537000871253165,-0.4352451316393549,,
101,1,0.8,0.04,0.3116707882177955,0.28042791459148814,0.08528100153192031,-0.30411024400389297,,
101,1,0.8,0.05,0.14713090470772044,0.12473332698399495,0.036473111485045395,-0.29240871198541357,,
101,1,0.8,0.06,0.19337847892739757,0.1651592470495906,0.04264735077452242,-0.2582195761749698,,
101,1,0.8,0.07,-0.3609569384750069,-0.170534931989793,-0.07248399665069538,-0.4250389981979396,,
101,1,0.8,0.08,0.15780599349370006,0.08954144135622959,0.027912413998105068,-0.3117262082822519,,
101,1,0.8,0.09,0.7518906261389554,0.660152145137759,0.1169021540809998,-0.1770836540364569,,
101,1,0.8,0.1,0.2552344440895339,0.24458676705101684,0.03562788893129576,-0.14566564397927692,,
101,1,0.9,0.0,0.10473211907648416,0.09990722496066956,0.0449936982130672,-0.4503547989725453,,
101,1,0.9,0.01,0.01237454620929549,0.012703031031428686,0.004908903072077919,-0.3864355727332128,,
101,1,0.9,0.02,-0.22266108176663577,-0.18486975929607444,-0.08118055124214041,-0.43912293471495967,,
101,1,0.9,0.03,-0.33304033626352575,-0.2347284663582897,-0.11225143662515025,-0.47821825092918036,,
101,1,0.9,0.04,0.29461301118382244,0.26751321104453124,0.09069025814700571,-0.3390122595923275,,
101,1,0.9,0.05,0.1313856376848004,0.1127962238087321,0.03664116928984029,-0.32484393583931065,,
101,1,0.9,0.06,0.17947753798268645,0.15500847314296476,0.044529369328321966,-0.2872705499605328,,
101,1,0.9,0.07,-0.3708081332324136,-0.18006475196141297,-0.08376999913321004,-0.46522152848194054,,
101,1,0.9,0.08,0.14668608798968835,0.08476890149607452,0.029188740336917984,-0.34433312006844463,,
101,1,0.9,0.09,0.7462556390903967,0.6614341666465899,0.13052929476170627,-0.19734283673835254,,
101,1,0.9,0.1,0.24675144209558927,0.23829542471831697,0.038749225753898164,-0.1626100282861186,,
101,1,1.0,0.0,0.08012655121903897,0.07854544568591987,0.03824773671463988,-0.4869504066165889,,
101,1,1.0,0.01,-0.009628482197731264,-0.010106821644553562,-0.004243952333952694,-0.4199096890405409,,
101,1,1.0,0.02,-0.23996830539226793,-0.2024191139709811,-0.09721181606204432,-0.480250180701713,,
101,1,1.0,0.03,-0.3472317742352164,-0.2506770980120912,-0.13003852104956515,-0.5187491082384114,,
101,1,1.0,0.04,0.2773043811439796,0.25341918300178573,0.09484685542867655,-0.37426864969416385,,
101,1,1.0,0.05,0.11558291102213336,0.10051510605525968,0.03581562629424195,-0.35632083275673787,,
101,1,1.0,0.06,0.16548814065453218,0.14454697956131324,0.045620580575095104,-0.3156107496230593,,
101,1,1.0,0.07,-0.3804162213027364,-0.18985595375428663,-0.09548953480183275,-0.5029578104535832,,
101,1,1.0,0.08,0.1355175005355811,0.07976169130508033,0.029962586458167184,-0.3756513429932591,,
101,1,1.0,0.09,0.7403928972630212,0.6624855785066817,0.1438931434096702,-0.21720192571440092,,
101,1,1.0,0.1,0.23820789326438752,0.2318341414650337,0.04156396481897073,-0.17928319166588155,,
107,1,0.1,0.0,-0.2776272862764805,-0.1487982665964034,-0.013256615342607025,-0.08909119471508313,,
107,1,0.1,0.01,0.05819532106745497,0.04127585946265218,0.0025781659198731433,-0.062461834918445654,,
107,1,0.1,0.02,0.32560962281355876,0.304148577582019,0.013177718608116562,-0.043326583056476596,,
107,1,0.1,0.03,0.07135913798983147,0.05810404167020214,0.002657736429370283,-0.04574099069485672,,
107,1,0.1,0.04,0.17945615936144704,0.12774602980741198,0.006180929296936366,-0.048384511880757805,,
107,1,0.1,0.05,0.24193587712167416,0.158171134701067,0.007679456774812854,-0.04855156909208826,,
107,1,0.1,0.06,-0.28253621209971447,-0.1202515752485744,-0.008029814106043753,-0.06677512614238247,,
107,1,0.1,0.07,-0.31547678775168914,-0.1265055859008362,-0.007942458546667308,-0.06278346122117608,,
107,1,0.1,0.08,0.01232494020266989,0.005625558790760365,0.00028035176458662825,-0.04983536303044043,,
107,1,0.1,0.09,0.4771958459870997,0.2956361190790773,0.00964510879190228,-0.03262493372578196,,
107,1,0.1,0.1,0.3300077164885373,0.18349756795911099,0.006099806601215896,-0.03324189344337863,,
107,1,0.2,0.0,-0.29900258007119923,-0.16704004740734335,-0.02855455775700344,-0.17094438250110397,,
107,1,0.2,0.01,0.036034173311020795,0.026261705927760993,0.0031927679365697514,-0.12157503954054666,,
107,1,0.2,0.02,0.30700634071379623,0.2901581150144952,0.02484965360590996,-0.08564176674730799,,
107,1,0.2,0.03,0.05275166763641879,0.043576818718684386,0.003929420470502931,-0.09017226557702153,,
107,1,0.2,0.04,0.1625928313979548,0.11704914592668052,0.011200226268470503,-0.09568823573891189,,
107,1,0.2,0.05,0.22676265815619998,0.15017092125590617,0.014395665927434242,-0.09586187397027816,,
107,1,0.2,0.06,-0.2953788158727845,-0.12921616705928043,-0.016789614079519843,-0.12993431442535577,,
107,1,0.2,0.07,-0.32660981150267643,-0.13470672206664389,-0.016445488159570254,-0.12208364888750041,,
107,1,0.2,0.08,0.0009501029553152863,0.0004425926669087247,4.3223421076543644e-05,-0.0976595960760858,,
107,1,0.2,0.09,0.46920429176771716,0.29427722919030314,0.018967166113384115,-0.06445339371167734,,
107,1,0.2,0.1,0.32166861297956006,0.18124552382512044,0.011891336055621204,-0.06560899163002158,,
107,1,0.30000000000000004,0.0,-0.3196727708727711,-0.1860901041928892,-0.04579282190669187,-0.24607875902539092,,
107,1,0.30000000000000004,0.01,0.013849571145786353,0.01037130196169245,0.0018406888222957107,-0.17747905027685995,,
107,1,0.30000000000000004,0.02,0.28794735685687983,0.27547007181997246,0.034960476995333556,-0.12691206984612552,,
107,1,0.30000000000000004,0.03,0.034099982372688346,0.02858715869193184,0.0038101118348301544,-0.13328053605780288,,
107,1,0.30000000000000004,0.04,0.14556150059653503,0.10598408592617353,0.015040531571797855,-0.1419131130901558,,
107,1,0.30000000000000004,0.05,0.2113822516642737,0.1418734368340835,0.02012889800302764,-0.14187925838836027,,
107,1,0.30000000000000004,0.06,-0.3079811073934443,-0.13849294391018205,-0.026258910553420223,-0.18960468174068223,,
107,1,0.30000000000000004,0.07,-0.33753835982797603,-0.1431733563463696,-0.02549364518971098,-0.17806137845952238,,
107,1,0.30000000000000004,0.08,-0.010419859896874628,-0.004954188900071742,-0.0007110524012606811,-0.1435254923869343,,
107,1,0.30000000000000004,0.09,0.4610417525830716,0.2927493831009963,0.027955804091764236,-0.09549398121914981,,
107,1,0.30000000000000004,0.1,0.31323078054446735,0.17885055735934585,0.01736911369709304,-0.0971152338216933,,
107,1,0.4,0.0,-0.3395782072467274,-0.2059128895385482,-0.06485900910645925,-0.3149827543667063,,
107,1,0.4,0.01,-0.008293570927761505,-0.006381327024214624,-0.0014696852961921802,-0.2303102929242308,,
107,1,0.4,0.02,0.2684763727998465,0.2600822515882007,0.04346193534593357,-0.16710842466385864,,
107,1,0.4,0.03,0.015442602662525123,0.013142098274999466,0.002300608937643389,-0.17505643996133355,,
107,1,0.4,0.04,0.12839186673669706,0.09461309342465193,0.017688577609706435,-0.18695697360105112,,
107,1,0.4,0.05,0.19581692212785604,0.13326728554141248,0.024862250397058583,-0.18655929169753144,,
107,1,0.4,0.06,-0.32032991792297244,-0.14808291240941426,-0.03641571711335789,-0.2459143767558882,,
107,1,0.4,0.07,-0.34825373256376685,-0.15190484412308833,-0.03507060984514632,-0.23087222825315984,,
107,1,0.4,0.08,-0.021776350177818985,-0.010568039204449297,-0.0019813607524961085,-0.18748612814209914,,
107,1,0.4,0.09,0.45271205255837044,0.29104825348279567,0.036600964028080885,-0.1257556559439874,,
107,1,0.4,0.1,0.3046980422519758,0.1763099347118911,0.022527947519320746,-0.1277746915177172,,
107,1,0.5,0.0,-0.3586643220049218,-0.2264667646519739,-0.08563054117816715,-0.3781152669786277,,
107,1,0.5,0.01,-0.03033072668405958,-0.02397752298580218,-0.006718550944257995,-0.2802020437322176,,
107,1,0.5,0.02,0.24863897540817745,0.24399489658646,0.050313231295616045,-0.20620608053491588,,
107,1,0.5,0.03,-0.0031819916674642465,-0.0027497638313341887,-0.0005925586694851548,-0.21549438636613552,,
107,1,0.5,0.04,0.11111406921867968,0.08292469318040052,0.01913526423889067,-0.23075471858861626,,
107,1,0.5,0.05,0.1800894515925016,0.12434158147410028,0.028581729497044295,-0.2298646129331862,,
107,1,0.5,0.06,-0.33241266870875785,-0.15798626108710978,-0.04723663413600232,-0.2989920377314151,,
107,1,0.5,0.07,-0.3587476119442948,-0.16089994352781925,-0.04515923432734703,-0.280666564183965,,
107,1,0.5,0.08,-0.03311079351377077,-0.016401974351956113,-0.0037658070691646284,-0.2295947419717502,,
107,1,0.5,0.09,0.44421919699552054,0.2891695691486845,0.04489291470685908,-0.155247714477785,,
107,1,0.5,0.1,0.29607430729387274,0.17362098248491148,0.027362936135227,-0.15760155105449294,,
107,1,0.6,0.0,-0.37688194821078225,-0.2477041868147884,-0.10797596484144878,-0.4359069026240715,,
107,1,0.6,0.01,-0.052198173170366145,-0.04239397743864678,-0.013874883617343015,-0.32728430913147893,,
107,1,0.6,0.02,0.22848240135996728,0.22721077566563877,0.05548134786702663,-0.24418449215046234,,
107,1,0.6,0.03,-0.021735536309050806,-0.01907824857514301,-0.004857176946450492,-0.2545923923424969,,
107,1,0.6,0.04,0.09375857049286694,0.07090836963255938,0.01937571038833008,-0.27324997724151917,,
107,1,0.6,0.05,0.16422306634932082,0.11508600689459837,0.0312763188608669,-0.2717647410385117,,
107,1,0.6,0.06,-0.3442173984221048,-0.1682023157169183,-0.05869693730628789,-0.3489662853695419,,
107,1,0.6,0.07,-0.36901207627882604,-0.17015679723440844,-0.055741593033546755,-0.3275895758472522,,
107,1,0.6,0.08,-0.044414653391723895,-0.02245875522376683,-0.006061721800082687,-0.26990462025553,,
107,1,0.6,0.09,0.4355673683305309,0.2871091234000768,0.05282227021562269,-0.18397976905114455,,
107,1,0.6,0.1,0.2873635671212366,0.17078109317504347,0.03186947630788417,-0.1866100966763299,,
107,1,0.7000000000000001,0.0,-0.39418757745308874,-0.26957197939524485,-0.1317563273426947,-0.4887612118970064,,
107,1,0.7000000000000001,0.01,-0.07383339696485376,-0.06160275595387112,-0.0228967416998741,-0.37168372332269445,,
107,1,0.7000000000000001,0.02,0.20805528898876485,0.20973526142127286,0.05894131201263453,-0.28102719405987436,,
107,1,0.7000000000000001,0.03,-0.04018015557700976,-0.03583158574153065,-0.010475432629385328,-0.29235191277743994,,
107,1,0.7000000000000001,0.04,0.07635603780771345,0.05855463353790571,0.018409281182329096,-0.31439495168920717,,
107,1,0.7000000000000001,0.05,0.14824136154861195,0.10549087337566743,0.032938032972084086,-0.3122358543263477,,
107,1,0.7000000000000001,0.06,-0.3557327882703706,-0.17872949750855396,-0.0707706703507196,-0.3959652510483477,,
107,1,0.7000000000000001,0.07,-0.379039612479792,-0.1796729165066208,-0.06679903462262349,-0.37178132309196416,,
107,1,0.7000000000000001,0.08,-0.05567944511756643,-0.028740869497349154,-0.008865666934897432,-0.30846898823694724,,
107,1,0.7000000000000001,0.09,0.42676092177755176,0.28486278255781605,0.06038000722981529,-0.21196172658167622,,
107,1,0.7000000000000001,0.1,0.2785698914604437,0.16778773068198302,0.036043270037372066,-0.2148146940832449,,
107,1,0.8,0.0,-0.41054355857410285,-0.29201168320069393,-0.15682660333269982,-0.5370559205499869,,
107,1,0.8,0.01,-0.09517548764790641,-0.08157136623765673,-0.03373167384047504,-0.4135234629048434,,
107,1,0.8,0.02,0.18740741950084908,0.19157639533091517,0.06067639446072559,-0.3167216626866665,,
107,1,0.8,0.03,-0.05847853251743482,-0.05299641115946822,-0.017424036285847322,-0.32877766446142426,,
107,1,0.8,0.04,0.058937223989648006,0.045855091629950454,0.016239590359403477,-0.3541502106343305,,
107,1,0.8,0.05,0.13216822412379825,0.09554718552271403,0.03356195620881919,-0.35126054237192206,,
107,1,0.8,0.06,-0.36694818470973956,-0.18956528475401202,-0.08343074150734375,-0.44011614054549614,,
107,1,0.8,0.07,-0.38882312741659397,-0.18944516770681924,-0.07831223573691415,-0.413376792265867,,
107,1,0.8,0.08,-0.06689674964247305,-0.03525051381953578,-0.012173444413670742,-0.3453409069720918,,
107,1,0.8,0.09,0.4178043806632747,0.28242649465963465,0.0675574817193958,-0.239203768048789,,
107,1,0.8,0.1,0.2696974242130967,0.1646384358712224,0.03988033118863421,-0.24222977446061245,,
107,1,0.9,0.0,-0.4259182358957447,-0.31495998624272104,-0.18303715267900078,-0.5811441474281271,,
107,1,0.9,0.01,-0.11616551461682557,-0.10226287051544096,-0.04631722427516638,-0.45292317770576185,,
107,1,0.9,0.02,0.16658944972170017,0.17274493963409046,0.06067824363696661,-0.35125916721783973,,
107,1,0.9,0.03,-0.07659407482721886,-0.07055777237909092,-0.02567438197951588,-0.3638774455856294,,
107,1,0.9,0.04,0.04153284797853467,0.03280251850284911,0.012874477977922849,-0.3924844361204954,,
107,1,0.9,0.05,0.11602775441824316,0.08524670683003581,0.03314626676294252,-0.38882753358471994,,
107,1,0.9,0.06,-0.37785361969186654,-0.2007061785111851,-0.09664902323796876,-0.4815448331232246,,
107,1,0.9,0.07,-0.3983559580702246,-0.1994697614635057,-0.09026125616737657,-0.45250596133033655,,
107,1,0.9,0.08,-0.07805822722217254,-0.04198957622977467,-0.015980106389278492,-0.3805731761100044,,
107,1,0.9,0.09,0.40870243146012936,0.2797962983081576,0.07434644503483478,-0.2657163282158661,,
107,1,0.9,0.1,0.26075037924635214,0.16133083217963518,0.04337699164639153,-0.2688698189946299,,
107,1,1.0,0.0,-0.4402860268466066,-0.33834922728116046,-0.21023518894384252,-0.6213556053702523,,
107,1,1.0,0.01,-0.13674688360489223,-0.12363604234724407,-0.060581529320946625,-0.48999893696691943,,
107,1,1.0,0.02,0.1456526386179364,0.1532544147791213,0.05894695217087831,-0.38463461072776206,,
107,1,1.0,0.03,-0.09449107543243809,-0.08849914322150365,-0.035192742023166246,-0.39766195176695296,,
107,1,1.0,0.04,0.024173475844168638,0.01939092984995777,0.008325963599447483,-0.4293741282069367,,
107,1,1.0,0.05,0.09984418691646811,0.07458202716901863,0.031692245348784676,-0.4249314017298478,,
107,1,1.0,0.06,-0.38843982839041424,-0.2121476729029457,-0.11039645467667525,-0.5203755156304728,,
107,1,1.0,0.07,-0.40763188046840426,-0.20974224468144884,-0.1026255952456524,-0.48929387306556926,,
107,1,1.0,0.08,-0.08915563087401454,-0.0489596189354555,-0.020279967308035718,-0.4142182424820591,,
107,1,1.0,0.09,0.39945991852660007,0.2769683316516852,0.08073905933157755,-0.29151007571910714,,
107,1,1.0,0.1,0.2517330360810608,0.15786263125246403,0.046529906984302594,-0.29474934387663276,,
113,1,0.1,0.0,-0.14115879574062393,-0.08350366407531185,-0.006742844484217025,-0.08074908519146733,,
113,1,0.1,0.01,-0.12309280959900817,-0.08656933265036099,-0.00544085077039691,-0.06284963281825902,,
113,1,0.1,0.02,-0.36458685993363027,-0.19376079502246535,-0.014868338765059108,-0.0767355375649404,,
113,1,0.1,0.03,0.15775824864039212,0.17350361897660738,0.00596888027903808,-0.03440205059839607,,
113,1,0.1,0.04,0.3462186722963115,0.3113408120350878,0.012017407948621717,-0.03859888419404317,,
113,1,0.1,0.05,0.2605848736431002,0.1718117018559426,0.008374758391864301,-0.048743818386050373,,
113,1,0.1,0.06,-0.16721195816868817,-0.08293257131070918,-0.004885138088542851,-0.058904939414461725,,
113,1,0.1,0.07,-0.37398605828836495,-0.1412147816504501,-0.009781054441097559,-0.06926367287320295,,
113,1,0.1,0.08,0.20414141513466733,0.10297447002074799,0.0048537824473822155,-0.04713578468919765,,
113,1,0.1,0.09,0.13564781839203816,0.07262328672642888,0.002927666539225271,-0.04031305482294899,,
113,1,0.1,0.1,0.3203676320796991,0.17206089705014552,0.006114517005567421,-0.035536935529200474,,
113,1,0.2,0.0,-0.1642105853432365,-0.10045379523204773,-0.015687955310503376,-0.15617085720120663,,
113,1,0.2,0.01,-0.14459183777351958,-0.1045115231721427,-0.012782267534650504,-0.12230486310678503,,
113,1,0.2,0.02,-0.3816448463060428,-0.20790789082784075,-0.031127972433510842,-0.1497200145197304,,
113,1,0.2,0.03,0.1391047338986918,0.15511747082422325,0.010526226172571151,-0.06785970733431639,,
113,1,0.2,0.04,0.33054227850969653,0.29962762947967975,0.022946546347553998,-0.07658354600809668,,
113,1,0.2,0.05,0.24535232694278403,0.16403137375232893,0.01577042005777929,-0.09614270548993302,,
113,1,0.2,0.06,-0.18126057188619957,-0.0918939282673933,-0.010591143520716773,-0.11525400775009446,,
113,1,0.2,0.07,-0.384976075267537,-0.1499895826632633,-0.02013696429190659,-0.1342557525285968,,
113,1,0.2,0.08,0.19263652374695595,0.0990822784342094,0.00916047120640262,-0.0924531747873074,,
113,1,0.2,0.09,0.12499577047385912,0.06800869292449299,0.005395529970166901,-0.07933588690136005,,
113,1,0.2,0.1,0.3116953957399151,0.1698249049188696,0.011897998467801818,-0.07006038645206865,,
113,1,0.30000000000000004,0.0,-0.18683649815469186,-0.11820991710240786,-0.02677430289248839,-0.22649794153305444,,
113,1,0.30000000000000004,0.01,-0.16576724697801176,-0.12309618431823592,-0.021981337245408628,-0.17857041927945635,,
113,1,0.30000000000000004,0.02,-0.39807539738795245,-0.22248713323793343,-0.048702138059586564,-0.21889867225491755,,
113,1,0.30000000000000004,0.03,0.1202830182652467,0.1360001233809091,0.013652945728305665,-0.10038921575141883,,
113,1,0.30000000000000004,0.04,0.3145032329313001,0.2875103701155268,0.03274965176974454,-0.1139077235947529,,
113,1,0.30000000000000004,0.05,0.22989048371885978,0.15571795418997386,0.022164877386986914,-0.14233989588603285,,
113,1,0.30000000000000004,0.06,-0.1951441418776712,-0.1011518802908684,-0.01710355091854554,-0.16908781991361146,,
113,1,0.30000000000000004,0.07,-0.3957112554948676,-0.15905702374413938,-0.03104773491288282,-0.19519876697068403,,
113,1,0.30000000000000004,0.08,0.18102987905087314,0.0949473467128748,0.012912808243381813,-0.13599967445568276,,
113,1,0.30000000000000004,0.09,0.11429110847138521,0.06319896345794047,0.007400183607131572,-0.11709343321835437,,
113,1,0.30000000000000004,0.1,0.3029201253998196,0.16743642913274653,0.017344544884843716,-0.10358883651951666,,
113,1,0.4,0.0,-0.20896400222161388,-0.136752925529171,-0.03992699887774476,-0.2919644952621351,,
113,1,0.4,0.01,-0.18656017346589296,-0.14184091606867005,-0.03298473946070246,-0.23254742266845918,,
113,1,0.4,0.02,-0.4138471900336319,-0.23749972813592293,-0.06750896309875754,-0.28424859105574063,,
113,1,0.4,0.03,0.1013329809292031,0.11617558943988579,0.015335982408455795,-0.1320069257439945,,
113,1,0.4,0.04,0.2981280022183988,0.27498138709921643,0.04139263546709948,-0.1505288627123135,,
113,1,0.4,0.05,0.2142221365214219,0.14709566343852834,0.027538952825221008,-0.1872179789768555,,
113,1,0.4,0.06,-0.20884606714919537,-0.11070868408501225,-0.02440595489572972,-0.22045203677959532,,
113,1,0.4,0.07,-0.40618301768819837,-0.16841596534456219,-0.0424924739413064,-0.25230668514336546,,
113,1,0.4,0.08,0.16933084111920016,0.09056446601902693,0.016104425726306548,-0.17782278673098043,,
113,1,0.4,0.09,0.10354101831352001,0.05819143494062428,0.008938841135733178,-0.15361094196858932,,
113,1,0.4,0.1,0.2940460919283263,0.16489232577302643,0.022448582809003748,-0.13614085861038872,,
113,1,0.5,0.0,-0.23052407597059832,-0.1560583514811948,-0.05505813456335118,-0.3528047941092454,,
113,1,0.5,0.01,-0.20691407067200268,-0.1611106947334109,-0.04572925845502829,-0.2838375101708566,,
113,1,0.5,0.02,-0.42893198888363593,-0.2529441494897792,-0.08746209502796443,-0.3457763115074481,,
113,1,0.5,0.03,0.0822949777064442,0.09567058836553727,0.015568405257070816,-0.1627292726327469,,
113,1,0.5,0.04,0.281444181852415,0.26203407320090255,0.048845279280486986,-0.18640812121802616,,
113,1,0.5,0.05,0.19837066806349404,0.13815245777305837,0.03187649370891377,-0.23073417746412414,,
113,1,0.5,0.06,-0.22235021203171873,-0.12056590394591844,-0.03248007803054154,-0.26939687728888045,,
113,1,0.5,0.07,-0.4163832809939835,-0.17806449698887417,-0.05444945673114787,-0.3057850253807191,,
113,1,0.5,0.08,0.15754891760286374,0.08592865695940513,0.01872986356933959,-0.21796993264060963,,
113,1,0.5,0.09,0.09275274354919451,0.052983616080462294,0.010009342830914925,-0.1889139241782682,,
113,1,0.5,0.1,0.2850776630731609,0.16218951909565443,0.027204874091877995,-0.1677350931402256,,
113,1,0.6,0.0,-0.25145167976574434,-0.17609630503180082,-0.07206775446303737,-0.40925194001102305,,
113,1,0.6,0.01,-0.2267750470134894,-0.1808785707193233,-0.060142384917668545,-0.3325014382770303,,
113,1,0.6,0.02,-0.44330474536279046,-0.26881596541235814,-0.10847135518946738,-0.4035153009720779,,
113,1,0.6,0.03,0.06320965151116646,0.07451446472133072,0.014349456041816255,-0.19257275879898442,,
113,1,0.6,0.04,0.2644803938015787,0.24866291192625478,0.05508141023668678,-0.22151035636959848,,
113,1,0.6,0.05,0.18235997446143304,0.12887687718341811,0.03516445229785847,-0.2728530754808116,,
113,1,0.6,0.06,-0.2356409476309246,-0.13072436735102266,-0.04130584610453014,-0.31597663803271797,,
113,1,0.6,0.07,-0.42630447768118357,-0.18799991412859626,-0.06689619378487466,-0.3558309805350024,,
113,1,0.6,0.08,0.14569374696005635,0.08103519166981207,0.020784584584805588,-0.256488374452114,,
113,1,0.6,0.09,0.08193357480378805,0.04757319853425957,0.010610160409608493,-0.22302810692805627,,
113,1,0.6,0.1,0.27601929882272,0.1593250083371607,0.03160852459832375,-0.19839022717283883,,
113,1,0.7000000000000001,0.0,-0.27168618258221416,-0.19683148086743846,-0.09084495001785253,-0.46153668924045005,,
113,1,0.7000000000000001,0.01,-0.246092177925141,-0.201114616536444,-0.07614299926617418,-0.3786049993655051,,
113,1,0.7000000000000001,0.02,-0.45694367265994845,-0.2851076784732849,-0.13044341000184767,-0.45752331435040766,,
113,1,0.7000000000000001,0.03,0.04411774115103368,0.0527336187853372,0.011684552926209513,-0.221576921807203,,
113,1,0.7000000000000001,0.04,0.24726617842032397,0.23486352812464256,0.06007905243196676,-0.25580409573036256,,
113,1,0.7000000000000001,0.05,0.16621438603530533,0.11925810938861002,0.037392950457399765,-0.31354639654358846,,
113,1,0.7000000000000001,0.06,-0.24870319118144849,-0.14118412192324664,-0.050861470178459434,-0.360249222686031,,
113,1,0.7000000000000001,0.07,-0.4359395642615369,-0.198218698547037,-0.07980949988910768,-0.40263355815631596,,
113,1,0.7000000000000001,0.08,0.13377508134242005,0.07587961602276817,0.022264987185576235,-0.2934251430436269,,
113,1,0.7000000000000001,0.09,0.07109083913892564,0.04195806771300098,0.01074040050343239,-0.2559793882048674,,
113,1,0.7000000000000001,0.1,0.26687554662223667,0.1562958746137622,0.03565499236983061,-0.2281249742383866,,
113,1,0.8,0.0,-0.29117173949846614,-0.21822322933586746,-0.11126905680009769,-0.5098863999892671,,
113,1,0.8,0.01,-0.2648177893385381,-0.22178600970290768,-0.09364212761613666,-0.4222183704985472,,
113,1,0.8,0.02,-0.4698302965377977,-0.30180858550924505,-0.15328245263219453,-0.5078796959124251,,
113,1,0.8,0.03,0.025059889847795218,0.030150678313783017,0.007585250652640596,-0.251578109576828,,
113,1,0.8,0.04,0.22983188122057704,0.22056700647791533,0.06382055497834038,-0.2893476952761316,,
113,1,0.8,0.05,0.1499585860764522,0.10928605699992033,0.03855532854592081,-0.35279274963638696,,
113,1,0.8,0.06,-0.2615224431563141,-0.15194439425069647,-0.06112353504204959,-0.40227568343982795,,
113,1,0.8,0.07,-0.44528203101929803,-0.20871650263793703,-0.09316556466249948,-0.4463737341561097,,
113,1,0.8,0.08,0.12180276918201312,0.07045777185903492,0.02316841558909344,-0.3288269693717616,,
113,1,0.8,0.09,0.06023188933822746,0.036136313496317976,0.0103998067407296,-0.28779379340367034,,
113,1,0.8,0.1,0.25765103644915566,0.1530992878969417,0.03934009521857096,-0.2569580548607948,,
113,1,0.9,0.0,-0.3098576164588102,-0.2402256960342144,-0.13321093724006428,-0.5545240972934534,,
113,1,0.9,0.01,-0.2829077101832384,-0.2428571442268779,-0.11254376060831184,-0.4634154822440517,,
113,1,0.9,0.02,-0.4819494820604658,-0.3189046623344011,-0.17689088826190347,-0.5546826658696415,,
113,1,0.9,0.03,0.006076454889966811,0.007362059454688814,0.002069157642442976,-0.2810569046851628,,
113,1,0.9,0.04,0.21220853519230182,0.20563860856651991,0.06629269497811707,-0.32237474976238584,,
113,1,0.9,0.05,0.13361752800458473,0.09895140735492294,0.03864817817246968,-0.3905773470592977,,
113,1,0.9,0.06,-0.274084821990676,-0.16300355106031078,-0.0720670935413984,-0.44211977636446587,,
113,1,0.9,0.07,-0.45432590993525535,-0.21948813785731972,-0.10694002422107274,-0.4872246184465335,,
113,1,0.9,0.08,0.10978673752761035,0.06476581914035195,0.023493167483619626,-0.36274022000259626,,
113,1,0.9,0.09,0.04936409314279925,0.03010624081372493,0.00958876043137824,-0.31849743349581144,,
113,1,0.9,0.1,0.24835047575619565,0.14973251404993468,0.04266001773477601,-0.28490817779596767,,
113,1,1.0,0.0,-0.327698459557461,-0.26278803177416,-0.15653432993106342,-0.5956676522680797,,
113,1,1.0,0.01,-0.3003214918938489,-0.26428977097612577,-0.1327457246170911,-0.5022734104570491,,
113,1,1.0,0.02,-0.49328943656469926,-0.33637847876819393,-0.20117001620421104,-0.5980466317015539,,
113,1,1.0,0.03,-0.012792680188630133,-0.015614353511074828,-0.004840189159808217,-0.3099833212034815,,
113,1,1.0,0.04,0.1944277393877345,0.19033439529602056,0.06748675469331711,-0.35456941236688866,,
113,1,1.0,0.05,0.11721635134895587,0.08824570448086061,0.037671358601876204,-0.42689169771483493,,
113,1,1.0,0.06,-0.2863770962926598,-0.17435906325850836,-0.08366576625902755,-0.4798475324163846,,
113,1,1.0,0.07,-0.463065780997654,-0.23052756762025578,-0.12110803366512346,-0.5253516311100055,,
113,1,1.0,0.08,0.09773697417970273,0.05880025791561726,0.02323849912673248,-0.3952108366613197,,
113,1,1.0,0.09,0.038494822461283836,0.023866380049302693,0.008308279852139,-0.3481164648755245,,
113,1,1.0,0.1,0.2389786442916632,0.1461929219091905,0.04561131769158577,-0.3119940219808849,,
119,1,0.1,0.0,0.3686917321750675,0.31855149151329143,0.017589929374321134,-0.05521848066307736,,
119,1,0.1,0.01,-0.3558557479211899,-0.2171603627173576,-0.01582538511701148,-0.07287418808380246,,
119,1,0.1,0.02,-0.14142428046378921,-0.1190534786955697,-0.005824512905463819,-0.04892350034019262,,
119,1,0.1,0.03,0.22977085920709084,0.21982388384931897,0.008788730110179221,-0.03998077895941265,,
119,1,0.1,0.04,0.3274049728538061,0.22547218644714379,0.011552337153879488,-0.05123619607329102,,
119,1,0.1,0.05,0.2761760085261238,0.1674950618649474,0.00902392577888822,-0.05387577208792151,,
119,1,0.1,0.06,-0.17765408333938718,-0.08391101353651569,-0.0052470802950372875,-0.06253148512803873,,
119,1,0.1,0.07,0.14953210580184342,0.08431487624241296,0.003964030332360036,-0.04701460180007958,,
119,1,0.1,0.08,0.7301173172997418,0.45899232156342645,0.016954927003452136,-0.036939456733611604,,
119,1,0.1,0.09,0.5887017262987112,0.39815830914609196,0.0125411448731223,-0.03149788560238413,,
119,1,0.1,0.1,0.8395256092604224,0.8752663739438004,0.016611668755880826,-0.01897898656957595,,
119,1,0.2,0.0,0.3472677346326085,0.3064186490711835,0.03313562194699604,-0.10813839838872984,,
119,1,0.2,0.01,-0.37455304279044993,-0.23515975610979808,-0.03331375808053594,-0.14166436737152194,,
119,1,0.2,0.02,-0.161342439891309,-0.13802581333489766,-0.013289671621650068,-0.09628395805504,,
119,1,0.2,0.03,0.2113377649371652,0.20499368476081978,0.01616732935177989,-0.07886745082241643,,
119,1,0.2,0.04,0.311260716625662,0.21719315097732936,0.02196538867369857,-0.10113297115888945,,
119,1,0.2,0.05,0.26080308154313736,0.16075823240089593,0.017043244728681683,-0.10601786592290684,,
119,1,0.2,0.06,-0.19179596436714783,-0.09280194672558278,-0.011329532160271105,-0.12208291485277523,,
119,1,0.2,0.07,0.13647502148576068,0.0783012699096105,0.007235785544222217,-0.0924095554589992,,
119,1,0.2,0.08,0.7243089629347995,0.4613592981158498,0.033640088526934564,-0.07291516322379907,,
119,1,0.2,0.09,0.581483259625585,0.3975428736626867,0.024774738970476884,-0.06231966565573034,,
119,1,0.2,0.1,0.836284614128117,0.877681417567881,0.03309507855936422,-0.037707393476636535,,
119,1,0.30000000000000004,0.0,0.3251313273557574,0.2930378081439651,0.04653511255998111,-0.15880241820918584,,
119,1,0.30000000000000004,0.01,-0.39251443304514955,-0.25361151171125795,-0.052366938878002256,-0.20648486547260173,,
119,1,0.30000000000000004,0.02,-0.180954069794809,-0.1573653262981519,-0.022357603192881603,-0.14207451996459383,,
119,1,0.30000000000000004,0.03,0.1926289506309154,0.18873408998749525,0.02210415886954964,-0.11711799850792282,,
119,1,0.30000000000000004,0.04,0.29476263624748844,0.20853669579147835,0.031201700981656977,-0.1496221126130071,,
119,1,0.30000000000000004,0.05,0.24517637551430907,0.15367452622861574,0.024033080503826687,-0.15638948818409623,,
119,1,0.30000000000000004,0.06,-0.20576242519824606,-0.10201215846244611,-0.018231812290870675,-0.1787219539873022,,
119,1,0.30000000000000004,0.07,0.12333227707352207,0.07201254025666828,0.009808453201207712,-0.1362047938629614,,
119,1,0.30000000000000004,0.08,0.7181814903646386,0.4635589827969033,0.05003325269450043,-0.10793287273309347,,
119,1,0.30000000000000004,0.09,0.5740370696367936,0.3967509620172914,0.03668622868555049,-0.09246664078397777,,
119,1,0.30000000000000004,0.1,0.8327956603822936,0.8798570750473629,0.04943551036087923,-0.0561858417268715,,
119,1,0.4,0.0,0.3023519328072048,0.2783977578105319,0.057699684372015,-0.20725628261447226,,
119,1,0.4,0.01,-0.40969896724090343,-0.2724896146023241,-0.07287946283295754,-0.26745776325941467,,
119,1,0.4,0.02,-0.20021219510277233,-0.17643323145009532,-0.032982696051430005,-0.186941517651448,,
119,1,0.4,0.03,0.17368424563263052,0.1719596441307615,0.026573673694268996,-0.15453436082981103,,
119,1,0.4,0.04,0.2779391904411151,0.19948564259254734,0.039227837112734365,-0.1966449144054836,,
119,1,0.4,0.05,0.22931953016173867,0.14622979610214343,0.029971646427547016,-0.20496264938105657,,
119,1,0.4,0.06,-0.21953645182265197,-0.11154427671364585,-0.025936367321215403,-0.23252082567892485,,
119,1,0.4,0.07,0.11011739890224781,0.06544392481738188,0.011676655177920159,-0.1784222937500051,,
119,1,0.4,0.08,0.7117361441531955,0.465581822960448,0.06611230323623052,-0.14199932208660748,,
119,1,0.4,0.09,0.5663662587606444,0.39577690695137324,0.04826132477662526,-0.12194072955993575,,
119,1,0.4,0.1,0.829057937380207,0.8817867411896575,0.06561818095019745,-0.0744150233668393,,
119,1,0.5,0.0,0.2790030580278601,0.26249355234480526,0.0665548432151899,-0.2535484876510987,,
119,1,0.5,0.01,-0.4260700331892018,-0.29176516858525103,-0.09473954546787688,-0.3247116368525494,,
119,1,0.5,0.02,-0.21907168488037884,-0.19380100741577616,-0.04511197976836012,-0.2327747433818955,,
119,1,0.5,0.03,0.15454443027812076,0.1546762200736023,0.029556604619771054,-0.19108693376206515,,
119,1,0.5,0.04,0.26081997136366253,0.1900235362624289,0.04601457667846165,-0.2421519859251223,,
119,1,0.5,0.05,0.21325687038261046,0.1384103818922734,0.03484035743076919,-0.251717804361568,,
119,1,0.5,0.06,-0.2331015277071319,-0.12140014948066154,-0.034423707290718086,-0.28355572409078145,,
119,1,0.5,0.07,0.09684405276815432,0.058591012955660986,0.012836466142942093,-0.219085922830113,,
119,1,0.5,0.08,0.7049745853181807,0.46741815570686207,0.08185528784308782,-0.1751221830895734,,
119,1,0.5,0.09,0.5584741916332325,0.3946150717273357,0.059486030295912595,-0.15074444581025842,,
119,1,0.5,0.1,0.8250708484846421,0.8834638879124144,0.0816282641290389,-0.09239569975171576,,
119,1,0.6,0.0,0.25516177121226596,0.24532680712440014,0.07304114211900892,-0.29772996671322294,,
119,1,0.6,0.01,-0.4415955112588661,-0.31140646597400967,-0.11783008827210795,-0.37838035219841,,
119,1,0.6,0.02,-0.23748948418673954,-0.21121895754061656,-0.05868556209816256,-0.2778423053568833,,
119,1,0.6,0.03,0.1352510422686352,0.13689150326885224,0.031040095642801857,-0.22674961485257208,,
119,1,0.6,0.04,0.2434355901169057,0.18013474274968785,0.051537091592188666,-0.2861030071461768,,
119,1,0.6,0.05,0.19701332423991116,0.13020319361436755,0.038623925913350954,-0.29664346043420636,,
119,1,0.6,0.06,-0.24644167709774728,-0.13158079247356227,-0.04367248678338176,-0.33190624529911233,,
119,1,0.6,0.07,0.08352601297339,0.051449774720220456,0.013285427120502735,-0.25822128848469733,,
119,1,0.6,0.08,0.6978988934595548,0.4690582234346676,0.09724046681833953,-0.2073100138961397,,
119,1,0.6,0.09,0.5503644924356189,0.39325986017991077,0.07034666817832935,-0.17888087572971917,,
119,1,0.6,0.1,0.8208340143567605,0.8848820737971431,0.09745091227461078,-0.11012869981243528,,
119,1,0.7000000000000001,0.0,0.23090814020568512,0.22690594344711257,0.07711484328516649,-0.33985378308585595,,
119,1,0.7000000000000001,0.01,-0.4562478873734491,-0.331379088340632,-0.142029712828321,-0.42860191794095787,,
119,1,0.7000000000000001,0.02,-0.25542482853737347,-0.22870819586062224,-0.07363711830239195,-0.32196973976073584,,
119,1,0.7000000000000001,0.03,0.11584617795973624,0.1185046411221126,0.031017795604201925,-0.2617432980725183,,
119,1,0.7000000000000001,0.04,0.2258175563203848,0.1698045526708106,0.05577509608964237,-0.3284664351595451,,
119,1,0.7000000000000001,0.05,0.18061433796161694,0.12159579872922352,0.04131044084338509,-0.33973575793829475,,
119,1,0.7000000000000001,0.06,-0.25954150605918763,-0.14208633859064654,-0.05365959327318626,-0.3776548386385025,,
119,1,0.7000000000000001,0.07,0.07017713102605905,0.04401658974726679,0.013022554064460401,-0.2958555885231667,,
119,1,0.7000000000000001,0.08,0.6905115679863638,0.47049219046806967,0.11224636187897952,-0.23857221044904295,,
119,1,0.7000000000000001,0.09,0.5420410417329982,0.39170572710719603,0.08082990841565296,-0.2063536548535903,,
119,1,0.7000000000000001,0.1,0.8163472759509545,0.8860349537383172,0.11307127825280427,-0.12761491832318717,,
119,1,0.8,0.0,0.2063246393271822,0.20724637678443547,0.07874840724064036,-0.3799748321899468,,
119,1,0.8,0.01,-0.47000432544927545,-0.35164603904026703,-0.16721381066000374,-0.47551740129470377,,
119,1,0.8,0.02,-0.27283943932951943,-0.24628617208050432,-0.08989442719639318,-0.3649998960031305,,
119,1,0.8,0.03,0.09637229004587893,0.0989300321543422,0.02948990312299804,-0.29808848214049305,,
119,1,0.8,0.04,0.20799815248462197,0.15901928987772224,0.05871296978642593,-0.36921916725683546,,
119,1,0.8,0.05,0.16408578839656401,0.11257651318311884,0.04289142952751135,-0.3809980280499844,,
119,1,0.8,0.06,-0.272386241093029,-0.1529159898086175,-0.06436024217008862,-0.4208862804382909,,
119,1,0.8,0.07,0.05681130410127424,0.03628827605002758,0.012048341403113172,-0.33201746444232133,,
119,1,0.8,0.08,0.6828155284260935,0.47171016075389005,0.1268518049576426,-0.26891895810534855,,
119,1,0.8,0.09,0.5335079728162435,0.3899471889841698,0.09092279474185672,-0.23316694493609438,,
119,1,0.8,0.1,0.8116106971999436,0.886916288668723,0.1284745376379126,-0.1448553141703544,,
119,1,0.9,0.0,0.1814955314028537,0.1863706435481722,0.07793080154706744,-0.41814955436865386,,
119,1,0.9,0.01,-0.48284669950043246,-0.37216790786134685,-0.1932555962644752,-0.5192699106567609,,
119,1,0.9,0.02,-0.28969769879714347,-0.2639667902237223,-0.1073799478996289,-0.40679339930837566,,
119,1,0.9,0.03,0.07687198316217887,0.07927044544614467,0.02646316438212648,-0.33383393058015826,,
119,1,0.9,0.04,0.19001030396675636,0.1477664241265359,0.060339852736559285,-0.4083461658711375,,
119,1,0.9,0.05,0.14745389339653855,0.10313449556175719,0.04336190160860176,-0.4204403325232395,,
119,1,0.9,0.06,-0.2849617651841409,-0.16406797210702595,-0.07574807802600747,-0.46168717180581087,,
119,1,0.9,0.07,0.0434424433749165,0.02826211852530919,0.01036476053713753,-0.36673685760165914,,
119,1,0.9,0.08,0.6748141138048801,0.472702196617491,0.14103598685343122,-0.29836118355836,,
119,1,0.9,0.09,0.524769667551193,0.38797883498336766,0.10061277075644837,-0.2593254107811359,,
119,1,0.9,0.1,0.8066245673816671,0.8875199553452989,0.14364591119446213,-0.1618509086238801,,
119,1,1.0,0.0,0.15650623225732874,0.1643084621016271,0.07466762424551265,-0.4544356589457314,,
119,1,1.0,0.01,-0.4947615861128468,-0.3929030676250255,-0.22002715108800985,-0.5600036477648399,,
119,1,1.0,0.02,-0.30596680329338405,-0.2817605019845559,-0.1260114308930228,-0.44722886992843963,,
119,1,1.0,0.03,0.05738780894144724,0.059505665149369245,0.021950823796429653,-0.36888628572303805,,
119,1,1.0,0.04,0.17188744532654887,0.13603468685737355,0.06064971168956501,-0.4458400507302494,,
119,1,1.0,0.05,0.13074512060949334,0.09325984363773569,0.04272037497494119,-0.4580789899336188,,
119,1,1.0,0.06,-0.2972546511403737,-0.1755394940657218,-0.08779528132923231,-0.5001454618318647,,
119,1,1.0,0.07,0.030084442343307143,0.01993589699843163,0.00797525329704385,-0.40004486869445943,,
119,1,1.0,0.08,0.6665110810909181,0.473458338562778,0.15477850557883865,-0.3269105071603166,,
119,1,1.0,0.09,0.5158307517414491,0.38579533828442203,0.10988770541363468,-0.28483419707010965,,
119,1,1.0,0.1,0.8013894031604571,0.8878399561792895,0.158570687575595,-0.17860278361202006,,
125,1,0.1,0.0,-0.23652532585197422,-0.137845983588211,-0.01129225324003591,-0.08191934901614105,,
125,1,0.1,0.01,-0.217657132473811,-0.15622554946448874,-0.009755364932654054,-0.062444107036868014,,
125,1,0.1,0.02,-0.18900454988022503,-0.1644377580888425,-0.007874038467201805,-0.047884613355939916,,
125,1,0.1,0.03,0.03545053813671446,0.02618953073851889,0.0013621232281324502,-0.05201021895856554,,
125,1,0.1,0.04,0.20508105706190333,0.13331965907959042,0.0073847025759390394,-0.0553909500438375,,
125,1,0.1,0.05,0.525541241487093,0.357643306768492,0.017308424628174057,-0.048395773947415344,,
125,1,0.1,0.06,0.49575917735477737,0.34689194113684185,0.014694357609018827,-0.04236004319057444,,
125,1,0.1,0.07,0.4889374993249792,0.32843917521128174,0.01313799206795907,-0.04000129418029237,,
125,1,0.1,0.08,0.5194848119814497,0.32990964764502234,0.012555196435951821,-0.03805646947754925,,
125,1,0.1,0.09,0.7893218498936967,0.6177412510562851,0.017449437533813006,-0.028247162552243275,,
125,1,0.1,0.1,1.0234055224632945,1.125974312386231,0.020779855363789013,-0.018454999492618196,,
125,1,0.2,0.0,-0.2584932429546721,-0.1563632199247399,-0.02468210243252411,-0.15785107549207544,,
125,1,0.2,0.01,-0.23854411490743385,-0.17496762501940127,-0.02138303364571781,-0.12221137278023149,,
125,1,0.2,0.02,-0.2087418125899379,-0.18442359857209686,-0.01739260841168322,-0.09430793318396243,,
125,1,0.2,0.03,0.01623098222857133,0.012211891193146005,0.0012472926545532559,-0.10213755059112434,,
125,1,0.2,0.04,0.18758352217709542,0.12470325495277768,0.013509278129054891,-0.10833139948247984,,
125,1,0.2,0.05,0.5130619778523406,0.3539425928126515,0.0337948532758765,-0.0954811711337741,,
125,1,0.2,0.06,0.48415502603599625,0.34251694258014026,0.028700818525384753,-0.08379386522951195,,
125,1,0.2,0.07,0.4783664613965389,0.32598460303763815,0.025707886116659306,-0.07886227103091453,,
125,1,0.2,0.08,0.5103640074820947,0.32884232828413296,0.024669519570116316,-0.07501929480562752,,
125,1,0.2,0.09,0.7847751292591172,0.6190375900971548,0.03469784752047911,-0.05605127713655234,,
125,1,0.2,0.1,1.0234704667260393,1.1328275396898069,0.04156234806411163,-0.03668903395082743,,
125,1,0.30000000000000004,0.0,-0.2798378520772333,-0.17566283817803618,-0.04008027318539409,-0.22816592058459342,,
125,1,0.30000000000000004,0.01,-0.2589209618750891,-0.19313862040418775,-0.03481441351951864,-0.18025609506095328,,
125,1,0.30000000000000004,0.02,-0.2280881586285544,-0.20470500505151035,-0.02850685239206041,-0.13925820907450295,,
125,1,0.30000000000000004,0.03,-0.0029811475445373705,-0.0022849240634826005,-0.00034363571305273677,-0.1503926185314795,,
125,1,0.30000000000000004,0.04,0.16986990814568964,0.11549265716615985,0.018350384470848802,-0.15888788881571939,,
125,1,0.30000000000000004,0.05,0.5000864752134281,0.3498902318263243,0.04941025583058889,-0.1412164482920311,,
125,1,0.30000000000000004,0.06,0.4721688441846924,0.33787024203152083,0.04198541246562826,-0.12426490185457448,,
125,1,0.30000000000000004,0.07,0.4674829216773063,0.323218575186531,0.03768449091375925,-0.11659135274639258,,
125,1,0.30000000000000004,0.08,0.5009765702796445,0.3275261102399995,0.03632363702229835,-0.11090302692411813,,
125,1,0.30000000000000004,0.09,0.7799251536789203,0.6201699689460127,0.05172511790470269,-0.08340474465832363,,
125,1,0.30000000000000004,0.1,1.023258272080324,1.1394625351812968,0.06233059650425843,-0.0547017515537193,,
125,1,0.4,0.0,-0.30049511960496206,-0.19570880233104423,-0.05738526266904265,-0.2932175864628442,,
125,1,0.4,0.01,-0.2787327371374302,-0.211639458288092,-0.04997106299340481,-0.2361141131129821,,
125,1,0.4,0.02,-0.24699745788741836,-0.22216632313148973,-0.041160225739308,-0.18526761913842005,,
125,1,0.4,0.03,-0.022143684968641403,-0.017294159231532755,-0.003403325222981146,-0.19679044106265664,,
125,1,0.4,0.04,0.15197378624751293,0.1056811227043014,0.021889514845604863,-0.20712795516804178,,
125,1,0.4,0.05,0.48663037930201525,0.34546655957421984,0.0641076633155957,-0.18556836121738388,,
125,1,0.4,0.06,0.45981280953061066,0.33293834199284034,0.05451561294338059,-0.1637408675043889,,
125,1,0.4,0.07,0.4562959070238538,0.3201314789418507,0.04904358545129339,-0.153198259706918,,
125,1,0.4,0.08,0.49132842240175484,0.32595293255597324,0.047498788919670076,-0.1457228457716468,,
125,1,0.4,0.09,0.7747717925419897,0.6211306420165613,0.06851112508157486,-0.11030066856651413,,
125,1,0.4,0.1,1.0227650457270665,1.145869671037282,0.08306740292036974,-0.07249288904310922,,
125,1,0.5,0.0,-0.32040565606398436,-0.2164594946935208,-0.07648444822519118,-0.3533430045814505,,
125,1,0.5,0.01,-0.297927890154787,-0.23046262654165076,-0.06676545029888514,-0.28970185448623637,,
125,1,0.5,0.02,-0.2654258659801194,-0.23814227601271207,-0.055288972679288895,-0.23216781835215836,,
125,1,0.5,0.03,-0.04121475468072765,-0.03280716717955344,-0.007918014456635092,-0.24135014197659443,,
125,1,0.5,0.04,0.13392937711681852,0.09526360831877513,0.02411311484243872,-0.2531198982275623,,
125,1,0.5,0.05,0.4727107473726303,0.3406520819306944,0.07784240032880407,-0.22850997970604242,,
125,1,0.5,0.06,0.4470999845238255,0.32770790604706274,0.06626046838542266,-0.20219368273619517,,
125,1,0.5,0.07,0.44481504210793826,0.31671393300337847,0.05976199926361847,-0.188693938081281,,
125,1,0.5,0.08,0.48142589444324635,0.32411484955803027,0.05817683726915779,-0.17949451359136717,,
125,1,0.5,0.09,0.7693152598906553,0.6219118190892589,0.08503577199262269,-0.13673284440413258,,
125,1,0.5,0.1,1.0219871032793038,1.1520392994965887,0.10375527454007516,-0.09006227008524234,,
125,1,0.6,0.0,-0.339515083418711,-0.23651495014768023,-0.0972553011894054,-0.4112014954178544,,
125,1,0.6,0.01,-0.3164585468620084,-0.24959779692732015,-0.08510179038771681,-0.34095569526399877,,
125,1,0.6,0.02,-0.28333204597968975,-0.25411877636520486,-0.07082265788148057,-0.27869903552383835,,
125,1,0.6,0.03,-0.06015297382882723,-0.04881337663071938,-0.01386761959621119,-0.28409465915709625,,
125,1,0.6,0.04,0.11577140659483035,0.08423686651548135,0.025012668163969964,-0.29693255695085774,,
125,1,0.6,0.05,0.4583460031005111,0.3354275552218537,0.09057230856906817,-0.27002047732531437,,
125,1,0.6,0.06,0.43404428708513587,0.3221658011104496,0.0771907280459645,-0.23959938571971776,,
125,1,0.6,0.07,0.4330505320939616,0.3129568217869697,0.06981768995256843,-0.22309048754365693,,
125,1,0.6,0.08,0.4712757171445394,0.322004052883677,0.0683403141086063,-0.21223432902968473,,
125,1,0.6,0.09,0.763556118490906,0.6225056753121953,0.10127902676173606,-0.1626957484539289,,
125,1,0.6,0.1,1.0209209768291994,1.1579617645484854,0.12437644572391782,-0.10740980361507438,,
125,1,0.7000000000000001,0.0,-0.357774347915875,-0.2567697518832442,-0.119566687729171,-0.46565721566588264,,
125,1,0.7000000000000001,0.01,-0.3342807649676922,-0.26903177714736537,-0.10487694892485455,-0.38983108254682847,,
125,1,0.7000000000000001,0.02,-0.30067736902815795,-0.2701373590405363,-0.08768474727256925,-0.32459319060497455,,
125,1,0.7000000000000001,0.03,-0.07891764979403142,-0.06530026972281373,-0.021225882223751324,-0.3250504525303011,,
125,1,0.7000000000000001,0.04,0.09753495859642239,0.0725995347072125,0.024584750498998442,-0.3386350972929312,,
125,1,0.7000000000000001,0.05,0.4435558847736151,0.32977407260979863,0.10225795990404696,-0.3100848987150136,,
125,1,0.7000000000000001,0.06,0.42066045794210705,0.31629914267826276,0.08727896201074259,-0.27593802901806197,,
125,1,0.7000000000000001,0.07,0.4210131434186626,0.30885133046105456,0.07918981756286048,-0.2564010893028875,,
125,1,0.7000000000000001,0.08,0.4608850119342223,0.3196128940652058,0.07797246826147353,-0.24395908209374673,,
125,1,0.7000000000000001,0.09,0.7574952832605677,0.6229043617820722,0.11722096177161934,-0.1881845255285433,,
125,1,0.7000000000000001,0.1,1.0195634227852017,1.1636274139568419,0.1449129010568948,-0.12453548216445641,,
125,1,0.8,0.0,-0.37513997586740927,-0.2775187043841433,-0.14328023750342544,-0.5162903805759196,,
125,1,0.8,0.01,-0.3513547517492416,-0.288748479914733,-0.12598140148881498,-0.43630152278556444,,
125,1,0.8,0.02,-0.3174260923407432,-0.28623337023758905,-0.10579323146108333,-0.3696048136290652,,
125,1,0.8,0.03,-0.0974689725042904,-0.08225337072180575,-0.029960561040465294,-0.36424721294154344,,
125,1,0.8,0.04,0.07925532596017454,0.06035221644058399,0.022831051025773652,-0.3782968111577234,,
125,1,0.8,0.05,0.4283613869889421,0.32367315624055665,0.11286285748899183,-0.34869390714969023,,
125,1,0.8,0.06,0.4069640246642198,0.3100953429401013,0.09649967460942621,-0.31119356290386563,,
125,1,0.8,0.07,0.40871418272278714,0.3043889805924837,0.0878588154614881,-0.28863993463388077,,
125,1,0.8,0.08,0.4502612804511592,0.3169339076041763,0.08705731052278565,-0.2746860100292989,,
125,1,0.8,0.09,0.7511340240354263,0.6231000166979836,0.1328417930778727,-0.21319497595561945,,
125,1,0.8,0.1,1.0179114294576805,1.1690266116015913,0.16534639935392348,-0.1414393801757818,,
125,1,0.9,0.0,-0.39157427060005023,-0.2987308058694907,-0.168251760312503,-0.5632219945404918,,
125,1,0.9,0.01,-0.36764504280104404,-0.3087289123239739,-0.14830023559063688,-0.48035745818005404,,
125,1,0.9,0.02,-0.33354551337756827,-0.30243641579791175,-0.12506128472069655,-0.4135126531993508,,
125,1,0.9,0.03,-0.11576819992094525,-0.09965624660062307,-0.0400336655609973,-0.4017175734245143,,
125,1,0.9,0.04,0.060967860272711207,0.047497553625852694,0.01975836135867648,-0.4159869267018859,,
125,1,0.9,0.05,0.4127846961154839,0.31710685480051853,0.1223536235166931,-0.385843515094184,,
125,1,0.9,0.06,0.3929712625304879,0.3035421616111994,0.10482941058703665,-0.34535370648546143,,
125,1,0.9,0.07,0.39616547399707447,0.2995616662668459,0.09580645738857552,-0.31982215409107884,,
125,1,0.9,0.08,0.43941239306924584,0.3139598344718185,0.09557965710873861,-0.3044327541754962,,
125,1,0.9,0.09,0.7444739676586078,0.6230847770837212,0.14812192005532987,-0.23772354180854488,,
125,1,0.9,0.1,1.0159622243739452,1.1741497501227398,0.18565849853999605,-0.15812165230251782,,
125,1,1.0,0.0,-0.4070454496551721,-0.3203702309510771,-0.19433269063910374,-0.6065878532540053,,
125,1,1.0,0.01,-0.38312064069683427,-0.32895118868825735,-0.17171418279525263,-0.5220050533332588,,
125,1,1.0,0.02,-0.34900609922789966,-0.31877070830422966,-0.1453979521842218,-0.4561208053202188,,
125,1,1.0,0.03,-0.13377783534954163,-0.11749052011654958,-0.05140172942823973,-0.4374968242310074,,
125,1,1.0,0.04,0.04270782166539174,0.034040288727563144,0.01537853203916173,-0.4517744300655537,,
125,1,1.0,0.05,0.3968491198281974,0.31005784603763176,0.13070017226178554,-0.42153480046404773,,
125,1,1.0,0.06,0.37869915238249663,0.2966277592951666,0.11224685342251273,-0.37840980793310985,,
125,1,1.0,0.07,0.383379334013858,0.2943616905385816,0.10301592036297658,-0.34996374757358045,,
125,1,1.0,0.08,0.4283465764512515,0.310683645964188,0.1035251712076033,-0.333217317848576,,
125,1,1.0,0.09,0.737517099381661,0.6228507910733276,0.1630419651693722,-0.26176729243357005,,
125,1,1.0,0.1,1.0137132813049434,1.1789872638520196,0.20583058136296306,-0.17458253169798266,,
131,1,0.1,0.0,-0.6210176379452539,-0.3128533077002345,-0.029651990660639505,-0.09477921419022056,,
131,1,0.1,0.01,-0.5306503614181338,-0.2824161617587023,-0.023715005714679105,-0.08397184342070804,,
131,1,0.1,0.02,-0.37039007668598734,-0.22122494407475682,-0.01535856614419373,-0.06942511030312988,,
131,1,0.1,0.03,-0.15432610114577527,-0.09279556109107405,-0.006009709387409412,-0.06476289724150913,,
131,1,0.1,0.04,-0.20708112837257314,-0.12779442939959917,-0.007503229488677987,-0.05871327509289322,,
131,1,0.1,0.05,0.022576218994271285,0.01135969360799532,0.0007430418550311568,-0.06541037819085015,,
131,1,0.1,0.06,0.28305330580570287,0.16769401838405137,0.008556476894358012,-0.05102434169573087,,
131,1,0.1,0.07,0.6215029148163848,0.4889959725428148,0.016897433866263745,-0.03455536408284889,,
131,1,0.1,0.08,0.47355581147885917,0.31131244540949526,0.01188309680983135,-0.038170966130828855,,
131,1,0.1,0.09,0.6008673322592079,0.4778257388493278,0.013887154829970383,-0.02906322054440312,,
131,1,0.1,0.1,0.7735563638595684,0.6646993486337118,0.016222889886853276,-0.024406357430918797,,
131,1,0.2,0.0,-0.6342632670769288,-0.32979648277466367,-0.06056887058467009,-0.18365529576024708,,
131,1,0.2,0.01,-0.5456332194683897,-0.2973284000339709,-0.048769192894662305,-0.1640246706641217,,
131,1,0.2,0.02,-0.3876247556428633,-0.2349626658020999,-0.03214643600570888,-0.13681508037019208,,
131,1,0.2,0.03,-0.17308097296643996,-0.10626972426023823,-0.013480109201175705,-0.12684806792351308,,
131,1,0.2,0.04,-0.22413538618648057,-0.1407216125814755,-0.01624232253616953,-0.11542166294296471,,
131,1,0.2,0.05,0.0061144643454750375,0.0031537110410127253,0.00040248572455259257,-0.1276228923063749,,
131,1,0.2,0.06,0.2688953060431872,0.16206371010688414,0.01625698358555261,-0.1003123004825128,,
131,1,0.2,0.07,0.6127051883046214,0.489271969446501,0.03331648219848726,-0.0680939932777617,,
131,1,0.2,0.08,0.4635295032587562,0.3086515676540482,0.023263006504916417,-0.07536979864294982,,
131,1,0.2,0.09,0.5931664701757038,0.4755891339112086,0.027418347342349714,-0.05765133260481232,,
131,1,0.2,0.1,0.7690121358902978,0.66733411013643,0.03225517825218738,-0.04833437668215869,,
131,1,0.30000000000000004,0.0,-0.6462604261082912,-0.3472663268301646,-0.09257180608931403,-0.2665729411034648,,
131,1,0.30000000000000004,0.01,-0.5596232468576708,-0.3127142394976609,-0.0750294513801687,-0.239929756638824,,
131,1,0.30000000000000004,0.02,-0.40420166797317936,-0.24904334940317918,-0.05028178488504065,-0.2018997295271631,,
131,1,0.30000000000000004,0.03,-0.19154699131841635,-0.12016328875377234,-0.022377454169640876,-0.18622538049449291,,
131,1,0.30000000000000004,0.04,-0.2408785119534765,-0.15395961699953975,-0.026183459134331843,-0.17006705813258888,,
131,1,0.30000000000000004,0.05,-0.010335865687957696,-0.005466148072846888,-0.0010205403503680266,-0.18670192185930068,,
131,1,0.30000000000000004,0.06,0.25450767913797967,0.15609613120112878,0.02308069573448801,-0.1478620613905459,,
131,1,0.30000000000000004,0.07,0.6035149736603009,0.48912541333545295,0.04922513207072088,-0.10063908095685309,,
131,1,0.30000000000000004,0.08,0.45323797349407685,0.30574308025023056,0.034119763202371756,-0.11159619107142826,,
131,1,0.30000000000000004,0.09,0.5851889569267797,0.4729521343486715,0.04057439577756239,-0.08578964514757847,,
131,1,0.30000000000000004,0.1,0.7641994609061744,0.669730476774082,0.048079975623305016,-0.07179003687407774,,
131,1,0.4,0.0,-0.6570020318180188,-0.36525120619969415,-0.12548061066958915,-0.34354605416685474,,
131,1,0.4,0.01,-0.5726007413517241,-0.3285764842054563,-0.10235914900422105,-0.3115230514799004,,
131,1,0.4,0.02,-0.4200885255350324,-0.26348029522095817,-0.06967743265234949,-0.2644502602895486,,
131,1,0.4,0.03,-0.20968480807715073,-0.13447722393484438,-0.03266186990127018,-0.24288031047618291,,
131,1,0.4,0.04,-0.25728053329902323,-0.16750985747337765,-0.03728847528469825,-0.2226046624785918,,
131,1,0.4,0.05,-0.026748360110863945,-0.01450828082692404,-0.003521431311569234,-0.24271871723314492,,
131,1,0.4,0.06,0.2399088521335116,0.1497805935503326,0.02900901714168902,-0.1936767404512973,,
131,1,0.4,0.07,0.5939379702116352,0.4885429561840416,0.06459199037081942,-0.1322135332281541,,
131,1,0.4,0.08,0.4426887692554308,0.3025792215380885,0.0444341585441379,-0.14685132150934743,,
131,1,0.4,0.09,0.5769384659448619,0.47010091558472994,0.05333645797528952,-0.11345746457214946,,
131,1,0.4,0.1,0.7591184785504372,0.6718806465806556,0.06368040424180399,-0.09477934000017293,,
131,1,0.5,0.0,-0.6664879132191116,-0.38373374185408393,-0.15911539520512297,-0.4146505189674645,,
131,1,0.5,0.01,-0.5845512194911693,-0.34491347805784744,-0.13061929773974512,-0.3787016340307763,,
131,1,0.5,0.02,-0.4352563762943596,-0.2782836652024039,-0.09024153542140378,-0.3242789523983323,,
131,1,0.5,0.03,-0.22745659304686408,-0.14921062229596554,-0.04428764843772903,-0.29681297320697864,,
131,1,0.5,0.04,-0.27331281301077504,-0.18137238958507168,-0.04951510488503763,-0.27300243988797895,,
131,1,0.5,0.05,-0.04309675738868588,-0.023980102879612535,-0.007092129679474368,-0.29575059436062606,,
131,1,0.5,0.06,0.22511780287567892,0.1431068065242786,0.03402566299890886,-0.23776411356881394,,
131,1,0.5,0.07,0.5839806217553825,0.48751168490758845,0.07938638500357209,-0.1628399635561974,,
131,1,0.5,0.08,0.4318898805234316,0.2991523559690431,0.05418779726743517,-0.18113779211901854,,
131,1,0.5,0.09,0.5684190489738948,0.4670291119777411,0.06568607509186175,-0.14064663937907235,,
131,1,0.5,0.1,0.7537696031856477,0.6737768929840409,0.07903962687040722,-0.11730830738399835,,
131,1,0.6,0.0,-0.674724596452163,-0.4026905494229797,-0.19329815654221738,-0.4800166202539312,,
131,1,0.6,0.01,-0.5954653766634052,-0.36171882099399844,-0.15966970914024092,-0.4414194116343482,,
131,1,0.6,0.02,-0.4496797060579044,-0.2934603304026963,-0.11187830253422992,-0.3812382490700078,,
131,1,0.6,0.03,-0.24482620678860015,-0.16436059232219327,-0.0572035841881916,-0.34803710171630675,,
131,1,0.6,0.04,-0.28894815783724553,-0.19554584228898006,-0.06281724526871224,-0.3212405057218253,,
131,1,0.6,0.05,-0.059355037835032855,-0.03388794770299599,-0.01172116839305426,-0.3458801487709451,,
131,1,0.6,0.06,0.21015400608920332,0.1360649374634011,0.03811673336032406,-0.28013633836106194,,
131,1,0.6,0.07,0.5736501098868612,0.48601916858806793,0.09357846500576983,-0.19254068780378394,,
131,1,0.6,0.08,0.42084972750753624,0.2954549969744622,0.06336315086594335,-0.21445956749690775,,
131,1,0.6,0.09,0.5596351329666431,0.46373044814377357,0.07760521488739736,-0.16734983695385228,,
131,1,0.6,0.1,0.7481535265343349,0.6754115781172978,0.09414087593206744,-0.1393829762209349,,
131,1,0.7000000000000001,0.0,-0.6817250333016156,-0.4220920542016033,-0.22785428560816456,-0.5398213099252867,,
131,1,0.7000000000000001,0.01,-0.6053390051562636,-0.37898111078745594,-0.18937012592932279,-0.49968222831962533,,
131,1,0.7000000000000001,0.02,-0.4633365135110469,-0.3090137112563289,-0.13448873110790127,-0.43521930001462616,,
131,1,0.7000000000000001,0.03,-0.26175936086211715,-0.17992215861895972,-0.0713533468140034,-0.39657898372104333,,
131,1,0.7000000000000001,0.04,-0.30416091816208685,-0.21002735388248434,-0.0771452440825885,-0.36731046054959693,,
131,1,0.7000000000000001,0.05,-0.07549751462580702,-0.04423696638091032,-0.017393731577650562,-0.3931944932181543,,
131,1,0.7000000000000001,0.06,0.19503737729239426,0.1286456741268689,0.041270776375912366,-0.32080967087328255,,
131,1,0.7000000000000001,0.07,0.5629543449750759,0.4840535055550726,0.10713929912503728,-0.22133771968489058,,
131,1,0.7000000000000001,0.08,0.40957714674163936,0.29147983057563415,0.07194360912683839,-0.2468219121191311,,
131,1,0.7000000000000001,0.09,0.5505915161286944,0.46019875199769417,0.0890763144446367,-0.19356053022300032,,
131,1,0.7000000000000001,0.1,0.7422712198598082,0.6767771663166259,0.10896748291384228,-0.1610093962048101,,
131,1,0.8,0.0,-0.6875082784432657,-0.44190239854140095,-0.26261397816606546,-0.5942804995693222,,
131,1,0.8,0.01,-0.6141728722374982,-0.39668372430497123,-0.21958131732523367,-0.5535425425128335,,
131,1,0.8,0.02,-0.4762083584595125,-0.3249436179903197,-0.15797135036139676,-0.4861500322376014,,
131,1,0.8,0.03,-0.2782237643892698,-0.1958881715051863,-0.08667588729251596,-0.4424763712198985,,
131,1,0.8,0.04,-0.3189270780008811,-0.2248125126420122,-0.0924462050289293,-0.41121467814444623,,
131,1,0.8,0.05,-0.09149892294740418,-0.055031029079280494,-0.02409173279456367,-0.43778452261642964,,
131,1,0.8,0.06,0.1797882147997152,0.12084028876821364,0.04347884088992382,-0.35980417899630746,,
131,1,0.8,0.07,0.5519019547838888,0.48160337011578125,0.1200409724144591,-0.24925276661913787,,
131,1,0.8,0.08,0.39808137598821747,0.28721973967269626,0.07991352933520135,-0.27823132708868653,,
131,1,0.8,0.09,0.5412933631094348,0.45642796820190185,0.10008232218147395,-0.2192729831516423,,
131,1,0.8,0.1,0.7361239356749876,0.6778662377780253,0.12350290796599639,-0.1821936262393389,,
131,1,0.9,0.0,-0.6920991210439421,-0.46207945798567823,-0.297413533489959,-0.6436415390254745,,
131,1,0.9,0.01,-0.6219725607157058,-0.41480465250310383,-0.25016612658276527,-0.603093830006869,,
131,1,0.9,0.02,-0.4882803834480637,-0.3412460989621053,-0.18222296800924986,-0.5339928238402671,,
131,1,0.9,0.03,-0.29418925598174167,-0.2122492283401174,-0.10310587309599617,-0.4857773755048703,,
131,1,0.9,0.04,-0.3332243348468028,-0.23989530347966662,-0.10866430986228426,-0.45296555741656935,,
131,1,0.9,0.05,-0.10733450679554103,-0.06627262938964844,-0.031793910199314435,-0.47974420951948127,,
131,1,0.9,0.06,0.16442714007372014,0.1126407034579664,0.04473451807097839,-0.3971434543434981,,
131,1,0.9,0.07,0.5405022707576805,0.4786580587297635,0.1322566803995182,-0.2763072259777548,,
131,1,0.9,0.08,0.3863720379895734,0.2826678289438381,0.08725828294522397,-0.3086954863992001,,
131,1,0.9,0.09,0.5317461993436141,0.4524121719980572,0.11060673901993301,-0.24448223515172793,,
131,1,0.9,0.1,0.7297132089706984,0.6786715023459278,0.13773076962542796,-0.20294173123424414,,
131,1,1.0,0.0,-0.695527676745387,-0.4825749805191469,-0.33209652858343786,-0.6881760182141508,,
131,1,1.0,0.01,-0.6287482748105623,-0.4333164033586823,-0.28099046027932406,-0.6484648587067939,,
131,1,1.0,0.02,-0.49954130920053047,-0.3579133050399226,-0.2071394111786078,-0.5787418580471685,,
131,1,1.0,0.03,-0.30962792022113095,-0.228993608880999,-0.1205741481798539,-0.5265393596312664,,
131,1,1.0,0.04,-0.34703216897730665,-0.2552680620106491,-0.12574115392618646,-0.49258474771881516,,
131,1,1.0,0.05,-0.1229801029598501,-0.07796279281501678,-0.0404759379143147,-0.5191699328980226,,
131,1,1.0,0.06,0.14897503669970552,0.10403955622935707,0.04503397180713953,-0.4328543242520309,,
131,1,1.0,0.07,0.5287653119977868,0.47520753541744154,0.14376082038000715,-0.30252218171103246,,
131,1,1.0,0.08,0.37445912311086677,0.277817450280004,0.09396429952691299,-0.3382231729223962,,
131,1,1.0,0.09,0.5219559045520379,0.44814558339719646,0.12063365857614095,-0.2691840844702066,,
131,1,1.0,0.1,0.7230408579557803,0.6791858134055062,0.15163487459127123,-0.22325977898589883,,
137,1,0.1,0.0,-0.8607429264979705,-0.3668626836776961,-0.041117190006824345,-0.11207787500935222,,
137,1,0.1,0.01,-0.5809517181882448,-0.2834898723050484,-0.025978576036497003,-0.09163846251460735,,
137,1,0.1,0.02,-0.29809498817665364,-0.17830292538458425,-0.012473938428009812,-0.06995924716941457,,
137,1,0.1,0.03,-0.5686406965566583,-0.26983695433502286,-0.022189732534935613,-0.08223385336385539,,
137,1,0.1,0.04,-0.39093734915664285,-0.1878744143817201,-0.01410392753130485,-0.07507103922436573,,
137,1,0.1,0.05,-0.16091024719971816,-0.0729070866427732,-0.005392734564750978,-0.07396722065132093,,
137,1,0.1,0.06,0.11860421761716412,0.06384621744038878,0.003560246016957258,-0.055762833879412645,,
137,1,0.1,0.07,0.4893798269629225,0.3597845062839308,0.013448448012153502,-0.037379174970754304,,
137,1,0.1,0.08,0.4552834314640962,0.3347960174593778,0.011488210393847176,-0.034314059292061584,,
137,1,0.1,0.09,0.8900501122261798,0.8221733470008321,0.020742172490537447,-0.02522846619414489,,
137,1,0.1,0.1,0.8148293638376992,0.6290920320828707,0.01770162505481232,-0.02813837110001812,,
137,1,0.2,0.0,-0.8649834380502316,-0.3841521518621733,-0.08263951356480048,-0.21512182910913388,,
137,1,0.2,0.01,-0.5945949580742661,-0.2988069613719611,-0.053177329012545904,-0.1779654957447583,,
137,1,0.2,0.02,-0.3166183646194639,-0.19220775245818653,-0.026498117325608028,-0.13786185513704766,,
137,1,0.2,0.03,-0.5809705536495481,-0.2834709109414474,-0.045341746639734004,-0.1599520264324392,,
137,1,0.2,0.04,-0.40570184004905363,-0.20083727335342644,-0.02927317824051734,-0.14575570436571014,,
137,1,0.2,0.05,-0.1770432379289748,-0.08262848687147205,-0.011866828934144924,-0.14361667971245415,,
137,1,0.2,0.06,0.10370639808565281,0.05693037287112808,0.006226090406147522,-0.10936324657913929,,
137,1,0.2,0.07,0.47856448138980734,0.3560310254365034,0.026302471797316818,-0.07387690936504564,,
137,1,0.2,0.08,0.4449971788245514,0.3316938484334637,0.022457312793329853,-0.06770494207050297,,
137,1,0.2,0.09,0.8871469868960052,0.8263787305709976,0.041349033214842956,-0.05003641996723739,,
137,1,0.2,0.1,0.81079762012667,0.6316292104002351,0.03522807621762447,-0.05577334872670315,,
137,1,0.30000000000000004,0.0,-0.8678093738349355,-0.40206744161762314,-0.12436425028382192,-0.3093119148953514,,
137,1,0.30000000000000004,0.01,-0.6071851842476352,-0.3146546487084683,-0.08145499522612898,-0.2588711006192637,,
137,1,0.30000000000000004,0.02,-0.33457690414363106,-0.20646817185342164,-0.042001629016807374,-0.20342907402999466,,
137,1,0.30000000000000004,0.03,-0.5925104485245907,-0.29751852333030865,-0.06936356361686502,-0.2331403196024093,,
137,1,0.30000000000000004,0.04,-0.4199534516327089,-0.21420422150661952,-0.04545224236921763,-0.21219116061077736,,
137,1,0.30000000000000004,0.05,-0.19296264840365943,-0.092785428823444,-0.019400809367859706,-0.20909327697106816,,
137,1,0.30000000000000004,0.06,0.08872818963371196,0.04968654729242783,0.007990293855018926,-0.16081402895621683,,
137,1,0.30000000000000004,0.07,0.46742098473232446,0.3519592528267325,0.038535017995982024,-0.10948715706858426,,
137,1,0.30000000000000004,0.08,0.4344523610544708,0.32826393892299294,0.032887734002402524,-0.10018686216434398,,
137,1,0.30000000000000004,0.09,0.8838839931110788,0.8303201039486753,0.061795422510129594,-0.07442361351514303,,
137,1,0.30000000000000004,0.1,0.8064662410243009,0.6339927624725561,0.05255982535069603,-0.08290287912075528,,
137,1,0.4,0.0,-0.8692609846385969,-0.4205838297072589,-0.1660963708006199,-0.39491858475925906,,
137,1,0.4,0.01,-0.618709894895005,-0.3310306233472003,-0.1106680747872737,-0.3343137068959323,,
137,1,0.4,0.02,-0.3519313023812743,-0.22110156535156522,-0.058906986979489706,-0.2664250109935854,,
137,1,0.4,0.03,-0.6032500228866624,-0.3119772721562905,-0.09416108794608635,-0.3018203451016608,,
137,1,0.4,0.04,-0.43367151003907334,-0.22796961184125816,-0.06258262673727655,-0.27452179363648976,,
137,1,0.4,0.05,-0.20864334348541483,-0.10338251330600262,-0.027969832616626,-0.27054703665249363,,
137,1,0.4,0.06,0.07368955463852102,0.042106573160518065,0.008848013963212775,-0.21013379382555084,,
137,1,0.4,0.07,0.4559589852177821,0.3475601484040055,0.05012009380468552,-0.14420552538844497,,
137,1,0.4,0.08,0.4236570106635863,0.3244997389736695,0.04276071156536654,-0.131774255660761,,
137,1,0.4,0.09,0.8802584904417171,0.8339858609731676,0.08205593457804028,-0.09839007879856648,,
137,1,0.4,0.1,0.8018344938629851,0.6361745634364452,0.06967728064942413,-0.10952541119067392,,
137,1,0.5,0.0,-0.8693842865087618,-0.4396686372668989,-0.20764991379462971,-0.47228730046663925,,
137,1,0.5,0.01,-0.629161907631448,-0.34792763334010746,-0.140672020969692,-0.4043140224857673,,
137,1,0.5,0.02,-0.3686453152987623,-0.2361220595632292,-0.07713076615172643,-0.3266563331456636,,
137,1,0.5,0.03,-0.6131820028435633,-0.3268418404828071,-0.11963920908867876,-0.36604618586148285,,
137,1,0.5,0.04,-0.4468372728241696,-0.242125937997179,-0.08060320314487013,-0.33289784568974695,,
137,1,0.5,0.05,-0.2240609944254583,-0.11442293750798595,-0.037545821048641126,-0.32813194510078614,,
137,1,0.5,0.06,0.05861060151538005,0.034182803480447124,0.008796827161330345,-0.2573465680298051,,
137,1,0.5,0.07,0.44418878996120026,0.3428249425228434,0.06103285750913434,-0.17802922115291406,,
137,1,0.5,0.08,0.4126195981640662,0.3203950377269668,0.05205834902765716,-0.16248175813515586,,
137,1,0.5,0.09,0.8762682615029497,0.8373644040791742,0.1021049667788747,-0.12193612038137282,,
137,1,0.5,0.1,0.7969019670584249,0.638166439060937,0.08656082151894817,-0.13563988361143306,,
137,1,0.6,0.0,-0.868230486056617,-0.4592809646320551,-0.24884919828609164,-0.5418234532873637,,
137,1,0.6,0.01,-0.638539259514328,-0.3653331650451525,-0.17132240273577815,-0.4689483986886434,,
137,1,0.6,0.02,-0.38468591826513826,-0.2515403531177221,-0.09658428317590007,-0.3839713269810755,,
137,1,0.6,0.03,-0.6223021634192955,-0.34210395359503654,-0.1457023949830163,-0.4259009387406572,,
137,1,0.6,0.04,-0.45943397815839665,-0.2566637688702023,-0.09945056742228153,-0.3874741178314684,,
137,1,0.6,0.05,-0.23919216153575742,-0.12590838582348682,-0.048097614399798316,-0.38200485285568836,,
137,1,0.6,0.06,0.04351152562557448,0.025908173154725267,0.007836739986779362,-0.3024813806816038,,
137,1,0.6,0.07,0.4321213456667777,0.3377451690711791,0.07124970583532164,-0.21095699468111687,,
137,1,0.6,0.08,0.4013490179937443,0.3159439873827117,0.060763669065427406,-0.1923241824248508,,
137,1,0.6,0.09,0.8719115226098699,0.8404441646976504,0.12191677041572158,-0.14506230816604113,,
137,1,0.6,0.1,0.7916685751102709,0.6399601767297733,0.10319083410256824,-0.1612457116158044,,
137,1,0.7000000000000001,0.0,-0.8658553814694193,-0.4793715914254988,-0.2895298630940931,-0.6039779333462864,,
137,1,0.7000000000000001,0.01,-0.6468450665225365,-0.3832291692066814,-0.20247602774677687,-0.5283419009203301,,
137,1,0.7000000000000001,0.02,-0.40002343883696473,-0.26736353140886304,-0.1171743088816779,-0.4382583827503769,,
137,1,0.7000000000000001,0.03,-0.6306092746208521,-0.35775223922673577,-0.17225527219268522,-0.48149320480846375,,
137,1,0.7000000000000001,0.04,-0.47144688246949745,-0.2715716962115337,-0.11905940621144362,-0.4384087438873063,,
137,1,0.7000000000000001,0.05,-0.254014372011978,-0.13783892576133022,-0.05959113701034913,-0.43232444450076396,,
137,1,0.7000000000000001,0.06,0.028412549841871016,0.017276261477786308,0.005970189644759927,-0.3455718502776977,,
137,1,0.7000000000000001,0.07,0.41976821713170187,0.3323126992836972,0.08074835769588096,-0.24298908187961132,,
137,1,0.7000000000000001,0.08,0.38985457321238776,0.3111411269055807,0.06886066426720872,-0.221316496960896,,
137,1,0.7000000000000001,0.09,0.8671869336355099,0.8432136243059737,0.14146550287840354,-0.16776947003772616,,
137,1,0.7000000000000001,0.1,0.7861345630475505,0.6415475369732918,0.11954774737754525,-0.18634277350911588,,
137,1,0.8,0.0,-0.8623187472337083,-0.499883069873818,-0.32953972838986756,-0.6592336253217197,,
137,1,0.8,0.01,-0.6540873451787118,-0.4015918499032852,-0.2339920141278199,-0.5826612621351052,,
137,1,0.8,0.02,-0.41463166255328404,-0.28359487689324864,-0.13880380507244172,-0.48944397935894496,,
137,1,0.8,0.03,-0.6381050299536818,-0.37377211391409315,-0.1992031879478181,-0.5329535846368744,,
137,1,0.8,0.04,-0.48286328649582133,-0.28683629699254604,-0.1393628685508067,-0.48586204051584275,,
137,1,0.8,0.05,-0.26850619251212426,-0.15021291064397277,-0.07198957930442351,-0.47925027879294385,,
137,1,0.8,0.06,0.013333865039735661,0.008281355325504324,0.0032020338468297105,-0.38665577323657596,,
137,1,0.8,0.07,0.4071415636112854,0.32651977611783656,0.08950793392189582,-0.27412714472030514,,
137,1,0.8,0.08,0.37814595900825226,0.3059814053787874,0.0763343453584473,-0.24947380467107066,,
137,1,0.8,0.09,0.8620936070285782,0.845661336089581,0.16072528100918682,-0.19005868442844495,,
137,1,0.8,0.1,0.7803005102990488,0.6429202655411246,0.1356120697304053,-0.21093139693810264,,
137,1,0.9,0.0,-0.857683710416647,-0.520750034202891,-0.368739477272234,-0.7080930447496971,,
137,1,0.9,0.01,-0.660278799354148,-0.4203915324049945,-0.26573280036114,-0.632107880101495,,
137,1,0.9,0.02,-0.4284879113262193,-0.30023368346522145,-0.16137267755324025,-0.5374902498970718,,
137,1,0.9,0.03,-0.6447939584124602,-0.39014570120516245,-0.2264527496459332,-0.5804312310668022,,
137,1,0.9,0.04,-0.49367254979302005,-0.3024421122270599,-0.16029293935066924,-0.5299954367146085,,
137,1,0.9,0.05,-0.28264729612974815,-0.16302689084440708,-0.08525359217318207,-0.5229419007600907,,
137,1,0.9,0.06,-0.0017044292106706909,-0.0010814874549285082,-0.0004604700142499807,-0.425774716249871,,
137,1,0.9,0.07,0.39425411311837927,0.32035904906251506,0.09750903258680355,-0.3043742103497616,,
137,1,0.9,0.08,0.36623324505886384,0.3004602049072751,0.08317078666875388,-0.2768113224658859,,
137,1,0.9,0.09,0.8566311159536922,0.8477759471778031,0.17967023554536654,-0.21193127281267923,,
137,1,0.9,0.1,0.7741673339712757,0.6440701060067004,0.15136442592090393,-0.2350123449439047,,
137,1,1.0,0.0,-0.8520161260878575,-0.5418997415645558,-0.40700315816438426,-0.7510672675157541,,
137,1,1.0,0.01,-0.6654365756117263,-0.4395926252135636,-0.29756508390932945,-0.6769110008721504,,
137,1,1.0,0.02,-0.44157309431032676,-0.3172750839030731,-0.1847785373241031,-0.582392210100408,,
137,1,1.0,0.03,-0.6506833210948559,-0.40685178727877996,-0.25391233774629873,-0.6240905058930337,,
137,1,1.0,0.04,-0.5038660938267282,-0.31837164380955174,-0.18178081189081674,-0.5709704850459517,,
137,1,1.0,0.05,-0.29641852344132935,-0.17627553532443926,-0.09934149283920213,-0.5635580266788682,,
137,1,1.0,0.06,-0.01668238348092976,-0.010816374996889517,-0.005007696229913705,-0.4629736146679249,,
137,1,1.0,0.07,0.3811191347398117,0.31382360923877206,0.1047337995477613,-0.33373460907485386,,
137,1,1.0,0.08,0.3541268567959767,0.29457336297250575,0.08935716865209042,-0.30334436131766146,,
137,1,1.0,0.09,0.8507995015186948,0.8495462214133054,0.19827456648732467,-0.23338879214538208,,
137,1,1.0,0.1,0.767736291519894,0.6449888128937012,0.16678559434149443,-0.2585868018287348,,
143,1,0.1,0.0,-0.5487142608007927,-0.3013823676047195,-0.026197110117549882,-0.08692316782084915,,
143,1,0.1,0.01,-0.4430218428351525,-0.27382464444468263,-0.01986693136029738,-0.07255348181164478,,
143,1,0.1,0.02,-0.243834010895437,-0.1754213908288553,-0.010173713209703616,-0.057995853080593227,,
143,1,0.1,0.03,-0.56685382701403,-0.2582475206254703,-0.02210567452544354,-0.08559878705477615,,
143,1,0.1,0.04,-0.6683949015874288,-0.2888662286614852,-0.02428482280498201,-0.08406944251500151,,
143,1,0.1,0.05,0.14510678861876355,0.08316127684665359,0.004862217773464739,-0.058467329481129704,,
143,1,0.1,0.06,0.3330289030918148,0.1975237402192222,0.01012951802233597,-0.05128253449987177,,
143,1,0.1,0.07,0.26374176722174864,0.1662318110476423,0.007409583223161764,-0.04457379833898438,,
143,1,0.1,0.08,0.3765520192283582,0.2736727192977391,0.00970167667512456,-0.03544992244758503,,
143,1,0.1,0.09,0.20145387007185586,0.12052282901429108,0.004844004677901248,-0.04019159455116065,,
143,1,0.1,0.1,0.9073811730106232,0.6668876965834675,0.020126184523788115,-0.030179271003043805,,
143,1,0.2,0.0,-0.5641349966840749,-0.3168322162436118,-0.05386667591882277,-0.1700164098129616,,
143,1,0.2,0.01,-0.4601361260805237,-0.28814160118067617,-0.041268813179653696,-0.1432240711183406,,
143,1,0.2,0.02,-0.263010150831651,-0.19000162878211538,-0.021947634261321847,-0.1155128742948321,,
143,1,0.2,0.03,-0.579218702520956,-0.27191600369936436,-0.045175738459506065,-0.16613857899093443,,
143,1,0.2,0.04,-0.6775629410369489,-0.3027761451568383,-0.04923585121079044,-0.1626146973543316,,
143,1,0.2,0.05,0.12855596115536477,0.07528377008913965,0.008615269969989958,-0.11443728123324666,,
143,1,0.2,0.06,0.3192089233107128,0.19289625797559826,0.01941832982991798,-0.10066721891709499,,
143,1,0.2,0.07,0.2504716832001947,0.16094623997456006,0.01407354474998157,-0.08744251964013637,,
143,1,0.2,0.08,0.3652514915503739,0.26830212864861597,0.018821048328941492,-0.07014871042484583,,
143,1,0.2,0.09,0.18980741422626976,0.1152824021524666,0.009127925932467251,-0.07917883182547779,,
143,1,0.2,0.1,0.9049775008848506,0.6712746410942422,0.04014573966143309,-0.059805237981270486,,
143,1,0.30000000000000004,0.0,-0.578395189269267,-0.33280856390133684,-0.08284247493022079,-0.24891930051048794,,
143,1,0.30000000000000004,0.01,-0.47636779168125326,-0.3028384821046629,-0.06408690478344714,-0.21162074363223857,,
143,1,0.30000000000000004,0.02,-0.28170647673117777,-0.20475059133591125,-0.03526170397297124,-0.1722178370421472,,
143,1,0.30000000000000004,0.03,-0.5907963660832963,-0.2860285103462149,-0.06911809477364028,-0.24164757104100668,,
143,1,0.30000000000000004,0.04,-0.6859790845876554,-0.31705054242760805,-0.07477112921225326,-0.23583346882090797,,
143,1,0.30000000000000004,0.05,0.11188190522676876,0.06696659370454898,0.011246769223566488,-0.1679459653149792,,
143,1,0.30000000000000004,0.06,0.3051171034646201,0.18789684031874493,0.027841630288909736,-0.14817508501835197,,
143,1,0.30000000000000004,0.07,0.23701935137930571,0.15526943017615197,0.01997652432579855,-0.1286571626052555,,
143,1,0.30000000000000004,0.08,0.3537264006547615,0.2626731076349223,0.027340757680496486,-0.10408662663136492,,
143,1,0.30000000000000004,0.09,0.1780594352619522,0.1098031787003417,0.01284444032342047,-0.11697694434214498,,
143,1,0.30000000000000004,0.1,0.9022461279561375,0.6755355443131225,0.06003685969217032,-0.08887298410510017,,
143,1,0.4,0.0,-0.5914748896373723,-0.34931652455757595,-0.11295447501570399,-0.32335852178411995,,
143,1,0.4,0.01,-0.49168527017318364,-0.31793081081867536,-0.08819680267579644,-0.27740879359470916,,
143,1,0.4,0.02,-0.29988010578016316,-0.21969873542872653,-0.05004870620466928,-0.22780607319838583,,
143,1,0.4,0.03,-0.6015762863751016,-0.30058252594462564,-0.0938390036731912,-0.31219048205908867,,
143,1,0.4,0.04,-0.693642620528084,-0.33167888884007934,-0.10080859736961656,-0.30393431949243516,,
143,1,0.4,0.05,0.09511228877320427,0.05816758771161876,0.012748036541915031,-0.21916048169500862,,
143,1,0.4,0.06,0.2907712737478183,0.1825140542869827,0.03537678358198337,-0.193830462646769,,
143,1,0.4,0.07,0.22339978216336448,0.14919572202209716,0.025104848510155264,-0.16826788442658577,,
143,1,0.4,0.08,0.3419867240429061,0.2567800837093839,0.03524447571040357,-0.13725548804747734,,
143,1,0.4,0.09,0.16621968405106144,0.10408168829826285,0.015987162258345622,-0.1536020650676979,,
143,1,0.4,0.1,0.8991843461754387,0.6796611064692699,0.07977749863151185,-0.11737834910981314,,
143,1,0.5,0.0,-0.6033609945315852,-0.36635531479701006,-0.14403046852938217,-0.39314420376073017,,
143,1,0.5,0.01,-0.5060619777048891,-0.3334296311438236,-0.11346955841701478,-0.34031036182285224,,
143,1,0.5,0.02,-0.31749084608833494,-0.23487240195783027,-0.06623482923787061,-0.28200345670992294,,
143,1,0.5,0.03,-0.6115510068598026,-0.3155725374362197,-0.11924368213726011,-0.37786457308998384,,
143,1,0.5,0.04,-0.7005551790971996,-0.3466484318122637,-0.12726651825950963,-0.36713426797913246,,
143,1,0.5,0.05,0.07827506223068152,0.0488764156628037,0.013114148635629874,-0.2683124050278937,,
143,1,0.5,0.06,0.27618992365387385,0.1767369114761507,0.04200342347565256,-0.23766073043163144,,
143,1,0.5,0.07,0.2096283568381477,0.14272011733946438,0.029446582774675933,-0.20632398097484947,,
143,1,0.5,0.08,0.3300428375309443,0.2506177265738616,0.042516952972758704,-0.16964862603295613,,
143,1,0.5,0.09,0.1542980608985027,0.09811470787642508,0.018550661958413706,-0.18907116333443258,,
143,1,0.5,0.1,0.8957897874205039,0.6836418620247671,0.09934540793000846,-0.1453179119777328,,
143,1,0.6,0.0,-0.6140471474576938,-0.3839178755334286,-0.1758976781376923,-0.4581648559429385,,
143,1,0.6,0.01,-0.5194763774475867,-0.34934133127281497,-0.13977281302430955,-0.4001038540588695,,
143,1,0.6,0.02,-0.3345013879825649,-0.25029390221427034,-0.08374027504411852,-0.33456777933179754,,
143,1,0.6,0.03,-0.6207161117073944,-0.3309898526591324,-0.14523689548377594,-0.43879561357232044,,
143,1,0.6,0.04,-0.7067206688714461,-0.36194414791775426,-0.15406388805839655,-0.42565652447958624,,
143,1,0.6,0.05,0.06139835597839991,0.03915735321912971,0.012343964629415893,-0.3152400153385608,,
143,1,0.6,0.06,0.26139214976926717,0.17055493275290048,0.04770354406004729,-0.27969606794756297,,
143,1,0.6,0.07,0.19572078953416072,0.13583831522242898,0.03299157718929635,-0.24287386909410766,,
143,1,0.6,0.08,0.31790549540966334,0.24418096866725103,0.049144067840031,-0.2012608439890348,,
143,1,0.6,0.09,0.14230459750066238,0.09189927801662884,0.020530480821267627,-0.22340198165161548,,
143,1,0.6,0.1,0.8920604325751585,0.6874681887112475,0.11871817538031082,-0.17268897285685927,,
143,1,0.7000000000000001,0.0,-0.6235335787111577,-0.40199052588233464,-0.20838431390051804,-0.5183811569766038,,
143,1,0.7000000000000001,0.01,-0.5319119971330382,-0.3656674538014518,-0.16697193412391242,-0.45662235560776476,,
143,1,0.7000000000000001,0.02,-0.3508774713793031,-0.2659815553950451,-0.10247990945622731,-0.38528953371981217,,
143,1,0.7000000000000001,0.03,-0.6290701732966474,-0.34682244351061964,-0.1717235359328554,-0.4951338621417597,,
143,1,0.7000000000000001,0.04,-0.7121452023032006,-0.37754871455595457,-0.18112083149937652,-0.47972837548234726,,
143,1,0.7000000000000001,0.05,0.04451037693049848,0.029002684692623154,0.010440131954720266,-0.3599712256078045,,
143,1,0.7000000000000001,0.06,0.24639760093809232,0.16395821441088876,0.052461580401393926,-0.31996921038626447,,
143,1,0.7000000000000001,0.07,0.18169308796267394,0.12854674630463597,0.035731505455506296,-0.2779650709386929,,
143,1,0.7000000000000001,0.08,0.3055858094405204,0.2374650259517805,0.05511287147102406,-0.23208837280406608,,
143,1,0.7000000000000001,0.09,0.1302494385499225,0.08543271924248458,0.021923144121448468,-0.25661297352860535,,
143,1,0.7000000000000001,0.1,0.8879946200534541,0.6911303174175183,0.1378732651463377,-0.19948953427700258,,
143,1,0.8,0.0,-0.6318268881469314,-0.4205526725312459,-0.24132106265812037,-0.5738188779199611,,
143,1,0.8,0.01,-0.543357403664724,-0.3824045056745462,-0.1949311424219452,-0.5097511654003514,,
143,1,0.8,0.02,-0.36658802813810587,-0.2819496879466741,-0.12236394588898236,-0.43399213093694006,,
143,1,0.8,0.03,-0.6366146821842165,-0.36305481943661944,-0.19860918341665756,-0.547050122416375,,
143,1,0.8,0.04,-0.7168370111977942,-0.3934425056493534,-0.20835897767199552,-0.5295792261390554,,
143,1,0.8,0.05,0.027639304861164914,0.018405794762121945,0.007409071380953369,-0.4025401498119933,,
143,1,0.8,0.06,0.23122642104172608,0.15693749539770993,0.056264478606811386,-0.3585152067339059,,
143,1,0.8,0.07,0.1675615130744459,0.12084260526704547,0.037659897078952564,-0.3116442002862268,,
143,1,0.8,0.08,0.29309522674752536,0.23046541892096262,0.060411629304313985,-0.26212882430327633,,
143,1,0.8,0.09,0.11814282303594993,0.0787126481676714,0.022726170998550677,-0.2887232424214727,,
143,1,0.8,0.1,0.8835910537354933,0.6946183429391566,0.15678805882246993,-0.22571828172439062,,
143,1,0.9,0.0,-0.6389397751614105,-0.4395765986506519,-0.2745424925089841,-0.6245612103822965,,
143,1,0.9,0.01,-0.5538061362365932,-0.3995437825758651,-0.22351461459781996,-0.559424584602012,,
143,1,0.9,0.02,-0.381605298576985,-0.29820860489254397,-0.1432986549944988,-0.48053158977801735,,
143,1,0.9,0.03,-0.643353960551709,-0.3796679377209657,-0.2258006442044046,-0.5947319269565375,,
143,1,0.9,0.04,-0.7208063529715781,-0.40960361356079594,-0.2357018143816193,-0.5754388061487035,,
143,1,0.9,0.05,0.010813189058492257,0.007361265061069872,0.0032609413023088063,-0.44298653495773826,,
143,1,0.9,0.06,0.21589918965205251,0.14948422520195312,0.059101754864403944,-0.39537118237431074,,
143,1,0.9,0.07,0.15334253779882967,0.11265088759546171,0.03877216250941262,-0.3441798226095345,,
143,1,0.9,0.08,0.28044550667390566,0.22317799375064884,0.06502985889401214,-0.29138114292159273,,
143,1,0.9,0.09,0.10599506529618036,0.07173699342886419,0.022938081693412382,-0.3197524819068175,,
143,1,0.9,0.1,0.8788488102875439,0.6979222356022479,0.17543989742595767,-0.2513745636353997,,
143,1,1.0,0.0,-0.6448907209221385,-0.459027356170029,-0.3078883571410723,-0.6707407586989803,,
143,1,1.0,0.01,-0.5632565998551298,-0.41707122264530044,-0.2525875504454572,-0.605622101768146,,
143,1,1.0,0.02,-0.39590492161475915,-0.314764542928226,-0.16518709248259855,-0.5247957439738226,,
143,1,1.0,0.03,-0.6492950602658725,-0.3966391567917684,-0.2532064632750618,-0.6383798950238104,,
143,1,1.0,0.04,-0.7240654085806328,-0.425766222349808,-0.263075019046918,-0.6178860727725285,,
143,1,1.0,0.05,-0.005940154100670029,-0.004135030554081521,-0.0019904184442589568,-0.48135519634656526,,
143,1,1.0,0.06,0.20043686083164786,0.14159063195341023,0.06096554308905944,-0.43057610696391185,,
143,1,1.0,0.07,0.1390528050276069,0.10359059847417539,0.03906561111345952,-0.3771154109433819,,
143,1,1.0,0.08,0.26764869667523145,0.21559894350764716,0.06895836391961718,-0.3198455558163311,,
143,1,1.0,0.09,0.09381653587137088,0.06450401132871221,0.022558402003561184,-0.3497209171783697,,
143,1,1.0,0.1,0.8737673458388341,0.701031853770242,0.19380612422081933,-0.27645837086931835,,
149,1,0.1,0.0,-0.6516484426264517,-0.33288023508152154,-0.03110160054597222,-0.09343180299772233,,
149,1,0.1,0.01,-1.0895327241284747,-0.38798721152728477,-0.04854588145101435,-0.1251223751935453,,
149,1,0.1,0.02,-0.5228281834400398,-0.27471077346340916,-0.021778923923278626,-0.0792794678151912,,
149,1,0.1,0.03,-0.41156341171576905,-0.21784669476434756,-0.01606064754755665,-0.07372454085167561,,
149,1,0.1,0.04,-0.3205708011005391,-0.18358466364293632,-0.011543536755662331,-0.06287854620641938,,
149,1,0.1,0.05,0.20614650612418753,0.09989058126981093,0.0068755629694672304,-0.06883094363917945,,
149,1,0.1,0.06,0.19357559059750756,0.09886034194082352,0.005986731182270999,-0.06055745979368123,,
149,1,0.1,0.07,0.07929770137481229,0.04243572381739562,0.002257212384723317,-0.05319132517772729,,
149,1,0.1,0.08,0.49439608390434003,0.3631389866867337,0.013051642778447503,-0.03594117750211894,,
149,1,0.1,0.09,0.2975138401069881,0.1876175723297937,0.00724816771900616,-0.03863266979206696,,
149,1,0.1,0.1,0.2833481120348372,0.14518487767282934,0.006378080930410368,-0.04393075251806336,,
149,1,0.2,0.0,-0.6638927358962797,-0.34843300315115444,-0.06337198196621785,-0.1818770937112588,,
149,1,0.2,0.01,-1.083236160895502,-0.406041768496551,-0.09653065591462506,-0.23773577844478583,,
149,1,0.2,0.02,-0.5370450146141024,-0.2886139459387761,-0.04474228011083481,-0.1550246644017889,,
149,1,0.2,0.03,-0.4271279979548458,-0.23224988028867252,-0.03333606456534988,-0.1435353358370526,,
149,1,0.2,0.04,-0.3362973070140428,-0.1967544841394741,-0.02421967509841516,-0.1230959243665647,,
149,1,0.2,0.05,0.18996252055513158,0.09472209669375287,0.012671563505701089,-0.13377621429421765,,
149,1,0.2,0.06,0.17851660206704878,0.09342563393870763,0.011042000748638037,-0.11819026837840028,,
149,1,0.2,0.07,0.065099244603696,0.035516577833111844,0.0037061054383165093,-0.10434860745117551,,
149,1,0.2,0.08,0.48408402886614854,0.3593922203924887,0.025558826314389327,-0.07111680460549977,,
149,1,0.2,0.09,0.2862385445126844,0.18300570113529196,0.013946947661500841,-0.07621045451032249,,
149,1,0.2,0.1,0.2728572396490163,0.1423627825156854,0.012283869085500276,-0.08628567711611601,,
149,1,0.30000000000000004,0.0,-0.6748576396568612,-0.3645556709454308,-0.09662795778077427,-0.2650567951122017,,
149,1,0.30000000000000004,0.01,-1.0757635451377676,-0.4247009005676798,-0.143797120660204,-0.3385844495926344,,
149,1,0.30000000000000004,0.02,-0.5504083113572357,-0.30293694479873945,-0.06878340410562955,-0.22705518520141807,,
149,1,0.30000000000000004,0.03,-0.4420621424869193,-0.24704126284989872,-0.05175244491488029,-0.20948907205969422,,
149,1,0.30000000000000004,0.04,-0.351585916685247,-0.21024443820804667,-0.037981109989707273,-0.18065215096022277,,
149,1,0.30000000000000004,0.05,0.17358942635849117,0.08907940704584529,0.017369079702604706,-0.1949842312451137,,
149,1,0.30000000000000004,0.06,0.16330420094881196,0.08758927423617043,0.015151574880877927,-0.17298436381632912,,
149,1,0.30000000000000004,0.07,0.05086091778402381,0.02829605505325832,0.0043432744529827705,-0.1534939921769285,,
149,1,0.30000000000000004,0.08,0.473467470546942,0.35537131571128516,0.0374974347126269,-0.10551621094565493,,
149,1,0.30000000000000004,0.09,0.2748044010678525,0.1781505708916636,0.020084730056368683,-0.1127401947456152,,
149,1,0.30000000000000004,0.1,0.2622369113317152,0.13932495972208472,0.01770862242281912,-0.1271030148377074,,
149,1,0.4,0.0,-0.6845417172462452,-0.3812448884105291,-0.1306860672361092,-0.3427877230851811,,
149,1,0.4,0.01,-1.0671837241807698,-0.44392569697645723,-0.190200343370036,-0.428450852621228,,
149,1,0.4,0.02,-0.5629007569305295,-0.3176826853886867,-0.09379274606723198,-0.2952403463615777,,
149,1,0.4,0.03,-0.45634183549882573,-0.2622130267791506,-0.07123223466923068,-0.27165787887886345,,
149,1,0.4,0.04,-0.3664122425614665,-0.22405058702204106,-0.05277702367417314,-0.23555851549266943,,
149,1,0.4,0.05,0.15705378553752256,0.0829471172822382,0.02095273332269665,-0.25260351425357297,,
149,1,0.4,0.06,0.14795961348401662,0.08134057712895448,0.018303845624902504,-0.22502724065854895,,
149,1,0.4,0.07,0.0365998000120759,0.020768430623004982,0.004167259349683761,-0.2006535508305442,,
149,1,0.4,0.08,0.46255480974019625,0.3510681304297631,0.048844239173625015,-0.1391303708309607,,
149,1,0.4,0.09,0.2632207316145754,0.1730475275612782,0.025650813544349615,-0.1482298759528151,,
149,1,0.4,0.1,0.25149452492792873,0.1360661555480326,0.02264426499299521,-0.16642099500637084,,
149,1,0.5,0.0,-0.692950403867642,-0.3984910239264807,-0.16536421519245326,-0.4149760101571623,,
149,1,0.5,0.01,-1.0575676470148436,-0.463668987185762,-0.23560813035459072,-0.5081386438731083,,
149,1,0.5,0.02,-0.5745089647287336,-0.33285072417878536,-0.11965868933979917,-0.3594965570077187,,
149,1,0.5,0.03,-0.4699458230210205,-0.2777552055541666,-0.09169466982647545,-0.33012763754878954,,
149,1,0.5,0.04,-0.3807536166622676,-0.23816760023043723,-0.06855339528277549,-0.28783678055473194,,
149,1,0.5,0.05,0.1403826591970895,0.07631074712653545,0.023410773029288734,-0.30678212323710996,,
149,1,0.5,0.06,0.13250441588494402,0.07466953170764314,0.020489885008704523,-0.2744075734789587,,
149,1,0.5,0.07,0.022333009261207952,0.012928452216054435,0.0031785502113275133,-0.24585697949058577,,
149,1,0.5,0.08,0.4513550078249411,0.3464747109429182,0.05957697198845868,-0.17195186288292771,,
149,1,0.5,0.09,0.2514971085299175,0.16769213179036094,0.030635435696275692,-0.1826885696376879,,
149,1,0.5,0.1,0.24063765220804398,0.1325812645792145,0.027083406514777586,-0.20427778088204784,,
149,1,0.6,0.0,-0.700095743882337,-0.4162777575273514,-0.20048323678089797,-0.481609293688302,,
149,1,0.6,0.01,-1.0469878139702222,-0.48387537165466005,-0.2799013476441211,-0.5784575203465524,,
149,1,0.6,0.02,-0.5852234615354786,-0.3484370475928846,-0.14626836483493444,-0.41978419299957753,,
149,1,0.6,0.03,-0.4828556617650864,-0.29365561397520823,-0.11305632686280132,-0.3849963068383431,,
149,1,0.6,0.04,-0.39458916288544665,-0.25258870592326405,-0.08525332605808289,-0.3375183611098696,,
149,1,0.6,0.05,0.1236035100193369,0.06915686501821491,0.02473513810240835,-0.3576671397104752,,
149,1,0.6,0.06,0.11696046763428099,0.06756688292533572,0.021703486783157366,-0.32121485916614867,,
149,1,0.6,0.07,0.008077657300384275,0.004771384125827588,0.0013795851164812856,-0.2891372985489822,,
149,1,0.6,0.08,0.439877571469441,0.3415833177853067,0.06967439811090004,-0.20397482688159868,,
149,1,0.6,0.09,0.23964333754883294,0.16208017697156965,0.03502980102045106,-0.2161263744584608,,
149,1,0.6,0.1,0.2296740273270801,0.12886534701521324,0.031019360391403517,-0.24071141784720074,,
149,1,0.7000000000000001,0.0,-0.7059960745347028,-0.43458173824413776,-0.2358683689335962,-0.5427479992292978,,
149,1,0.7000000000000001,0.01,-1.035517740353593,-0.5044814668796843,-0.32297409931112864,-0.6402100384554978,,
149,1,0.7000000000000001,0.02,-0.5950386428772224,-0.36443387607680316,-0.1735084530936376,-0.47610407397217736,,
149,1,0.7000000000000001,0.03,-0.49505575499898136,-0.3098997966370297,-0.13523168094552196,-0.43637228037265263,,
149,1,0.7000000000000001,0.04,-0.40789985855097477,-0.2673056474886552,-0.1028173774889477,-0.38464349128018854,,
149,1,0.7000000000000001,0.05,0.10674410268614483,0.06147322297162559,0.02492150215910094,-0.4054041898958843,,
149,1,0.7000000000000001,0.06,0.1013498435363241,0.06002421302178621,0.021941195515459144,-0.3655390784964633,,
149,1,0.7000000000000001,0.07,-0.006149195320166161,-0.003706948402052767,-0.0012252597130160137,-0.3305305550887926,,
149,1,0.7000000000000001,0.08,0.4281325356233642,0.3363864519052627,0.07911638399036747,-0.23519491805409928,,
149,1,0.7000000000000001,0.09,0.2276694399412076,0.15620770746248352,0.03882610634903094,-0.24855435739850307,,
149,1,0.7000000000000001,0.1,0.21861153490372845,0.12491364619580973,0.03444616010838453,-0.2757597841182866,,
149,1,0.8,0.0,-0.7106756616910089,-0.4533723314102758,-0.27135061302161134,-0.5985160412801078,,
149,1,0.8,0.01,-1.0232314387097672,-0.525416381497986,-0.3647337690405916,-0.694180428864283,,
149,1,0.8,0.02,-0.6039527016074391,-0.3808294919577439,-0.20126596626863757,-0.5284936448434767,,
149,1,0.8,0.03,-0.5065333695799982,-0.3264709950560189,-0.15813366666362294,-0.48437278979864323,,
149,1,0.8,0.04,-0.420668584947161,-0.28230864853393195,-0.12118391957393648,-0.42926038647154957,,
149,1,0.8,0.05,0.08983240280921834,0.05324889102991329,0.02396929654839708,-0.45013700914319515,,
149,1,0.8,0.06,0.08569476484644609,0.052034022650844294,0.021202322845769173,-0.4074703773728927,,
149,1,0.8,0.07,-0.02033058403513303,-0.012510114908155264,-0.004629687395941273,-0.3700755292761707,,
149,1,0.8,0.08,0.41613044484154227,0.3308768816055437,0.08788396335856308,-0.26560925904558763,,
149,1,0.8,0.09,0.21558563409030673,0.15007103689208798,0.04201756350246866,-0.27998449516066415,,
149,1,0.8,0.1,0.20745819774601573,0.12072160630904162,0.037358573957633645,-0.30946054397253014,,
149,1,0.9,0.0,-0.7141642936164381,-0.4726114817280944,-0.30676797515633214,-0.6490912451695866,,
149,1,0.9,0.01,-1.0102029239040786,-0.5466024309646712,-0.4051009324395419,-0.7411253764909161,,
149,1,0.9,0.02,-0.6119675310948035,-0.3976080999715819,-0.22942900273628797,-0.5770229599263341,,
149,1,0.9,0.03,-0.5172786344314578,-0.3433501356996932,-0.18167423622924683,-0.5291223661788381,,
149,1,0.9,0.04,-0.4328801667290731,-0.29758638703583296,-0.14028948639275496,-0.47142440818659637,,
149,1,0.9,0.05,0.07289647494244689,0.04447438990093594,0.021881713245013312,-0.49200704706132065,,
149,1,0.9,0.06,0.07001752981458187,0.04358981101409374,0.019488950800946148,-0.4470987679814637,,
149,1,0.9,0.07,-0.03444968459861461,-0.021641035863005285,-0.00882550541060878,-0.40781344601418656,,
149,1,0.9,0.08,0.40388233299003107,0.32504767006620805,0.0959593996735344,-0.29521638981134274,,
149,1,0.9,0.09,0.20340231652547516,0.14366676648540042,0.044598419141535395,-0.3104296159269899,,
149,1,0.9,0.1,0.19622216425235578,0.1162848902170089,0.039752118038080875,-0.34185110347437353,,
149,1,1.0,0.0,-0.7164968391533268,-0.4922537165113154,-0.3419665731722247,-0.6946957670442777,,
149,1,1.0,0.01,-0.9968196651110044,-0.5680493652436528,-0.4441504041536174,-0.7818869825919239,,
149,1,1.0,0.02,-0.6190886046145797,-0.41474972941024285,-0.257887467598922,-0.6217905626258694,,
149,1,1.0,0.03,-0.527284520911547,-0.3605158409870079,-0.20576491025618904,-0.5707513702944451,,
149,1,1.0,0.04,-0.44452140010796193,-0.31312597985620677,-0.1600691361536517,-0.5111972383356961,,
149,1,1.0,0.05,0.05596438025710818,0.0351418202780529,0.018665687221162575,-0.5311531125443677,,
149,1,1.0,0.06,0.0543404439809479,0.03468615426256025,0.016805922143128926,-0.4845138499908306,,
149,1,1.0,0.07,-0.04848985680640091,-0.03110193957380051,-0.01380265801142555,-0.44378769300460486,,
149,1,1.0,0.08,0.3913997013953811,0.31889220335945617,0.10332624493829834,-0.3240162156671755,,
149,1,1.0,0.09,0.19113004246390633,0.1369918033320493,0.04656397172719706,-0.33990334162061064,,
149,1,1.0,0.1,0.18491169551954637,0.11159939733255185,0.04162306748873146,-0.3729685686805285,,
155,1,0.1,0.0,-0.639688309666899,-0.2782199130509182,-0.030542169388549034,-0.10977707905098577,,
155,1,0.1,0.01,-0.42137591089010373,-0.22141427340919326,-0.018858254924850826,-0.08517181225258723,,
155,1,0.1,0.02,-0.3915357215388937,-0.2172656514622077,-0.01635851062310789,-0.07529266827505578,,
155,1,0.1,0.03,-0.41916789297075374,-0.21297009707084477,-0.016316732908491227,-0.07661513580032527,,
155,1,0.1,0.04,-0.46705409010178106,-0.21953222698689528,-0.0168300150849644,-0.07666307273405033,,
155,1,0.1,0.05,-0.039687339331350324,-0.01951086682382698,-0.0013285921535717282,-0.06809498345553927,,
155,1,0.1,0.06,0.07604031630314692,0.03451034470186285,0.0023916838710669186,-0.0693033898017778,,
155,1,0.1,0.07,0.38206596619529604,0.28768092679424195,0.011100035309265621,-0.03858453680943784,,
155,1,0.1,0.08,0.16451427050461417,0.1035861036021495,0.00445150120013782,-0.042973922614514166,,
155,1,0.1,0.09,0.33091827170854876,0.190958900346748,0.008314989205810308,-0.04354334461872026,,
155,1,0.1,0.1,0.1213901636048502,0.05653853284478379,0.002858058782869932,-0.05055063580648989,,
155,1,0.2,0.0,-0.652329614207921,-0.29518856362952534,-0.062291466869794254,-0.21102262941315297,,
155,1,0.2,0.01,-0.43891743251615656,-0.23633941352851787,-0.039286616151673726,-0.16622964221299133,,
155,1,0.2,0.02,-0.40852404487446714,-0.23147119693458737,-0.03413657840264328,-0.14747657097176592,,
155,1,0.2,0.03,-0.4345620452980335,-0.22755813860353655,-0.033831946311739136,-0.14867385767591854,,
155,1,0.2,0.04,-0.48052467484166606,-0.23288457921697603,-0.03463083911553144,-0.14870387396181464,,
155,1,0.2,0.05,-0.05634085000001691,-0.02848506139721017,-0.003772185916048776,-0.1324268136005571,,
155,1,0.2,0.06,0.0603404242285118,0.02820554007363549,0.0037957553681216005,-0.13457481608975108,,
155,1,0.2,0.07,0.3693457743329567,0.28111522299100516,0.02146095962040362,-0.0763422179420369,,
155,1,0.2,0.08,0.15123716002510998,0.09668425642545785,0.00818448633413027,-0.08465169652972808,,
155,1,0.2,0.09,0.31952850343722217,0.18746158118461925,0.016057596598166857,-0.0856580665579297,,
155,1,0.2,0.1,0.1097302900169335,0.052226606358842124,0.005167068069051206,-0.0989355508483351,,
155,1,0.30000000000000004,0.0,-0.6637018081740946,-0.3128621376280411,-0.09506610989637287,-0.30385942708540875,,
155,1,0.30000000000000004,0.01,-0.45561081905247186,-0.25177798810332497,-0.06117121138269643,-0.2429569472832268,,
155,1,0.30000000000000004,0.02,-0.42481575870952193,-0.24608143885653236,-0.05324688951291279,-0.21637913757467986,,
155,1,0.30000000000000004,0.03,-0.4493207949113103,-0.24256010499383918,-0.05247143822614064,-0.21632344786243135,,
155,1,0.30000000000000004,0.04,-0.49340747714647526,-0.24662009752163933,-0.05333893092510833,-0.21627974143683965,,
155,1,0.30000000000000004,0.05,-0.07291061893870884,-0.03791403894568112,-0.007322371154080409,-0.19313086544461963,,
155,1,0.30000000000000004,0.06,0.04459766628419042,0.0214718420086529,0.004208169731194644,-0.19598550182601016,,
155,1,0.30000000000000004,0.07,0.35633895945503163,0.27423364373568765,0.031057791444286886,-0.11325303132470886,,
155,1,0.30000000000000004,0.08,0.13786011686584276,0.08949711934485789,0.011190843331652989,-0.12504138025416753,,
155,1,0.30000000000000004,0.09,0.30795219857248995,0.1837033496768443,0.023213760852326404,-0.1263654739729141,,
155,1,0.30000000000000004,0.1,0.09801755851999056,0.04767292745050255,0.006923294335003272,-0.14522486252163835,,
155,1,0.4,0.0,-0.6738013525767133,-0.3312309165448744,-0.12868364003930344,-0.38850129505308323,,
155,1,0.4,0.01,-0.47142205065151854,-0.2677386394617081,-0.08439207822395778,-0.3152032085978666,,
155,1,0.4,0.02,-0.4403797929023609,-0.261102600786218,-0.07359693763910846,-0.28186979914216614,,
155,1,0.4,0.03,-0.4634208541015842,-0.25720988489469443,-0.0721573806334257,-0.2805389095483947,,
155,1,0.4,0.04,-0.5056868020070396,-0.2607308994359256,-0.07288848710598994,-0.279554465019986,,
155,1,0.4,0.05,-0.08936937988552293,-0.047802652231517695,-0.011967086621166745,-0.2503435701267741,,
155,1,0.4,0.06,0.028835165605175,0.014299282636666029,0.003627791353339571,-0.25370443018149996,,
155,1,0.4,0.07,0.34305993165964055,0.2670285245232865,0.039867223898919946,-0.14929949513855506,,
155,1,0.4,0.08,0.12439742965034882,0.0819834931302194,0.013464006634416714,-0.16422826254830358,,
155,1,0.4,0.09,0.29619921777810004,0.17967754891696847,0.029770411719828083,-0.16568798884041663,,
155,1,0.4,0.1,0.0862614342890746,0.04287294757237273,0.008123895464722697,-0.1894876822035377,,
155,1,0.5,0.0,-0.6826316086981501,-0.35027722351000457,-0.16296257026873928,-0.46523884321038295,,
155,1,0.5,0.01,-0.4863219533288881,-0.2842254725025174,-0.10882424854394979,-0.38287999870590744,,
155,1,0.5,0.02,-0.45518861432847163,-0.27653781682609385,-0.09508976286689064,-0.3438580804544706,,
155,1,0.5,0.03,-0.47684168434725943,-0.2722527712464373,-0.09280885456167531,-0.34089223091017407,,
155,1,0.5,0.04,-0.5173490632770401,-0.2752072242048149,-0.09321182196742295,-0.33869685738355754,,
155,1,0.5,0.05,-0.10569027027368458,-0.05809077876782731,-0.01769068752910463,-0.30453521030952935,,
155,1,0.5,0.06,0.013076078212620945,0.006678833250396155,0.0020563989524489124,-0.3078979329700943,,
155,1,0.5,0.07,0.32952374221699243,0.25949259280090176,0.04786771784823518,-0.1844666058925318,,
155,1,0.5,0.08,0.11086356119901769,0.07406727753918511,0.014998980763651693,-0.20250482077887255,,
155,1,0.5,0.09,0.2842797328175993,0.17537773095426523,0.03571550911354393,-0.20364905463885705,,
155,1,0.5,0.1,0.07447144647343429,0.037822384753199476,0.008766928280913966,-0.23179205484054924,,
155,1,0.6,0.0,-0.6902025917098521,-0.36997491461018756,-0.1977239616530887,-0.534425318704146,,
155,1,0.6,0.01,-0.5002862834961832,-0.30123770282808904,-0.1343388555313657,-0.44595631380189643,,
155,1,0.6,0.02,-0.46921831639060946,-0.29238693391121057,-0.11762471301056154,-0.4022912769634253,,
155,1,0.6,0.03,-0.48956554694199145,-0.28768081047923766,-0.11434239699092474,-0.3974627184915311,,
155,1,0.6,0.04,-0.5283828026257192,-0.2900373832028224,-0.11423975159136768,-0.393879403854227,,
155,1,0.6,0.05,-0.12184692761707287,-0.06880821700353112,-0.02447403247931823,-0.355684735706235,,
155,1,0.6,0.06,-0.002656481787052791,-0.0013974976280905329,-0.0005013233731339106,-0.3587293195043862,,
155,1,0.6,0.07,0.31574604643062637,0.2516190026831313,0.05503958856700897,-0.21874178015211906,,
155,1,0.6,0.08,0.09727311453138696,0.06589835830064229,0.015792358368040826,-0.2396472199806972,,
155,1,0.6,0.09,0.27220420742386786,0.17079768224296588,0.041038079308580055,-0.24027304568572483,,
155,1,0.6,0.1,0.06265717140898533,0.032517245580034194,0.008851353704646403,-0.27220490379053486,,
155,1,0.7000000000000001,0.0,-0.696530669593434,-0.3902890010600894,-0.2327929111958268,-0.5964629045746173,,
155,1,0.7000000000000001,0.01,-0.5132957692490645,-0.3187693234116391,-0.16080424990429898,-0.5044533400619804,,
155,1,0.7000000000000001,0.02,-0.4824486802469394,-0.3086463224516407,-0.14109821910841858,-0.45715179104564296,,
155,1,0.7000000000000001,0.03,-0.5015775348997735,-0.3034835197331971,-0.1366725544816727,-0.45034588567387873,,
155,1,0.7000000000000001,0.04,-0.5387786966104331,-0.3052077248966252,-0.13590197898929668,-0.44527699629924866,,
155,1,0.7000000000000001,0.05,-0.13781358303641583,-0.07997260830592517,-0.03229458908403238,-0.4038206301899455,,
155,1,0.7000000000000001,0.06,-0.018339516718475734,-0.009936567580110965,-0.0040378091425492535,-0.40635854483909845,,
155,1,0.7000000000000001,0.07,0.3017430641298552,0.24340137026576197,0.06136508545015862,-0.2521147904104077,,
155,1,0.7000000000000001,0.08,0.08364079839513595,0.05747266023196236,0.01584233266245394,-0.2756498933321259,,
155,1,0.7000000000000001,0.09,0.2599833773197451,0.16593144954088024,0.045728248109714764,-0.27558517831454715,,
155,1,0.7000000000000001,0.1,0.05082821571723288,0.026953847084005535,0.008377039524783081,-0.31079198077642994,,
155,1,0.8,0.0,-0.7016382128023773,-0.41117543596298256,-0.26799993460625093,-0.6517897499849152,,
155,1,0.8,0.01,-0.5253361090658224,-0.33680880487099,-0.18808711195787886,-0.5584388211879527,,
155,1,0.8,0.02,-0.49486320782637333,-0.3253087023912364,-0.16540457683698373,-0.5084542024887424,,
155,1,0.8,0.03,-0.512865586284837,-0.31964780363602857,-0.15971243847057381,-0.49965129324784163,,
155,1,0.8,0.04,-0.5485295520677135,-0.32070261602700395,-0.15812747742064026,-0.4930657547468385,,
155,1,0.8,0.05,-0.1535651514117177,-0.09158521799403123,-0.041126557469474134,-0.44905235113546843,,
155,1,0.8,0.06,-0.03395021919844247,-0.0189440060478484,-0.008542646387991515,-0.45094191621427193,,
155,1,0.8,0.07,0.28753153794430786,0.234833809373135,0.06682846431975253,-0.2845776955973432,,
155,1,0.8,0.08,0.06998139244503242,0.04878649801750229,0.015148704194516194,-0.3105101782276226,,
155,1,0.8,0.09,0.24762822944495982,0.16077336615805599,0.04977727084715866,-0.3096114240602683,,
155,1,0.8,0.1,0.03899419933573149,0.02112883841795064,0.00734476076695989,-0.3476178208036239,,
155,1,0.9,0.0,-0.705553200570533,-0.43258109678294576,-0.30318223007876044,-0.7008679582475764,,
155,1,0.9,0.01,-0.5363979290617897,-0.3553388452098808,-0.2160535465693173,-0.6080211873309413,,
155,1,0.9,0.02,-0.5064491269892869,-0.3423629921123333,-0.19043672572760373,-0.5562421468296994,,
155,1,0.9,0.03,-0.5234204792760376,-0.33615789320782063,-0.18337427728033828,-0.5455004359126324,,
155,1,0.9,0.04,-0.557630290104648,-0.3365044405550701,-0.18084486901772368,-0.5374219392749077,,
155,1,0.9,0.05,-0.1690773176700583,-0.1036457558329651,-0.05094101072261925,-0.4914915262397766,,
155,1,0.9,0.06,-0.04946604497062333,-0.02842412358412574,-0.014002628198580114,-0.4926318363743774,,
155,1,0.9,0.07,0.27312868952843544,0.22591096756461915,0.07141605192257416,-0.3161247667276112,,
155,1,0.9,0.08,0.056309712200413184,0.03983660346962691,0.013712881904021312,-0.34422818989768006,,
155,1,0.9,0.09,0.23514998045217594,0.1553180784509185,0.053177559075238356,-0.3423784250076388,,
155,1,0.9,0.1,0.02716473852537555,0.015039222209549882,0.005756197660429008,-0.38274570188701856,,
155,1,1.0,0.0,-0.7083087901373255,-0.45444398969630795,-0.3381848115848387,-0.7441727017026631,,
155,1,1.0,0.01,-0.546476700413786,-0.3743361851778239,-0.2445701488992389,-0.6533435948305633,,
155,1,1.0,0.02,-0.5171973694764856,-0.35979418782099637,-0.21608701830757748,-0.6005850723055159,,
155,1,1.0,0.03,-0.533235809434911,-0.35299531026952097,-0.20756996004938844,-0.5880246961097116,,
155,1,1.0,0.04,-0.5660779190543602,-0.35259361773930487,-0.2039827959728172,-0.5785209536141825,,
155,1,1.0,0.05,-0.18432661874689066,-0.11615229154884567,-0.06170605122124573,-0.5312512598625435,,
155,1,1.0,0.06,-0.06486478435160431,-0.03837982569408448,-0.02040181657260487,-0.5315765823227651,,
155,1,1.0,0.07,0.2585521739128812,0.2166280622096682,0.07511630225272081,-0.3467524081899318,,
155,1,1.0,0.08,0.042640573910790965,0.030620152896430632,0.01153787846830756,-0.37680669026484587,,
155,1,1.0,0.09,0.22256005453760816,0.14956057244938642,0.05592270386189613,-0.3739134114428535,,
155,1,1.0,0.1,0.015349428902288196,0.008682375470961281,0.0036139312101948207,-0.416237609428644,,
161,1,0.1,0.0,-0.43711309763594774,-0.2480207828776166,-0.020863577512650444,-0.08412027923863691,,
161,1,0.1,0.01,-0.45194174260316083,-0.2571040712111816,-0.02036854838456892,-0.0792229710273179,,
161,1,0.1,0.02,-0.3313215737326858,-0.21637626643977742,-0.01392647609403641,-0.06436230887601749,,
161,1,0.1,0.03,-0.25206389311138083,-0.1552869857617892,-0.00988855318931292,-0.06367921394573269,,
161,1,0.1,0.04,-0.31379563800028365,-0.13641679116598768,-0.011446439195346159,-0.08390784666250133,,
161,1,0.1,0.05,-0.149746128777336,-0.06462658700739089,-0.005122236016448567,-0.07925895910088479,,
161,1,0.1,0.06,0.3877376009645186,0.22274119358266978,0.012291356850083979,-0.05518223482771307,,
161,1,0.1,0.07,0.0006176042837577413,0.0003387731233922577,1.8372785438147687e-05,-0.05423330296740883,,
161,1,0.1,0.08,0.18004574238644167,0.12314583294501102,0.00499320699059691,-0.040547104771515526,,
161,1,0.1,0.09,0.320351986543859,0.22440823645864252,0.008285041072636945,-0.03691950528813965,,
161,1,0.1,0.1,0.06161138553796005,0.029400316000978834,0.0014766430280166443,-0.05022541349444958,,
161,1,0.2,0.0,-0.45540097944197633,-0.2636155696795213,-0.043472930394036435,-0.16491032926047078,,
161,1,0.2,0.01,-0.46893754736956095,-0.2719978553912923,-0.042269063565234744,-0.15540219427255067,,
161,1,0.2,0.02,-0.34942757067012553,-0.2306607764183821,-0.029375054903372555,-0.12735175594003403,,
161,1,0.2,0.03,-0.27002571916894436,-0.16983139287016796,-0.021186403602079573,-0.12474963105481959,,
161,1,0.2,0.04,-0.32980759108294183,-0.14856757527860218,-0.024061026224278304,-0.16195341533411803,,
161,1,0.2,0.05,-0.1662766613194465,-0.07422459296214959,-0.01137536322654098,-0.15325598662887627,,
161,1,0.2,0.06,0.37388975257613644,0.21882552145060022,0.0237047547623499,-0.10832719421944227,,
161,1,0.2,0.07,-0.01424683981012411,-0.007959995251039463,-0.000847643508592455,-0.10648794149491041,,
161,1,0.2,0.08,0.16649962879242367,0.11561815203718998,0.009235065482789517,-0.07987556728824853,,
161,1,0.2,0.09,0.3085419179248346,0.21864090103419542,0.015959210930552192,-0.07299279711647444,,
161,1,0.2,0.1,0.04964511056038993,0.024196524336608554,0.0023796934850279783,-0.09834856659258204,,
161,1,0.30000000000000004,0.0,-0.47269417737152897,-0.27972258031447006,-0.06768562870369399,-0.24197413246939298,,
161,1,0.30000000000000004,0.01,-0.48502749632343717,-0.2873341730813567,-0.0655790675794139,-0.22823274682627334,,
161,1,0.30000000000000004,0.02,-0.3669135859914952,-0.24522272190127437,-0.04626755716194675,-0.1886756529053367,,
161,1,0.30000000000000004,0.03,-0.28755420183178554,-0.1847436090519207,-0.03384255060720931,-0.18318658372478874,,
161,1,0.30000000000000004,0.04,-0.3453770747023377,-0.16122453374539522,-0.03779534072149782,-0.23442673297591285,,
161,1,0.30000000000000004,0.05,-0.18259388366990686,-0.0843106564401295,-0.018737492079837437,-0.22224346092173133,,
161,1,0.30000000000000004,0.06,0.35969691957038546,0.21455596964053247,0.03420738549976332,-0.1594333896049336,,
161,1,0.30000000000000004,0.07,-0.029083847437849062,-0.01655734160902272,-0.0025956003030300767,-0.1567643142432742,,
161,1,0.30000000000000004,0.08,0.1528390183016709,0.10759607511071186,0.012716049452286438,-0.11818320918492757,,
161,1,0.30000000000000004,0.09,0.2965417716218852,0.21261644908497773,0.023007762032124734,-0.10821252133191764,,
161,1,0.30000000000000004,0.1,0.03765899989689783,0.018747303981906757,0.0027077251625304832,-0.14443277631512993,,
161,1,0.4,0.0,-0.4889545962046844,-0.29635632480543983,-0.09335196930273071,-0.31499907877456973,,
161,1,0.4,0.01,-0.5001808695904545,-0.30312266149464134,-0.09017054441226713,-0.297472132131768,,
161,1,0.4,0.02,-0.383742561569475,-0.2600790895877695,-0.06451957293035604,-0.24807674093530874,,
161,1,0.4,0.03,-0.30461396786184647,-0.20001889378848206,-0.04780044275644846,-0.2389796376286179,,
161,1,0.4,0.04,-0.3604784344541459,-0.17438511569372356,-0.05259721910104087,-0.30161530066257797,,
161,1,0.4,0.05,-0.19867084664997067,-0.09488947694547183,-0.027183045717114496,-0.2864706034024744,,
161,1,0.4,0.06,0.34517786222512364,0.20991630198156047,0.04376881964301793,-0.20850605326909144,,
161,1,0.4,0.07,-0.043874032103744416,-0.025458471414769642,-0.005220742144105284,-0.20506895559630844,,
161,1,0.4,0.08,0.13907921320832645,0.09891679245278301,0.015428330388352007,-0.15597281316735553,,
161,1,0.4,0.09,0.284362485356237,0.20632997834968025,0.029417078334502467,-0.14257297252582227,,
161,1,0.4,0.1,0.025663145933834796,0.013049052090607192,0.0024602793908488074,-0.18854085137875534,,
161,1,0.5,0.0,-0.5041505332206662,-0.3135254304005415,-0.12031650143613082,-0.3837535643677184,,
161,1,0.5,0.01,-0.5143720831510641,-0.3193685011176601,-0.11591109733510019,-0.36293841418129347,,
161,1,0.5,0.02,-0.39988075605759454,-0.2752435281458427,-0.0840411586689247,-0.3053338228697388,,
161,1,0.5,0.03,-0.32117177312915834,-0.21565066348309317,-0.06299839541259211,-0.29213170224042057,,
161,1,0.5,0.04,-0.37508780840675476,-0.18804441819753392,-0.06841108147971908,-0.36380277668149497,,
161,1,0.5,0.05,-0.21448145831874324,-0.10596404123026454,-0.03668290658432549,-0.34618259324983575,,
161,1,0.5,0.06,0.3303522582703145,0.204890520756076,0.0523611520075804,-0.25555673251432076,,
161,1,0.5,0.07,-0.058598150139300795,-0.03466800690704569,-0.008716027947792249,-0.2514141632416966,,
161,1,0.5,0.08,0.12523572468000194,0.09002446629182824,0.017365806257236605,-0.1929009631775284,,
161,1,0.5,0.09,0.2720153301793666,0.19977684841461393,0.03517471839704678,-0.17607004353199968,,
161,1,0.5,0.1,0.013667649632279016,0.007098472320284213,0.0016378660666902523,-0.23073500787063356,,
161,1,0.6,0.0,-0.5182567576701588,-0.33123225210093804,-0.14841957507452685,-0.44808310221342285,,
161,1,0.6,0.01,-0.5275807385557971,-0.3360721474962647,-0.14266511968746654,-0.42450741827408417,,
161,1,0.6,0.02,-0.4152978830094354,-0.29072626703586374,-0.10473756914425025,-0.36026180300842897,,
161,1,0.6,0.03,-0.3371966416753253,-0.23163042697908792,-0.07937004111074553,-0.34265809611407927,,
161,1,0.6,0.04,-0.38918320600400835,-0.20219507841352588,-0.08517827586954663,-0.4212678000764266,,
161,1,0.6,0.05,-0.23000057666302412,-0.11753550164699027,-0.0472045820699275,-0.4016197779263596,,
161,1,0.6,0.06,0.3152406446936593,0.19946295044231785,0.05995913599209901,-0.3006028731608401,,
161,1,0.6,0.07,-0.07323715564561485,-0.044189937604106076,-0.013072162050983271,-0.29581761730681017,,
161,1,0.6,0.08,0.11132423443356011,0.08091329761822544,0.018524124088535876,-0.2289379451068545,,
161,1,0.6,0.09,0.2595118877408384,0.19295270095181705,0.040269454957340134,-0.20870117266405083,,
161,1,0.6,0.1,0.0016826020395744163,0.0008925958637701129,0.00024196202201620665,-0.2710767905580657,,
161,1,0.7000000000000001,0.0,-0.5312545265734462,-0.349472491061233,-0.1774988907410856,-0.5079051864771383,,
161,1,0.7000000000000001,0.01,-0.5397916274295936,-0.35322907131163667,-0.17029496483969142,-0.4821091429630619,,
161,1,0.7000000000000001,0.02,-0.4299672209242681,-0.3065340191327565,-0.1265100159090925,-0.41271117726839446,,
161,1,0.7000000000000001,0.03,-0.3526599881571546,-0.24794773110680102,-0.09684480808861728,-0.39058557888921497,,
161,1,0.7000000000000001,0.04,-0.40274457540031267,-0.21682718370033366,-0.10283743668545553,-0.47428295165970596,,
161,1,0.7000000000000001,0.05,-0.24520409682982502,-0.12960306310138575,-0.05871238785885702,-0.45301697702104116,,
161,1,0.7000000000000001,0.06,0.29986435550834656,0.19361832631932394,0.06654030596216454,-0.3436673956804239,,
161,1,0.7000000000000001,0.07,-0.08777225452486231,-0.05402757066474438,-0.01827763487968681,-0.33830199386725074,,
161,1,0.7000000000000001,0.08,0.0973605558169501,0.07157787938340374,0.018900696069175327,-0.26405778198505414,,
161,1,0.7000000000000001,0.09,0.2468640266013406,0.18585348015676478,0.04469131080690336,-0.240465288942703,,
161,1,0.7000000000000001,0.1,-0.010281934156362275,-0.005571197796146844,-0.0017249932585942096,-0.30962699974272156,,
161,1,0.8,0.0,-0.5431315384269327,-0.36823484433860404,-0.2073910301534463,-0.5632031659740039,,
161,1,0.8,0.01,-0.5509946919138982,-0.370829520638897,-0.19866210148671293,-0.5357235344813993,,
161,1,0.8,0.02,-0.44386569477623095,-0.3226698746396522,-0.14925644394654092,-0.462567024929817,,
161,1,0.8,0.03,-0.3675357229674534,-0.26459011802521254,-0.1153484222012009,-0.4359513615327442,,
161,1,0.8,0.04,-0.41575385895705935,-0.23192820240062237,-0.12132485453550379,-0.523113848508741,,
161,1,0.8,0.05,-0.2600690324362006,-0.14216388065934973,-0.07116764756909055,-0.5006028763355234,,
161,1,0.8,0.06,0.2842454557731407,0.18734188753966372,0.0720850868470122,-0.38477826712272484,,
161,1,0.8,0.07,-0.10218495736514827,-0.06418348152605256,-0.02431877298846674,-0.3788945755240087,,
161,1,0.8,0.08,0.08336059444559765,0.06201322124557253,0.018494709062663928,-0.29823816101125966,,
161,1,0.8,0.09,0.23408387766131497,0.1784754533022768,0.04843159080833348,-0.2713627555622835,,
161,1,0.8,0.1,-0.022215942979972956,-0.012295160526441399,-0.00425960455532759,-0.34644562355790987,,
161,1,0.9,0.0,-0.5538818272024731,-0.387500710698159,-0.23793294795939823,-0.6140193847147146,,
161,1,0.9,0.01,-0.5611849426949777,-0.3888583199553383,-0.22762824104101287,-0.5853757766251645,,
161,1,0.9,0.02,-0.4569739288949865,-0.33913319396170066,-0.1728723180380537,-0.5097475597082859,,
161,1,0.9,0.03,-0.38180033949701436,-0.28154309610620887,-0.1348034272735409,-0.47880210574472,,
161,1,0.9,0.04,-0.4281950367235714,-0.2474829378038315,-0.14057485421262772,-0.5680183670845828,,
161,1,0.9,0.05,-0.2745735905355119,-0.1552129698520593,-0.08452890712307459,-0.5445995086856661,,
161,1,0.9,0.06,0.2684066721809807,0.18061947418811658,0.07657689020775815,-0.423968071837053,,
161,1,0.9,0.07,-0.11645713094704378,-0.07465946527074517,-0.031179798170318906,-0.41762686160754636,,
161,1,0.9,0.08,0.0693403085454185,0.05221477512441829,0.017307127505097997,-0.3314603474564099,,
161,1,0.9,0.09,0.22118380878581928,0.17081523132517812,0.05148290991252247,-0.3013953118414558,,
161,1,0.9,0.1,-0.03410947337641022,-0.01928115569847358,-0.007357530438526938,-0.38159177559618,,
161,1,1.0,0.0,-0.5635055997712496,-0.40724397771898563,-0.2689634061121572,-0.6604478416566114,,
161,1,1.0,0.01,-0.5703623367376934,-0.40729472078428425,-0.2570564246989352,-0.6311312461991869,,
161,1,1.0,0.02,-0.4692762713715017,-0.3559195073832238,-0.19725141049905104,-0.5542023025073125,,
161,1,1.0,0.03,-0.39543298317715203,-0.2987901260565647,-0.15512971884585236,-0.5191929227824763,,
161,1,1.0,0.04,-0.44005415782494905,-0.2634735075716291,-0.16052017779157235,-0.6092459893635895,,
161,1,1.0,0.05,-0.28869723986662327,-0.1687431316700658,-0.09875216220734251,-0.5852218175044137,,
161,1,1.0,0.06,0.25237132055775013,0.17343762775554653,0.08000219612402515,-0.46127358381991407,,
161,1,1.0,0.07,-0.13057104814825765,-0.08545648920793224,-0.03884289528346263,-0.45453418041724514,,
161,1,1.0,0.08,0.055315669156648796,0.042178461395257924,0.01534068966372426,-0.363709086492401,,
161,1,1.0,0.09,0.2081763987075464,0.16286978935482035,0.05383921705163308,-0.33056601389924767,,
161,1,1.0,0.1,-0.04595265722331655,-0.0265306389807165,-0.011013495365372328,-0.41512363774492445,,
167,1,0.1,0.0,-0.5481380848899825,-0.27558760994718784,-0.02615798974400052,-0.09491714721504824,,
167,1,0.1,0.01,-0.6301642398146542,-0.3209138741280095,-0.028395376578689402,-0.08848285745153778,,
167,1,0.1,0.02,-0.35455962925721285,-0.19662375564906703,-0.014907114797032106,-0.07581543108981317,,
167,1,0.1,0.03,-0.4412100420233337,-0.233053322588676,-0.017242708201560264,-0.07398610759990118,,
167,1,0.1,0.04,-0.26778770147427366,-0.14166776016357419,-0.009925789431093901,-0.0700638551751878,,
167,1,0.1,0.05,0.35703711314725073,0.19497780226322375,0.012236325245867263,-0.06275752985125964,,
167,1,0.1,0.06,0.4748075893222942,0.28115598286006827,0.015163885726008575,-0.05393406738762398,,
167,1,0.1,0.07,0.4943899584968105,0.337062837674833,0.015004772815431,-0.044516247827671274,,
167,1,0.1,0.08,0.222165529527608,0.1405302820239004,0.006300225934310566,-0.04483180310731227,,
167,1,0.1,0.09,0.23103446257866644,0.16979619467132545,0.006068322837736062,-0.03573886240196676,,
167,1,0.1,0.1,0.677944350621988,0.4908675774649797,0.016595716064961907,-0.033808947314606264,,
167,1,0.2,0.0,-0.5635677972645062,-0.2915619668051693,-0.05378863854662741,-0.18448441384870556,,
167,1,0.2,0.01,-0.6424617465376246,-0.33680373145536896,-0.057899011329821004,-0.17190727394744854,,
167,1,0.2,0.02,-0.37229209461840185,-0.2123005758385456,-0.031305318116056524,-0.14745752804676418,,
167,1,0.2,0.03,-0.45625995865886415,-0.24769320685561078,-0.035661732879573416,-0.1439754175428877,,
167,1,0.2,0.04,-0.28460883491917166,-0.15448065915646358,-0.02109855941915284,-0.13657735236476082,,
167,1,0.2,0.05,0.3416804931534626,0.19099954270098596,0.023420050691871808,-0.12261836002684268,,
167,1,0.2,0.06,0.46196417376206855,0.2784492109252581,0.029507413520650116,-0.10597054099237709,,
167,1,0.2,0.07,0.48247758112608313,0.33292045629842293,0.029286462513709255,-0.08796834787303512,,
167,1,0.2,0.08,0.20851776564242785,0.1342618528529482,0.011826398430559992,-0.08808457636520917,,
167,1,0.2,0.09,0.21845097576658018,0.1626395533673515,0.0114756130351652,-0.07055856215520591,,
167,1,0.2,0.1,0.6709277041745338,0.4924060707493103,0.03284790460568576,-0.06670897569499913,,
167,1,0.30000000000000004,0.0,-0.5778381364283101,-0.3081376792819739,-0.0827259652068395,-0.268470786823632,,
167,1,0.30000000000000004,0.01,-0.6536371021664161,-0.3531463251234919,-0.0883592109286192,-0.2502056644585522,,
167,1,0.30000000000000004,0.02,-0.3893689689970912,-0.2284315403367631,-0.0491119189012148,-0.2149962252533604,,
167,1,0.30000000000000004,0.03,-0.4706449412366217,-0.26270978573606607,-0.05517911617152882,-0.21003829764820808,,
167,1,0.30000000000000004,0.04,-0.3010271885496896,-0.167708682982036,-0.03347352178754337,-0.19959325416161586,,
167,1,0.30000000000000004,0.05,0.32595771221732966,0.1865693914996308,0.033513529290539745,-0.17963037249122432,,
167,1,0.30000000000000004,0.06,0.44869502596971067,0.27539951279034475,0.04298979367207223,-0.15609974482707006,,
167,1,0.30000000000000004,0.07,0.47016562960088415,0.3284899892201201,0.04280868777696378,-0.13031961150048263,,
167,1,0.30000000000000004,0.08,0.19471794563045394,0.12763349489122433,0.01656558135114583,-0.12979023543360502,,
167,1,0.30000000000000004,0.09,0.20572934775418938,0.1551788129848604,0.016210985392850707,-0.10446648663585466,,
167,1,0.30000000000000004,0.1,0.6635711257881248,0.4936589314544456,0.04873160156456802,-0.09871512183724143,,
167,1,0.4,0.0,-0.5909291463027591,-0.3253167868411575,-0.11280017918492968,-0.34673949746099836,,
167,1,0.4,0.01,-0.6636852740466971,-0.36993237584707483,-0.11962337495907138,-0.3233655196714172,,
167,1,0.4,0.02,-0.40575530373998986,-0.2450054155589801,-0.06823834856809052,-0.2785177152611287,,
167,1,0.4,0.03,-0.484343186308994,-0.2780934139857734,-0.0757134918565453,-0.2722592051763535,,
167,1,0.4,0.04,-0.3170134902538719,-0.18134968392455209,-0.04700154837212889,-0.25917634569290565,,
167,1,0.4,0.05,0.3098938589921781,0.1816672806481908,0.042482553333454964,-0.23384812709188335,,
167,1,0.4,0.06,0.43501637304622753,0.27198823820434365,0.05557230944207214,-0.20431879631618813,,
167,1,0.4,0.07,0.4574672473354431,0.32375670277079865,0.05553666290180681,-0.17153826446374335,,
167,1,0.4,0.08,0.18078204269836545,0.12064058866430837,0.02050665044730704,-0.1699813526637238,,
167,1,0.4,0.09,0.1928821114327428,0.14741225107684483,0.020264871460889067,-0.13747074149437655,,
167,1,0.4,0.1,0.6558772642294928,0.4946152426672024,0.06422210224559177,-0.1298425456912234,,
167,1,0.5,0.0,-0.602827706642887,-0.34309488469289634,-0.1438393116848372,-0.4192406185641256,,
167,1,0.5,0.01,-0.6726067354900775,-0.3871482057431084,-0.15153923641574074,-0.3914243542078931,,
167,1,0.5,0.02,-0.4214196099540859,-0.26177812179255205,-0.08859088831499073,-0.338419756809147,,
167,1,0.5,0.03,-0.49733574809761677,-0.2938323185966925,-0.09718064375105917,-0.330735040363096,,
167,1,0.5,0.04,-0.3325402058607986,-0.19539971462111905,-0.061629493112924094,-0.3154021654147447,,
167,1,0.5,0.05,0.2935151408159075,0.1762736556095369,0.05029654614825341,-0.2853321783923577,,
167,1,0.5,0.06,0.4209455897873566,0.2681968188897667,0.06721850033519505,-0.25063123646825564,,
167,1,0.5,0.07,0.44439654776534615,0.3187060137044984,0.0674373450004433,-0.21159734081130532,,
167,1,0.5,0.08,0.1667263330408904,0.11327909993402344,0.023640336320180255,-0.20869106776050458,,
167,1,0.5,0.09,0.17992204121675803,0.13933857410342385,0.023629051258012623,-0.16958011383462268,,
167,1,0.5,0.1,0.6478492744695926,0.49526419808970873,0.07929502327237348,-0.16010651199546333,,
167,1,0.6,0.0,-0.6135274341118252,-0.36146064749214857,-0.1756708184111807,-0.48600261087895197,,
167,1,0.6,0.01,-0.6804072985688966,-0.40423055690461296,-0.1839560569996973,-0.45507706890923083,,
167,1,0.6,0.02,-0.43633397765615456,-0.27753187180160166,-0.11007142649137824,-0.39660823737774037,,
167,1,0.6,0.03,-0.509606577981367,-0.30991254633959026,-0.11949407336377449,-0.3855735263871424,,
167,1,0.6,0.04,-0.3475816406773981,-0.20985293952853876,-0.07730053672706338,-0.3683557490341991,,
167,1,0.6,0.05,0.27684878970492566,0.17036961390017735,0.05692873446504221,-0.33414840335552903,,
167,1,0.6,0.06,0.4065011513996564,0.26400685209013325,0.07789433630722131,-0.29504664629169475,,
167,1,0.6,0.07,0.43096858115654957,0.31332353910108895,0.07847957515768655,-0.2504745586075049,,
167,1,0.6,0.08,0.15256735415966202,0.10554561296786835,0.025959260289829977,-0.24595300136001724,,
167,1,0.6,0.09,0.16686212527395888,0.130956932957253,0.026296680614261936,-0.20080403549803436,,
167,1,0.6,0.1,0.639490817814595,0.49559512899384794,0.09392636456544956,-0.18952237233674568,,
167,1,0.7000000000000001,0.0,-0.623028522431283,-0.3803954115002654,-0.20812313364932178,-0.547123144384134,,
167,1,0.7000000000000001,0.01,-0.6870979070762329,-0.42146634170580166,-0.21672576464380466,-0.5142184397611681,,
167,1,0.7000000000000001,0.02,-0.4504741661200613,-0.2936992334810283,-0.13257823754673048,-0.4514081837237565,,
167,1,0.7000000000000001,0.03,-0.5211425446923036,-0.326317928451863,-0.14256557153227534,-0.4368916296099433,,
167,1,0.7000000000000001,0.04,-0.36211402907462437,-0.2247015561925506,-0.09395455086235638,-0.4181303968444487,,
167,1,0.7000000000000001,0.05,0.2599229627247101,0.16393704962592504,0.06235630010317972,-0.38036734371800407,,
167,1,0.7000000000000001,0.06,0.39170258106201317,0.25940019018950894,0.0875683817606927,-0.3375802527234781,,
167,1,0.7000000000000001,0.07,0.41719929749340734,0.3075951499062141,0.0886342127108648,-0.28815217905057805,,
167,1,0.7000000000000001,0.08,0.13832186221699416,0.09743736274642832,0.027457962980676598,-0.2818011716114833,,
167,1,0.7000000000000001,0.09,0.15371553707583988,0.12226693773099753,0.02826231401231749,-0.23115254652486755,,
167,1,0.7000000000000001,0.1,0.6308060607934219,0.4955975317717038,0.10809257112572856,-0.21810554774013935,,
167,1,0.8,0.0,-0.6313375254232099,-0.3998728423496022,-0.24102715677328124,-0.6027595056394333,,
167,1,0.8,0.01,-0.6926943931117695,-0.4390279665799926,-0.2497040219500949,-0.5687656389985303,,
167,1,0.8,0.02,-0.4638196652066283,-0.3102767360829886,-0.15600677401070584,-0.5027988110877228,,
167,1,0.8,0.03,-0.531933435482378,-0.3430300646109145,-0.16630578884586789,-0.48481403236332066,,
167,1,0.8,0.04,-0.37611561167262014,-0.23993572827195106,-0.11152847849715497,-0.46482647374110503,,
167,1,0.8,0.05,0.24276663730244466,0.15695880296865586,0.06656050978438355,-0.4240635665250037,,
167,1,0.8,0.06,0.3765703925549803,0.2543590361085327,0.09621194823195367,-0.37825252723044955,,
167,1,0.8,0.07,0.40310550557867486,0.3015070279606081,0.09787426185188575,-0.3246168506051309,,
167,1,0.8,0.08,0.12400678859392153,0.0889522658937315,0.028132925470164993,-0.3162699138409192,,
167,1,0.8,0.09,0.14049560636206843,0.11326867163863376,0.02952192282216659,-0.26063625886204206,,
167,1,0.8,0.1,0.6217996727872894,0.49526109600777846,0.12177059440818816,-0.24587151179400463,,
167,1,0.9,0.0,-0.638467087405404,-0.4198587158946964,-0.27421765402099496,-0.653118879375058,,
167,1,0.9,0.01,-0.6972172010705557,-0.4569984348547257,-0.2827512155977796,-0.6187137504916462,,
167,1,0.9,0.02,-0.4763537277696081,-0.3272569589793355,-0.1802504629999453,-0.5507918412556267,,
167,1,0.9,0.03,-0.5419719386881966,-0.3600283281881604,-0.19062479979923574,-0.5294716689615884,,
167,1,0.9,0.04,-0.38956669977995073,-0.2555435322650814,-0.12995672725388774,-0.5085502501353879,,
167,1,0.9,0.05,0.22540950208856075,0.14941881345997454,0.06952682204593041,-0.46531504591658973,,
167,1,0.9,0.06,0.3611260282185557,0.24886604409314422,0.10379923474198693,-0.4170887801115106,,
167,1,0.9,0.07,0.3887048285071899,0.29504572633653836,0.10617498979086104,-0.3598594397864775,,
167,1,0.9,0.08,0.10963919582690332,0.0800889501133057,0.027982582887224883,-0.34939380336034587,,
167,1,0.9,0.09,0.12721578961825303,0.10396270400558903,0.030072908844860802,-0.28926632038393385,,
167,1,0.9,0.1,0.6124768223929704,0.49457573299487567,0.13493795306842626,-0.2728357743137073,,
167,1,1.0,0.0,-0.6444356259693584,-0.4403108386188365,-0.3075345603500339,-0.6984487625031122,,
167,1,1.0,0.01,-0.7006910830723158,-0.47534402799832093,-0.31573335825942983,-0.6642207320642831,,
167,1,1.0,0.02,-0.48806337353792,-0.34462838430709847,-0.20520149890721173,-0.5954283171416218,,
167,1,1.0,0.03,-0.5512536082813027,-0.37728989457011747,-0.21543265581768023,-0.5710003340087952,,
167,1,1.0,0.04,-0.40244972685194563,-0.2715109198395217,-0.14917157223209643,-0.5494127909119282,,
167,1,1.0,0.05,0.20788184401093637,0.1413022757215309,0.07124497040674238,-0.5042025688754456,,
167,1,1.0,0.06,0.34539179252912966,0.2429044254143377,0.11030745485952709,-0.45411875337951774,,
167,1,1.0,0.07,0.37401565569413703,0.28819823275372497,0.1135140357657809,-0.39387485024164753,,
167,1,1.0,0.08,0.09523623310277611,0.07084678191265023,0.027007330388110207,-0.3812075814736173,,
167,1,1.0,0.09,0.11388964016961178,0.09435010224391774,0.029914113102822215,-0.3170543792892458,,
167,1,1.0,0.1,0.6028431725169295,0.49353160461174594,0.14757279286438418,-0.2990138655466199,,
173,1,0.1,0.0,-0.5535061309832101,-0.2841778939666464,-0.026415620696634057,-0.09295452340756113,,
173,1,0.1,0.01,-0.606597463747867,-0.2865766722315263,-0.027344777183870073,-0.0954187128035953,,
173,1,0.1,0.02,-0.9021360377627932,-0.3405471460158733,-0.037725140601422624,-0.11077802601717945,,
173,1,0.1,0.03,-0.6685289102457439,-0.28660252670137526,-0.026217243547431046,-0.09147596795176909,,
173,1,0.1,0.04,-0.49169078626456003,-0.2128110926771673,-0.018164692591181253,-0.08535594814475646,,
173,1,0.1,0.05,0.20701921281842273,0.12030746752245701,0.007147144928750571,-0.059407325878723695,,
173,1,0.1,0.06,0.25502228277889993,0.16323751674217055,0.00826359916394348,-0.05062316144514513,,
173,1,0.1,0.07,0.5635234004721107,0.4498329914161031,0.017095279629386395,-0.038003614576088245,,
173,1,0.1,0.08,0.11888082740250347,0.08267200258480999,0.0033769785759667492,-0.04084791066361842,,
173,1,0.1,0.09,0.026010910017387086,0.016832996547684685,0.0006879198062863523,-0.04086734078139956,,
173,1,0.1,0.1,0.27829281544565615,0.17764109307560708,0.006782082289393587,-0.03817856652405881,,
173,1,0.2,0.0,-0.568786119897402,-0.30100141857878043,-0.054289690970652504,-0.1803635717964013,,
173,1,0.2,0.01,-0.6196033677453379,-0.3028542846811334,-0.055862139378855424,-0.18445220095753662,,
173,1,0.2,0.02,-0.9044623332594506,-0.3570302943777785,-0.07564484127143423,-0.21187233257969257,,
173,1,0.2,0.03,-0.6783421281562285,-0.3022536299232158,-0.05320416367877712,-0.1760248956887401,,
173,1,0.2,0.04,-0.5050165108296963,-0.22666383896555445,-0.03731397833335237,-0.16462254633842535,,
173,1,0.2,0.05,0.19026491052935338,0.11289758549348292,0.0131374365876058,-0.11636596593435708,,
173,1,0.2,0.06,0.2396172600880617,0.15587892263046918,0.015528846879994784,-0.09962120996183615,,
173,1,0.2,0.07,0.5526609666937802,0.44460108776426627,0.03353150466497712,-0.07541930415329076,,
173,1,0.2,0.08,0.10479306869943898,0.07369221646851358,0.005953591603289343,-0.0807899651903282,,
173,1,0.2,0.09,0.012785170133134356,0.008380796529667089,0.0006762679010803296,-0.08069255692897642,,
173,1,0.2,0.1,0.2668900727593289,0.17222560508943546,0.01300838782185143,-0.07553109083342324,,
173,1,0.30000000000000004,0.0,-0.5829008942816064,-0.3183665756488341,-0.08345538413307352,-0.26213613650550677,,
173,1,0.30000000000000004,0.01,-0.6315104708647945,-0.31966359266146616,-0.08540348821301547,-0.2671667658551922,,
173,1,0.30000000000000004,0.02,-0.9056912237506376,-0.3740500114696034,-0.11362142956465482,-0.3037599948687292,,
173,1,0.30000000000000004,0.03,-0.6872776055758006,-0.31832354255599754,-0.08085749513862883,-0.25401041496767357,,
173,1,0.30000000000000004,0.04,-0.5177009114883561,-0.2409663669387671,-0.05737677931369933,-0.23811115236791353,,
173,1,0.30000000000000004,0.05,0.17330858658726161,0.10503820591554056,0.017949951150029397,-0.17088973477386551,,
173,1,0.30000000000000004,0.06,0.2239822119384569,0.148139291612156,0.021773382299901334,-0.14697911717376308,,
173,1,0.30000000000000004,0.07,0.5413494549038644,0.4390983261651167,0.049267804856253594,-0.11220221513148547,,
173,1,0.30000000000000004,0.08,0.09063497040598918,0.06447328465340678,0.007723844794369938,-0.11979915147632872,,
173,1,0.30000000000000004,0.09,-0.00043929052429196293,-0.0002917500128726091,-3.485421911486597e-05,-0.11946604139512021,,
173,1,0.30000000000000004,0.1,0.2553388576063727,0.1666194024802338,0.018668061637088895,-0.11204014273969985,,
173,1,0.4,0.0,-0.5958312672934014,-0.3362662548606775,-0.11374221079039648,-0.33825044632421525,,
173,1,0.4,0.01,-0.6423100295516176,-0.33699386370925166,-0.11581864871333791,-0.34368177342618567,,
173,1,0.4,0.02,-0.9058543799226949,-0.39158348816974686,-0.1515225306007949,-0.3869482120122278,,
173,1,0.4,0.03,-0.6953350846043576,-0.3347934763267325,-0.10907393221600514,-0.3257946762067652,,
173,1,0.4,0.04,-0.5297289612638849,-0.25570809710344405,-0.07827979703346977,-0.3061295200276841,,
173,1,0.4,0.05,0.15617974369209625,0.09671668599396342,0.02156783900210435,-0.22300018637374017,,
173,1,0.4,0.06,0.20814062533161073,0.14000844853335453,0.026977888813961792,-0.19268757776095768,,
173,1,0.4,0.07,0.5295994567422124,0.4333097532788719,0.06426459520221695,-0.14831098242290702,,
173,1,0.4,0.08,0.07642337556060212,0.055011432960711586,0.008683657663229871,-0.15785187179966065,,
173,1,0.4,0.09,-0.013648833868567115,-0.009186258732296164,-0.001443902292480037,-0.157180668927134,,
173,1,0.4,0.1,0.24364868039915813,0.16081708202773362,0.023751175861626672,-0.14769062814813838,,
173,1,0.5,0.0,-0.6075648930639115,-0.3546876628203358,-0.1449776512435248,-0.4087473753406587,,
173,1,0.5,0.01,-0.6519988151386282,-0.35482936044955643,-0.1469571123324349,-0.41416277431564674,,
173,1,0.5,0.02,-0.9049867319274261,-0.4096023087378146,-0.18922174857934815,-0.46196455572341144,,
173,1,0.5,0.03,-0.702517482024249,-0.3516417153605597,-0.1377507512411652,-0.39173609166341644,,
173,1,0.5,0.04,-0.5410880114419475,-0.2708760110995176,-0.09994795171256365,-0.3689804472048417,,
173,1,0.5,0.05,0.13890844970182,0.08792128026259703,0.023978422300295232,-0.2727260366168257,,
173,1,0.5,0.06,0.19211659621126587,0.13147685918675447,0.03112619271013828,-0.2367427462343431,,
173,1,0.5,0.07,0.5174226418533776,0.4272206522365474,0.07848373946537746,-0.18370773756958234,,
173,1,0.5,0.08,0.06217523612232236,0.045303316228579554,0.008830878995730096,-0.19492787131020542,,
173,1,0.5,0.09,-0.026829863172244995,-0.018303995571255244,-0.0035478947610450007,-0.1938317099801229,,
173,1,0.5,0.1,0.2318292848883946,0.15481338777341766,0.028248758141429464,-0.18246973693756954,,
173,1,0.6,0.0,-0.6180961618417706,-0.3736120171511421,-0.17698875786168466,-0.47372340753719683,,
173,1,0.6,0.01,-0.6605789758770569,-0.37314910508806665,-0.17866924265824435,-0.4788146084822493,,
173,1,0.6,0.02,-0.903126151864878,-0.42807235186888537,-0.22659926862748458,-0.5293480591264391,,
173,1,0.6,0.03,-0.708830790105382,-0.36884361963801054,-0.1667864097420677,-0.4521873250939104,,
173,1,0.6,0.04,-0.5517678014318244,-0.28645460572085674,-0.12230482377997864,-0.426960577129494,,
173,1,0.6,0.05,0.12152522135044691,0.07864125446463303,0.02517326844205381,-0.3201025799171968,,
173,1,0.6,0.06,0.17593474887727856,0.12253570177983614,0.0342053461655667,-0.27914596047301016,,
173,1,0.6,0.07,0.5048317350325364,0.42081658119927884,0.09188870952587846,-0.21835810096647384,,
173,1,0.6,0.08,0.04790756864084437,0.03534604233225247,0.008165294764261422,-0.23101015631418437,,
173,1,0.6,0.09,-0.03996885366248662,-0.027645860021560553,-0.006342423094910399,-0.2294167405160862,,
173,1,0.6,0.1,0.2198906305391192,0.14860322742573295,0.03215281749752896,-0.21636688552809455,,
173,1,0.7000000000000001,0.0,-0.6274260344148567,-0.39301430531746495,-0.20960370714591425,-0.5333233531451299,,
173,1,0.7000000000000001,0.01,-0.6680578576913124,-0.3919267073670429,-0.21080743078192155,-0.537874625074985,,
173,1,0.7000000000000001,0.02,-0.9003131271910864,-0.44695379567241217,-0.26354237632467314,-0.58964120872537,,
173,1,0.7000000000000001,0.03,-0.7142839605174716,-0.38637166457063604,-0.19608111762314884,-0.507493523990814,,
173,1,0.7000000000000001,0.04,-0.561760454843756,-0.30242587000849286,-0.14527309398553478,-0.48035934882639225,,
173,1,0.7000000000000001,0.05,0.10406090552094623,0.06886700113270401,0.025148238858356153,-0.3651711043711121,,
173,1,0.7000000000000001,0.06,0.15962015279767588,0.1131769397460483,0.03620569398030571,-0.3199034543745902,,
173,1,0.7000000000000001,0.07,0.49184048904526756,0.41408341506564045,0.10444473965707823,-0.25223115888503206,,
173,1,0.7000000000000001,0.08,0.03363740972602933,0.02513719631135955,0.006688628447028888,-0.26608490319209877,,
173,1,0.7000000000000001,0.09,-0.05305238284961873,-0.0372123686579577,-0.009821666922064765,-0.26393554821360304,,
173,1,0.7000000000000001,0.1,0.2078428743087294,0.14218168941807904,0.035456367502624486,-0.24937365456649335,,
173,1,0.8,0.0,-0.635561819678603,-0.412863126120938,-0.2426532826737816,-0.5877329975036384,,
173,1,0.8,0.01,-0.674447786839178,-0.4111302693648261,-0.2432271884465026,-0.5916061320959787,,
173,1,0.8,0.02,-0.8965904283127433,-0.46620123836961663,-0.29994589333881927,-0.6433828755748913,,
173,1,0.8,0.03,-0.7188887727577642,-0.40370147253667926,-0.22553737617092506,-0.5586736524733219,,
173,1,0.8,0.04,-0.5710604621128826,-0.31876928749070793,-0.1687749786659949,-0.5294580917583368,,
173,1,0.8,0.05,0.0865465587907309,0.05859015583120805,0.023903512735488075,-0.4079783096046293,,
173,1,0.8,0.06,0.14319823725325917,0.10339339539144272,0.037120923575769016,-0.3590260619184705,,
173,1,0.8,0.07,0.47846365319762474,0.40700739019062027,0.11611897482246203,-0.28529942605729636,,
173,1,0.8,0.08,0.0193817714964069,0.014674864438563336,0.004404533752851103,-0.3001413588037414,,
173,1,0.8,0.09,-0.0660671604849972,-0.04700363905579481,-0.013978413892431485,-0.2973900356063637,,
173,1,0.8,0.1,0.19569635187670767,0.13554406056930624,0.038153446686334025,-0.2814837221644651,,
173,1,0.9,0.0,-0.6425168998641627,-0.4331206312643517,-0.27597227187088536,-0.6371718453246525,,
173,1,0.9,0.01,-0.6797658180132256,-0.4307223796556587,-0.27578816839000286,-0.6402921729084101,,
173,1,0.9,0.02,-0.8920027735489451,-0.48576394347482627,-0.33571252866917334,-0.6911021972271414,,
173,1,0.9,0.03,-0.7226596885954307,-0.4204476691328228,-0.25506048116554036,-0.6066402548778662,,
173,1,0.9,0.04,-0.5796646500979891,-0.33546186533206807,-0.19273265682886354,-0.5745292587522004,,
173,1,0.9,0.05,0.06901332598472978,0.04780371291977768,0.021443585476993432,-0.44857573119852046,,
173,1,0.9,0.06,0.1266947042693109,0.09317882382031013,0.03694809789877351,-0.3965289148747546,,
173,1,0.9,0.07,0.4647169377601659,0.399575151958356,0.12688061211974166,-0.31753879463697293,,
173,1,0.9,0.08,0.005157597187503467,0.003957658054300774,0.0013185797935293397,-0.33317173324169413,,
173,1,0.9,0.09,-0.07900005804431497,-0.05701937420509404,-0.018804084182796887,-0.3297841206597626,,
173,1,0.9,0.1,0.18346155837944889,0.1286858442910951,0.040239136087273586,-0.3126927931268823,,
173,1,1.0,0.0,-0.6483104084988256,-0.4537425829242493,-0.3094007615446691,-0.6818861028001034,,
173,1,1.0,0.01,-0.6840334517157851,-0.45066020779103894,-0.30835510270541355,-0.6842297087130242,,
173,1,1.0,0.02,-0.8865964945316507,-0.5055862143547479,-0.3707531460097758,-0.7333134003326175,,
173,1,1.0,0.03,-0.7256136941173925,-0.43751971136574075,-0.28455898688112,-0.6503912383578199,,
173,1,1.0,0.04,-0.587572139179711,-0.3524781917710469,-0.21706868587932915,-0.6158357905453812,,
173,1,1.0,0.05,0.051492318478620555,0.03650213959784827,0.017777241922317444,-0.48701917526405436,,
173,1,1.0,0.06,0.11013544029893735,0.08252798653129727,0.035687670993201026,-0.4324311363111605,,
173,1,1.0,0.07,0.4506169743745727,0.39177380502404957,0.13670103453073223,-0.34892847040230435,,
173,1,1.0,0.08,-0.009018282899320435,-0.00701526301710457,-0.002561771213107411,-0.36517108579697105,,
173,1,1.0,0.09,-0.09183813763443989,-0.06725884753773947,-0.02428875952781051,-0.3611236352835498,,
173,1,1.0,0.1,0.17114912870640236,0.12160277928031045,0.04170957388123808,-0.34299852460684316,,
179,1,0.1,0.0,-0.402234178004858,-0.23593188117628167,-0.019198038528949413,-0.08137110776735247,,
179,1,0.1,0.01,-0.5069900082220353,-0.30672026378163775,-0.02281943661203112,-0.07439820353140045,,
179,1,0.1,0.02,-0.45420882152140146,-0.2560972258597946,-0.01896499309671862,-0.0740538794711559,,
179,1,0.1,0.03,-0.4313501854708372,-0.25984259040749225,-0.016793562149204022,-0.0646297518927436,,
179,1,0.1,0.04,-0.24230174650600125,-0.14158483371363487,-0.00886566572736247,-0.0626173403946209,,
179,1,0.1,0.05,0.1968218703650476,0.1616060527868661,0.006753512875046219,-0.04178997480962597,,
179,1,0.1,0.06,0.3185511473328791,0.202880461915954,0.010304422535037938,-0.05079061057790122,,
179,1,0.1,0.07,0.5953916273958736,0.46061204907183556,0.018268615276790356,-0.03966160962051004,,
179,1,0.1,0.08,0.3818747888264437,0.24998338711356588,0.010854260291246698,-0.043419926486217564,,
179,1,0.1,0.09,0.5553055039075866,0.42254301993022964,0.014798739593171018,-0.03502303646055871,,
179,1,0.1,0.1,0.48864493311661716,0.3703716079479638,0.012061237849405604,-0.03256523337798661,,
179,1,0.2,0.0,-0.42129500905847883,-0.2551456879134881,-0.0402155672403407,-0.15761805566542259,,
179,1,0.2,0.01,-0.5226679833207121,-0.32204694369680387,-0.04705019318369574,-0.14609731315441976,,
179,1,0.2,0.02,-0.46997307552032735,-0.26988523988682633,-0.03924642459841199,-0.14541893663717803,,
179,1,0.2,0.03,-0.44652792352512893,-0.27287898149743856,-0.03476894035359701,-0.12741523793001763,,
179,1,0.2,0.04,-0.2591827618374577,-0.1547874570597606,-0.018966662534465772,-0.12253358828127199,,
179,1,0.2,0.05,0.18011260521877953,0.14886408195727616,0.012360341826313181,-0.08303105533449356,,
179,1,0.2,0.06,0.3036957449874141,0.1963960670486662,0.01964776648676314,-0.10004154758299971,,
179,1,0.2,0.07,0.5849352324272202,0.4590892927352446,0.035895555904241094,-0.07818861487789468,,
179,1,0.2,0.08,0.3694342534312946,0.2460807985775215,0.021001310715319965,-0.08534315085418595,,
179,1,0.2,0.09,0.5457013232485458,0.42048786768430496,0.02908558161796293,-0.06917103643951003,,
179,1,0.2,0.1,0.4789566438893846,0.36527298212997766,0.02364420301939063,-0.06473022691554325,,
179,1,0.30000000000000004,0.0,-0.43941815859332506,-0.2748639113868823,-0.0629183237051485,-0.22890718314994926,,
179,1,0.30000000000000004,0.01,-0.5373669835677877,-0.3377240596343717,-0.07256007980468837,-0.21485019421845067,,
179,1,0.30000000000000004,0.02,-0.48496015406926674,-0.2840564513361443,-0.06074694416964699,-0.21385518224953384,,
179,1,0.30000000000000004,0.03,-0.4610569146966544,-0.28619924167723987,-0.053850362504146876,-0.18815690142490463,,
179,1,0.30000000000000004,0.04,-0.275701993914948,-0.16835308962678852,-0.030263278168612517,-0.1797607530441009,,
179,1,0.30000000000000004,0.05,0.16321515200287254,0.1358851859803131,0.016801115065256056,-0.12364199190697787,,
179,1,0.30000000000000004,0.06,0.28854819250246166,0.18955618394682128,0.028001680629576642,-0.14772232720950074,,
179,1,0.30000000000000004,0.07,0.5739977051454971,0.45709861070244784,0.05283653361533469,-0.11559110524124755,,
179,1,0.30000000000000004,0.08,0.35671882177944575,0.24179240331809312,0.03041771063976162,-0.1258009359365406,,
179,1,0.30000000000000004,0.09,0.5357539626350895,0.4180873178087157,0.04283308911898853,-0.1024501038287548,,
179,1,0.30000000000000004,0.1,0.469003742300327,0.3600226672324809,0.03472930120486217,-0.09646420730069223,,
179,1,0.4,0.0,-0.4565604850088624,-0.2950543661174036,-0.08716380915686495,-0.29541609671412905,,
179,1,0.4,0.01,-0.5510637925314492,-0.3531518539912378,-0.09921272671196069,-0.28093503004637294,,
179,1,0.4,0.02,-0.49914521063815526,-0.2986186017781001,-0.0833650517161234,-0.2791689841816049,,
179,1,0.4,0.03,-0.47491478302280576,-0.2998102482320253,-0.07395857187879606,-0.2466846023941083,,
179,1,0.4,0.04,-0.29183009148030115,-0.1822778690392652,-0.04271150460214912,-0.23432084666816277,,
179,1,0.4,0.05,0.14615862584836528,0.12265831446883714,0.020060456892015965,-0.1635474690720014,,
179,1,0.4,0.06,0.2731304497047791,0.18234755046945533,0.03534065514448681,-0.1938093221077113,,
179,1,0.4,0.07,0.5625887276284829,0.45462416104916153,0.06904844845774183,-0.15188028788086158,,
179,1,0.4,0.08,0.3437419519696706,0.23710944432586012,0.039081549543148686,-0.16482493834973022,,
179,1,0.4,0.09,0.5254705753574738,0.41533189043330626,0.05601458767376544,-0.134867052022725,,
179,1,0.4,0.1,0.45879308719417666,0.35461264948541815,0.04529761528902565,-0.12773829516447724,,
179,1,0.5,0.0,-0.47268502844553095,-0.3156809839426609,-0.11280276371797093,-0.35733151331807805,,
179,1,0.5,0.01,-0.5637405122590453,-0.3684026935719331,-0.12686878120382372,-0.34437528122755634,,
179,1,0.5,0.02,-0.5125071785141682,-0.31357619417497545,-0.10699588649537006,-0.34121176442260914,,
179,1,0.5,0.03,-0.4880819371835094,-0.31371661156310376,-0.09501136920861852,-0.3028573104089743,,
179,1,0.5,0.04,-0.30753925076216587,-0.19655644156105986,-0.05626332114022414,-0.2862451146010702,,
179,1,0.5,0.05,0.12897265501948743,0.1091734244587782,0.022127075730647094,-0.20267822357264112,,
179,1,0.5,0.06,0.2574652714510334,0.1747573801523788,0.04164215020637374,-0.23828550285008898,,
179,1,0.5,0.07,0.5507191547840486,0.4516506168899968,0.0844895687256575,-0.1870684231706377,,
179,1,0.5,0.08,0.3305176919482699,0.2320236804478663,0.04697253084307551,-0.20244714139697403,,
179,1,0.5,0.09,0.5148589494435719,0.4122124004732259,0.0686042499706343,-0.16642936964505584,,
179,1,0.5,0.1,0.4483319637454648,0.3490350196238306,0.05533095795894227,-0.15852551992798522,,
179,1,0.6,0.0,-0.4877611418681127,-0.3367039123497968,-0.13968067916489124,-0.41484721157554894,,
179,1,0.6,0.01,-0.5753845468660406,-0.3840662713758017,-0.15538710012211865,-0.4045840827560597,,
179,1,0.6,0.02,-0.5250288105077798,-0.32893030540357493,-0.13153202617473958,-0.39987810187741385,,
179,1,0.6,0.03,-0.5005416150125106,-0.32792058176622013,-0.11692416514160309,-0.3565624472603559,,
179,1,0.6,0.04,-0.3228033189129048,-0.21118190732883868,-0.07086700023668502,-0.3355732559339733,,
179,1,0.6,0.05,0.11168726754381463,0.09542151323315,0.022993828824111162,-0.24097111903820626,,
179,1,0.6,0.06,0.2415761338981443,0.16677343713908413,0.046886710261309084,-0.2811401567637354,,
179,1,0.6,0.07,0.5384009953071703,0.44816323604414804,0.0991197073858201,-0.22116876042919312,,
179,1,0.6,0.08,0.317060646442673,0.22652743024078922,0.05407205008493721,-0.2386997902526015,,
179,1,0.6,0.09,0.5039274961809148,0.40871998988030717,0.08057717855137025,-0.19714518630460703,,
179,1,0.6,0.1,0.43762807275033555,0.34328198397259607,0.06481192273522351,-0.18880082777777643,,
179,1,0.7000000000000001,0.0,-0.5017645587491751,-0.35807966367211846,-0.16763932804954573,-0.468162102059634,,
179,1,0.7000000000000001,0.01,-0.585988541725431,-0.40013966341563073,-0.18462592391360644,-0.46140370673984615,,
179,1,0.7000000000000001,0.02,-0.536696689930664,-0.34467840283776435,-0.1568642874401115,-0.45510332573388845,,
179,1,0.7000000000000001,0.03,-0.5122799092055151,-0.3424219544587969,-0.1396105379796836,-0.4077149147762449,,
179,1,0.7000000000000001,0.04,-0.3375978868971638,-0.22614577307804684,-0.08646743331641782,-0.38235263980183437,,
179,1,0.7000000000000001,0.05,0.09433277570092814,0.08139465430240013,0.022657763074674042,-0.278369178773033,,
179,1,0.7000000000000001,0.06,0.2254871572264285,0.15838411438524577,0.05105806319072337,-0.3223685872090192,,
179,1,0.7000000000000001,0.07,0.5256473878491069,0.4441479313798033,0.1129003939693658,-0.25419547405889303,,
179,1,0.7000000000000001,0.08,0.30338594180475204,0.22061361543840521,0.06036326707562001,-0.27361532947848943,,
179,1,0.7000000000000001,0.09,0.49268523668862435,0.4048461601659622,0.09190948635469876,-0.2270232384494433,,
179,1,0.7000000000000001,0.1,0.4266895187843251,0.33734587665958465,0.07372393321992288,-0.21854108296784555,,
179,1,0.8,0.0,-0.5146773982497697,-0.3797613167586099,-0.19651828833817664,-0.5174784257004533,,
179,1,0.8,0.01,-0.5955502801511517,-0.4166149871249048,-0.21444401896354237,-0.5147294878742569,,
179,1,0.8,0.02,-0.5475012134373427,-0.3608141729672768,-0.1828825199564298,-0.5068606880168642,,
179,1,0.8,0.03,-0.5232857744283621,-0.3572179797943626,-0.16298279162791618,-0.4562558461411697,,
179,1,0.8,0.04,-0.3519003713435404,-0.24143791356798688,-0.10300647375942151,-0.4266375244765183,,
179,1,0.8,0.05,0.07693965905961599,0.06708603589253515,0.02112013170475624,-0.3148215783473702,,
179,1,0.8,0.06,0.20922302521043892,0.14957851469326003,0.05414320366140424,-0.36197179636684756,,
179,1,0.8,0.07,0.5124725724524141,0.4395913414946702,0.12579504091434401,-0.28616360023521803,,
179,1,0.8,0.08,0.2895091888928216,0.21427580379613942,0.06583117157553064,-0.30722634291532974,,
179,1,0.8,0.09,0.4811417865647506,0.4005828050757708,0.10257837470236586,-0.25607283538534065,,
179,1,0.8,0.1,0.415524797250719,0.33121917292862135,0.0820512903715449,-0.2477250626708955,,
179,1,0.9,0.0,-0.5264881096254567,-0.40169877175944496,-0.2261564434276161,-0.5630000869483579,,
179,1,0.9,0.01,-0.6040725399267043,-0.43347924235408725,-0.24470177576162833,-0.5645063289137703,,
179,1,0.9,0.02,-0.5574365465962487,-0.37732737044918535,-0.20947638578178873,-0.5551582052805228,,
179,1,0.9,0.03,-0.533551016187598,-0.3723032787717143,-0.18695250881376646,-0.5021511210713789,,
179,1,0.9,0.04,-0.3656900849641342,-0.2570465429006961,-0.12042329408963814,-0.46848828515916224,,
179,1,0.9,0.05,0.05953844676950417,0.052490001272168574,0.018386386607601057,-0.3502835999615407,,
179,1,0.9,0.06,0.1928089020541517,0.14034653406332484,0.05613246006883532,-0.39995615455318734,,
179,1,0.9,0.07,0.4988918573357267,0.4329376704397269,0.1377691033652524,-0.3182192559620021,,
179,1,0.9,0.08,0.2754464441331215,0.20750825106875784,0.0704626421947494,-0.33956549598310487,,
179,1,0.9,0.09,0.4693073386462765,0.39592224329315684,0.11256220837767095,-0.2843038255224406,,
179,1,0.9,0.1,0.40414278034963985,0.32489450352106763,0.089779217622183,-0.27633344562371553,,
179,1,1.0,0.0,-0.5371913583700664,-0.42383905759050305,-0.25639343843333595,-0.6049311261942579,,
179,1,1.0,0.01,-0.6115629124448866,-0.450714190123076,-0.27526225149378947,-0.6107246177863269,,
179,1,1.0,0.02,-0.566500553321247,-0.39420369624912227,-0.23653611673674868,-0.6000352583890196,,
179,1,1.0,0.03,-0.5430702619846324,-0.3876697710758844,-0.21143109480916233,-0.5453896862331723,,
179,1,1.0,0.04,-0.37894829524198476,-0.2729581968927149,-0.13865475433071583,-0.50797065598002,,
179,1,1.0,0.05,0.04215959981659189,0.037602090220178665,0.014466146452122741,-0.3847165507932236,,
179,1,1.0,0.06,0.1762703469292278,0.13067894677876213,0.05701954459634795,-0.43633305901126784,,
179,1,1.0,0.07,0.48492158114055883,0.42539745736792617,0.14879023146523918,-0.3497675618134937,,
179,1,1.0,0.08,0.26121416891214727,0.200305941871325,0.07424649817411022,-0.37066548041697933,,
179,1,1.0,0.09,0.45719264392687053,0.39085725104300045,0.12184058745639748,-0.3117265629107981,,
179,1,1.0,0.1,0.3925527020040228,0.31836467009181213,0.09689390365923245,-0.3043487948310645,,
185,1,0.1,0.0,-0.154509725744449,-0.11145853552247267,-0.0073707497751375195,-0.06612997147850917,,
185,1,0.1,0.01,-0.5741761151711675,-0.3299565910552335,-0.025901101587891495,-0.07849851250146947,,
185,1,0.1,0.02,-0.39822926396375957,-0.22866695117274252,-0.016866005741970724,-0.07375795083404768,,
185,1,0.1,0.03,-0.28568027249073297,-0.17699510950125166,-0.011291979632936155,-0.06379825784314284,,
185,1,0.1,0.04,-0.02355812947777506,-0.015142453859678356,-0.0008660664125628159,-0.05719458818157576,,
185,1,0.1,0.05,0.47861669559890196,0.49740907172181187,0.016637613419537622,-0.03344855243983691,,
185,1,0.1,0.06,0.4552205842852437,0.39815085514211923,0.014872426288017548,-0.037353746942748275,,
185,1,0.1,0.07,0.3942401480958133,0.2912657096586156,0.012046735881559467,-0.04135995238052262,,
185,1,0.1,0.08,0.4343885410577465,0.314398203708562,0.012504594991543438,-0.03977311207265941,,
185,1,0.1,0.09,0.6108467058604297,0.45919793700460226,0.01631713783477018,-0.03553399638772036,,
185,1,0.1,0.1,0.5745697497861861,0.46044704603363906,0.01414428447219307,-0.030718590973781,,
185,1,0.2,0.0,-0.17740822476868606,-0.13077319355266262,-0.016926204826537505,-0.12943176171438597,,
185,1,0.2,0.01,-0.5881139579861978,-0.3441647563647815,-0.05305967618146712,-0.15416940636777163,,
185,1,0.2,0.02,-0.4153133323839498,-0.24293241274878044,-0.03517911757154113,-0.14481030823960206,,
185,1,0.2,0.03,-0.3033671176905841,-0.19046729824794006,-0.02398216218710547,-0.12591222959380033,,
185,1,0.2,0.04,-0.04187954947032436,-0.027405872120417604,-0.0030792318383111583,-0.11235664476508685,,
185,1,0.2,0.05,0.4646497500062041,0.48901362483387306,0.03230419242443894,-0.06605990259558364,,
185,1,0.2,0.06,0.4417925620742304,0.3899694414016708,0.028867443788202163,-0.07402488688458163,,
185,1,0.2,0.07,0.3809766942650104,0.28438407176487396,0.023282893104660696,-0.08187129806591549,,
185,1,0.2,0.08,0.42235864226441905,0.30867836641909085,0.024316588784015103,-0.07877645934863024,,
185,1,0.2,0.09,0.6020429538771662,0.45851084362010314,0.032163938240539425,-0.07014869700047638,,
185,1,0.2,0.1,0.5659791929825492,0.45924631570386115,0.02786561845229918,-0.060676847041420685,,
185,1,0.30000000000000004,0.0,-0.1998542673394622,-0.15062941554781517,-0.028601613049698993,-0.18988066139458543,,
185,1,0.30000000000000004,0.01,-0.6009849559893421,-0.3587213617429203,-0.0813313475773928,-0.22672568810016777,,
185,1,0.30000000000000004,0.02,-0.43166969803366745,-0.25758292435778724,-0.054846875389347294,-0.21292900345041513,,
185,1,0.30000000000000004,0.03,-0.3205685420095776,-0.20423130566520703,-0.03801298650171525,-0.18612712863927583,,
185,1,0.30000000000000004,0.04,-0.06011698313683325,-0.040048861140537136,-0.006630233521112361,-0.16555360957321436,,
185,1,0.30000000000000004,0.05,0.4501763869571423,0.47981692420729866,0.04694692495479025,-0.09784341190621997,,
185,1,0.30000000000000004,0.06,0.42793565991057714,0.3813535667061991,0.04194301693119096,-0.10998459328296917,,
185,1,0.30000000000000004,0.07,0.36738665744298776,0.2771986984985593,0.033678533629829754,-0.12149600200956495,,
185,1,0.30000000000000004,0.08,0.41000916434436363,0.30270213779947214,0.03540838253096923,-0.1169743391585356,,
185,1,0.30000000000000004,0.09,0.5928653121537738,0.45747985522322826,0.04751043882068928,-0.10385252657192187,,
185,1,0.30000000000000004,0.1,0.557085107097634,0.4577040866739625,0.04114158585416283,-0.08988686588562038,,
185,1,0.4,0.0,-0.22177659048664403,-0.1710062683774749,-0.04231862419233956,-0.24746826296990762,,
185,1,0.4,0.01,-0.6127756443136514,-0.37371610576030545,-0.11056930997014447,-0.2958644496875432,,
185,1,0.4,0.02,-0.44726690724246526,-0.2726271962974315,-0.07577149052944943,-0.2779307844503674,,
185,1,0.4,0.03,-0.337250394446989,-0.21830022063003257,-0.05332149191951807,-0.24425761808956406,,
185,1,0.4,0.04,-0.07823408991711844,-0.05306572777627169,-0.011504464759573896,-0.21679651333677005,,
185,1,0.4,0.05,0.4352176692753128,0.4698119771467613,0.06051592768358449,-0.1288088227360801,,
185,1,0.4,0.06,0.41366806246982246,0.3722932901042478,0.05405948658010984,-0.1452067174376749,,
185,1,0.4,0.07,0.35348657337200723,0.26969867175695955,0.04320574053817716,-0.16020004939850893,,
185,1,0.4,0.08,0.39735283670991606,0.2964587943023461,0.045753843134990646,-0.15433457874866813,,
185,1,0.4,0.09,0.5833194328408704,0.4560937175235696,0.06232728110701613,-0.1366545486428351,,
185,1,0.4,0.1,0.5478925555351486,0.4558119853089599,0.05395026917842305,-0.11836079549741174,,
185,1,0.5,0.0,-0.24310758443486263,-0.19108683239678628,-0.05798616121651701,-0.303454510649433,,
185,1,0.5,0.01,-0.6234780718072892,-0.38914916569690033,-0.14062557157126954,-0.36136675590562534,,
185,1,0.5,0.02,-0.46207729018808796,-0.28807064489181394,-0.09785064703652457,-0.33967587038683783,,
185,1,0.5,0.03,-0.3533808863308307,-0.23268470787390136,-0.06983978516133116,-0.30014772263925216,,
185,1,0.5,0.04,-0.0961950694172855,-0.06647091641013661,-0.017682074197583497,-0.2660121922869569,,
185,1,0.5,0.05,0.41979627437990924,0.45899386457230323,0.07296452664856745,-0.15896623523836598,,
185,1,0.5,0.06,0.39900916851583756,0.3627794284212626,0.06517976835683403,-0.17966776297234452,,
185,1,0.5,0.07,0.33929378598895354,0.2618734631072638,0.05183874151079504,-0.1979533966355415,,
185,1,0.5,0.08,0.3844030916196039,0.2899378501648018,0.055328404410664556,-0.1908284978288129,,
185,1,0.5,0.09,0.5734116533925144,0.4543414149202695,0.07658580208998411,-0.1685644310092749,,
185,1,0.5,0.1,0.5384070789870423,0.4535619386368602,0.06627030825995583,-0.14611082327393987,,
185,1,0.6,0.0,-0.2637837488878965,-0.21011613343361302,-0.07550142226060796,-0.3593318657963165,,
185,1,0.6,0.01,-0.6330896992047185,-0.40501606362684744,-0.17135217066764363,-0.4230749988857606,,
185,1,0.6,0.02,-0.4760770475899946,-0.3039152013815645,-0.12097832497318484,-0.3980660540283306,,
185,1,0.6,0.03,-0.36893071975077396,-0.24739290208549394,-0.08749553765968254,-0.3536703637093269,,
185,1,0.6,0.04,-0.11396481721618569,-0.08026645208599305,-0.025138099482282183,-0.3131831397674163,,
185,1,0.6,0.05,0.4039364203740236,0.4473598158071077,0.0842495224682287,-0.1883260844880072,,
185,1,0.6,0.06,0.3839795341190918,0.3528036119363401,0.0752695398376162,-0.21334685159401892,,
185,1,0.6,0.07,0.3248264003347003,0.2537129781769233,0.05955402367450646,-0.23472990661509352,,
185,1,0.6,0.08,0.37117403350029327,0.28312909080011783,0.06410916294886881,-0.22643085797964965,,
185,1,0.6,0.09,0.5631489898183952,0.4522122061207284,0.09025812466747984,-0.1995924113631364,,
185,1,0.6,0.1,0.5286346895377383,0.4509461997566219,0.07808095814449367,-0.1731491654362192,,
185,1,0.7000000000000001,0.0,-0.2837461033668955,-0.2294536742816587,-0.09475099785839736,-0.41294173281395674,,
185,1,0.7000000000000001,0.01,-0.6416132544209912,-0.42130744535218156,-0.20260235057947584,-0.4808895565805048,,
185,1,0.7000000000000001,0.02,-0.489246306533134,-0.3200680157054963,-0.14504563660554382,-0.45317129325100836,,
185,1,0.7000000000000001,0.03,-0.3838731977206757,-0.2624302946754535,-0.10621250829641338,-0.4047265519697944,,
185,1,0.7000000000000001,0.04,-0.1315090758117249,-0.09445282822750546,-0.033842634038756536,-0.35830196590027863,,
185,1,0.7000000000000001,0.05,0.3876637835404831,0.4320033636979014,0.09433143805110644,-0.21835811009349484,,
185,1,0.7000000000000001,0.06,0.3686008101530499,0.34235834011351174,0.08429741530951551,-0.2462256806174665,,
185,1,0.7000000000000001,0.07,0.31010323215371716,0.2452076030073874,0.06633043910601644,-0.2705072693199407,,
185,1,0.7000000000000001,0.08,0.35768040570695203,0.27602260816967644,0.07207496816605152,-0.26111979972939625,,
185,1,0.7000000000000001,0.09,0.5525391278460697,0.4490734872432489,0.10331724662127617,-0.23006757146923815,,
185,1,0.7000000000000001,0.1,0.5185818635270654,0.4479573731298061,0.08936214588052116,-0.1994880567679068,,
185,1,0.8,0.0,-0.302940547542141,-0.24911680782048132,-0.11561208652298671,-0.4640878611703276,,
185,1,0.8,0.01,-0.6490565478150583,-0.4380088866713896,-0.23423168100585123,-0.5347646774609404,,
185,1,0.8,0.02,-0.5015691456125206,-0.33652588038161707,-0.16994166637971575,-0.5049884014477685,,
185,1,0.8,0.03,-0.39818431549545075,-0.27779961761208294,-0.1259110863071613,-0.4532442750982562,,
185,1,0.8,0.04,-0.14879457969802684,-0.10902892399657874,-0.04376102541398641,-0.4013707905194002,,
185,1,0.8,0.05,0.37100540767300855,0.415683221467087,0.10317474682653982,-0.24820522334868642,,
185,1,0.8,0.06,0.3528956743556971,0.3305143545219489,0.09223510685407255,-0.2790653585605383,,
185,1,0.8,0.07,0.2951437543992345,0.2363482521566181,0.07214930033914912,-0.30526690881275825,,
185,1,0.8,0.08,0.34393755483939664,0.2686088380152279,0.07920650604964607,-0.29487676814698005,,
185,1,0.8,0.09,0.5415904119998222,0.44456482723267543,0.11573712773181755,-0.26033802190842975,,
185,1,0.8,0.1,0.5082555331796225,0.4445884396669987,0.10009452601406799,-0.22513974067575804,,
185,1,0.9,0.0,-0.321318168254299,-0.2691165234580866,-0.1379537905783743,-0.5126173183485697,,
185,1,0.9,0.01,-0.6554322506604074,-0.4551007416039875,-0.26609911443194156,-0.5847037592030372,,
185,1,0.9,0.02,-0.5130335899119838,-0.3533779303931179,-0.1955543057895447,-0.5533857351306543,,
185,1,0.9,0.03,-0.4118428326507961,-0.2935007289825776,-0.1465088489991181,-0.49917712132093184,,
185,1,0.9,0.04,-0.16578919361590505,-0.12399192630824167,-0.054854103362858675,-0.4424006062015068,,
185,1,0.9,0.05,0.35398960573705196,0.39869242737673294,0.11074807966479572,-0.27777823720776995,,
185,1,0.9,0.06,0.33688775828630213,0.3179090197868321,0.09905757061236264,-0.3115909409515459,,
185,1,0.9,0.07,0.2799680408787382,0.22712641830756997,0.0769944652778416,-0.33899387773366485,,
185,1,0.9,0.08,0.329961392746928,0.26087859881038944,0.08548637614125476,-0.3276864278291665,,
185,1,0.9,0.09,0.5303118326111276,0.4397676034544768,0.12749277464536624,-0.28990942862521213,,
185,1,0.9,0.1,0.49766307701271656,0.44083278151797856,0.11025953457652116,-0.25011645957192596,,
185,1,1.0,0.0,-0.3388354907227666,-0.2894573809392411,-0.1616384732430456,-0.558418903392809,,
185,1,1.0,0.01,-0.6607576403980295,-0.47255804726943285,-0.29806796759253706,-0.6307541884322015,,
185,1,1.0,0.02,-0.5236315766428006,-0.3706119243103802,-0.221771074542085,-0.5983916328508526,,
185,1,1.0,0.03,-0.4248303257227238,-0.3095305051600482,-0.16792112887914734,-0.542502680930659,,
185,1,1.0,0.04,-0.1824620430816092,-0.1393372579558837,-0.06707843559042015,-0.481410618914707,,
185,1,1.0,0.05,0.3366458544159101,0.379870652747981,0.11702440881326215,-0.30806383164034545,,
185,1,1.0,0.06,0.3206015695416981,0.30500090118560313,0.10474313718300365,-0.3434191072086833,,
185,1,1.0,0.07,0.2645967072944695,0.21753422311281287,0.08085241098103735,-0.37167674044146803,,
185,1,1.0,0.08,0.3157683563684819,0.25282313227268116,0.09089916133419162,-0.3595365681813988,,
185,1,1.0,0.09,0.5187130107879062,0.4346716854531791,0.13856032311400868,-0.31877006888440124,,
185,1,1.0,0.1,0.48681230904185,0.436684206474655,0.11983944135965086,-0.2744304455778533,,
191,1,0.1,0.0,0.013841221323357515,0.013110861861666854,0.0006598940803250741,-0.050331861267980615,,
191,1,0.1,0.01,-0.12853323468201566,-0.09553493580181298,-0.005793362080216635,-0.060641293486970595,,
191,1,0.1,0.02,-0.2233081177575526,-0.1448976717109383,-0.009441831359222608,-0.06516206401203234,,
191,1,0.1,0.03,-0.2980960747479177,-0.193441659785436,-0.011831876807727348,-0.061165091432999356,,
191,1,0.1,0.04,-0.07355238631872885,-0.04763113762310687,-0.0027370084256833627,-0.05746258775804637,,
191,1,0.1,0.05,-0.019619901482171125,-0.01245237892874669,-0.0006856754378326002,-0.055063810839364825,,
191,1,0.1,0.06,-0.06864249563835383,-0.03864386182289602,-0.0022443237321078113,-0.05807710788309663,,
191,1,0.1,0.07,0.18840952363359564,0.13041726053038993,0.005776797858200178,-0.044294733953977386,,
191,1,0.1,0.08,0.21213293913907544,0.12897753617170016,0.006160990879913175,-0.047767937446962956,,
191,1,0.1,0.09,0.6245872501669433,0.6076147188531246,0.01684121135870087,-0.027716924617113833,,
191,1,0.1,0.1,0.6302203858501854,0.6502740164564008,0.015759827016174288,-0.02423567083620501,,
191,1,0.2,0.0,-0.009990786848721928,-0.009574520956201106,-0.0009526415256629894,-0.09949756546785711,,
191,1,0.2,0.01,-0.15040716254745443,-0.11412030700605542,-0.013558565677602497,-0.11880940415699245,,
191,1,0.2,0.02,-0.24297364503013458,-0.16013956580303845,-0.02054664384033622,-0.12830460565633914,,
191,1,0.2,0.03,-0.31569334507198493,-0.20807823710902723,-0.025060677307272572,-0.12043872370055438,,
191,1,0.2,0.04,-0.09193896271888254,-0.06055062534812381,-0.006842407927316829,-0.1130030926679578,,
191,1,0.2,0.05,-0.037048031307517694,-0.023908910892691353,-0.0025895058760312395,-0.10830714488223796,,
191,1,0.2,0.06,-0.08482935911655887,-0.048732642314786925,-0.005547133508893354,-0.11382788302472549,,
191,1,0.2,0.07,0.17345576191578463,0.12154662823954233,0.010636605354156448,-0.08751049295414415,,
191,1,0.2,0.08,0.19809480632546891,0.12230520416949202,0.01150656093374769,-0.09408071399645235,,
191,1,0.2,0.09,0.6159144064420523,0.6010032269044663,0.033214718023740986,-0.05526545705056705,,
191,1,0.2,0.1,0.6222911859666799,0.6483120061542293,0.03112308539906916,-0.04800633815759564,,
191,1,0.30000000000000004,0.0,-0.033743424139861734,-0.03273974619650723,-0.0048262545593898976,-0.147412705352761,,
191,1,0.30000000000000004,0.01,-0.17193143467869287,-0.1332250773270141,-0.02324833082733002,-0.17450416463459578,,
191,1,0.30000000000000004,0.02,-0.262178828169751,-0.17572222793118514,-0.033256045141516144,-0.18925349133713235,,
191,1,0.30000000000000004,0.03,-0.33278516235170863,-0.22299541270075898,-0.039626214948130234,-0.17769968659088636,,
191,1,0.30000000000000004,0.04,-0.11017176609344899,-0.07383801953978865,-0.012299032043508462,-0.16656774003643146,,
191,1,0.30000000000000004,0.05,-0.054407662479543754,-0.0357205763320746,-0.005704309650995443,-0.1596925424149265,,
191,1,0.30000000000000004,0.06,-0.10090817798943022,-0.05917532879136334,-0.00989783150449286,-0.167262805406456,,
191,1,0.30000000000000004,0.07,0.15835541045002804,0.11237853870196113,0.014565938785044752,-0.12961495097987566,,
191,1,0.30000000000000004,0.08,0.18390464367146184,0.11533720965941861,0.016023463923592773,-0.13892709881666773,,
191,1,0.30000000000000004,0.09,0.6068532622561534,0.5931662638111099,0.04908910989125048,-0.08275775762406239,,
191,1,0.30000000000000004,0.1,0.6140246543224547,0.6459047129036014,0.046064468333884445,-0.07131774612203422,,
191,1,0.4,0.0,-0.057336586749318276,-0.05636164365504315,-0.010934316646774689,-0.1940027993806796,,
191,1,0.4,0.01,-0.19304406492308757,-0.15282753975175792,-0.034804201988788086,-0.22773514541503143,,
191,1,0.4,0.02,-0.28087766017671795,-0.19165393334045516,-0.047503861957063354,-0.2478627029933021,,
191,1,0.4,0.03,-0.34933769988412994,-0.23819497619591679,-0.055462932651081154,-0.23284677761407765,,
191,1,0.4,0.04,-0.12821404200897177,-0.08749630813240712,-0.019084243534876033,-0.21811484326854197,,
191,1,0.4,0.05,-0.07166751814805802,-0.04789157177410626,-0.010018532851288842,-0.20919198264245745,,
191,1,0.4,0.06,-0.11685387496111249,-0.06997512168292941,-0.015282540200502126,-0.21839962307961713,,
191,1,0.4,0.07,0.14312918651508091,0.1029066671237442,0.017553855286300823,-0.17058034991253282,,
191,1,0.4,0.08,0.16957975070366543,0.10806600161469428,0.019700463336686624,-0.18230028910413443,,
191,1,0.4,0.09,0.59740921628227,0.5851880218695736,0.06443355913113091,-0.11010744704800507,,
191,1,0.4,0.1,0.6054248117587174,0.643043859936884,0.06055907120012094,-0.09417564644200932,,
191,1,0.5,0.0,-0.08069144384438197,-0.08041375151699784,-0.019235226748355427,-0.23920320076460416,,
191,1,0.5,0.01,-0.2136856592593115,-0.17290306150783044,-0.04815713221960183,-0.2785209920497613,,
191,1,0.5,0.02,-0.2990268320589037,-0.2079402652430872,-0.06321671035819876,-0.30401380071482015,,
191,1,0.5,0.03,-0.3653195895403858,-0.2536767605684781,-0.07250039073051495,-0.28579831502122965,,
191,1,0.5,0.04,-0.14602987068540393,-0.10152703815657935,-0.02717008967835688,-0.26761432394446494,,
191,1,0.5,0.05,-0.0887967262826341,-0.060424986857092515,-0.015516320055754207,-0.2567864862337648,,
191,1,0.5,0.06,-0.13264181944191103,-0.08113427188547505,-0.021684175413131834,-0.267262833685623,,
191,1,0.5,0.07,0.12779813528381034,0.09312523537813439,0.019592003099196065,-0.21038339414276774,,
191,1,0.5,0.08,0.15513774389646623,0.10048442504336869,0.022528378411091676,-0.224197714236495,,
191,1,0.5,0.09,0.587588390240836,0.5770558442511616,0.0792179176673855,-0.13727946516196476,,
191,1,0.5,0.1,0.5964962169284002,0.6397216586150126,0.07458245881646763,-0.11658579604438826,,
191,1,0.6,0.0,-0.10373101911882837,-0.10486638448993466,-0.029672880967702375,-0.2829589397215316,,
191,1,0.6,0.01,-0.2337997824930804,-0.19342411577771257,-0.06322816651783036,-0.32688874530254347,,
191,1,0.6,0.02,-0.31658595014459573,-0.2245839848405318,-0.08031462130391176,-0.357615087117365,,
191,1,0.6,0.03,-0.3807020473098668,-0.2694385692817739,-0.09066378471495917,-0.3364914865627298,,
191,1,0.6,0.04,-0.1635843244054054,-0.11593023405416593,-0.03652349270631139,-0.315047174745171,,
191,1,0.6,0.05,-0.105764941210459,-0.07332273332772433,-0.02217761055662415,-0.3024656821984361,,
191,1,0.6,0.06,-0.148247911199577,-0.09265401743141201,-0.02908253573065467,-0.3138831594882897,,
191,1,0.6,0.07,0.11238356592330088,0.083029052977883,0.020674660083059404,-0.2490051294282093,,
191,1,0.6,0.08,0.14059650915834604,0.09258576416733093,0.024500121881712245,-0.2646208313130407,,
191,1,0.6,0.09,0.5773976231724222,0.568757402681097,0.0934128137318766,-0.16424017215693856,,
191,1,0.6,0.1,0.5872439633623917,0.6359308356536592,0.08811073224550303,-0.13855395477864502,,
191,1,0.7000000000000001,0.0,-0.12638075020404463,-0.12968672660714337,-0.042177301326847494,-0.32522450392794705,,
191,1,0.7000000000000001,0.01,-0.25333329512275066,-0.21436033884040312,-0.07992921492063554,-0.3728731506631221,,
191,1,0.7000000000000001,0.02,-0.33351772834804555,-0.24158490291336587,-0.0987117138685717,-0.4086005072261094,,
191,1,0.7000000000000001,0.03,-0.3954589798216933,-0.2854761080792199,-0.10987448778054554,-0.38488155285504755,,
191,1,0.7000000000000001,0.04,-0.18084361800041418,-0.1307043190761186,-0.04710647358704567,-0.36040487353453227,,
191,1,0.7000000000000001,0.05,-0.12254246184062496,-0.08658547549161352,-0.029978259257013362,-0.3462273445610054,,
191,1,0.7000000000000001,0.06,-0.16364866117310012,-0.104534522021801,-0.037454407711725035,-0.358297019848752,,
191,1,0.7000000000000001,0.07,0.0969069865500789,0.07261355863032123,0.020798760226423907,-0.28643080739660887,,
191,1,0.7000000000000001,0.08,0.12597415326515066,0.08436378662106907,0.025610729232567797,-0.3035749135775724,,
191,1,0.7000000000000001,0.09,0.5668444634702049,0.5602807024987566,0.1069897470686707,-0.19095740151590915,,
191,1,0.7000000000000001,0.1,0.5776736751173754,0.6316646596515356,0.10112059490992387,-0.1600858831736892,,
191,1,0.8,0.0,-0.1485690195762002,-0.1548389498111482,-0.056665413692989164,-0.36596356254096296,,
191,1,0.8,0.01,-0.2722366572745325,-0.23567861374233492,-0.09816390482981507,-0.4165159632903166,,
191,1,0.8,0.02,-0.34978815402491736,-0.2589397575657053,-0.11831690831204822,-0.45692831963830666,,
191,1,0.8,0.03,-0.4095670713062376,-0.30178292383810434,-0.1300506123415417,-0.43094092497860864,,
191,1,0.8,0.04,-0.19777525140672045,-0.1458460411348797,-0.05887640704366959,-0.403688756894129,,
191,1,0.8,0.05,-0.1391003458581793,-0.10021256304121884,-0.038890181231804544,-0.38807690424810776,,
191,1,0.8,0.06,-0.17882126902840367,-0.11677481617256492,-0.04677368608513566,-0.4005460048510414,,
191,1,0.8,0.07,0.081390038347543,0.06187486208747966,0.019963907986701335,-0.3226497371174104,,
191,1,0.8,0.08,0.11128895444124176,0.07581278842277506,0.025857379287920867,-0.34106883318584025,,
191,1,0.8,0.09,0.5559371586715871,0.5516140899282009,0.11992118236600335,-0.21740050617926113,,
191,1,0.8,0.1,0.5677915009993707,0.6269169668160341,0.11358941777083298,-0.18118734024336156,,
191,1,0.9,0.0,-0.1702276510538329,-0.18028435913188792,-0.07304196280977904,-0.4051486394132772,,
191,1,0.9,0.01,-0.29046419704972615,-0.2573431813003131,-0.11782850109626297,-0.4578652540972517,,
191,1,0.9,0.02,-0.36536662635683614,-0.2766421029371754,-0.1390346707720348,-0.5025795759064525,,
191,1,0.9,0.03,-0.4230058506526053,-0.3183503529785918,-0.15110758524048795,-0.4746581363164046,,
191,1,0.9,0.04,-0.21434814335569072,-0.1613504045473198,-0.0717863054322484,-0.44490936129754405,,
191,1,0.9,0.05,-0.1554105192040558,-0.1142019672399539,-0.04888151875088653,-0.4280269414990006,,
191,1,0.9,0.06,-0.19374369705709163,-0.12937274176262026,-0.05701150808796096,-0.4406763535441538,,
191,1,0.9,0.07,0.065854429159553,0.050809785980464664,0.01817238036520674,-0.35765512517989456,,
191,1,0.9,0.08,0.09655931229925532,0.0669276394470218,0.025239406024103683,-0.3771148397379613,,
191,1,0.9,0.09,0.5446846430206692,0.5427462614442948,0.1321806404957513,-0.24354039794582305,,
191,1,0.9,0.1,0.5576041073648155,0.6216821857840639,0.12549530331918035,-0.20186408134070308,,
191,1,1.0,0.0,-0.1912923665309108,-0.20598156495218084,-0.09120055039659003,-0.4427607413205278,,
191,1,1.0,0.01,-0.30797434111141636,-0.27931577890651976,-0.13881288165575345,-0.4969747222988457,,
191,1,1.0,0.02,-0.38022606652237445,-0.29468221386443744,-0.160765781133964,-0.5455564454525275,,
191,1,1.0,0.03,-0.4357577384129287,-0.33516748195428725,-0.17295873094859215,-0.5160367286829503,,
191,1,1.0,0.04,-0.2305327553458075,-0.17721060915425066,-0.08578512885268696,-0.48408573991197346,,
191,1,1.0,0.05,-0.17144588019576643,-0.12855022148699097,-0.05991682938604592,-0.46609666395720206,,
191,1,1.0,0.06,-0.20839474004608208,-0.1423249008001451,-0.06813640098343554,-0.4787384400085672,,
191,1,1.0,0.07,0.050321866878559635,0.039415907304396626,0.015429116702721846,-0.39144390571978066,,
191,1,1.0,0.08,0.0818036973520176,0.05770382910131861,0.02375830153366887,-0.4117283359472233,,
191,1,1.0,0.09,0.5330965228237191,0.5336662751212263,0.14374278714564004,-0.2693495801528545,,
191,1,1.0,0.1,0.5471186695073718,0.6159553614383761,0.1368171481334044,-0.2221218560609808,,
197,1,0.1,0.0,-0.2926432070466794,-0.25001235842142006,-0.013959471222359854,-0.05583512475343244,,
197,1,0.1,0.01,-0.2417186192232974,-0.1535986147051382,-0.010869473694205323,-0.07076544091931655,,
197,1,0.1,0.02,-0.3205781510666093,-0.1755149369776719,-0.013507683175999485,-0.07696030553637645,,
197,1,0.1,0.03,-0.23209950988076336,-0.13322558372786833,-0.009215698723137433,-0.06917364116761365,,
197,1,0.1,0.04,-0.1920964597207802,-0.11296947514240223,-0.007178439455590158,-0.06354317789421848,,
197,1,0.1,0.05,0.08601001694483415,0.05021644144697203,0.0030186271926078145,-0.0601123278676656,,
197,1,0.1,0.06,0.013928160989729666,0.00803825809916264,0.00045163007601400906,-0.05618506776499951,,
197,1,0.1,0.07,-0.056181768831570424,-0.029117389608528225,-0.0017224761334079242,-0.05915626903942743,,
197,1,0.1,0.08,0.1165163793582579,0.06394506594354506,0.003355266989580219,-0.052471084986329845,,
197,1,0.1,0.09,0.1432145736692003,0.0769445891824854,0.0038449749808546763,-0.04997069997652146,,
197,1,0.1,0.1,0.5254220816456242,0.4333644102562095,0.013190311069676497,-0.030436996572649446,,
197,1,0.2,0.0,-0.3137566680318266,-0.26695413942367724,-0.02993322293324352,-0.11212870869081051,,
197,1,0.2,0.01,-0.2623749488373125,-0.17030613042022646,-0.02359667297098944,-0.13855445433916672,,
197,1,0.2,0.02,-0.3388943434791747,-0.19021066440367387,-0.02855888591673794,-0.1501434528199163,,
197,1,0.2,0.03,-0.2505003933233172,-0.1473487878774744,-0.01989264135957103,-0.13500376654684423,,
197,1,0.2,0.04,-0.20980766470624224,-0.12601998467857567,-0.015680576524957135,-0.12442928448969214,,
197,1,0.2,0.05,0.06850162860118451,0.04080804693748078,0.004808297595525035,-0.11782719234006712,,
197,1,0.2,0.06,-0.0022827456189299807,-0.0013428170126325765,-0.00014803915293026826,-0.11024521698607265,,
197,1,0.2,0.07,-0.07139926768305806,-0.0378251322033839,-0.004378058472867541,-0.11574469718511315,,
197,1,0.2,0.08,0.10222618728978954,0.057164598803027246,0.005887518193977703,-0.10299238195066139,,
197,1,0.2,0.09,0.12996955578603883,0.07111912276521835,0.006978754710039503,-0.0981276826638889,,
197,1,0.2,0.1,0.5160078818242639,0.4311611121070718,0.025907949868987368,-0.060088790805775526,,
197,1,0.30000000000000004,0.0,-0.3341354033438158,-0.2829630090259694,-0.04781611294950294,-0.16898361773186593,,
197,1,0.30000000000000004,0.01,-0.2824729670033919,-0.18746005739993962,-0.03810628027786911,-0.20327679830253473,,
197,1,0.30000000000000004,0.02,-0.3566040721397689,-0.20536633083892428,-0.04507694747482416,-0.21949531498510105,,
197,1,0.30000000000000004,0.03,-0.2684871988986308,-0.1619184460800929,-0.0319815040196334,-0.19751612490039436,,
197,1,0.30000000000000004,0.04,-0.22720552916522416,-0.13945713085689568,-0.02547128360603701,-0.18264597478471314,,
197,1,0.30000000000000004,0.05,0.05093306120259321,0.030973372753603113,0.005362675035194497,-0.17313823321261199,,
197,1,0.30000000000000004,0.06,-0.018471825788912308,-0.011079505832337895,-0.0017968844755561486,-0.1621809223938092,,
197,1,0.30000000000000004,0.07,-0.08653398986528306,-0.046872310686678104,-0.007959133471840185,-0.16980458943113944,,
197,1,0.30000000000000004,0.08,0.08786478890342167,0.050076474212763795,0.007590602129361246,-0.15158020305324346,,
197,1,0.30000000000000004,0.09,0.11664146761580463,0.06501831471629811,0.009394648461172439,-0.14449234038386244,,
197,1,0.30000000000000004,0.1,0.5063016863309358,0.4285766396159768,0.0381309254279365,-0.08897107752327206,,
197,1,0.4,0.0,-0.35372180437681583,-0.2990730517714246,-0.06749200705870806,-0.22567064019626484,,
197,1,0.4,0.01,-0.30195923327275825,-0.20505684726618545,-0.054313365736193386,-0.2648697981086625,,
197,1,0.4,0.02,-0.37366901773659583,-0.22098285790450423,-0.06297874870735187,-0.28499381945077196,,
197,1,0.4,0.03,-0.2860220232352204,-0.17693031291232553,-0.04542694287759841,-0.25675048062628403,,
197,1,0.4,0.04,-0.24425659250971127,-0.15328032600336106,-0.036510431551072364,-0.2381938537257011,,
197,1,0.4,0.05,0.03333651392341363,0.02070322235417245,0.004679943616358484,-0.22604904378159787,,
197,1,0.4,0.06,-0.03461387591429787,-0.021176976498701042,-0.0044895137044556055,-0.21199974910162384,,
197,1,0.4,0.07,-0.10156514346355935,-0.0562630154009939,-0.012455537747599443,-0.2213805580598052,,
197,1,0.4,0.08,0.0734497591734338,0.04267429240953762,0.008460391704740111,-0.19825499679168038,,
197,1,0.4,0.09,0.10324439032629534,0.05863633006575459,0.011087477693021208,-0.18908887511526978,,
197,1,0.4,0.1,0.49630998775043494,0.42560345023325674,0.04983789874161326,-0.11709937669513497,,
197,1,0.5,0.0,-0.3724634950716648,-0.31533970723571514,-0.08883502701641599,-0.2817121503509616,,
197,1,0.5,0.01,-0.3207839680101895,-0.2230897556425251,-0.07212421022868176,-0.3232968274179845,,
197,1,0.5,0.02,-0.3900541459789663,-0.23705819504853898,-0.08217540415401237,-0.3466465444790318,,
197,1,0.5,0.03,-0.30306907520727816,-0.19237798326638925,-0.060168013513794194,-0.3127593526670797,,
197,1,0.5,0.04,-0.26092884965180246,-0.16748736353216645,-0.04875316161903298,-0.2910856114208866,,
197,1,0.5,0.05,0.01574424151673211,0.00998948627578717,0.0027628174750782275,-0.27657252823649514,,
197,1,0.5,0.06,-0.0506838711002591,-0.03163955111083963,-0.008217294650231688,-0.2597159049900826,,
197,1,0.5,0.07,-0.1164722462220174,-0.06600056344262346,-0.01785460555035967,-0.27052201707158585,,
197,1,0.5,0.08,0.058998787606456035,0.03495212278324788,0.00849480071263331,-0.24304105262255385,,
197,1,0.5,0.09,0.08979254100318675,0.05196767260913852,0.012053594294882508,-0.23194408542288428,,
197,1,0.5,0.1,0.4860397622958073,0.4222344286270047,0.06100824347574041,-0.14448903106770133,,
197,1,0.6,0.0,-0.3903136237813595,-0.3318087487774752,-0.11171088207767854,-0.3366725033299123,,
197,1,0.6,0.01,-0.3389013259671475,-0.24154870436737036,-0.09143720229830365,-0.37854561272759807,,
197,1,0.6,0.02,-0.4057278565492307,-0.253587130922717,-0.10257299177208723,-0.4044881591540514,,
197,1,0.6,0.03,-0.3195948343297394,-0.2082527996135473,-0.07613862799194149,-0.3656067439824636,,
197,1,0.6,0.04,-0.27719188215432666,-0.18207433531860395,-0.062150186833786814,-0.3413451254677542,,
197,1,0.6,0.05,-0.0018115759406128625,-0.0011747501520639823,-0.0003814768969978566,-0.32473023844910265,,
197,1,0.6,0.06,-0.06665705044267728,-0.042470639974097744,-0.012968400687137782,-0.30534978269804813,,
197,1,0.6,0.07,-0.13123518678325088,-0.07608744105134337,-0.024141227497677775,-0.3172826837662659,,
197,1,0.6,0.08,0.04452963062482805,0.026904550074383932,0.007693792092575702,-0.2859662053929321,,
197,1,0.6,0.09,0.07630023962279044,0.0450072194379344,0.012290893511737844,-0.27308715502158853,,
197,1,0.6,0.1,0.47549846012980324,0.41846291292355964,0.07162210521438794,-0.1711552039677913,,
197,1,0.7000000000000001,0.0,-0.4072310965581222,-0.34851703383290733,-0.13597826450290607,-0.3901624635314076,,
197,1,0.7000000000000001,0.01,-0.3562696319419327,-0.2604201634860042,-0.1121437969245469,-0.43062639783103374,,
197,1,0.7000000000000001,0.02,-0.4206621038436843,-0.2705611212291546,-0.12407331200754457,-0.45857775664101924,,
197,1,0.7000000000000001,0.03,-0.33556819200667815,-0.22454377243768098,-0.09326804490596008,-0.415366874322223,,
197,1,0.7000000000000001,0.04,-0.2930169786294374,-0.19703555573829978,-0.07664811993548071,-0.3890065407143257,,
197,1,0.7000000000000001,0.05,-0.019298962654307573,-0.012795098875755678,-0.004741245597747801,-0.3705516966915805,,
197,1,0.7000000000000001,0.06,-0.08250900083796729,-0.05367267656517,-0.01872787257660069,-0.348927494865308,,
197,1,0.7000000000000001,0.07,-0.14583428416926109,-0.08652524717463139,-0.03129792019668809,-0.36172009001627475,,
197,1,0.7000000000000001,0.08,0.030060063727115324,0.01852672100252741,0.006059377922541298,-0.3270615410959489,,
197,1,0.7000000000000001,0.09,0.06278187568963847,0.03775025590509826,0.01179882148619571,-0.3125494437933665,,
197,1,0.7000000000000001,0.1,0.46469399436016606,0.4142827203625417,0.08166045901680641,-0.19711287727700727,,
197,1,0.8,0.0,-0.42318075041927616,-0.3654930397313178,-0.16149028892762918,-0.44184230990101575,,
197,1,0.8,0.01,-0.37285157676707087,-0.27968705807819705,-0.13412952361005526,-0.47957000417428786,,
197,1,0.8,0.02,-0.434832488943022,-0.28796813883599104,-0.1465746676928893,-0.5089961281319709,,
197,1,0.8,0.03,-0.35096057474384273,-0.2412375162086491,-0.11148138734803859,-0.46212292805907124,,
197,1,0.8,0.04,-0.30837724365868713,-0.21236349401399537,-0.0921898248954015,-0.4341133363031121,,
197,1,0.8,0.05,-0.03668627525850715,-0.024875762165103486,-0.010300399141821237,-0.4140737105241731,,
197,1,0.8,0.06,-0.09821573888618403,-0.06524705389380214,-0.025477696101673386,-0.39048040610602236,,
197,1,0.8,0.07,-0.16025034523434384,-0.09731463880310681,-0.039304906310664744,-0.40389510554716174,,
197,1,0.8,0.08,0.015607833622757849,0.009814391009312914,0.003595611138741628,-0.36636110537370464,,
197,1,0.8,0.09,0.04925187465783648,0.030192510831201533,0.010578377379776294,-0.3503642820207053,,
197,1,0.8,0.1,0.4536347287310281,0.40968817226231874,0.09110516505480648,-0.22237684957249113,,
197,1,0.9,0.0,-0.4381334660024802,-0.3827572382181358,-0.18809595530146517,-0.49142364015665746,,
197,1,0.9,0.01,-0.3886143723759222,-0.29932870498547637,-0.15727503078466898,-0.5254258217309966,,
197,1,0.9,0.02,-0.44821832256925614,-0.30579255211687273,-0.16997265619380686,-0.5558430217386197,,
197,1,0.9,0.03,-0.36574604861771637,-0.25831820323502186,-0.13070018353220092,-0.5059658277867777,,
197,1,0.9,0.04,-0.32324769461096875,-0.22804871654436368,-0.10871478878200436,-0.4767173892901757,,
197,1,0.9,0.05,-0.05394232869893253,-0.037419427936582164,-0.01703855055776382,-0.4553396857546962,,
197,1,0.9,0.06,-0.11375379045782895,-0.07719406297923768,-0.03319689495426581,-0.4300446650048014,,
197,1,0.9,0.07,-0.17446471982805487,-0.10845527870184096,-0.048140204562408084,-0.4438714753087526,,
197,1,0.9,0.08,0.0011906105424174661,0.0007639707753810163,0.0003085690308246569,-0.4039016160935787,,
197,1,0.9,0.09,0.035724664257915296,0.02233019174107441,0.008632110062315013,-0.38656676854399824,,
197,1,0.9,0.1,0.44232946403584095,0.40467411818995774,0.09993902210729733,-0.24696173443043132,,
197,1,1.0,0.0,-0.4520662198720581,-0.4003223533882251,-0.2156416152826809,-0.538669933011599,,
197,1,1.0,0.01,-0.40352986522862666,-0.31932078437898215,-0.18145715332242918,-0.5682597632200128,,
197,1,1.0,0.02,-0.4608026591022988,-0.32401503746720356,-0.1941609652779691,-0.5992344268824926,,
197,1,1.0,0.03,-0.37990140448314236,-0.2757675376514985,-0.1508429246581353,-0.5469930432811247,,
197,1,1.0,0.04,-0.33760534584405966,-0.24407984089473586,-0.126159510620226,-0.5168780435031287,,
197,1,1.0,0.05,-0.0710365190712897,-0.05042716874294581,-0.02493113892470611,-0.4943989429942702,,
197,1,1.0,0.06,-0.1291002675129473,-0.08951283419902328,-0.041861638211458496,-0.4676607392229713,,
197,1,1.0,0.07,-0.18845935342236977,-0.11994578618746272,-0.057779729107622524,-0.4817153727878264,,
197,1,1.0,0.08,-0.013174059076674046,-0.008627427854916072,-0.003793671394717202,-0.43972218122409407,,
197,1,1.0,0.09,0.022214640851634763,0.014160019905182729,0.005964109384600791,-0.4211935734933437,,
197,1,1.0,0.1,0.43078742328609043,0.39923595923346916,0.10814581869591766,-0.27088195888856564,,
203,1,0.1,0.0,-0.5478480383189873,-0.28560961243399086,-0.026135540165805105,-0.09150791509807978,,
203,1,0.1,0.01,-0.36178018733432127,-0.2039028534987462,-0.0162137260009505,-0.07951691564262586,,
203,1,0.1,0.02,-0.7603262717102682,-0.3022829691376272,-0.032291820848431296,-0.10682646442356819,,
203,1,0.1,0.03,-0.5283068471521131,-0.2616637149781305,-0.020971504217263126,-0.08014678007233786,,
203,1,0.1,0.04,-0.23357576940235406,-0.12340745343550426,-0.008702525826873586,-0.07051864036252671,,
203,1,0.1,0.05,-0.23975386409513705,-0.12499626202664241,-0.008449842452931566,-0.06760076114220535,,
203,1,0.1,0.06,-0.23353725651248722,-0.11048704337407649,-0.0077067171857196914,-0.06975222569425651,,
203,1,0.1,0.07,-0.12008864617742182,-0.05863290686282246,-0.0036915856050148133,-0.06296098560577333,,
203,1,0.1,0.08,-0.11210003089784662,-0.05127748850022381,-0.003231296565687436,-0.063015889822165,,
203,1,0.1,0.09,0.20181807816396083,0.11039790121239215,0.00544037894482563,-0.04927973163510602,,
203,1,0.1,0.1,0.24632800035490168,0.1474735269130466,0.006178422037305342,-0.04189512630933595,,
203,1,0.2,0.0,-0.5632836702204899,-0.3027203097490286,-0.053743819300555495,-0.17753621930788857,,
203,1,0.2,0.01,-0.3805098636389269,-0.21962731061917584,-0.03410624951664021,-0.15529147727797366,,
203,1,0.2,0.02,-0.7679168436005138,-0.3191255505853515,-0.06522840012949072,-0.20439729758349479,,
203,1,0.2,0.03,-0.5417738685554954,-0.2761804370406077,-0.04301217381702105,-0.15573939370186757,,
203,1,0.2,0.04,-0.25084909965810165,-0.13614255746009946,-0.018692185186916177,-0.13729861944450739,,
203,1,0.2,0.05,-0.25605091617833603,-0.13687680865208104,-0.018048425703597326,-0.13185890203996162,,
203,1,0.2,0.06,-0.2488706010071326,-0.12105009720648893,-0.016425433495657282,-0.13569120450715996,,
203,1,0.2,0.07,-0.13511317525015945,-0.06760250589312009,-0.00830689442637933,-0.12287849860939436,,
203,1,0.2,0.08,-0.12623007070405873,-0.0592285997325424,-0.007277193247595126,-0.12286620451026406,,
203,1,0.2,0.09,0.1887496442218522,0.1051192958288958,0.010176190355292603,-0.09680611228462313,,
203,1,0.2,0.1,0.23439724711628707,0.1426389466073905,0.011758347528339819,-0.08243434074639043,,
203,1,0.30000000000000004,0.0,-0.5775624705197121,-0.3203478166261834,-0.08265927460202283,-0.2580297736147165,,
203,1,0.30000000000000004,0.01,-0.3984821345160517,-0.23581936516283913,-0.05357573773944668,-0.22718972931867282,,
203,1,0.30000000000000004,0.02,-0.774418548845244,-0.33650215728428584,-0.0986710020611078,-0.2932254665391281,,
203,1,0.30000000000000004,0.03,-0.5544615838256914,-0.2910927041901338,-0.06602920351794861,-0.22683221725412997,,
203,1,0.30000000000000004,0.04,-0.267758146869955,-0.14932390753876465,-0.029928260895217385,-0.20042511201662716,,
203,1,0.30000000000000004,0.05,-0.2720163429716306,-0.14915046057395512,-0.028760686524169743,-0.19283002153324882,,
203,1,0.30000000000000004,0.06,-0.26392112173242277,-0.13200502910400744,-0.026128149421258517,-0.19793298481584376,,
203,1,0.30000000000000004,0.07,-0.1499954263462957,-0.07692330876091977,-0.013832805373622858,-0.17982592788117946,,
203,1,0.30000000000000004,0.08,-0.1402434610273218,-0.06750785723647436,-0.012127602740555798,-0.17964727717654885,,
203,1,0.30000000000000004,0.09,0.17555630153820997,0.09956191514137411,0.014197332794101847,-0.1425980283117513,,
203,1,0.30000000000000004,0.1,0.2223287468877845,0.1375311479797783,0.0167294115242953,-0.12164089204545203,,
203,1,0.4,0.0,-0.5906642899862824,-0.3384821192886689,-0.11271249832571106,-0.3329939512390788,,
203,1,0.4,0.01,-0.4156557686683232,-0.2524812784208996,-0.074512966490062,-0.29512273922284626,,
203,1,0.4,0.02,-0.7798443658500345,-0.3543901005770965,-0.13248309568492178,-0.37383407569563437,,
203,1,0.4,0.03,-0.5663551795909373,-0.3062894425527621,-0.08992743593073571,-0.29360279342715057,,
203,1,0.4,0.04,-0.28427152495576963,-0.1629486306233245,-0.04236535825787402,-0.25999210975762466,,
203,1,0.4,0.05,-0.28762374134964597,-0.16181644782171498,-0.0405478394986426,-0.25057922136145966,,
203,1,0.4,0.06,-0.27866686953365555,-0.14335236906666982,-0.036783968170164716,-0.25659825791269175,,
203,1,0.4,0.07,-0.16471526761955593,-0.08659843786286067,-0.020253721903806032,-0.23388091521789692,,
203,1,0.4,0.08,-0.15412348740809262,-0.07611887176862893,-0.017770510554359076,-0.23345735612548693,,
203,1,0.4,0.09,0.16225190834386052,0.0937190176394533,0.017495199120756366,-0.18667715007494207,,
203,1,0.4,0.1,0.2101332271361969,0.13214552229444368,0.021082325345682662,-0.15953870384429295,,
203,1,0.5,0.0,-0.6025757975794119,-0.3571078651582393,-0.14373186412149785,-0.4024886543952437,,
203,1,0.5,0.01,-0.4319940565173572,-0.2696114867355286,-0.09680233345585254,-0.3590438027249535,,
203,1,0.5,0.02,-0.7842114226143313,-0.3727616480537602,-0.1665312360533907,-0.446749918943843,,
203,1,0.5,0.03,-0.5774430925755751,-0.32150567511849704,-0.11461000663210597,-0.3564789535670382,,
203,1,0.5,0.04,-0.30035947497351695,-0.1770119714283246,-0.05595370819052259,-0.3161012655755844,,
203,1,0.5,0.05,-0.30284802323380594,-0.17487251357210057,-0.053367608759205876,-0.3051800861614665,,
203,1,0.5,0.06,-0.29308687736576106,-0.1550913410235393,-0.048359257714043924,-0.3118114615225624,,
203,1,0.5,0.07,-0.17925303871058562,-0.09663013431282406,-0.027551644490250493,-0.28512476657702457,,
203,1,0.5,0.08,-0.16785377456664263,-0.08506453103820866,-0.0241920238982416,-0.28439613553356574,,
203,1,0.5,0.09,0.14885054748911508,0.08758416913435889,0.020062706766726057,-0.22906772953396146,,
203,1,0.5,0.1,0.19782164186011644,0.12647776335500976,0.024808904991789893,-0.19615230641100057,,
203,1,0.6,0.0,-0.6132903850981237,-0.3762041168278015,-0.17554512607784112,-0.46662202306040346,,
203,1,0.6,0.01,-0.4474649628461716,-0.287204363864887,-0.12032291247462212,-0.4189452794360293,,
203,1,0.6,0.02,-0.787540762292638,-0.391583963518386,-0.20068588567578838,-0.512497712808828,,
203,1,0.6,0.03,-0.5877169964633407,-0.33676045254589826,-0.13997898611001036,-0.415663374519703,,
203,1,0.6,0.04,-0.31599398127568257,-0.1915072078027964,-0.07063949630283495,-0.36886077089889807,,
203,1,0.6,0.05,-0.31766550267773624,-0.188314836644996,-0.0671744781379553,-0.3567136787240513,,
203,1,0.6,0.06,-0.3071612247105231,-0.16721979053646663,-0.060817825591011565,-0.3636999268800582,,
203,1,0.6,0.07,-0.19358960824974056,-0.10701969820896955,-0.03570625369725733,-0.3336418836421715,,
203,1,0.6,0.08,-0.18141832867182386,-0.09434694848798185,-0.03137642787578998,-0.3325643105435126,,
203,1,0.6,0.09,0.13536649380112953,0.08115127856568727,0.021894322730956706,-0.2697963989961602,,
203,1,0.6,0.1,0.18540515015805364,0.12052388928112485,0.027902096324802894,-0.23150677007875664,,
203,1,0.7000000000000001,0.0,-0.6228080109653737,-0.39574416909948695,-0.2079809701478783,-0.5255439912636932,,
203,1,0.7000000000000001,0.01,-0.4620412369302914,-0.30525000464663965,-0.14494953552731804,-0.474855146014209,,
203,1,0.7000000000000001,0.02,-0.7898570874045182,-0.4105474513169308,-0.23482216987544602,-0.5719732740325065,,
203,1,0.7000000000000001,0.03,-0.5971717677894591,-0.35239962800200736,-0.16593601275273417,-0.47087454005992585,,
203,1,0.7000000000000001,0.04,-0.3311488760790983,-0.20642557710744355,-0.08636521492766747,-0.4183842726171223,,
203,1,0.7000000000000001,0.05,-0.33205397463433667,-0.2021379608725706,-0.08191995768174787,-0.40526755750440596,,
203,1,0.7000000000000001,0.06,-0.3208710965485055,-0.1797341183081911,-0.07412110520477944,-0.41239307206928605,,
203,1,0.7000000000000001,0.07,-0.20770642889199892,-0.1177674311014423,-0.04469500332976761,-0.37951921776461534,,
203,1,0.7000000000000001,0.08,-0.19480157805233816,-0.10396741364149556,-0.03930624867599153,-0.37806315747671526,,
203,1,0.7000000000000001,0.09,0.12181418079745161,0.07441463447802044,0.022986083174237004,-0.3088919717938857,,
203,1,0.7000000000000001,0.1,0.1728950941905637,0.11428026416209183,0.030355996922190487,-0.26562764047460036,,
203,1,0.8,0.0,-0.6311349868949634,-0.41569544397818414,-0.24087049906249902,-0.5794398340221886,,
203,1,0.8,0.01,-0.47570047997555365,-0.3237340391940017,-0.17055388903797086,-0.5268333520398338,,
203,1,0.8,0.02,-0.791188485797633,-0.4294815797518046,-0.26882056076530814,-0.6259187202409432,,
203,1,0.8,0.03,-0.6058054316612383,-0.36841072955705256,-0.1923829113086104,-0.5221968196743785,,
203,1,0.8,0.04,-0.3457999318671234,-0.22175621545936092,-0.10307003489975664,-0.46478983547879527,,
203,1,0.8,0.05,-0.34599278501570485,-0.2163347327908803,-0.09755286436838795,-0.4509348226698637,,
203,1,0.8,0.06,-0.3341988366276018,-0.19262922068597962,-0.08822835229453851,-0.45802164375864163,,
203,1,0.8,0.07,-0.22158558964210656,-0.12887258136218308,-0.054493223067431984,-0.42284574803607305,,
203,1,0.8,0.08,-0.20798841219249756,-0.11392634455027174,-0.04796232340972961,-0.4209941396703508,,
203,1,0.8,0.09,0.10820816687433644,0.06736894198176425,0.023335607516510093,-0.3463852456348014,,
203,1,0.8,0.1,0.16030297660236095,0.1077436194873147,0.03216587450419617,-0.2985408756198621,,
203,1,0.9,0.0,-0.6382837118410918,-0.4360194778183045,-0.2740486335457136,-0.6285238331942445,,
203,1,0.9,0.01,-0.4884251701975441,-0.3426374871323115,-0.19700561122240834,-0.5749680598910458,,
203,1,0.9,0.02,-0.7915661415455992,-0.44880206107217824,-0.30256748563323865,-0.674166880852578,,
203,1,0.9,0.03,-0.6136190882699543,-0.384777941921255,-0.21922229155525585,-0.569737159205763,,
203,1,0.9,0.04,-0.3599249411483441,-0.23748611167271078,-0.12069019375102474,-0.508198954881845,,
203,1,0.9,0.05,-0.3594628917241306,-0.23089624911274687,-0.11401961477396427,-0.49381319623901027,,
203,1,0.9,0.06,-0.34712799480479856,-0.20589843835212246,-0.10309685019174497,-0.500717008914032,,
203,1,0.9,0.07,-0.23520986524098977,-0.14033329317982154,-0.06507422993664547,-0.46371198496182986,,
203,1,0.9,0.08,-0.22096421886111142,-0.12422324289110062,-0.057323876206307856,-0.46145853925710506,,
203,1,0.9,0.09,0.09456310109261928,0.06000935999598241,0.022942106967809517,-0.3823088093148381,,
203,1,0.9,0.1,0.14764043747354338,0.10091107524991823,0.03332818185722797,-0.3302727849711915,,
203,1,1.0,0.0,-0.6442723581996455,-0.45667201338890245,-0.307355414598392,-0.6730331738911439,,
203,1,1.0,0.01,-0.500202646383814,-0.361936661376296,-0.22417337757423683,-0.6193718445702567,,
203,1,1.0,0.02,-0.7910240340034133,-0.4684604917120678,-0.3359558566269739,-0.7171487512194821,,
203,1,1.0,0.03,-0.6206168213138841,-0.401482041045591,-0.24635812228534537,-0.6136217740742475,,
203,1,1.0,0.04,-0.3735037832072916,-0.2536000776487306,-0.13915939688920875,-0.5487356241347954,,
203,1,1.0,0.05,-0.3724469164036897,-0.2458118154236881,-0.1312645273755646,-0.5340041411325709,,
203,1,1.0,0.06,-0.35964336827985116,-0.21953351437345597,-0.11868212243489484,-0.5406104975525542,,
203,1,1.0,0.07,-0.24856276240387612,-0.15214655991752532,-0.07640944792376092,-0.5022095009258211,,
203,1,1.0,0.08,-0.23371491923178686,-0.1348566522744518,-0.06736860015246404,-0.49955711502729355,,
203,1,1.0,0.09,0.0808936886866955,0.0523315385541973,0.02180638745072372,-0.4166968534307447,,
203,1,1.0,0.1,0.1349192308722887,0.09378016061696905,0.03384056818861958,-0.36084997046268974,,
209,1,0.1,0.0,-0.38148254553464556,-0.210282123148027,-0.01818960707198214,-0.08650096736553141,,
209,1,0.1,0.01,-0.22675624982019008,-0.13210203920508956,-0.010231444933641587,-0.07745107490549165,,
209,1,0.1,0.02,-0.4318392226688899,-0.21724319826702385,-0.01836881586967387,-0.08455415873180018,,
209,1,0.1,0.03,-0.49915533883699076,-0.26639185058950104,-0.019917086568560838,-0.07476612563216979,,
209,1,0.1,0.04,-0.3781125003460933,-0.1913506018085786,-0.014233975418548761,-0.07438688608248017,,
209,1,0.1,0.05,-0.2626687947007992,-0.137588281900364,-0.009321820589661689,-0.06775155893299244,,
209,1,0.1,0.06,-0.2205728467190886,-0.10970427288072777,-0.00727358253682886,-0.06630172504526614,,
209,1,0.1,0.07,-0.25873651996473374,-0.11055267909947031,-0.007987670101603839,-0.07225216219696398,,
209,1,0.1,0.08,0.02456093819621081,0.010928707857081076,0.0007116086173508673,-0.06511370114901482,,
209,1,0.1,0.09,0.15192355216134454,0.06500861843648882,0.004080368924868738,-0.06276658423152182,,
209,1,0.1,0.1,0.4307465921588551,0.2766690326499802,0.01064383704077021,-0.0384713711499326,,
209,1,0.2,0.0,-0.4009673658039866,-0.2278813178350645,-0.03823733965306608,-0.16779497334986201,,
209,1,0.2,0.01,-0.2476715889164158,-0.1482033432748863,-0.02235032750484478,-0.15080852436229852,,
209,1,0.2,0.02,-0.44834386794945197,-0.23242999843873105,-0.038141722772483844,-0.16409982802860135,,
209,1,0.2,0.03,-0.5133315329467032,-0.2827906447694564,-0.04096547821723451,-0.14486150434937972,,
209,1,0.2,0.04,-0.39369689878977937,-0.20510941861888599,-0.02964129445391661,-0.14451454571666028,,
209,1,0.2,0.05,-0.27884631124519155,-0.14989439032289198,-0.01979188497421258,-0.13203886370649556,,
209,1,0.2,0.06,-0.23600708937548234,-0.12042384852938129,-0.015565080374879692,-0.12925247419809946,,
209,1,0.2,0.07,-0.2728837386222648,-0.12018065695829074,-0.016848841288458538,-0.14019594928912735,,
209,1,0.2,0.08,0.010072680872347703,0.00461260706730559,0.0005836753019226038,-0.12653913359751062,,
209,1,0.2,0.09,0.13870110419685183,0.06105121860051086,0.007450479762463269,-0.12203654461372088,,
209,1,0.2,0.1,0.4204242328096587,0.2748558918441,0.020777538828985254,-0.07559430030617792,,
209,1,0.30000000000000004,0.0,-0.41955731083837583,-0.2460419320247419,-0.060015191135142865,-0.2439226136832146,,
209,1,0.30000000000000004,0.01,-0.26805317962044617,-0.16486680761800454,-0.03628439809816353,-0.22008309994231387,,
209,1,0.30000000000000004,0.02,-0.4640701926144259,-0.24810810739158115,-0.05921940021604655,-0.23868385776923626,,
209,1,0.30000000000000004,0.03,-0.526750866284763,-0.29955269491529046,-0.06305457512466395,-0.2104957698427482,,
209,1,0.30000000000000004,0.04,-0.40873500112341365,-0.21928279265453224,-0.046160261456835605,-0.2105056256263505,,
209,1,0.30000000000000004,0.05,-0.2946628656073568,-0.16259798188626223,-0.03137176272601616,-0.19294066483531636,,
209,1,0.30000000000000004,0.06,-0.25117237324385455,-0.13151701390297263,-0.024847886060341495,-0.18893286368768344,,
209,1,0.30000000000000004,0.07,-0.2867643545376881,-0.13018477136429782,-0.026558822016218953,-0.20400866966151548,,
209,1,0.30000000000000004,0.08,-0.004409907320853405,-0.002078175578971755,-0.00038330718796264485,-0.18444408251217087,,
209,1,0.30000000000000004,0.09,0.12538898479396846,0.056767462027245884,0.01010310731539743,-0.17797356010998666,,
209,1,0.30000000000000004,0.1,0.4098652698650153,0.2727160874056034,0.03038356579386936,-0.11141097719211808,,
209,1,0.4,0.0,-0.43720597710362735,-0.26475123679304624,-0.08338630457539253,-0.3149609633007112,,
209,1,0.4,0.01,-0.28784570697639217,-0.18208707491941448,-0.051951423656890316,-0.28531088041192515,,
209,1,0.4,0.02,-0.4789896915510245,-0.26427231740964185,-0.08149767770695371,-0.30838522364272536,,
209,1,0.4,0.03,-0.5393954545305604,-0.31665479475807845,-0.08609092301891053,-0.2718762653970967,,
209,1,0.4,0.04,-0.42320265289997056,-0.23386291902063192,-0.0637255436192039,-0.2724910126242882,,
209,1,0.4,0.05,-0.3100923987323912,-0.17569582255135177,-0.04401932419104204,-0.2505428048989396,,
209,1,0.4,0.06,-0.26604637904551487,-0.14298393704268741,-0.03509244814846091,-0.24542930397827953,,
209,1,0.4,0.07,-0.30036094746779707,-0.1405660935517968,-0.037090769561327286,-0.2638671149217063,,
209,1,0.4,0.08,-0.01886885131108384,-0.009149955984507076,-0.002186762913568341,-0.2389916320112381,,
209,1,0.4,0.09,0.11200124846572665,0.05214856135385596,0.012032536293008933,-0.23073572847698942,,
209,1,0.4,0.1,0.3990776042098586,0.2702418175466576,0.039445159294625,-0.14596245559891832,,
209,1,0.5,0.0,-0.45387292675086444,-0.2839917862816398,-0.1082063949562665,-0.3810194526152818,,
209,1,0.5,0.01,-0.30699741983127193,-0.19985517773422695,-0.06925999169293973,-0.3465508998973427,,
209,1,0.5,0.02,-0.4930778494665044,-0.2809139646317631,-0.10486838331044313,-0.37331139250378725,,
209,1,0.5,0.03,-0.5512506705534703,-0.33407168486936156,-0.10997886301258408,-0.3292073767209311,,
209,1,0.5,0.04,-0.4370779643736752,-0.2488399628331469,-0.0822685972453926,-0.330608461393139,,
209,1,0.5,0.05,-0.32511027757184563,-0.18918313079381957,-0.057688993525705556,-0.3049373021983533,,
209,1,0.5,0.06,-0.28060772769517334,-0.15482357731964191,-0.04626642622204069,-0.298833207596806,,
209,1,0.5,0.07,-0.3136568881092748,-0.15132453067671492,-0.04841581210982593,-0.3199468843109118,,
209,1,0.5,0.08,-0.03328625335408608,-0.01660826115696099,-0.004822043957943389,-0.2903400851161553,,
209,1,0.5,0.09,0.09855210046590734,0.04718621020119938,0.013234581554365077,-0.28047561984600067,,
209,1,0.5,0.1,0.3880695233408455,0.2674256401253516,0.04794638938670959,-0.17928867764600084,,
209,1,0.6,0.0,-0.46952385810431074,-0.3037412351821396,-0.13432522022000948,-0.4422357081002217,,
209,1,0.6,0.01,-0.3254604237677015,-0.21815836023575702,-0.08811039360104289,-0.403882727692969,,
209,1,0.6,0.02,-0.5063142021028888,-0.2980207470839591,-0.1292202078331337,-0.4335946711680764,,
209,1,0.6,0.03,-0.5623051506634201,-0.35123470450690886,-0.13462118293441794,-0.3832798445227952,,
209,1,0.6,0.04,-0.45034137507234673,-0.26420200110431613,-0.10171810860843644,-0.38500128001783984,,
209,1,0.6,0.05,-0.33969337969887303,-0.20305351507802977,-0.07233201975108661,-0.3562214607478759,,
209,1,0.6,0.06,-0.29483604696111637,-0.16703362109040149,-0.05833485909900371,-0.34924022312509095,,
209,1,0.6,0.07,-0.3266363818731764,-0.1624587618934216,-0.0605031789545607,-0.3724217656801596,,
209,1,0.6,0.08,-0.047644341608573074,-0.024457769496934956,-0.00828245007234285,-0.33864290336781555,,
209,1,0.6,0.09,0.08505586378810961,0.04187263639011058,0.013706603033226461,-0.32734034001412116,,
209,1,0.6,0.1,0.3768496878515833,0.2642605002786215,0.05587220058439524,-0.21142849773419298,,
209,1,0.7000000000000001,0.0,-0.48413071384688283,-0.32397220913190344,-0.16158808028314586,-0.49877142461116536,,
209,1,0.7000000000000001,0.01,-0.343190936438121,-0.23697992850879263,-0.10839557540191846,-0.45740403452732364,,
209,1,0.7000000000000001,0.02,-0.5186823654361726,-0.315576573042208,-0.15443957509608652,-0.48938859309886235,,
209,1,0.7000000000000001,0.03,-0.5725507790319708,-0.3672486656106111,-0.15991976406007224,-0.4354536286583354,,
209,1,0.7000000000000001,0.04,-0.4629757034726892,-0.27993497984940036,-0.1220004454655308,-0.435817079848916,,
209,1,0.7000000000000001,0.05,-0.35382016892277734,-0.2172989197414222,-0.08789676358858023,-0.4044970112744885,,
209,1,0.7000000000000001,0.06,-0.30871203287565785,-0.17961042229813576,-0.07126034501722278,-0.3967494987508997,,
209,1,0.7000000000000001,0.07,-0.3392845089021146,-0.17396617967178152,-0.07332033798881221,-0.42146317248067533,,
209,1,0.7000000000000001,0.08,-0.06192551814429812,-0.032702253116756945,-0.012559256651905493,-0.38404866499764234,,
209,1,0.7000000000000001,0.09,0.07152694577563591,0.0362006548449951,0.01344751527179966,-0.37147160263756496,,
209,1,0.7000000000000001,0.1,0.3654271168760939,0.2607397576433774,0.06320845543941633,-0.24241970618791736,,
209,1,0.8,0.0,-0.4976717271869036,-0.34465223750288215,-0.18983732334442738,-0.550808329926597,,
209,1,0.8,0.01,-0.3601495032834866,-0.25629913540416827,-0.13000214331098958,-0.5072281773638606,,
209,1,0.8,0.02,-0.5301700333508513,-0.33356144660900516,-0.18041150893248348,-0.5408643917531593,,
209,1,0.8,0.03,-0.5819826509336032,-0.38354156046466836,-0.18577621735233818,-0.48437049984170305,,
209,1,0.8,0.04,-0.4749661816946411,-0.296022688273615,-0.14304011528199323,-0.4832065951302376,,
209,1,0.8,0.05,-0.3674707615410364,-0.2319095805894479,-0.1043289977382752,-0.44986928730197645,,
209,1,0.8,0.06,-0.3222175056183961,-0.1925489490391188,-0.08500323251161801,-0.4414629783014215,,
209,1,0.8,0.07,-0.3515872601808796,-0.18584283733936344,-0.08683313964752737,-0.4672396358701913,,
209,1,0.8,0.08,-0.07611240618488699,-0.04134452275341225,-0.017641750879640594,-0.4267010405431414,,
209,1,0.8,0.09,0.05797980446061208,0.030163719801741953,0.012457791515553707,-0.4130058095432338,,
209,1,0.8,0.1,0.3538111725245969,0.25685721304829257,0.06994197576224703,-0.2722990525833394,,
209,1,0.9,0.0,-0.5101314071283899,-0.3657437574672557,-0.21891383926791075,-0.5985442944641637,,
209,1,0.9,0.01,-0.37630117213778586,-0.2760911058699961,-0.1528114110116474,-0.5534818317675261,,
209,1,0.9,0.02,-0.5407689446070436,-0.351951397239815,-0.20702048783620675,-0.5882076032650205,,
209,1,0.9,0.03,-0.5905990156403319,-0.3991624306058861,-0.2120925035941783,-0.531343852356657,,
209,1,0.9,0.04,-0.48630047525513104,-0.31244675177506076,-0.16476022622967668,-0.5273225767067414,,
209,1,0.9,0.05,-0.3806269829385354,-0.24687399147412048,-0.12157221818149255,-0.49244643980342834,,
209,1,0.9,0.06,-0.3353354596303531,-0.20584273712062176,-0.09952182063587434,-0.48348473221843896,,
209,1,0.9,0.07,-0.36353156961349886,-0.19808340382415088,-0.10100596641664594,-0.5099163507222154,,
209,1,0.9,0.08,-0.09018789638745832,-0.05038637584388721,-0.023517275831900997,-0.46673878480097264,,
209,1,0.9,0.09,0.04442891475477181,0.02375597592424791,0.010739462347788997,-0.4520741383993046,,
209,1,0.9,0.1,0.3420115433527673,0.25260713455997996,0.07606058132086146,-0.30110226875956014,,
209,1,1.0,0.0,-0.5215004647736253,-0.38720419721649363,-0.24865852063543015,-0.642189631266833,,
209,1,1.0,0.01,-0.3916156257581945,-0.29632680839025105,-0.17670047521405952,-0.5963026975991715,,
209,1,1.0,0.02,-0.5504748202313844,-0.37071845955995303,-0.23415127859923712,-0.631614834818793,,
209,1,1.0,0.03,-0.5984011999743163,-0.41487710254556276,-0.23877153213243185,-0.5755235241169026,,
209,1,1.0,0.04,-0.496968688048507,-0.3291866453275071,-0.1870829470857499,-0.5683187630519503,,
209,1,1.0,0.05,-0.393272414321501,-0.26217888307777565,-0.1395679640340991,-0.5323386933214453,,
209,1,1.0,0.06,-0.34805010775656203,-0.21948385162660233,-0.11477256713033335,-0.5229203254806671,,
209,1,1.0,0.07,-0.3751053419621555,-0.21068112654499258,-0.11580188700657268,-0.5496547740447092,,
209,1,1.0,0.08,-0.1041351919670989,-0.05982854833139714,-0.03017128229438193,-0.5042957440193896,,
209,1,1.0,0.09,0.03088873461524725,0.016972307923543317,0.008296108869197516,-0.48880263701140375,,
209,1,1.0,0.1,0.33003822690943974,0.2479842827666492,0.08155312586090768,-0.32886409151038165,,
215,1,0.1,0.0,-0.5169907202467416,-0.21640622392384723,-0.024661739166948915,-0.11396039688593852,,
215,1,0.1,0.01,-0.45525788918468835,-0.2283594904403993,-0.02046849376397064,-0.08963277035036482,,
215,1,0.1,0.02,-0.4628887806725688,-0.21197661694012923,-0.01972104507227579,-0.09303405893040462,,
215,1,0.1,0.03,-0.4286377930337126,-0.2263815315673422,-0.01724602416730958,-0.07618123284133436,,
215,1,0.1,0.04,-0.31764702531371586,-0.17178223022599,-0.01194953299358903,-0.06956210184178357,,
215,1,0.1,0.05,0.09587584109381436,0.06362277868019196,0.003405406632637664,-0.05352495919355199,,
215,1,0.1,0.06,-0.038480825486175485,-0.022335321777712948,-0.0012772027735754587,-0.05718309260491162,,
215,1,0.1,0.07,-0.49384158749199947,-0.18517615013030458,-0.015360883005951953,-0.08295281544163663,,
215,1,0.1,0.08,-0.2440852584573863,-0.10129145210182315,-0.007152852213511585,-0.07061654330240212,,
215,1,0.1,0.09,-0.1374038206307224,-0.06311038038858323,-0.003746792839518398,-0.05936888379453024,,
215,1,0.1,0.1,0.1453536566338025,0.065634362141881,0.003642794645118519,-0.05550133384771736,,
215,1,0.2,0.0,-0.5332799770137882,-0.23418573678110327,-0.050877554203656694,-0.2172530014123476,,
215,1,0.2,0.01,-0.47214277102144386,-0.24406151378280533,-0.04245528345115945,-0.17395320873466827,,
215,1,0.2,0.02,-0.4787721220836182,-0.22725124152165824,-0.040795486921248236,-0.1795171135175524,,
215,1,0.2,0.03,-0.4443518640786253,-0.24080610269405456,-0.03575654368902703,-0.1484868667737043,,
215,1,0.2,0.04,-0.33409649749748355,-0.18543660487283717,-0.025136688221435888,-0.13555407918880594,,
215,1,0.2,0.05,0.07817351404952251,0.052716768346310165,0.005553278077223833,-0.105341777415924,,
215,1,0.2,0.06,-0.054996051780900994,-0.03254628550608712,-0.003650707020071642,-0.11216969811774224,,
215,1,0.2,0.07,-0.5051187147670669,-0.19647940888298332,-0.03142331337892612,-0.15993183997026789,,
215,1,0.2,0.08,-0.25764719052926094,-0.1101910534603337,-0.015100561899800358,-0.1370398178944375,,
215,1,0.2,0.09,-0.15067286779999484,-0.07090828221183386,-0.008217239078088578,-0.11588546248434159,,
215,1,0.2,0.1,0.13300014825418502,0.061558548201341046,0.0066663920135277,-0.10829352231835893,,
215,1,0.30000000000000004,0.0,-0.5484569060993365,-0.2527416585423222,-0.07848826274528597,-0.31054739134800335,,
215,1,0.30000000000000004,0.01,-0.48812268148002236,-0.2603072434070592,-0.06583830593130002,-0.2529253703030631,,
215,1,0.30000000000000004,0.02,-0.49383443701922297,-0.2430875464750533,-0.06311838781152279,-0.25965290582255424,,
215,1,0.30000000000000004,0.03,-0.45937577081093006,-0.25563159149658193,-0.05544825333209946,-0.216906889353857,,
215,1,0.30000000000000004,0.04,-0.3500706655526016,-0.19949094003626033,-0.039507824422190696,-0.19804320143566212,,
215,1,0.30000000000000004,0.05,0.06039665314729429,0.041409738395919264,0.006435672246640101,-0.155414462779468,,
215,1,0.30000000000000004,0.06,-0.07143089412313858,-0.043116699324385103,-0.007112508757834979,-0.16495949062159368,,
215,1,0.30000000000000004,0.07,-0.5159429111472058,-0.20816777987080085,-0.048145026036375826,-0.23127991308864895,,
215,1,0.30000000000000004,0.08,-0.2709813188412539,-0.11944259210456763,-0.023823101876908503,-0.1994523181149003,,
215,1,0.30000000000000004,0.09,-0.16382137325885918,-0.0790002576527677,-0.013401477749355739,-0.16963840558925355,,
215,1,0.30000000000000004,0.1,0.12057061822556517,0.05719808450431087,0.009065076433623975,-0.15848566454949667,,
215,1,0.4,0.0,-0.5624959091662608,-0.27205343408440963,-0.10732979801040476,-0.394517343152168,,
215,1,0.4,0.01,-0.5031673903398499,-0.2770950594472477,-0.09049006144494498,-0.32656685263698154,,
215,1,0.4,0.02,-0.508050456605107,-0.25947807976414633,-0.08658050375852078,-0.33367174536368727,,
215,1,0.4,0.03,-0.4736847333519296,-0.2708541258229329,-0.0762338598400768,-0.2814572589893411,,
215,1,0.4,0.04,-0.365541656099061,-0.21393886955743271,-0.05500510607046183,-0.257106650064333,,
215,1,0.4,0.05,0.04257862743636891,0.029695276623121766,0.0060493879845513465,-0.20371549527311306,,
215,1,0.4,0.06,-0.08775876197162336,-0.054050303922870364,-0.011651073778131238,-0.2155598198810739,,
215,1,0.4,0.07,-0.5263048598452332,-0.22023670290991446,-0.06548259670558865,-0.2973282647278534,,
215,1,0.4,0.08,-0.284072382374816,-0.129047557689546,-0.03329865608286142,-0.2580339890117805,,
215,1,0.4,0.09,-0.17683542883028475,-0.08738849993620777,-0.01928813086777681,-0.22071703807545434,,
215,1,0.4,0.1,0.10807647017679899,0.0525466756612394,0.010834275406369054,-0.20618384074790982,,
215,1,0.5,0.0,-0.5753781079954114,-0.29209282058239044,-0.13723481163243212,-0.4698328817490479,,
215,1,0.5,0.01,-0.517251763457351,-0.29441875796832223,-0.11627875920711983,-0.39494344725016045,,
215,1,0.5,0.02,-0.521399043305524,-0.27641131322743767,-0.1110691645920796,-0.4018256825135421,,
215,1,0.5,0.03,-0.4872571410627884,-0.28646730715586033,-0.09802271949690289,-0.3421776832759871,,
215,1,0.5,0.04,-0.38048363974743465,-0.22877218304335764,-0.07156688784024468,-0.3128303751277361,,
215,1,0.5,0.05,0.024752914306845595,0.017568091257634387,0.004395984306159173,-0.2502254935776734,,
215,1,0.5,0.06,-0.10395344652992067,-0.06534987397025889,-0.017251400996899258,-0.2639852221406038,,
215,1,0.5,0.07,-0.5361964299750467,-0.2326800309725918,-0.08339162636023678,-0.35839614603652764,,
215,1,0.5,0.08,-0.29690573161764944,-0.13900645995978303,-0.04350370917579094,-0.31296178025379046,,
215,1,0.5,0.09,-0.18970142695722486,-0.09607460377545782,-0.02586434441586516,-0.2692110443287843,,
215,1,0.5,0.1,0.0955292217829325,0.04759839692786511,0.01197057389618772,-0.2514911145921364,,
215,1,0.6,0.0,-0.5870913027616373,-0.3128236428191818,-0.16803426454906067,-0.5371533399289381,,
215,1,0.6,0.01,-0.5303558104798465,-0.31226725043888,-0.14306947588234042,-0.4581635624013136,,
215,1,0.6,0.02,-0.533863225020794,-0.29387143653347253,-0.13646916273625953,-0.46438389639380767,,
215,1,0.6,0.03,-0.500074605215466,-0.3024620881367299,-0.12072148840583574,-0.399129322783961,,
215,1,0.6,0.04,-0.394872921296905,-0.24398076657518641,-0.08912811942725607,-0.3653079735684406,,
215,1,0.6,0.05,0.00695296088111871,0.005024093104767853,0.0014817700995934935,-0.2949328503063164,,
215,1,0.6,0.06,-0.11998921322490648,-0.07701715183907035,-0.023895104223017882,-0.31025691878281114,,
215,1,0.6,0.07,-0.5456106832372717,-0.24548998573451106,-0.10182692690466477,-0.4147905528610323,,
215,1,0.6,0.08,-0.30946736393627244,-0.14931877550577455,-0.054413142353558874,-0.36440924571776023,,
215,1,0.6,0.09,-0.202406091807211,-0.10505953042705643,-0.0331158344204846,-0.3152101887936493,,
215,1,0.6,0.1,0.08294048157221354,0.04234772757610789,0.012471725134345801,-0.2945075414479196,,
215,1,0.7000000000000001,0.0,-0.5976298681585686,-0.3342016864294049,-0.19955898519627835,-0.5971214188903627,,
215,1,0.7000000000000001,0.01,-0.5424646879311558,-0.3306243041300211,-0.1707253128855083,-0.5163725435573816,,
215,1,0.7000000000000001,0.02,-0.5454301967924758,-0.3118381955056204,-0.1626636410449832,-0.5216283424845929,,
215,1,0.7000000000000001,0.03,-0.5121219887908464,-0.31882666731268255,-0.14423477904156845,-0.45239245593002175,,
215,1,0.7000000000000001,0.04,-0.4086880159311363,-0.2595525554983324,-0.10762076704295442,-0.4146395971186879,,
215,1,0.7000000000000001,0.05,-0.010787954214762644,-0.007939523128470835,-0.0026822356175960627,-0.3378333401382339,,
215,1,0.7000000000000001,0.06,-0.13584089152480006,-0.08905278295022369,-0.03156051172497254,-0.354402307029679,,
215,1,0.7000000000000001,0.07,-0.5545418757157244,-0.2586571248657789,-0.12074270704137235,-0.4668060356119228,,
215,1,0.7000000000000001,0.08,-0.32174395632031916,-0.1599828985413427,-0.0660003348537368,-0.4125461874706628,,
215,1,0.7000000000000001,0.09,-0.2149365091814875,-0.11434357414698752,-0.041026937890004334,-0.35880405345091465,,
215,1,0.7000000000000001,0.1,0.0703219254674834,0.03678958396495265,0.012336657888210256,-0.33533018204181625,,
215,1,0.8,0.0,-0.6069945904559634,-0.3561747466849835,-0.2316411754304527,-0.6503582232777617,,
215,1,0.8,0.01,-0.5535686588054549,-0.34946833645117265,-0.19910853887199598,-0.5697470073939451,,
215,1,0.8,0.02,-0.5560912909076575,-0.3302867833660082,-0.189534970302897,-0.5738496962285752,,
215,1,0.8,0.03,-0.5233874136598854,-0.33554640513181755,-0.16846581671596306,-0.5020641381920995,,
215,1,0.8,0.04,-0.4219097110912825,-0.27547350093725353,-0.12697424779650723,-0.4609308966724499,,
215,1,0.8,0.05,-0.028436857811629607,-0.02132419925681792,-0.008080372540009595,-0.3789297052936739,,
215,1,0.8,0.06,-0.1514839616110465,-0.10145625351346581,-0.04022278284884184,-0.39645444667935886,,
215,1,0.8,0.07,-0.5629854548643838,-0.27217032220778364,-0.14009275727698078,-0.5147245891491044,,
215,1,0.8,0.08,-0.33372289538552347,-0.1709960964315926,-0.07823727056829477,-0.45753834269306715,,
215,1,0.8,0.09,-0.22728015512602476,-0.1239263303816491,-0.049580668361730584,-0.4000817922150985,,
215,1,0.8,0.1,0.05768527313139139,0.03091935211025811,0.011565480163716169,-0.3740531212450306,,
215,1,0.9,0.0,-0.615192449279795,-0.3786828465323882,-0.26411584608204264,-0.6974592287465896,,
215,1,0.9,0.01,-0.5636630102986383,-0.3687722762241741,-0.22808170438839626,-0.618489292968832,,
215,1,0.9,0.02,-0.5658419165131199,-0.3491877929431829,-0.21696560739303095,-0.6213436201887329,,
215,1,0.9,0.03,-0.5338622456144185,-0.35248402277512864,-0.1933170897564943,-0.5484421342973133,,
215,1,0.9,0.04,-0.434521113829505,-0.2917275516110493,-0.14711587312646146,-0.5042920091503945,,
215,1,0.9,0.05,-0.04596121700762773,-0.0351299367864701,-0.014692436416787302,-0.41823122273439245,,
215,1,0.9,0.06,-0.16689463743933014,-0.11422583148071988,-0.049854040817826406,-0.43645154665598773,,
215,1,0.9,0.07,-0.5709380517863175,-0.28601676184928615,-0.15983063304789125,-0.5588156163103214,,
215,1,0.9,0.08,-0.34539230453467284,-0.18235447069282176,-0.09109464918410137,-0.4995471119408494,,
215,1,0.9,0.09,-0.23942492314680824,-0.13380666603310956,-0.05875877578787736,-0.439131902242732,,
215,1,0.9,0.1,0.04504226419150804,0.024732919549164737,0.010159479323784248,-0.4107674916254417,,
215,1,1.0,0.0,-0.6222363485363658,-0.4016586325546056,-0.29682216579196485,-0.7389911276253021,,
215,1,1.0,0.01,-0.5727479317702892,-0.38850350434611786,-0.2575087164499714,-0.6628221201849362,,
215,1,1.0,0.02,-0.5746814701521427,-0.36850723701834603,-0.24483892564008614,-0.6644073739802752,,
215,1,1.0,0.03,-0.5435410579178944,-0.3696450555308077,-0.21869098742862747,-0.5916242734928208,,
215,1,1.0,0.04,-0.44650768357345255,-0.3082966524206033,-0.1679712974325025,-0.5448365920086036,,
215,1,1.0,0.05,-0.06332907096796347,-0.04935522388652017,-0.022493804054564692,-0.45575325737116484,,
215,1,1.0,0.06,-0.18204994575163932,-0.12735851156297862,-0.0604235207289896,-0.47443645491342173,,
215,1,1.0,0.07,-0.5783974689333519,-0.3001819469585944,-0.17990983498059254,-0.5993359587524043,,
215,1,1.0,0.08,-0.3567410681912913,-0.1940529241662959,-0.10454200124126123,-0.5387293270142776,,
215,1,1.0,0.09,-0.25135914993720915,-0.14398269214062134,-0.06854181046852126,-0.47604201206058566,,
215,1,1.0,0.1,0.032404634419540244,0.01822670628878954,0.008121118620215917,-0.4455615014332494,,
221,1,0.1,0.0,-0.6423098531809058,-0.24308464638060845,-0.030640701388683356,-0.1260495133892901,,
221,1,0.1,0.01,-0.46191370797818093,-0.23829001165314156,-0.020786772607329085,-0.08723308401858915,,
221,1,0.1,0.02,-0.5535634643466492,-0.25253205770911363,-0.02353709240868096,-0.09320437421767988,,
221,1,0.1,0.03,-0.6629156665170237,-0.2882160582041274,-0.0266499860714402,-0.09246530619250057,,
221,1,0.1,0.04,-0.2084425359626577,-0.10480216316050511,-0.007877625098726804,-0.07516662692030675,,
221,1,0.1,0.05,-0.09496369683069157,-0.06166661758105144,-0.003365216299209939,-0.05457111856000325,,
221,1,0.1,0.06,-0.023201580671966673,-0.0115135383859553,-0.0007758982430055017,-0.06739007740244086,,
221,1,0.1,0.07,0.3750815602254587,0.2245879949416068,0.01175559022259387,-0.05234291452510781,,
221,1,0.1,0.08,0.11980619200028872,0.04819385537481218,0.003486843047673549,-0.07235036542637543,,
221,1,0.1,0.09,0.16070370434962505,0.06700215388838422,0.00438954988111484,-0.06551356376434088,,
221,1,0.1,0.1,-0.010457025015780268,-0.004781286448824905,-0.0002636587227897724,-0.05514388765696557,,
221,1,0.2,0.0,-0.6548573995007244,-0.2619871179450013,-0.06247853720724428,-0.23847942485615015,,
221,1,0.2,0.01,-0.4786634516264016,-0.2551934738085461,-0.04308106970000236,-0.16881728618312195,,
221,1,0.2,0.02,-0.5672984153023096,-0.26829385715310466,-0.04824218390217738,-0.17981098939081366,,
221,1,0.2,0.03,-0.6731079453134452,-0.30507209088637793,-0.054119455228528346,-0.17739890617750667,,
221,1,0.2,0.04,-0.22620321066465687,-0.11742414339765254,-0.017097701114744845,-0.14560635164136654,,
221,1,0.2,0.05,-0.1123885146282485,-0.07421299188434134,-0.007965394648552504,-0.10733153921305753,,
221,1,0.2,0.06,-0.03987585091763385,-0.02032133708694404,-0.002667025415447166,-0.13124261479628052,,
221,1,0.2,0.07,0.36125708530764955,0.22077816994672322,0.022644622984572482,-0.10256730993846419,,
221,1,0.2,0.08,0.1053686822149453,0.04381248508035812,0.006133306649506398,-0.1399899284018487,,
221,1,0.2,0.09,0.14728529503238857,0.06325857349617371,0.008046064052049884,-0.1271932578836379,,
221,1,0.2,0.1,-0.02305114374411107,-0.010802449686916368,-0.001162402329389911,-0.10760543794041282,,
221,1,0.30000000000000004,0.0,-0.6661363582012925,-0.28169932812473997,-0.09533195762781854,-0.33841741214804877,,
221,1,0.30000000000000004,0.01,-0.49449753288910403,-0.272608120718248,-0.06675927295625905,-0.24489099143622936,,
221,1,0.30000000000000004,0.02,-0.5801097780124085,-0.2845711767195982,-0.07399746369663085,-0.26003147806337445,,
221,1,0.30000000000000004,0.03,-0.6823820689740672,-0.32234891179604763,-0.08229767473639471,-0.25530619687174566,,
221,1,0.30000000000000004,0.04,-0.2436205368471544,-0.13056367113501482,-0.02762129975202743,-0.21155425174484002,,
221,1,0.30000000000000004,0.05,-0.1296498108703033,-0.08709787459130269,-0.013783150971094726,-0.1582489932822203,,
221,1,0.30000000000000004,0.06,-0.05648635730018303,-0.029568185010410374,-0.005666984418343679,-0.19165817639291846,,
221,1,0.30000000000000004,0.07,0.3471070751576622,0.2165396424620893,0.03263649007269653,-0.15071831513904144,,
221,1,0.30000000000000004,0.08,0.0908543606034463,0.0390419779070892,0.007932684204340346,-0.20318346122776573,,
221,1,0.30000000000000004,0.09,0.1337677166419059,0.05917729914893339,0.010961416236025645,-0.18523008642957328,,
221,1,0.30000000000000004,0.1,-0.0356228842256589,-0.017108941528541116,-0.0026945381146697978,-0.15749297583224375,,
221,1,0.4,0.0,-0.6761435391992802,-0.30218824751562856,-0.1290188041045517,-0.42694845072649323,,
221,1,0.4,0.01,-0.5093864697046685,-0.2905179942342002,-0.09169245711583196,-0.31561713537755726,,
221,1,0.4,0.02,-0.5919829848072233,-0.30135195046760027,-0.10068264338376931,-0.33410317480123347,,
221,1,0.4,0.03,-0.690737294586638,-0.3400187191577263,-0.11107379239639958,-0.32666963945851224,,
221,1,0.4,0.04,-0.2606606764766786,-0.14422691834509593,-0.03940437737970437,-0.2732109777553478,,
221,1,0.4,0.05,-0.14671625051103868,-0.10032158066363818,-0.0207966595259651,-0.20729995867681641,,
221,1,0.4,0.06,-0.07300570279020144,-0.03926045207852463,-0.009765713349477179,-0.2487417447446816,,
221,1,0.4,0.07,0.3326500055595401,0.21185892813487675,0.04170289950325423,-0.19684277585273496,,
221,1,0.4,0.08,0.0762813798900425,0.03387079538639737,0.008880382380767049,-0.26218405205605066,,
221,1,0.4,0.09,0.12016570927654731,0.0547483777059785,0.013129090633066776,-0.23980784788867057,,
221,1,0.4,0.1,-0.048160496703862535,-0.023703805267545196,-0.0048571883612019695,-0.20491175599777392,,
221,1,0.5,0.0,-0.684882622873701,-0.323411651411475,-0.1633579481137185,-0.5051084195661183,,
221,1,0.5,0.01,-0.5233059214052929,-0.30890314993836526,-0.11774754683005073,-0.3811794954293753,,
221,1,0.5,0.02,-0.6029077939910641,-0.3186201125649042,-0.12817587661633723,-0.4022843240639032,,
221,1,0.5,0.03,-0.6981763814945869,-0.3580507996023064,-0.14033754052003122,-0.39194868626437,,
221,1,0.5,0.04,-0.27729140352629694,-0.15840643857779851,-0.05239807964318932,-0.33078251183240215,,
221,1,0.5,0.05,-0.16355726191152245,-0.11388324668194434,-0.02897978817211111,-0.2544692833797275,,
221,1,0.5,0.06,-0.08940682347312831,-0.04940331964911158,-0.014949541202880279,-0.3026019568939861,,
221,1,0.5,0.07,0.3179051954360637,0.20672312607948592,0.04981800764790467,-0.24098903974947358,,
221,1,0.5,0.08,0.06166802562374525,0.028288133872423567,0.008973940445807349,-0.3172333843681189,,
221,1,0.5,0.09,0.10649418833204444,0.04996236150386266,0.014544205860847592,-0.29110325098871,,
221,1,0.5,0.1,-0.06065230154591929,-0.03058960483471195,-0.007646299179606575,-0.24996397373953122,,
221,1,0.6,0.0,-0.6923639129974536,-0.34531805303848284,-0.1981708591770297,-0.5738792322999261,,
221,1,0.6,0.01,-0.5362367294131094,-0.3277395571964193,-0.14478848450024373,-0.4417790935546721,,
221,1,0.6,0.02,-0.6128782415431604,-0.3363554499438475,-0.15635466647167906,-0.4648495111281281,,
221,1,0.6,0.03,-0.7047054814822664,-0.3750012701462937,-0.16997991341471197,-0.453278233826782,,
221,1,0.6,0.04,-0.29348223649553473,-0.17309238111911499,-0.06654907612509231,-0.38447143481893636,,
221,1,0.6,0.05,-0.18014315722454993,-0.12778077588173217,-0.03830225922842978,-0.299749778197313,,
221,1,0.6,0.06,-0.10566308614081703,-0.06000068129241444,-0.021201263150037675,-0.3533503735851419,,
221,1,0.6,0.07,0.3028927504040806,0.20111999840309258,0.05695854074518314,-0.2832067481972857,,
221,1,0.6,0.08,0.04703266581512549,0.02228401238280118,0.008213040798957794,-0.36856202814250033,,
221,1,0.6,0.09,0.0927682086866571,0.044810370089720344,0.015203533025940574,-0.3392860401621257,,
221,1,0.6,0.1,-0.07308671303606107,-0.03776839959459184,-0.011056652948373547,-0.29274878117834724,,
221,1,0.7000000000000001,0.0,-0.698604035379772,-0.3678468397137628,-0.23328308403950826,-0.6341853697072284,,
221,1,0.7000000000000001,0.01,-0.5481649130651669,-0.34699904625215156,-0.17267739496958434,-0.4976307480802295,,
221,1,0.7000000000000001,0.02,-0.6218925618462223,-0.35453350296311115,-0.18509675127503988,-0.522085359290569,,
221,1,0.7000000000000001,0.03,-0.7103340093077891,-0.3920721882700755,-0.19989381285116614,-0.5098393072284715,,
221,1,0.7000000000000001,0.04,-0.3092045588982931,-0.18827243659064397,-0.08179992187285712,-0.43447635434130294,,
221,1,0.7000000000000001,0.05,-0.1964452472352002,-0.14201078646668047,-0.048729834554966045,-0.3431417835743017,,
221,1,0.7000000000000001,0.06,-0.12174838342344939,-0.07105504642333282,-0.028500234827020132,-0.4011007839924698,,
221,1,0.7000000000000001,0.07,0.2876335027235008,0.19503805065383356,0.06310390500647478,-0.32354663510494047,,
221,1,0.7000000000000001,0.08,0.03239370026904081,0.015849359390729484,0.006599510649656359,-0.41638974086968505,,
221,1,0.7000000000000001,0.09,0.07900292840415936,0.039284151734241136,0.015105507833274023,-0.384519129634347,,
221,1,0.7000000000000001,0.1,-0.08545226286911352,-0.0451857732447056,-0.015081884300264026,-0.3337750627523269,,
221,1,0.8,0.0,-0.7036255876306852,-0.39092862671929146,-0.26852562093835974,-0.6868916794143503,,
221,1,0.8,0.01,-0.5590816217944727,-0.3666493085022979,-0.2012757333753329,-0.5489598062996796,,
221,1,0.8,0.02,-0.6299530790437812,-0.3731255215768222,-0.21428096020876897,-0.574286527770122,,
221,1,0.8,0.03,-0.7150744952399237,-0.4094809173873104,-0.22997465651473448,-0.5616248444056584,,
221,1,0.8,0.04,-0.3244317270012285,-0.20393180138254882,-0.09808944239312156,-0.4809913987329464,,
221,1,0.8,0.05,-0.21243594997089038,-0.15656856406234215,-0.06022452328533523,-0.3846527152242078,,
221,1,0.8,0.06,-0.13763722593587077,-0.08256744803628306,-0.03682248491106488,-0.4459685479789054,,
221,1,0.8,0.07,0.2721489479149807,0.18846661268298084,0.06823628459421993,-0.36206033324852077,,
221,1,0.8,0.08,0.017769509827352932,0.008976097748189188,0.004137314826059946,-0.46092577667111473,,
221,1,0.8,0.09,0.06521357208947356,0.03337614425856307,0.014250236671067285,-0.4269587451645559,,
221,1,0.8,0.1,-0.09773762327321961,-0.052874161686718775,-0.019714499588047274,-0.37285696754600783,,
221,1,0.9,0.0,-0.7074567459211979,-0.4144858360496957,-0.30373617516292706,-0.7328023028668944,,
221,1,0.9,0.01,-0.5689830453855337,-0.3866539553989003,-0.23044540310918926,-0.5959990836546468,,
221,1,0.9,0.02,-0.6370660708927659,-0.3920984837996013,-0.24378803067977772,-0.6217520361654242,,
221,1,0.9,0.03,-0.7189424213742555,-0.4271327181523775,-0.26012094501871963,-0.6089932565782112,,
221,1,0.9,0.04,-0.3391391642074235,-0.2200531625347142,-0.11535313853407647,-0.5242057746653793,,
221,1,0.9,0.05,-0.22808889244132619,-0.1714480191966501,-0.07274481046085379,-0.42429659322815405,,
221,1,0.9,0.06,-0.15330483093021113,-0.09453735583949129,-0.04614084513476868,-0.4880699774712143,,
221,1,0.9,0.07,0.2564611783468499,0.18139591937634636,0.07234072682627302,-0.39880018842202297,,
221,1,0.9,0.08,0.0031784057405924186,0.0016572268981423647,0.0008325397541488755,-0.5023692018769996,,
221,1,0.9,0.09,0.05141539403402877,0.027079534691344276,0.012639496638526815,-0.4667545725062593,,
221,1,0.9,0.1,-0.10993162968851841,-0.06084267204737199,-0.024945899747509825,-0.4100066434966399,,
221,1,1.0,0.0,-0.7104808837582259,-0.4385798461903221,-0.33892834309969466,-0.7727859500242892,,
221,1,1.0,0.01,-0.5778702844865968,-0.40692957620173,-0.2600498316608274,-0.6390536517107597,,
221,1,1.0,0.02,-0.6432416072208168,-0.4114151822017634,-0.2735013801558248,-0.6647819331608822,,
221,1,1.0,0.03,-0.7219560436019161,-0.4444918435092591,-0.29023478366820366,-0.6529586265898665,,
221,1,1.0,0.04,-0.3533044416066612,-0.23661670448032165,-0.13352360754193182,-0.5643033860825172,,
221,1,1.0,0.05,-0.24337900492843337,-0.1866416507109847,-0.08624590465668958,-0.46209355911795746,,
221,1,1.0,0.06,-0.16872720697427815,-0.1069625961204009,-0.05642509675935414,-0.5275217581278604,,
221,1,1.0,0.07,0.24059281411117606,0.17381719067466564,0.07540521404175693,-0.4338190816976969,,
221,1,1.0,0.08,-0.011361420613945425,-0.006113098480160275,-0.0033066313032747985,-0.5409092155158777,,
221,1,1.0,0.09,0.037623641290094365,0.0203883172592093,0.01027672951413372,-0.5040499116959627,,
221,1,1.0,0.1,-0.12202330293147344,-0.0690921993118928,-0.03076640646163853,-0.4452949358690153,,
227,1,0.1,0.0,-0.4527917947634297,-0.228066587716674,-0.021600030388588265,-0.09470931540143826,,
227,1,0.1,0.01,-0.4007364868598382,-0.21535970689383035,-0.01813326987627506,-0.08419991899977156,,
227,1,0.1,0.02,-0.23191274498920209,-0.1390466875759631,-0.0098734526989529,-0.07100818344600189,,
227,1,0.1,0.03,-0.22727276046148434,-0.10880298637118192,-0.009141739396333892,-0.0840210338082707,,
227,1,0.1,0.04,-0.02844703878054102,-0.016398791433498497,-0.0010829384890808091,-0.06603770122160621,,
227,1,0.1,0.05,0.08674665961652797,0.05859928456165069,0.0030739683382345895,-0.052457438025553915,,
227,1,0.1,0.06,0.1627082186626553,0.10123273180070698,0.005389354733339458,-0.05323727452055008,,
227,1,0.1,0.07,0.2837872717362696,0.16042051478991076,0.008780618025346021,-0.05473500715818832,,
227,1,0.1,0.08,0.592465487873678,0.3780813372383995,0.017157904770016552,-0.045381517361693054,,
227,1,0.1,0.09,0.5049418987010139,0.30049921529745044,0.013815463313215037,-0.045975039567207325,,
227,1,0.1,0.1,0.3471335535198981,0.19535904572815369,0.008858880241079392,-0.04534666008456406,,
227,1,0.2,0.0,-0.4707055845468712,-0.24582395557831443,-0.044909183637493744,-0.1826883939437164,,
227,1,0.2,0.01,-0.41889039863929334,-0.23231777494073536,-0.03790946368087256,-0.1631793507429353,,
227,1,0.2,0.02,-0.2516134469905419,-0.1558753024898073,-0.021424380685910793,-0.13744563983965155,,
227,1,0.2,0.03,-0.24595944863971522,-0.1222357267159266,-0.019786772307993306,-0.1618738877707773,,
227,1,0.2,0.04,-0.047406364950591355,-0.028046895788549214,-0.0036093863848861707,-0.1286911183361613,,
227,1,0.2,0.05,0.06906698833607217,0.04755807130962916,0.0048949374258522305,-0.10292548228004242,,
227,1,0.2,0.06,0.1464193390884957,0.09298263864599307,0.009699642275662557,-0.10431670274051258,,
227,1,0.2,0.07,0.26930056019986015,0.1556511418621492,0.016664773854439652,-0.1070648994608638,,
227,1,0.2,0.08,0.5825769220124253,0.3782882926211234,0.03374306032566676,-0.08919932491662463,,
227,1,0.2,0.09,0.4943774185745513,0.2996671689289405,0.027052827688766934,-0.09027624809704102,,
227,1,0.2,0.1,0.33569084640804125,0.1924824790148407,0.01713372260446122,-0.08901445311882224,,
227,1,0.30000000000000004,0.0,-0.4876022816809139,-0.2641910604690741,-0.06978190124241646,-0.26413422588379004,,
227,1,0.30000000000000004,0.01,-0.4362099837701357,-0.24979870150556516,-0.0592153219219792,-0.2370521606600904,,
227,1,0.30000000000000004,0.02,-0.2708335406890439,-0.1733300053699611,-0.034591399710365844,-0.19956959925393677,,
227,1,0.30000000000000004,0.03,-0.2642267697976229,-0.13630218585672688,-0.03188449332142018,-0.23392503297735337,,
227,1,0.30000000000000004,0.04,-0.06626767909755252,-0.04024492228990021,-0.00756815015057577,-0.18805229877347926,,
227,1,0.30000000000000004,0.05,0.051323989170507546,0.03603167417808165,0.0054561749720207775,-0.15142718445594214,,
227,1,0.30000000000000004,0.06,0.12999036426345564,0.08403461971892184,0.012916941578426266,-0.15370976416185048,,
227,1,0.30000000000000004,0.07,0.254576600236331,0.15045873372530133,0.023630445486756635,-0.1570559907137043,,
227,1,0.30000000000000004,0.08,0.5722603592536134,0.37814624335281305,0.04971828207057927,-0.13147897921649263,,
227,1,0.30000000000000004,0.09,0.4834797171096877,0.2985164135838817,0.0396847418183901,-0.13293989882147259,,
227,1,0.30000000000000004,0.1,0.3240454358468774,0.18931656703801414,0.024809008058087167,-0.13104509788150553,,
227,1,0.4,0.0,-0.5034460859688811,-0.28315003911873354,-0.09606579343272093,-0.33927522571323954,,
227,1,0.4,0.01,-0.45265746066707063,-0.26778708286998454,-0.08193074666202027,-0.305954812248353,,
227,1,0.4,0.02,-0.28952665027802893,-0.19138327769103625,-0.049305227907840865,-0.2576255799497688,,
227,1,0.4,0.03,-0.2820351418572808,-0.1509944282672161,-0.04537792848086186,-0.3005271717745516,,
227,1,0.4,0.04,-0.08499072260124067,-0.05299332925311604,-0.012941905894631511,-0.24421764167365498,,
227,1,0.4,0.05,0.0335508381553981,0.024019754765177308,0.004755651210863521,-0.19798916589098722,,
227,1,0.4,0.06,0.11344785522601165,0.07468044652889685,0.015030850698873666,-0.20126889162423028,,
227,1,0.4,0.07,0.23963526006672634,0.14483222561595074,0.029658069879974214,-0.20477535129935817,,
227,1,0.4,0.08,0.5615238918321882,0.37763920525145717,0.06504732281857395,-0.17224727177164018,,
227,1,0.4,0.09,0.47225794448150193,0.29703453436731164,0.051684855807315744,-0.17400285093921933,,
227,1,0.4,0.1,0.31220745041599657,0.18585365683120209,0.031870251499033,-0.17148035740818662,,
227,1,0.5,0.0,-0.5182076494655222,-0.3026776447466564,-0.12360317816605249,-0.4083657326906628,,
227,1,0.5,0.01,-0.46819999126284956,-0.286263644748337,-0.105929919985154,-0.3700432169033556,,
227,1,0.5,0.02,-0.30764923551908824,-0.20979874562056086,-0.06548928940727616,-0.31215291213284563,,
227,1,0.5,0.03,-0.2993471898436576,-0.1663011561554638,-0.06020417917701504,-0.3620190055728428,,
227,1,0.5,0.04,-0.10353589529719995,-0.06629052701609202,-0.019707324703243878,-0.29728719306244056,,
227,1,0.5,0.05,0.015780780000545475,0.011523391163257313,0.0027960510692148777,-0.24264133965443893,,
227,1,0.5,0.06,0.09681870870824336,0.064920433331522,0.01603454239562474,-0.24698760579343199,,
227,1,0.5,0.07,0.22449699396490483,0.13876124005197588,0.034730633614818096,-0.25029059701260253,,
227,1,0.5,0.08,0.550376542775914,0.3767513372390361,0.07969500757328096,-0.21153211600339233,,
227,1,0.5,0.09,0.46072190946034436,0.2952093057585837,0.06302791127175467,-0.21350245416483465,,
227,1,0.5,0.1,0.3001873698604424,0.18208636531862726,0.038304046562382066,-0.21036197024063283,,
227,1,0.6,0.0,-0.5318641344756857,-0.3227450817932409,-0.15223263672360443,-0.4716807329108386,,
227,1,0.6,0.01,-0.48280979591104745,-0.30520514467616033,-0.1310824536607733,-0.4294896594874215,,
227,1,0.6,0.02,-0.325160811126854,-0.22814595612784933,-0.08306037397893673,-0.36406682541588,,
227,1,0.6,0.03,-0.31612791585288086,-0.18220763080098373,-0.07629490705613085,-0.4187250924713683,,
227,1,0.6,0.04,-0.12186444000563398,-0.08013277872526509,-0.027835240121229288,-0.3473639697016161,,
227,1,0.6,0.05,-0.0019530089943578476,-0.0014548654915512984,-0.00041524281207938607,-0.28541663438358117,,
227,1,0.6,0.06,0.08013006083261164,0.054748162992462227,0.015924800585262577,-0.29087369721345935,,
227,1,0.6,0.07,0.20918278073783303,0.13223616095494917,0.038833752139078914,-0.29366968806897664,,
227,1,0.6,0.08,0.5388282521316118,0.3754669997315913,0.09362736591441623,-0.24936243659588533,,
227,1,0.6,0.09,0.4488820616517433,0.29302873713369926,0.07368982852082984,-0.25147645668352187,,
227,1,0.6,0.1,0.287996004940437,0.17800760992834602,0.04409810734467756,-0.2477315849722858,,
227,1,0.7000000000000001,0.0,-0.544399208161664,-0.3433179145131048,-0.18179056473784727,-0.5295108616620359,,
227,1,0.7000000000000001,0.01,-0.4964642223568511,-0.3245843174065022,-0.1572545554541026,-0.4844798316523731,,
227,1,0.7000000000000001,0.02,-0.3420241396386139,-0.24693633254073147,-0.10192934482084648,-0.41277581055851115,,
227,1,0.7000000000000001,0.03,-0.33234485056969654,-0.1986956253290451,-0.09357685475447042,-0.4709557877759247,,
227,1,0.7000000000000001,0.04,-0.1399386207882171,-0.09451411201766141,-0.03729085611008309,-0.39455331393384646,,
227,1,0.7000000000000001,0.05,-0.019617557423333525,-0.014910940101040517,-0.004866196054301497,-0.3263507211032203,,
227,1,0.7000000000000001,0.06,0.0634091896444407,0.0441581754922533,0.014702037389961564,-0.3329403270418351,,
227,1,0.7000000000000001,0.07,0.19371405984576143,0.1252482076210625,0.041955737079630406,-0.3349807384594849,,
227,1,0.7000000000000001,0.08,0.5268898598080868,0.37377081523475875,0.10681176130484471,-0.2857680614730665,,
227,1,0.7000000000000001,0.09,0.43674947157309146,0.29048111957209255,0.083647790408651,-0.2879629165980649,,
227,1,0.7000000000000001,0.1,0.27564447628167726,0.17361063945394112,0.04924130686341499,-0.28363069808563607,,
227,1,0.8,0.0,-0.5558029755956303,-0.3643560600530261,-0.2121126981853696,-0.5821577337138294,,
227,1,0.8,0.01,-0.5091457691587821,-0.3443698688822608,-0.1843101976735948,-0.5352100004330228,,
227,1,0.8,0.02,-0.35820539640725213,-0.26614014234316224,-0.12200188611803453,-0.45841219232807345,,
227,1,0.8,0.03,-0.34796818535656365,-0.2157434114456798,-0.1119723969484323,-0.5190072605143026,,
227,1,0.8,0.04,-0.15772189365733327,-0.10942624333052196,-0.04803399342333603,-0.43896228145427013,,
227,1,0.8,0.05,-0.03718023377953369,-0.02883918905554101,-0.010540197116677974,-0.36548174417729806,,
227,1,0.8,0.06,0.04668341702425376,0.03314604235123719,0.012370290650394411,-0.37320566115588405,,
227,1,0.8,0.07,0.17811266546204693,0.11778950800456181,0.044087651185480414,-0.37429183577006675,,
227,1,0.8,0.08,0.5145730850659609,0.37164773092688963,0.11921701663956297,-0.32077961660692955,,
227,1,0.8,0.09,0.42433580862037845,0.2875550737688747,0.09288032245388322,-0.32300011693946573,,
227,1,0.8,0.1,0.26314419228739505,0.1688890650294079,0.05372371208652926,-0.31810059506916327,,
227,1,0.9,0.0,-0.5660718538777838,-0.3858138753206959,-0.24303559491500204,-0.6299296382562348,,
227,1,0.9,0.01,-0.520842064492148,-0.3645265237778626,-0.21211227390657206,-0.5818843350774396,,
227,1,0.9,0.02,-0.37367430567936527,-0.2857249784335875,-0.14317928166905858,-0.5011087320891633,,
227,1,0.9,0.03,-0.3629708841349608,-0.233325782220947,-0.1314001159678324,-0.5631615791323205,,
227,1,0.9,0.04,-0.17517906853303825,-0.12485851653273498,-0.0600193719751837,-0.4806990635632614,,
227,1,0.9,0.05,-0.054608879120002125,-0.04323236278075712,-0.01741615983014111,-0.4028500574549468,,
227,1,0.9,0.06,0.029980010530633438,0.021708440013482874,0.00893720192428904,-0.4116924992647211,,
227,1,0.9,0.07,0.1624007587890315,0.10985317075111899,0.045223350543721175,-0.4116708715324953,,
227,1,0.9,0.08,0.5018905027059459,0.36908308298730924,0.1308135353702895,-0.3544284238429521,,
227,1,0.9,0.09,0.41165331699084723,0.2842395988575441,0.10136736883892539,-0.35662648429830124,,
227,1,0.9,0.1,0.2505068261805737,0.16383689107646787,0.057536615379977896,-0.35118229479295804,,
227,1,1.0,0.0,-0.5752083906691354,-0.40764034508867947,-0.274398053628947,-0.673137624709972,,
227,1,1.0,0.01,-0.5315458017922063,-0.3850151308010515,-0.24052373047005104,-0.6247124105736422,,
227,1,1.0,0.02,-0.38840424705785664,-0.3056558805158069,-0.1653592156643533,-0.54099798566055,,
227,1,1.0,0.03,-0.3773287744908042,-0.2514141124993166,-0.15177539605400903,-0.6036868596802479,,
227,1,1.0,0.04,-0.19227646133059148,-0.14079785750528778,-0.07319692644479714,-0.5198724450906376,,
227,1,1.0,0.05,-0.07187193654561486,-0.05808157608496354,-0.025468653009289022,-0.43849796658466506,,
227,1,1.0,0.06,0.013326085724482987,0.009843221442666831,0.004413975136992487,-0.44842790164808133,,
227,1,1.0,0.07,0.1466007589578975,0.1014333553943326,0.04535951379212633,-0.44718538212392317,,
227,1,1.0,0.08,0.4888555160242496,0.3660626623994198,0.1415734175562604,-0.38674640190915244,,
227,1,1.0,0.09,0.398714789637032,0.2805241219308927,0.10909036391785576,-0.3888805111195758,,
227,1,1.0,0.1,0.23774429224757426,0.15844854607577089,0.060672562236214755,-0.3829164971144692,,
233,1,0.1,0.0,-0.9780351925838853,-0.3724003856369401,-0.04667855902246609,-0.1253450877679108,,
233,1,0.1,0.01,-0.5480364093502125,-0.257593277449278,-0.024685471981114482,-0.09583119647202451,,
233,1,0.1,0.02,-0.21620415042915678,-0.12610391317952446,-0.009214465649350023,-0.07307041801495957,,
233,1,0.1,0.03,-0.2909843125214448,-0.16927169202081468,-0.011737824596197322,-0.06934310430803732,,
233,1,0.1,0.04,0.166267849437639,0.11214887404532832,0.006358136108613133,-0.056693713269411,,
233,1,0.1,0.05,0.07595627765366801,0.04769731751508416,0.0027241885999902404,-0.0571140840180105,,
233,1,0.1,0.06,0.15308735949470595,0.09389179823751674,0.005159903104369645,-0.054955844932447796,,
233,1,0.1,0.07,0.37233842270226736,0.2000733568497686,0.011794857612432486,-0.05895266515315693,,
233,1,0.1,0.08,0.27407836953472714,0.1537476099590913,0.008114374497860233,-0.052777239919497156,,
233,1,0.1,0.09,0.5914759474795838,0.38108044779922945,0.016388720267227708,-0.04300593316155132,,
233,1,0.1,0.1,0.4811401941339626,0.30369159490705444,0.012497073433268335,-0.041150541018736775,,
233,1,0.2,0.0,-0.9768721745229568,-0.39301980562227185,-0.09324610362006713,-0.23725548251297343,,
233,1,0.2,0.01,-0.5626727371326603,-0.2745991973187844,-0.05068948650143146,-0.1845944452728521,,
233,1,0.2,0.02,-0.2361033481481948,-0.14246038332283278,-0.020125110335667995,-0.1412681186604841,,
233,1,0.2,0.03,-0.30895449460757685,-0.18480100030662822,-0.024925423879290864,-0.13487710476639053,,
233,1,0.2,0.04,0.14745228054504256,0.10155190787937014,0.011277245389312851,-0.11104907455513967,,
233,1,0.2,0.05,0.058045801427747096,0.037277540246326506,0.004163650863665769,-0.11169328330551727,,
233,1,0.2,0.06,0.1364702972921214,0.0854496039878302,0.009199629714381707,-0.10766146693543396,,
233,1,0.2,0.07,0.3583310077007235,0.1974252761467417,0.02270226737963643,-0.11499169621402658,,
233,1,0.2,0.08,0.26015407425418924,0.14918725040818878,0.01540426257808103,-0.10325455114920129,,
233,1,0.2,0.09,0.5820181003036156,0.38114356106262043,0.03225332112653145,-0.08462250034241653,,
233,1,0.2,0.1,0.4708402130822015,0.3019767139349868,0.024459086104062555,-0.08099659667575693,,
233,1,0.30000000000000004,0.0,-0.9743031358069084,-0.41416323430151547,-0.13950131889544215,-0.33682690142863725,,
233,1,0.30000000000000004,0.01,-0.5762790678783977,-0.2921543973266203,-0.07787285958034373,-0.2665469364586838,,
233,1,0.30000000000000004,0.02,-0.25554656003948195,-0.15947643313868062,-0.03267363269325774,-0.2048806337726701,,
233,1,0.30000000000000004,0.03,-0.3264108317076463,-0.2000264161317327,-0.039500614885562335,-0.19747699153669862,,
233,1,0.30000000000000004,0.04,0.1284527095502806,0.09016978676446316,0.014736218943166568,-0.16342745693365954,,
233,1,0.30000000000000004,0.05,0.04008611972080103,0.026319749328143117,0.004313092494836468,-0.16387285612270536,,
233,1,0.30000000000000004,0.06,0.11972062705864314,0.0765439311317318,0.012105770925619819,-0.1581545492455285,,
233,1,0.30000000000000004,0.07,0.3439930632692958,0.19433125084538244,0.03269081797800544,-0.16822213532714578,,
233,1,0.30000000000000004,0.08,0.24601852409931566,0.14422859928564413,0.021850900981440935,-0.1515018594763256,,
233,1,0.30000000000000004,0.09,0.5721674880247238,0.3808863852021478,0.047561154162891306,-0.12486966195352239,,
233,1,0.30000000000000004,0.1,0.46025216906237604,0.29996377788456197,0.03586359168108966,-0.1195597412928017,,
233,1,0.4,0.0,-0.9703918444677252,-0.4357749655692344,-0.18525506374565925,-0.4251163522063926,,
233,1,0.4,0.01,-0.5888377750456706,-0.310240880057438,-0.10609323139348503,-0.34197050812208546,,
233,1,0.4,0.02,-0.27448619735652474,-0.17712685600606431,-0.0467936185636022,-0.26418138738938673,,
233,1,0.4,0.03,-0.3433174694428431,-0.215654377302589,-0.055395429426573495,-0.2568713425596136,,
233,1,0.4,0.04,0.10931022035922917,0.07809391899262778,0.01672023211840834,-0.2141041496455923,,
233,1,0.4,0.05,0.022111623049748313,0.014845420435708667,0.003172152891117719,-0.21367888534079713,,
233,1,0.4,0.06,0.10286644001652762,0.067168558496668,0.013868705160992478,-0.2064761470455028,,
233,1,0.4,0.07,0.3293437554664988,0.1907745735369316,0.04173152663728552,-0.21874784392694138,,
233,1,0.4,0.08,0.23168919650089792,0.13886210497901416,0.027437596198607084,-0.19758879647369346,,
233,1,0.4,0.09,0.561931084189474,0.3802950634656665,0.06228034385833858,-0.1637684783251501,,
233,1,0.4,0.1,0.44938431141099494,0.29764340167886366,0.04668900090187256,-0.15686220705220508,,
233,1,0.5,0.0,-0.9652064468749889,-0.4577920695009642,-0.2303314156839743,-0.5031354429862818,,
233,1,0.5,0.01,-0.6003366587997734,-0.32883594072430194,-0.13520628846182647,-0.41116639551022877,,
233,1,0.5,0.02,-0.2928774028087575,-0.19538267646610316,-0.062411123058815354,-0.31943017767822945,,
233,1,0.5,0.03,-0.3596411508614539,-0.2316765827011684,-0.0725366379686736,-0.3130943884053923,,
233,1,0.5,0.04,0.09006644727913046,0.06552294517566296,0.01722084974806637,-0.2628216680721286,,
233,1,0.5,0.05,0.004156707516391844,0.002854121544152436,0.0007454061454459371,-0.26116832584552524,,
233,1,0.5,0.06,0.08593613982104009,0.05731836003378317,0.01448265082446154,-0.25267036279344934,,
233,1,0.5,0.07,0.3144031260109792,0.18673915540090874,0.04979797783545514,-0.2666713241180955,,
233,1,0.5,0.08,0.21718404985103373,0.13307884356208838,0.03214979566692766,-0.24158457352334947,,
233,1,0.5,0.09,0.5513166450281949,0.37935585809967887,0.07637989602565742,-0.20134102161561448,,
233,1,0.5,0.1,0.4382454041141204,0.2950064081705797,0.0569146484099563,-0.1929268206846778,,
233,1,0.6,0.0,-0.9588187686609001,-0.4801448225346455,-0.27456851547362315,-0.5718452070860585,,
233,1,0.6,0.01,-0.6107688826946326,-0.34791204913895885,-0.16506696872827875,-0.47445027884719704,,
233,1,0.6,0.02,-0.3106782812530837,-0.21421125472792885,-0.079445311616541,-0.37087365795716487,,
233,1,0.6,0.03,-0.3753513546610148,-0.24808245724986006,-0.09084630696642138,-0.3661939984532003,,
233,1,0.6,0.04,0.07076337525779716,0.052448909931042155,0.01623608555408751,-0.3095600189867454,,
233,1,0.6,0.05,-0.013744370228169364,-0.009652949408388076,-0.0029576691628054874,-0.30640056605242083,,
233,1,0.6,0.06,0.06895833717145469,0.046989380661928516,0.01394569764156639,-0.2967840274784766,,
233,1,0.6,0.07,0.2991920323570585,0.18220962821472336,0.056866450603959784,-0.31209355488583734,,
233,1,0.6,0.08,0.2025214741804977,0.12687057851516553,0.035975150205738604,-0.28355786366528074,,
233,1,0.6,0.09,0.5403326991268115,0.3780551962739629,0.08982980452503786,-0.2376102892127462,,
233,1,0.6,0.1,0.426844711042248,0.2920438601300076,0.06652085729107005,-0.2277769416602606,,
233,1,0.7000000000000001,0.0,-0.9513036144527227,-0.5022296725613573,-0.3178192111752225,-0.6328164752877968,,
233,1,0.7000000000000001,0.01,-0.6201328667543917,-0.3674367966928903,-0.19553063577452734,-0.5321476714754703,,
233,1,0.7000000000000001,0.02,-0.3278501044759278,-0.23357642923050195,-0.09780915231659204,-0.4187458154010494,,
233,1,0.7000000000000001,0.03,-0.3904204125620174,-0.2648590860865976,-0.11024238376297879,-0.4162303260645332,,
233,1,0.7000000000000001,0.04,0.05144313795128193,0.03886434620019297,0.013770415136677538,-0.3543199997690728,,
233,1,0.7000000000000001,0.05,-0.03155763691484775,-0.022672897330456812,-0.00792275110987295,-0.3494370831569995,,
233,1,0.7000000000000001,0.06,0.05196174342402231,0.036178909589481445,0.012259816451268835,-0.3388663890200057,,
233,1,0.7000000000000001,0.07,0.2837320839379871,0.17717144759600395,0.06291603359351194,-0.3551138428183786,,
233,1,0.7000000000000001,0.08,0.18772024004939158,0.12022981993911752,0.038903567319900745,-0.32357669120357074,,
233,1,0.7000000000000001,0.09,0.5289885344989609,0.3763797176966574,0.10260115575944728,-0.2726001188037941,,
233,1,0.7000000000000001,0.1,0.41519197966125704,0.2887470928465639,0.07548900103116885,-0.26143640196330087,,
233,1,0.8,0.0,-0.9427380745155589,-0.5233803975222414,-0.35995150430316425,-0.6877435723753255,,
233,1,0.8,0.01,-0.628432139353552,-0.3873729166331061,-0.2264542092951427,-0.5845896797932962,,
233,1,0.8,0.02,-0.3443574885664439,-0.2534386967132435,-0.1174101512184117,-0.4632684461412653,,
233,1,0.8,0.03,-0.4048236052187403,-0.28199116548015324,-0.13063930297225523,-0.46327445311916954,,
233,1,0.8,0.04,0.03214781513439039,0.024751996682271744,0.009834742430858245,-0.3973312762239596,,
233,1,0.8,0.05,-0.04924954454416591,-0.03620107023008201,-0.014130765956032798,-0.39034111053132764,,
233,1,0.8,0.06,0.03497506382253531,0.024885550361174152,0.009430847379644947,-0.3789688089180753,,
233,1,0.8,0.07,0.2680455748770905,0.1716109967506692,0.06792872712674014,-0.3958296869834785,,
233,1,0.8,0.08,0.17279944586932158,0.11314988285860368,0.040927255052974676,-0.3617083289791727,,
233,1,0.8,0.09,0.5172941830763418,0.3743163237690354,0.11466623044846469,-0.3063351052764059,,
233,1,0.8,0.1,0.40329742326261897,0.2851077472297689,0.08380156262825245,-0.29392944752468125,,
233,1,0.9,0.0,-0.9332008458936236,-0.5448482202658409,-0.40084880365909925,-0.7357072827796302,,
233,1,0.9,0.01,-0.6356751507166447,-0.40767838468377554,-0.25769723998156724,-0.6321091567841047,,
233,1,0.9,0.02,-0.3601685427003475,-0.27375542867169794,-0.13815112208951952,-0.5046516255763377,,
233,1,0.9,0.03,-0.41853923626752704,-0.29946097285963824,-0.15194860813726196,-0.5074070476905934,,
233,1,0.9,0.04,0.01291923097754117,0.010142520552447456,0.004446319978665736,-0.43838412312537145,,
233,1,0.9,0.05,-0.06678710930373823,-0.05023100787272596,-0.021558009248295984,-0.4291773181800197,,
233,1,0.9,0.06,0.0180268909649576,0.013109286854620504,0.005468466492812629,-0.4171444681512337,,
233,1,0.9,0.07,0.2521554134925198,0.1655156899496843,0.07188953154732203,-0.4343366575650682,,
233,1,0.9,0.08,0.15777846388724703,0.1056249441952123,0.04204075612630276,-0.3980192031969694,,
233,1,0.9,0.09,0.505260402649192,0.3718522281115342,0.12599860218777947,-0.3388405196001331,,
233,1,0.9,0.1,0.3911717017597364,0.28111780328487906,0.09144219059969427,-0.32528068137694083,,
233,1,1.0,0.0,-0.9230558252318634,-0.5666409454891919,-0.440554388957233,-0.7774842119411156,,
233,1,1.0,0.01,-0.6418750512353752,-0.42830660540313287,-0.289122918154911,-0.6750372618764104,,
233,1,1.0,0.02,-0.3752549884920958,-0.2944811225037215,-0.159930981636759,-0.5430941728182861,,
233,1,1.0,0.03,-0.4315486843358629,-0.31724835822285247,-0.174079582420127,-0.5487170474113031,,
233,1,1.0,0.04,-0.00620124529792764,-0.0049663933067647095,-0.0023713761728727523,-0.4774845700687273,,
233,1,1.0,0.05,-0.08413804661717283,-0.06475439978145181,-0.030176295429464206,-0.4660115070375168,,
233,1,1.0,0.06,0.001145599124573018,0.000851544438151035,0.0003861311932453759,-0.4534480832072435,,
233,1,1.0,0.07,0.23608504894311236,0.1588740749124252,0.07478652126468299,-0.4707282878336628,,
233,1,1.0,0.08,0.14267688506932433,0.09765009797858709,0.04224097215719791,-0.4325748056746507,,
233,1,1.0,0.09,0.4928986563014652,0.3689750082740472,0.13657323231213825,-0.3701422298246872,,
233,1,1.0,0.1,0.37882590110621667,0.27676961383158255,0.09839575163887271,-0.3555150085903131,,
239,1,0.1,0.0,-0.8078586794218509,-0.3611205256942546,-0.03855599694605227,-0.10676766952509367,,
239,1,0.1,0.01,-0.5087646408749653,-0.2388944929884496,-0.02304807637120254,-0.09647805641261434,,
239,1,0.1,0.02,-0.048758301630827464,-0.02609900289628197,-0.0020981952532119763,-0.08039369402540979,,
239,1,0.1,0.03,-0.11182736544599026,-0.06549030414915967,-0.004523890229715333,-0.06907725179305615,,
239,1,0.1,0.04,0.16176618075490623,0.11518274669683308,0.006221472790036486,-0.054013929763384816,,
239,1,0.1,0.05,-0.0024132466315912224,-0.0013343531661149661,-8.654814608710648e-05,-0.06486149865338545,,
239,1,0.1,0.06,-0.11610971398043289,-0.05655861191830489,-0.003918370933600923,-0.06927982849474358,,
239,1,0.1,0.07,0.3296246350082654,0.16580511304829046,0.010503685967448106,-0.0633495902167319,,
239,1,0.1,0.08,0.32569542012227987,0.14761606751508943,0.009751421731159615,-0.06605935177187143,,
239,1,0.1,0.09,0.5525638916838238,0.3423467113412421,0.015465184843408863,-0.04517404237014439,,
239,1,0.1,0.1,0.6693498467168713,0.49878735809114383,0.017718758945730162,-0.03552367288044297,,
239,1,0.2,0.0,-0.8143147532634004,-0.37751589996969986,-0.07772824118797172,-0.2058939535903265,,
239,1,0.2,0.01,-0.5244948972083466,-0.25611209989491446,-0.04752137816171431,-0.18554913329441616,,
239,1,0.2,0.02,-0.07010700692293693,-0.03897747070916669,-0.0060337700134166505,-0.15480147643334982,,
239,1,0.2,0.03,-0.13159791948594232,-0.07890601744949184,-0.010647385634795281,-0.13493756216515082,,
239,1,0.2,0.04,0.14281910984811458,0.10364871892171929,0.010985549657793081,-0.10598828207505313,,
239,1,0.2,0.05,-0.020325871952579025,-0.011551199760833466,-0.0014579251967625773,-0.1262141792150413,,
239,1,0.2,0.06,-0.13261143250283397,-0.0666046004374974,-0.008950513523267367,-0.13438281236544078,,
239,1,0.2,0.07,0.31509826495404863,0.1629404385204274,0.020081589010372936,-0.12324496725750105,,
239,1,0.2,0.08,0.31202955909938757,0.1457047115616537,0.018684523240907414,-0.12823554599331688,,
239,1,0.2,0.09,0.5424128263282297,0.3422114325220437,0.030362152673565568,-0.0887233732952793,,
239,1,0.2,0.1,0.6615767704739273,0.4991233944782149,0.035025986418371735,-0.07017500442949184,,
239,1,0.30000000000000004,0.0,-0.8193739902422085,-0.39454792800938765,-0.11731673572435508,-0.2973447011019754,,
239,1,0.30000000000000004,0.01,-0.539231889019438,-0.2739118847592565,-0.07328491464265618,-0.26754923287489674,,
239,1,0.30000000000000004,0.02,-0.09128389484437469,-0.05269717072059347,-0.011784543049141338,-0.2236276234188047,,
239,1,0.30000000000000004,0.03,-0.15112088039080948,-0.09282486412328822,-0.0183404376445625,-0.19758108797447935,,
239,1,0.30000000000000004,0.04,0.12369240480612353,0.09152124851926675,0.014271504598382556,-0.15593651561012267,,
239,1,0.30000000000000004,0.05,-0.0381873031852084,-0.022305956077895085,-0.004108623111472198,-0.18419399272214074,,
239,1,0.30000000000000004,0.06,-0.1489436856684401,-0.07712737483654476,-0.015079270854933657,-0.1955112680405757,,
239,1,0.30000000000000004,0.07,0.3002774419340344,0.15962288528444296,0.02870556036964267,-0.17983361419943175,,
239,1,0.30000000000000004,0.08,0.2981053245908987,0.1434012908825204,0.026776097182748426,-0.18672145151527533,,
239,1,0.30000000000000004,0.09,0.5318826784302484,0.3417340894196221,0.04465907414904646,-0.13068369686176873,,
239,1,0.30000000000000004,0.1,0.6534081380270536,0.4991503303045201,0.05189026940545616,-0.10395719737137928,,
239,1,0.4,0.0,-0.8230661031170272,-0.412199585563879,-0.15712715585795267,-0.3811919307075638,,
239,1,0.4,0.01,-0.5529521814176256,-0.29227342984485105,-0.10019944849169327,-0.3428277710528892,,
239,1,0.4,0.02,-0.11223156973039872,-0.06725250691432877,-0.019318453596010143,-0.28725254243116055,,
239,1,0.4,0.03,-0.17035044503545918,-0.10724883372953416,-0.02756558596726577,-0.25702457554720026,,
239,1,0.4,0.04,0.10442793714476262,0.07879774644165978,0.016065053064463264,-0.203877062351745,,
239,1,0.4,0.05,-0.0559635411003219,-0.03360007840831659,-0.008028256486174001,-0.2389356473700035,,
239,1,0.4,0.06,-0.16507977985016198,-0.08812684046398805,-0.022283882680104505,-0.2528614728813583,,
239,1,0.4,0.07,0.2851828501575923,0.15583534923157477,0.03635008774489257,-0.23325957765125252,,
239,1,0.4,0.08,0.2839398285513685,0.14068922810684,0.034004985559060286,-0.2417028369310318,,
239,1,0.4,0.09,0.5209818448520864,0.3409004911945774,0.05832505997556514,-0.1710911585113401,,
239,1,0.4,0.1,0.6448476649021833,0.49885586055842884,0.06828058831812545,-0.13687438339742233,,
239,1,0.5,0.0,-0.8254269914840878,-0.4304462357438697,-0.19697232556581235,-0.45760029757355725,,
239,1,0.5,0.01,-0.5656377947739577,-0.3111715078610272,-0.12812273146545894,-0.4117431327378471,,
239,1,0.5,0.02,-0.13289401136252904,-0.0826331079396533,-0.028593857301713488,-0.34603390837720266,,
239,1,0.5,0.03,-0.1892423030403867,-0.12217764055414188,-0.038278260529472696,-0.31330004701236674,,
239,1,0.5,0.04,0.08506811332340042,0.0654775628206502,0.01635845483498022,-0.24983298293779985,,
239,1,0.5,0.05,-0.07362096114223983,-0.04543320390310686,-0.013201629739373999,-0.29057228205892016,,
239,1,0.5,0.06,-0.1809937095298574,-0.09960128935085819,-0.030540101524404673,-0.30662355601465446,,
239,1,0.5,0.07,0.26983595538713606,0.15156142374927045,0.04299241981779889,-0.28366334093642237,,
239,1,0.5,0.08,0.26955079146768973,0.1375524350993575,0.040352170819326405,-0.2933584621034084,,
239,1,0.5,0.09,0.509719502357153,0.33969664495560936,0.07133027004553472,-0.20998226242374565,,
239,1,0.5,0.1,0.63589976526006,0.49822779144613283,0.08416640946102572,-0.16893158291457047,,
239,1,0.6,0.0,-0.8264982358787653,-0.4492552413354213,-0.2366735490018974,-0.5268131058379641,,
239,1,0.6,0.01,-0.5772761862343824,-0.3305759984455711,-0.15691073504705055,-0.4746585831544745,,
239,1,0.6,0.02,-0.15321690510419966,-0.09882373184172588,-0.039559907410500084,-0.40030776690216924,,
239,1,0.6,0.03,-0.2077538612872858,-0.13760857660062298,-0.05042713791109277,-0.3664534519345103,,
239,1,0.6,0.04,0.0656556688219198,0.05156207961198208,0.01515056936552539,-0.29383161966191673,,
239,1,0.6,0.05,-0.09112645351042961,-0.05780307088878244,-0.019608834441310896,-0.33923516760968986,,
239,1,0.6,0.06,-0.19666024933608245,-0.11154733957641721,-0.03982032743219455,-0.3569814177855405,,
239,1,0.6,0.07,0.2542589379916022,0.146785512578396,0.04861267797560731,-0.3311817162449461,,
239,1,0.6,0.08,0.25495649386627334,0.13397541078837297,0.04580085824702884,-0.34186018148789776,,
239,1,0.6,0.09,0.49810559267390386,0.3381088078537313,0.08364602006942712,-0.24739379195827718,,
239,1,0.6,0.1,0.6265695510080694,0.49725407438129593,0.0995177773611331,-0.2001346645272987,,
239,1,0.7000000000000001,0.0,-0.8263265590526921,-0.46858571331060833,-0.2760617861660498,-0.5891382906568868,,
239,1,0.7000000000000001,0.01,-0.5878601851933025,-0.35045187216202955,-0.18641886146875597,-0.5319385521289673,,
239,1,0.7000000000000001,0.02,-0.1731479559185763,-0.11580421899335984,-0.052157016332048056,-0.4503896039835882,,
239,1,0.7000000000000001,0.03,-0.22584445443380557,-0.1535363747745012,-0.06395454831128566,-0.4165433006036236,,
239,1,0.7000000000000001,0.04,0.04623346017447137,0.03705479493101467,0.012446863070245895,-0.3359042491914571,,
239,1,0.7000000000000001,0.05,-0.10844755979184564,-0.07070544873972329,-0.027225375920347794,-0.38505343514003054,,
239,1,0.7000000000000001,0.06,-0.21205504168266912,-0.12395988363955257,-0.05009376030803514,-0.40411267611138224,,
239,1,0.7000000000000001,0.07,0.23847462259164032,0.141492943584452,0.053193954474666016,-0.37594775489928567,,
239,1,0.7000000000000001,0.08,0.24017572546746838,0.12994334036447866,0.05033654914210439,-0.3873730581414575,,
239,1,0.7000000000000001,0.09,0.4861508048877243,0.33612354064907257,0.09524488517544816,-0.28336273321269073,,
239,1,0.7000000000000001,0.1,0.6168628288623671,0.49592284107100376,0.11430540657569987,-0.2304903043563065,,
239,1,0.8,0.0,-0.8249632620530808,-0.48838842699798307,-0.31497866468513513,-0.6449347430716984,,
239,1,0.8,0.01,-0.597387884717855,-0.3707592490297263,-0.21650312123152538,-0.5839453008876033,,
239,1,0.8,0.02,-0.19263718344126776,-0.13354949574473726,-0.06631739176625351,-0.49657538125797723,,
239,1,0.8,0.03,-0.2434755398151128,-0.16995308534080164,-0.07879692855868847,-0.4636392943421971,,
239,1,0.8,0.04,0.026844256538132164,0.02196139778587717,0.008259368470782569,-0.3760857369513139,,
239,1,0.8,0.05,-0.1255526052667808,-0.08413407850622179,-0.0360223280289631,-0.42815383098656296,,
239,1,0.8,0.06,-0.22715467953704002,-0.13683204679175257,-0.06132656868860209,-0.4481886380164745,,
239,1,0.8,0.07,0.22250640464260363,0.13567008255041144,0.056722396371939654,-0.4180906748609304,,
239,1,0.8,0.08,0.2252277322018328,0.12544219512312985,0.05394710435727146,-0.4300554873447391,,
239,1,0.8,0.09,0.47386655519968107,0.3337277625432565,0.10610079996274235,-0.3179262017465208,,
239,1,0.8,0.1,0.6067860953408648,0.494222439606221,0.12850077259539172,-0.26000594529414045,,
239,1,0.9,0.0,-0.8224636427295983,-0.5086059342430823,-0.3532773225635698,-0.6945992934379036,,
239,1,0.9,0.01,-0.6058624913923459,-0.3914535372371687,-0.24702126415936732,-0.6310359740336319,,
239,1,0.9,0.02,-0.21163719551867546,-0.15202444327381817,-0.08196564067433854,-0.5391609330001391,,
239,1,0.9,0.03,-0.26061087528882476,-0.18684796882166302,-0.09488531621908602,-0.5078209670539651,,
239,1,0.9,0.04,0.007530532382145334,0.006289831929846038,0.002606595635888276,-0.41441419499933757,,
239,1,0.9,0.05,-0.14241082604656344,-0.09808062544340564,-0.04596651471152302,-0.4686604974602916,,
239,1,0.9,0.06,-0.24193678388298318,-0.1501551562234293,-0.07348207366234283,-0.4893742946329614,,
239,1,0.9,0.07,0.20637817432222863,0.1293044460430662,0.05918727464667306,-0.45773580459066443,,
239,1,0.9,0.08,0.21013216132196905,0.12045883218000503,0.05662279780308688,-0.4700593288043324,,
239,1,0.9,0.09,0.46126496410537643,0.3309088070514982,0.11618915450566258,-0.3511213725042394,,
239,1,0.9,0.1,0.5963465296789587,0.49214147145720494,0.14207620145726807,-0.28868975629423776,,
239,1,1.0,0.0,-0.8188864041793591,-0.5291728944428908,-0.39082307961707485,-0.7385546079954273,,
239,1,1.0,0.01,-0.6132921364869051,-0.412485655956154,-0.2778338521187058,-0.6735600331960119,,
239,1,1.0,0.02,-0.2301034378948334,-0.1711983476975666,-0.09901943361239729,-0.5783901243446683,,
239,1,1.0,0.03,-0.27721667876699335,-0.20420740852773483,-0.11214587946219945,-0.5491763509988823,,
239,1,1.0,0.04,-0.01166573713135272,-0.00994965241611603,-0.004486603182428661,-0.45093064509082237,,
239,1,1.0,0.05,-0.15899249024746046,-0.11253464451396598,-0.05702071679104259,-0.5066947786374009,,
239,1,1.0,0.06,-0.256380075481906,-0.16391872191416423,-0.08652094654991638,-0.5278283379687583,,
239,1,1.0,0.07,0.1901142381097506,0.12238481235857401,0.06058103803422954,-0.49500454236701996,,
239,1,1.0,0.08,0.1949090048531513,0.11498109324652415,0.05835635959541996,-0.5075300464425185,,
239,1,1.0,0.09,0.448358831060615,0.3276544786694907,0.12548688582233192,-0.3829854129627575,,
239,1,1.0,0.1,0.5855519846676903,0.48966882926335353,0.15500495768260514,-0.31655059178627115,,
245,1,0.1,0.0,-0.5272168332758554,-0.2804469142357453,-0.025144427622257215,-0.08965842141918047,,
245,1,0.1,0.01,-0.3613707356743466,-0.20126326723765423,-0.016344849311472176,-0.08121128875529965,,
245,1,0.1,0.02,-0.31034087325348014,-0.16623177381845936,-0.013250980369273413,-0.07971388420450065,,
245,1,0.1,0.03,0.007609617984819393,0.00564933058654474,0.000308248653339227,-0.05456374850383096,,
245,1,0.1,0.04,0.1589775439215731,0.1109183569861568,0.006072492752995151,-0.054747409878718546,,
245,1,0.1,0.05,0.17051662462856645,0.09718671227146675,0.006167607106255746,-0.06346142350230019,,
245,1,0.1,0.06,0.21130323055136643,0.13388041223010952,0.007194369675385559,-0.05373728356184098,,
245,1,0.1,0.07,0.29007128235640195,0.1437623740020649,0.009144653952736226,-0.06360950851162821,,
245,1,0.1,0.08,0.12626908952668284,0.054636296826150815,0.0037873262845329325,-0.06931886867413363,,
245,1,0.1,0.09,0.26777736907438665,0.13490337274448758,0.007591635770527461,-0.05627461801793736,,
245,1,0.1,0.1,0.37040782335637085,0.17982047821546002,0.00985923224899854,-0.05482819502451359,,
245,1,0.2,0.0,-0.5432202630518795,-0.2984594139288845,-0.05181535082019939,-0.173609369991411,,
245,1,0.2,0.01,-0.38027202237683955,-0.21998094753394595,-0.03439951434650412,-0.15637497125152544,,
245,1,0.2,0.02,-0.3290487958440586,-0.18303478898564668,-0.028099548013460263,-0.15352025792027868,,
245,1,0.2,0.03,-0.012633988692142177,-0.009606276310562946,-0.0010235494103448817,-0.1065500696892717,,
245,1,0.2,0.04,0.140146980607311,0.0997041641839365,0.010706436935670416,-0.10738204390258904,,
245,1,0.2,0.05,0.15274994729602615,0.0893791116343559,0.011049968441204205,-0.12363032300442751,,
245,1,0.2,0.06,0.19480543966899755,0.1260265941989707,0.013265318699555717,-0.10525809083289549,,
245,1,0.2,0.07,0.27535752239229655,0.14033748446916924,0.017361589434879088,-0.12371312982094429,,
245,1,0.2,0.08,0.11140767032894953,0.04976514256540734,0.006683143114708967,-0.13429365958160727,,
245,1,0.2,0.09,0.2544113838777238,0.13140493908994733,0.014425405469862485,-0.10977825924783713,,
245,1,0.2,0.1,0.358668317400195,0.17838646107439907,0.019093518109653207,-0.10703456974624287,,
245,1,0.30000000000000004,0.0,-0.5580941223275389,-0.31695974447707614,-0.07985115257840891,-0.2519283725135136,,
245,1,0.30000000000000004,0.01,-0.3984009944979258,-0.23931349374237215,-0.05405919941296056,-0.22589281769107777,,
245,1,0.30000000000000004,0.02,-0.34714829324589297,-0.20046900803165313,-0.04446776704727706,-0.2218186615671576,,
245,1,0.30000000000000004,0.03,-0.032821453398709705,-0.02555862604873008,-0.0039885716330194665,-0.15605579209989048,,
245,1,0.30000000000000004,0.04,0.12114207843761075,0.08790389396553817,0.01388185479374493,-0.15792081746898687,,
245,1,0.30000000000000004,0.05,0.13480987857974033,0.08098864906487192,0.014628269242363157,-0.180621227928446,,
245,1,0.30000000000000004,0.06,0.17810355747766313,0.11766495435125422,0.018192000609533077,-0.1546084873770162,,
245,1,0.30000000000000004,0.07,0.2603928004716976,0.13646480874908065,0.024627071312476767,-0.1804646306855479,,
245,1,0.30000000000000004,0.08,0.09646128441364436,0.04447500260093284,0.00867980499271126,-0.195161427433603,,
245,1,0.30000000000000004,0.09,0.2408568294932875,0.1275369367675598,0.02048527097727737,-0.16062225968789293,,
245,1,0.30000000000000004,0.1,0.3466934882495257,0.1766457560152871,0.02768406662333578,-0.15672081372246482,,
245,1,0.4,0.0,-0.5718149115889931,-0.3359282115707913,-0.10908573285446577,-0.3247292995857175,,
245,1,0.4,0.01,-0.4157154095021735,-0.25922115209263974,-0.07521146627537867,-0.29014401667538225,,
245,1,0.4,0.02,-0.3645987513572023,-0.21850560686860845,-0.06227076499781303,-0.28498474657109196,,
245,1,0.4,0.03,-0.05290364832985514,-0.04219028117680167,-0.00857203522539085,-0.2031755889340739,,
245,1,0.4,0.04,0.10200389815328963,0.07551416990512079,0.015585042189824705,-0.20638566522556515,,
245,1,0.4,0.05,0.11673104061108208,0.07200504497236868,0.01688870389410524,-0.23454889724166045,,
245,1,0.4,0.06,0.16122578211318636,0.10878799652277728,0.0219574092586996,-0.20183669118405273,,
245,1,0.4,0.07,0.2451980363477551,0.1321289758774971,0.030920002477676123,-0.23401379048259247,,
245,1,0.4,0.08,0.08144978388567319,0.038755077911415386,0.009772048203912975,-0.25214884682336297,,
245,1,0.4,0.09,0.22712908280985533,0.12328907921104541,0.025756937945079272,-0.20891499968937816,,
245,1,0.4,0.1,0.33449446419639367,0.17458679112326206,0.03561327164889483,-0.20398605999780983,,
245,1,0.5,0.0,-0.5843658978492249,-0.3553404387483048,-0.13935012215075737,-0.3921594813177513,,
245,1,0.5,0.01,-0.43217772289266915,-0.27966003127903205,-0.09773729661969022,-0.3494861105918006,,
245,1,0.5,0.02,-0.38136296537225034,-0.23711190538531554,-0.08141746065765632,-0.34337145798457464,,
245,1,0.5,0.03,-0.07283204783058406,-0.0594806610837097,-0.014751319125679174,-0.2480019363759089,,
245,1,0.5,0.04,0.08277401355448659,0.0625334967096304,0.01580866659048108,-0.2528031762542791,,
245,1,0.5,0.05,0.09854854302906353,0.06241968502453999,0.017822564093711746,-0.28552794021156774,,
245,1,0.5,0.06,0.1442008816429282,0.0993894321838653,0.02454847584082609,-0.2469928170573777,,
245,1,0.5,0.07,0.22979479128064895,0.12731536677792574,0.036222024968001865,-0.28450630811269934,,
245,1,0.5,0.08,0.06639317349160236,0.03259545171123983,0.009957013708614904,-0.3054724872912697,,
245,1,0.5,0.09,0.21324391197990952,0.11865162085546228,0.030227911261316853,-0.25476189067943333,,
245,1,0.5,0.1,0.32208281776788206,0.17219824965603295,0.04286477098420072,-0.24892686812916714,,
245,1,0.6,0.0,-0.5957370499164336,-0.37516727301900193,-0.17047407656291313,-0.4543948495056464,,
245,1,0.6,0.01,-0.447755245536794,-0.3003257496518169,-0.12151219721314566,-0.4046013282378251,,
245,1,0.6,0.02,-0.3974073048567539,-0.25625151344021846,-0.10181133422850508,-0.3973101772616726,,
245,1,0.6,0.03,-0.09255898705376552,-0.07740608247134394,-0.022496148824303952,-0.2906250788835893,,
245,1,0.6,0.04,0.06349431224977274,0.048962356580907515,0.014551819388404885,-0.2972042279941904,,
245,1,0.6,0.05,0.08029783266467204,0.052225749373998966,0.017426294395811004,-0.3336724624287887,,
245,1,0.6,0.06,0.12705808612470332,0.08946426282210009,0.02595614386328693,-0.29012862839881426,,
245,1,0.6,0.07,0.2142052007923163,0.12201021935796359,0.0405176083659744,-0.3320837269138949,,
245,1,0.6,0.08,0.05131155207338664,0.025987175770514823,0.00923425949753054,-0.35533909413918596,,
245,1,0.6,0.09,0.19921743676454895,0.11361541535153395,0.03388754376702563,-0.298265368851359,,
245,1,0.6,0.1,0.3094705419741061,0.16946911934877323,0.04942350169441179,-0.2916372132240596,,
245,1,0.7000000000000001,0.0,-0.6059249120246537,-0.395374753562643,-0.20228763372713332,-0.5116351813168641,,
245,1,0.7000000000000001,0.01,-0.46242025607512693,-0.3190427033280582,-0.14640733353826507,-0.45889572778513155,,
245,1,0.7000000000000001,0.02,-0.4127018485761988,-0.2758845188095857,-0.12335123071479959,-0.44711182507466496,,
245,1,0.7000000000000001,0.03,-0.11203791320706286,-0.09593982431316624,-0.0317688419530876,-0.33113300113400174,,
245,1,0.7000000000000001,0.04,0.044206794464897906,0.03480329785354535,0.011820022040821554,-0.33962362103042687,,
245,1,0.7000000000000001,0.05,0.06201454128208307,0.04141833607200176,0.01570151464322045,-0.3790957371132652,,
245,1,0.7000000000000001,0.06,0.1098269771613668,0.07900885913478856,0.026175421472595328,-0.3312972970276693,,
245,1,0.7000000000000001,0.07,0.19845190474911875,0.1162007337054683,0.043794124889399155,-0.37688337666097066,,
245,1,0.7000000000000001,0.08,0.03622505367078795,0.01892235456048581,0.007605762337258293,-0.40194587375193036,,
245,1,0.7000000000000001,0.09,0.18506608755748674,0.10817197342487483,0.03672707796587127,-0.3395248954330868,,
245,1,0.7000000000000001,0.1,0.2966700251756686,0.16638874262271297,0.05527575138974172,-0.3322084806847761,,
245,1,0.8,0.0,-0.614932419221521,-0.41592415196640137,-0.23462261038398713,-0.5640995101504471,,
245,1,0.8,0.01,-0.47615006826455625,-0.33813667432586325,-0.17229067762575534,-0.5095296982181777,,
245,1,0.8,0.02,-0.4272204884001761,-0.2959677158707677,-0.14593218729569712,-0.4930679242036568,,
245,1,0.8,0.03,-0.1312236273237842,-0.11448975787430035,-0.04252461186833689,-0.37142721460748623,,
245,1,0.8,0.04,0.02495337141721099,0.020061014595735414,0.007625185965563164,-0.3800997167503249,,
245,1,0.8,0.05,0.04373433239507847,0.029994577134785386,0.01265500908687578,-0.4219099015801587,,
245,1,0.8,0.06,0.09253737560066173,0.06802103623554318,0.025205410712329845,-0.37055317159604234,,
245,1,0.8,0.07,0.18255797511277433,0.10987517652543788,0.04604191066849217,-0.4190383317184726,,
245,1,0.8,0.08,0.02115378853943094,0.011394226413804302,0.00507590889603482,-0.4454807822569919,,
245,1,0.8,0.09,0.17080656324677132,0.10231351999517914,0.03873968050003018,-0.3786369631487172,,
245,1,0.8,0.1,0.28369402464847937,0.1629468674459676,0.06040920521209325,-0.370729466352734,,
245,1,0.9,0.0,-0.6227686585889892,-0.43677209135830525,-0.26731402386381975,-0.6120217595233876,,
245,1,0.9,0.01,-0.4889270536583469,-0.35758327010215146,-0.19902815598201606,-0.5565924712449756,,
245,1,0.9,0.02,-0.4409410019553373,-0.3161517428008612,-0.169446275306798,-0.535965020485525,,
245,1,0.9,0.03,-0.15007251459574855,-0.13290723489378828,-0.05471192582556694,-0.41165498529323497,,
245,1,0.9,0.04,0.0057756647710858425,0.004742415868854316,0.0019855265995998295,-0.41867407973217197,,
245,1,0.9,0.05,0.025492748187931267,0.017953745712838223,0.008298682295754256,-0.46222567861257496,,
245,1,0.9,0.06,0.0752192280453587,0.056500124065399566,0.02304931347519079,-0.40795155508881603,,
245,1,0.9,0.07,0.1665468417194229,0.10302298391690506,0.04725431279738257,-0.4586773844125534,,
245,1,0.9,0.08,0.006117784353870558,0.0033972408802264067,0.0016514763047736913,-0.4861228164261434,,
245,1,0.9,0.09,0.15645578808367203,0.09603305015935068,0.0399204692048829,-0.41569510849276997,,
245,1,0.9,0.1,0.2705556389334837,0.15913369857933515,0.06481298830882198,-0.40728638174968235,,
245,1,1.0,0.0,-0.6294485809748824,-0.4578707502563157,-0.30020142164114516,-0.655646645856047,,
245,1,1.0,0.01,-0.5007386205683512,-0.37735413786411265,-0.22648478389793292,-0.6001916003356279,,
245,1,1.0,0.02,-0.45384509405089396,-0.3352943162270231,-0.19378344750120668,-0.5779502906037889,,
245,1,1.0,0.03,-0.16854276143755773,-0.1516164741129634,-0.06827291376103795,-0.4503001020203815,,
245,1,1.0,0.04,-0.013285191325196089,-0.011143316638120128,-0.005074567517800221,-0.4553911265915799,,
245,1,1.0,0.05,0.007325057567948951,0.005297352817836378,0.002649482254778679,-0.5001521223690778,,
245,1,1.0,0.06,0.05790249284904424,0.04444703219369088,0.019714414095582278,-0.44354849182440304,,
245,1,1.0,0.07,0.15044221646002692,0.09563486155433613,0.047427721842496995,-0.495925032688528,,
245,1,1.0,0.08,-0.008863072136886628,-0.005072868541636746,-0.0026583977275490556,-0.5240423057939781,,
245,1,1.0,0.09,0.14203086773083107,0.08932438363041753,0.040266532594279925,-0.4507899294428269,,
245,1,1.0,0.1,0.2572682790639976,0.15493994892289265,0.06847770359190752,-0.4419628641157363,,
251,1,0.1,0.0,-0.6397836228348694,-0.32603403406367115,-0.030522391354071754,-0.09361719380532843,,
251,1,0.1,0.01,-0.5721706193819476,-0.29582299541582546,-0.025879658725797117,-0.08748359365849571,,
251,1,0.1,0.02,-0.2842630844759047,-0.17155998636167713,-0.012100670909847788,-0.07053317714969708,,
251,1,0.1,0.03,0.07167328525301256,0.05070591372183183,0.0029134853597370114,-0.0574584924298995,,
251,1,0.1,0.04,0.1609381659637622,0.09681018016374256,0.006178604130279819,-0.063821843114324,,
251,1,0.1,0.05,0.23822224114606508,0.14382553977488613,0.008664356087215275,-0.06024212459606696,,
251,1,0.1,0.06,-0.06724313276712512,-0.03745256438986893,-0.0023039057729073997,-0.06151530103318147,,
251,1,0.1,0.07,-0.25628687340144435,-0.11230523178980863,-0.008246860115460386,-0.07343255504690356,,
251,1,0.1,0.08,0.05184955067499535,0.023309071825468482,0.0015590168892976042,-0.06688455469059716,,
251,1,0.1,0.09,-0.06291432624666869,-0.026844698350184503,-0.0017918932449432212,-0.0667503587325989,,
251,1,0.1,0.1,0.18543527426101158,0.08905843465409437,0.0049969457226364256,-0.05610861837000294,,
251,1,0.2,0.0,-0.6524097977056268,-0.34206446273638635,-0.06224950579562294,-0.18198179751749255,,
251,1,0.2,0.01,-0.5861999496497549,-0.3134691006878574,-0.0530284293814397,-0.1691663684397517,,
251,1,0.2,0.02,-0.3032917832191262,-0.18814295154037158,-0.025821390527454358,-0.13724346469558613,,
251,1,0.2,0.03,0.0513573735016481,0.037272933660997064,0.004175306190678851,-0.1120197897126609,,
251,1,0.2,0.04,0.14202080778468296,0.08800003889584954,0.0109046893172835,-0.12391686928899542,,
251,1,0.2,0.05,0.22076921387567744,0.13654595501792882,0.01605914773457795,-0.11760983862516722,,
251,1,0.2,0.06,-0.08420564640012801,-0.0481146056239106,-0.005770161706311838,-0.11992536635163337,,
251,1,0.2,0.07,-0.27104492669187574,-0.12281041449076129,-0.017443496545621495,-0.142035971606738,,
251,1,0.2,0.08,0.036818359752720665,0.017061552274723786,0.002214115414443052,-0.1297722140864757,,
251,1,0.2,0.09,-0.07704092297082694,-0.03390205407780866,-0.004388479308015336,-0.1294458234873713,,
251,1,0.2,0.1,0.17229497197666674,0.08486719975977154,0.00928570496289427,-0.1094145322242133,,
251,1,0.30000000000000004,0.0,-0.6637669977589741,-0.3586420923756794,-0.09499972498707954,-0.2648872706429753,,
251,1,0.30000000000000004,0.01,-0.5991598195096014,-0.33154335622242104,-0.08130119474433073,-0.2452204009474663,,
251,1,0.30000000000000004,0.02,-0.3217557661052655,-0.20520986692007176,-0.041090041425858814,-0.2002342384533741,,
251,1,0.30000000000000004,0.03,0.030993316545602514,0.02307390554962452,0.0037795912529980935,-0.16380370652334572,,
251,1,0.30000000000000004,0.04,0.1229252471433623,0.0782028716560223,0.014157731359135672,-0.18103850995918516,,
251,1,0.30000000000000004,0.05,0.2030533343073804,0.12867445954610932,0.022155694422211214,-0.17218408766093882,,
251,1,0.30000000000000004,0.06,-0.10104922865969886,-0.059237692557357585,-0.010386543205676113,-0.17533672831059754,,
251,1,0.30000000000000004,0.07,-0.28551505987435316,-0.13374363710843998,-0.027562115004846954,-0.2060816918153606,,
251,1,0.30000000000000004,0.08,0.02176836323169002,0.010396763752199792,0.001963599230201396,-0.18886638929214192,,
251,1,0.30000000000000004,0.09,-0.09109389674397084,-0.04133465163749196,-0.0077834675169736744,-0.18830369214757817,,
251,1,0.30000000000000004,0.1,0.1590393882141616,0.08033767324537029,0.012856958210909708,-0.16003647717854003,,
251,1,0.4,0.0,-0.6738519277603784,-0.3757612516375393,-0.12859080176302995,-0.3422141085666521,,
251,1,0.4,0.01,-0.6110362907381589,-0.3500221335129624,-0.11055031585132402,-0.3158380721293158,,
251,1,0.4,0.02,-0.3396126382710264,-0.2225252367181659,-0.05782728742452958,-0.2598684458328175,,
251,1,0.4,0.03,0.01063129865146829,0.008118422652323471,0.001728629174270635,-0.21292672829443116,,
251,1,0.4,0.04,0.10369315501380505,0.067668613738672,0.01592360524337777,-0.23531744428625076,,
251,1,0.4,0.05,0.18510854763654408,0.12019875139800149,0.02693025409876615,-0.22404770253889603,,
251,1,0.4,0.06,-0.11774501825083356,-0.0708205105747774,-0.016136870256693747,-0.22785588702661608,,
251,1,0.4,0.07,-0.2996775007030365,-0.14510194012778832,-0.03857237626333765,-0.26582950048336873,,
251,1,0.4,0.08,0.0067197313317402165,0.0033073709279942817,0.0008081979111751458,-0.24436264597187726,,
251,1,0.4,0.09,-0.10505662341972295,-0.049146280897445334,-0.011968673278278219,-0.2435316174433122,,
251,1,0.4,0.1,0.14568247605633103,0.07546222906453307,0.015702889938148612,-0.2080893995951268,,
251,1,0.5,0.0,-0.6826681770211572,-0.3934101914918093,-0.16284150234796269,-0.41392293811827446,,
251,1,0.5,0.01,-0.6218209908837593,-0.36854565881569384,-0.14062689071654577,-0.3815725062898433,,
251,1,0.5,0.02,-0.35682320918038035,-0.23963856182432192,-0.07594725560739413,-0.31692418377585974,,
251,1,0.5,0.03,-0.009678601059645577,-0.007580492227635415,-0.0019671529210967265,-0.2595020035671669,,
251,1,0.5,0.04,0.08436673172170192,0.0564836440891903,0.01619468675911495,-0.2867146236801363,,
251,1,0.5,0.05,0.16696964053835706,0.11110809105254356,0.030364176208291793,-0.2732850139053548,,
251,1,0.5,0.06,-0.1342647006343709,-0.08286027569492004,-0.023001101090908915,-0.27758900025382194,,
251,1,0.5,0.07,-0.31351340849887427,-0.15688084694774657,-0.050441546028022866,-0.3215277518537607,,
251,1,0.5,0.08,-0.008307388619577133,-0.00421299174163351,-0.001248936489832042,-0.29644883408857337,,
251,1,0.5,0.09,-0.11891270635052295,-0.05733982572311202,-0.01693405047460883,-0.2953279027456689,,
251,1,0.5,0.1,0.1322383969515511,0.07023375954179346,0.01781721667165792,-0.2536845071073771,,
251,1,0.6,0.0,-0.6902259702579996,-0.41157073421643364,-0.19757317725898815,-0.4800467108895306,,
251,1,0.6,0.01,-0.6315110137096,-0.38717846163174274,-0.17138198603109478,-0.44264338803562225,,
251,1,0.6,0.02,-0.37335167462286606,-0.2571415905105306,-0.09535826482530452,-0.37083952322134894,,
251,1,0.6,0.03,-0.029886680409860953,-0.02399195356443249,-0.0072892770731428636,-0.3038217397998405,,
251,1,0.6,0.04,0.0649885026220837,0.04464302608887358,0.014969907044122266,-0.33532464878883356,,
251,1,0.6,0.05,0.14867209249000407,0.10139343628863949,0.03244402227183252,-0.3199814845950504,,
251,1,0.6,0.06,-0.15058061368276623,-0.09535268472016982,-0.030955447571408223,-0.3246415941224176,,
251,1,0.6,0.07,-0.32700492821388905,-0.16907432617342058,-0.06313465526161222,-0.37341361453574334,,
251,1,0.6,0.08,-0.023292931409697872,-0.01216964940262956,-0.0042022435677324665,-0.3453052284993901,,
251,1,0.6,0.09,-0.13264601858096683,-0.06591721699485324,-0.022667731072755437,-0.3438817975966023,,
251,1,0.6,0.1,0.1187214879012705,0.06464571966183835,0.019195209763108734,-0.2969293228309445,,
251,1,0.7000000000000001,0.0,-0.696541864169492,-0.4302179898656864,-0.23261124276565404,-0.5406822779267669,,
251,1,0.7000000000000001,0.01,-0.6401087759790778,-0.4061500168040272,-0.20266782802189864,-0.4989974630967173,,
251,1,0.7000000000000001,0.02,-0.3891657699035767,-0.27501937321875847,-0.11596359209864016,-0.42165608459299087,,
251,1,0.7000000000000001,0.03,-0.049943882360645196,-0.040933170570254605,-0.014211367413500264,-0.3471846235098976,,
251,1,0.7000000000000001,0.04,0.04560111175786524,0.032144160267698445,0.012254759524298109,-0.38124372894609027,,
251,1,0.7000000000000001,0.05,0.13025192283854084,0.09104757282776066,0.03316165294062312,-0.36422336049920534,,
251,1,0.7000000000000001,0.06,-0.16666584948909643,-0.10829187269595712,-0.039972511375990005,-0.36911829466850016,,
251,1,0.7000000000000001,0.07,-0.3401352396682423,-0.18167476334337762,-0.07661466985248822,-0.42171333234479735,,
251,1,0.7000000000000001,0.08,-0.03821697274577049,-0.02056681935651624,-0.008043779287377872,-0.39110467923808256,,
251,1,0.7000000000000001,0.09,-0.14624074395820436,-0.07487938917850644,-0.029156071725974675,-0.3893737922523506,,
251,1,0.7000000000000001,0.1,0.10514622804630228,0.05869217060027783,0.01983371273921941,-0.33792774294030836,,
251,1,0.8,0.0,-0.7016383951948202,-0.4493201627626303,-0.26778655686479336,-0.5959816163564005,,
251,1,0.8,0.01,-0.6476218334393018,-0.4254274857592062,-0.23433893968045227,-0.5508316870083216,,
251,1,0.8,0.02,-0.40423689333016805,-0.29325416455290754,-0.13766226803107062,-0.46942988257626006,,
251,1,0.8,0.03,-0.06980205734778074,-0.05842239271378878,-0.022699366598796678,-0.3885388041191815,,
251,1,0.8,0.04,0.026247115062253502,0.018986914380878895,0.008061259182888136,-0.424569207043266,,
251,1,0.8,0.05,0.11174553464042888,0.08006523928698736,0.03251428073627349,-0.40609734044169515,,
251,1,0.8,0.06,-0.18249435174869458,-0.12167037845007356,-0.050021439896074216,-0.4111225799844134,,
251,1,0.8,0.07,-0.3528886017599857,-0.19467294280723577,-0.09084266849661005,-0.4666424988836894,,
251,1,0.8,0.08,-0.05305978737733794,-0.02940754747835843,-0.012763251150595178,-0.43401277036066666,,
251,1,0.8,0.09,-0.15968141699858102,-0.08422624092677025,-0.036383707118264774,-0.4319759105704155,,
251,1,0.8,0.1,0.0915272047697664,0.05236782220429333,0.01973115314556151,-0.3767800973007403,,
251,1,0.9,0.0,-0.7055436843753576,-0.4688384701370241,-0.30293667600977214,-0.6461429581946101,,
251,1,0.9,0.01,-0.6540626592616278,-0.44495337441969446,-0.26625321276958036,-0.59838452313532,,
251,1,0.9,0.02,-0.41854019943844206,-0.31182539533618453,-0.16034989216963735,-0.5142297406430328,,
251,1,0.9,0.03,-0.0894142175607638,-0.07644350378788425,-0.032711813279719615,-0.4279214277054658,,
251,1,0.9,0.04,0.006968774673892746,0.005173741246748634,0.0024078545789765204,-0.46539911142438817,,
251,1,0.9,0.05,0.09318955633146411,0.06844324493464712,0.03050448800258354,-0.4456902654412525,,
251,1,0.9,0.06,-0.19804100816419615,-0.13547911894082476,-0.061068100620152,-0.4507565527262221,,
251,1,0.9,0.07,-0.3652503914771847,-0.20805804038132952,-0.10577802760971444,-0.5084063438060077,,
251,1,0.9,0.08,-0.06780190627098569,-0.038693649192818154,-0.018348063592499853,-0.4741879862782598,,
251,1,0.9,0.09,-0.17295296135450997,-0.09395660017188437,-0.044333609762599036,-0.4718520006204466,,
251,1,0.9,0.1,0.0778790794409261,0.04566807412778832,0.018887548822706268,-0.41358321285577243,,
251,1,1.0,0.0,-0.7082910055955547,-0.48850894327188354,-0.337906981262889,-0.6917109418707698,,
251,1,1.0,0.01,-0.6594483885479441,-0.46265462949239283,-0.29827290435381804,-0.6446988430248105,,
251,1,1.0,0.02,-0.4320546617436637,-0.3307096717856656,-0.18391945920325214,-0.5561357132683169,,
251,1,1.0,0.03,-0.10873478106928154,-0.09497782279632103,-0.04420017746099414,-0.46537366471098174,,
251,1,1.0,0.04,-0.01219214408091714,-0.009290217664555721,-0.004680706488992992,-0.5038317354878502,,
251,1,1.0,0.05,0.07462068230355721,0.05618057872020639,0.02714020990813193,-0.4830888276053028,,
251,1,1.0,0.06,-0.2132817373644569,-0.14970737309185753,-0.07307527263362812,-0.48812073262945144,,
251,1,1.0,0.07,-0.3772071375767028,-0.22181762731048682,-0.12137861205539047,-0.5472000288123724,,
251,1,1.0,0.08,-0.08242417257950893,-0.04842565569106017,-0.02478337333013858,-0.5117818845499664,,
251,1,1.0,0.09,-0.18604072673216498,-0.10406819414662793,-0.05298715593149117,-0.5091580224485723,,
251,1,1.0,0.1,0.06421655292414795,0.03858905532131168,0.017304508580449962,-0.448430479480879,,
257,1,0.1,0.0,-1.009392295232788,-0.380815833322117,-0.04814890000078731,-0.12643618197476592,,
257,1,0.1,0.01,-0.6800186564826809,-0.3347870033947831,-0.030820710150364916,-0.09206065300575879,,
257,1,0.1,0.02,-0.25090577441477985,-0.12716996270869263,-0.010750418888623714,-0.08453583424609179,,
257,1,0.1,0.03,0.26937904700935666,0.22477102764949597,0.010985082858209205,-0.048872325642160395,,
257,1,0.1,0.04,0.18343050928665644,0.13204808378805608,0.007112786701537699,-0.05386512622897342,,
257,1,0.1,0.05,0.21820510784089955,0.16034614638493686,0.007915043031157198,-0.04936222796496685,,
257,1,0.1,0.06,0.23492372204728001,0.15464521384412433,0.00798445948649329,-0.051630821853570444,,
257,1,0.1,0.07,0.274581477594655,0.16238107323769363,0.0087794109280519,-0.05406671327514006,,
257,1,0.1,0.08,0.4381362725265339,0.27307196410792445,0.01314920990954227,-0.04815291072629262,,
257,1,0.1,0.09,-0.07556906701130596,-0.03678100018384552,-0.0021543869061990684,-0.05857336384085853,,
257,1,0.1,0.1,0.06858319968209191,0.03549909052172146,0.0018166984138909825,-0.051175914289391916,,
257,1,0.2,0.0,-1.0066780959755999,-0.39938708336026063,-0.09603886061946565,-0.24046561499044614,,
257,1,0.2,0.01,-0.6908012572304382,-0.34954444774656646,-0.06261882705022304,-0.17914410443053055,,
257,1,0.2,0.02,-0.27050008740734166,-0.14274315105260282,-0.02317993083914416,-0.16238909305429325,,
257,1,0.2,0.03,0.25004104105346364,0.21295461064590865,0.020392985901607874,-0.09576212433135066,,
257,1,0.2,0.04,0.1644376571399041,0.12124607314139847,0.012752622074541753,-0.10517967092979175,,
257,1,0.2,0.05,0.20065755060706508,0.15077685228915522,0.0145570666360344,-0.09654709204379266,,
257,1,0.2,0.06,0.21860910302332034,0.14683128899880027,0.01485993420551246,-0.10120413916432945,,
257,1,0.2,0.07,0.2595290893418124,0.15690493687833754,0.016596258007457232,-0.10577269484086277,,
257,1,0.2,0.08,0.42562461261419743,0.2704448515717797,0.025547427706263504,-0.09446446311618127,,
257,1,0.2,0.09,-0.08967353008286615,-0.044806212344935224,-0.005112977748270242,-0.11411314370669405,,
257,1,0.2,0.1,0.055354591211299854,0.029309187463744484,0.0029325723652817715,-0.10005641981407258,,
257,1,0.30000000000000004,0.0,-1.002572563345847,-0.4186380727313157,-0.14347077838039002,-0.34270838637380785,,
257,1,0.30000000000000004,0.01,-0.7004027989191051,-0.3648465181605458,-0.09523376211020107,-0.2610241769342985,,
257,1,0.30000000000000004,0.02,-0.28957692686392056,-0.1590371134238592,-0.03722202015711107,-0.23404612518279594,,
257,1,0.30000000000000004,0.03,0.23032890303199163,0.20023215027115776,0.028177938624442955,-0.14072634482666202,,
257,1,0.30000000000000004,0.04,0.1452302403463197,0.10967413925821294,0.016894545943534123,-0.15404311406318127,,
257,1,0.30000000000000004,0.05,0.18287215129345444,0.14050183053766732,0.01990018878581923,-0.14163650900252264,,
257,1,0.30000000000000004,0.06,0.20206578441934744,0.1384965046564063,0.02060310540684429,-0.14876263814713733,,
257,1,0.30000000000000004,0.07,0.24423291206569772,0.15096349916124324,0.023427156659979298,-0.15518424513303636,,
257,1,0.30000000000000004,0.08,0.4127635054648726,0.26740514914890695,0.03716319088390985,-0.13897709525112845,,
257,1,0.30000000000000004,0.09,-0.10369381015171826,-0.053184664128688545,-0.008868572645391981,-0.16675056222848553,,
257,1,0.30000000000000004,0.1,0.042093785235887526,0.022797994518578748,0.0033450632178366746,-0.1467262050225815,,
257,1,0.4,0.0,-0.9971454139928781,-0.43852905192966896,-0.1902588519898074,-0.43385689306696384,,
257,1,0.4,0.01,-0.7088263174041206,-0.3806895346298968,-0.1285054771212405,-0.33755978410641746,,
257,1,0.4,0.02,-0.30809041030586726,-0.17603027479551184,-0.052802307544834615,-0.29996151290551126,,
257,1,0.4,0.03,0.21028979448415053,0.1866040818063159,0.03430186337490371,-0.1838216133477028,,
257,1,0.4,0.04,0.12585083260736754,0.09733223150864762,0.019520201563595574,-0.2005522863396107,,
257,1,0.4,0.05,0.1648830145613084,0.12951908306420948,0.023923475820946116,-0.18471004623377374,,
257,1,0.4,0.06,0.18532140486129658,0.1296337683293751,0.025194411806522377,-0.19435068602270436,,
257,1,0.4,0.07,0.22871511169305658,0.1445462419283751,0.029251557222266467,-0.20236816144110525,,
257,1,0.4,0.08,0.39956737082377985,0.2639395886193802,0.04796676797991073,-0.1817338892995027,,
257,1,0.4,0.09,-0.11761334608312043,-0.061917324715116004,-0.013412083161372101,-0.21661276909300609,,
257,1,0.4,0.1,0.028814530017967147,0.015962273203924134,0.003053069044506751,-0.19126781038656765,,
257,1,0.5,0.0,-0.9904702875154726,-0.45901032161501415,-0.2362315179765423,-0.514654043389196,,
257,1,0.5,0.01,-0.7160804260544168,-0.3970644406783453,-0.16227574821202784,-0.40868869530294827,,
257,1,0.5,0.02,-0.32599769992259126,-0.1936965616460128,-0.06983920236730246,-0.36055984563595933,,
257,1,0.5,0.03,0.1899723907650597,0.17207449815455692,0.03873468401671554,-0.22510415216741841,,
257,1,0.5,0.04,0.10634270265324293,0.08422326414492415,0.020617970374151584,-0.24480136911666062,,
257,1,0.5,0.05,0.14672499329932487,0.11782897030712365,0.026611078154897605,-0.22584495209909142,,
257,1,0.5,0.06,0.16840425130043088,0.12023723142153264,0.02861815976146742,-0.23801412776327738,,
257,1,0.5,0.07,0.21299849253079486,0.13764353235009624,0.034051847003023106,-0.24739155136190671,,
257,1,0.5,0.08,0.3860514630022209,0.2600353973889782,0.057930283809070726,-0.22277845397492083,,
257,1,0.5,0.09,-0.13141583012836114,-0.07100433874137227,-0.01873256842336457,-0.2638228699178015,,
257,1,0.5,0.1,0.015530608657468588,0.008799344995264578,0.002056949241619588,-0.23376163143126538,,
257,1,0.6,0.0,-0.9826240245853853,-0.48002215014628674,-0.281232179727833,-0.5858733386409929,,
257,1,0.6,0.01,-0.7221790806504849,-0.4139564495555497,-0.19638936587280953,-0.47442035529019005,,
257,1,0.6,0.02,-0.343259215911787,-0.21200547044279686,-0.08824460976331039,-0.4162374186807622,,
257,1,0.6,0.03,0.16942662005832956,0.15665123846350418,0.041454570733463925,-0.2646297031550236,,
257,1,0.6,0.04,0.08674960112088714,0.07035319140499514,0.02018305716805524,-0.2868818992427716,,
257,1,0.6,0.05,0.12843353979908204,0.10543427697676024,0.027952333587757616,-0.26511618791599295,,
257,1,0.6,0.06,0.15134315373995386,0.11030236658205259,0.030862611976280263,-0.279800088906723,,
257,1,0.6,0.07,0.1971064236204137,0.13024670215139716,0.03781343821181271,-0.29032165565204743,,
257,1,0.6,0.08,0.3722318328444811,0.2556803648489952,0.0670278378486362,-0.2621548114898179,,
257,1,0.6,0.09,-0.1450852497821974,-0.0804449966840225,-0.02481727840042991,-0.30849996175534644,,
257,1,0.6,0.1,0.002255807774610868,0.0013071183493548544,0.0003585241655543747,-0.2742859250130863,,
257,1,0.7000000000000001,0.0,-0.9736859503459221,-0.5014949624348869,-0.3251197316816823,-0.6483010918058727,,
257,1,0.7000000000000001,0.01,-0.7271413065772482,-0.43134474369852127,-0.23069525908311672,-0.5348280289798918,,
257,1,0.7000000000000001,0.02,-0.3598388214118613,-0.2309221865442332,-0.1079246840815955,-0.46736385834854594,,
257,1,0.7000000000000001,0.03,0.14870339267343494,0.14034595184933504,0.04244811820239436,-0.30245345621342534,,
257,1,0.7000000000000001,0.04,0.06711554423255409,0.05573106325045259,0.018217524807524033,-0.32688277856202735,,
257,1,0.7000000000000001,0.05,0.11004455324602598,0.0923402645220294,0.02794183729398725,-0.3025964614528609,,
257,1,0.7000000000000001,0.06,0.13416737703650247,0.09982604140688037,0.03192005404626608,-0.31975678486702,,
257,1,0.7000000000000001,0.07,0.18106276237361663,0.12234812554364392,0.04052484115097488,-0.3312256805807694,,
257,1,0.7000000000000001,0.08,0.35812528638613733,0.2508629093414678,0.07523561507966114,-0.29990728911324416,,
257,1,0.7000000000000001,0.09,-0.15860592845488944,-0.09023770833191354,-0.031651704105377765,-0.35075917474495305,,
257,1,0.7000000000000001,0.1,-0.010996113819005674,-0.006515885655458835,-0.0020389302101077034,-0.31291681866755017,,
257,1,0.8,0.0,-0.9637371710299582,-0.5233498286749642,-0.3677688834687337,-0.7027209398345733,,
257,1,0.8,0.01,-0.7309908924911404,-0.4492022476551649,-0.26504753309631934,-0.5900405318091507,,
257,1,0.8,0.02,-0.37570397776721065,-0.2504077535440098,-0.1287806196900908,-0.514283674796265,,
257,1,0.8,0.03,0.1278543229206172,0.12317413478580237,0.04171045511240323,-0.33862998254411913,,
257,1,0.8,0.04,0.047484595945840355,0.040369060590001886,0.014730278136823927,-0.36489028779808025,,
257,1,0.8,0.05,0.09159422454876971,0.07855470947799123,0.026579477845682264,-0.3383562617990341,,
257,1,0.8,0.06,0.11690651040679045,0.08880658775202956,0.031786838312138244,-0.35793333711790765,,
257,1,0.8,0.07,0.16489177587609805,0.11394129523411965,0.04217772216113036,-0.37017063984103515,,
257,1,0.8,0.08,0.34374934036563776,0.245572145360087,0.0825319886284599,-0.33608041542106376,,
257,1,0.8,0.09,-0.17196256479937314,-0.10037997965081616,-0.039219634446962415,-0.39071171944238914,,
257,1,0.8,0.1,-0.02421145635243133,-0.014670509252064591,-0.005130692596127195,-0.3497283228532199,,
257,1,0.9,0.0,-0.9528598911427837,-0.5454992692110244,-0.4090702915711557,-0.7499007141894233,,
257,1,0.9,0.01,-0.7337560548939044,-0.467495494668145,-0.29930641205257313,-0.6402337893438693,,
257,1,0.9,0.02,-0.3908258692145346,-0.2704107183333003,-0.1507094699087681,-0.557335414948338,,
257,1,0.9,0.03,0.10693144594207452,0.1051551409629368,0.03924528378047554,-0.3732131726617913,,
257,1,0.9,0.04,0.02790065026088186,0.024282509019200673,0.009736997265092473,-0.40098810454031875,,
257,1,0.9,0.05,0.07311887955437513,0.06408792698312281,0.023870438937495964,-0.37246389548193853,,
257,1,0.9,0.06,0.0995903552922014,0.07724386592166502,0.030463404680112216,-0.39437959657542176,,
257,1,0.9,0.07,0.14861806026447805,0.10502089586547561,0.04276694591490937,-0.40722320603407175,,
257,1,0.9,0.08,0.3291221747706685,0.2397979505947203,0.08889761359610415,-0.37071882130614603,,
257,1,0.9,0.09,-0.18514027054076915,-0.11086839332703773,-0.04750321942484226,-0.428464939369312,,
257,1,0.9,0.1,-0.03737661011989202,-0.02315693567709353,-0.008910611603506702,-0.3847923459199714,,
257,1,1.0,0.0,-0.9414275655528703,-0.5679425572938882,-0.4490705395613621,-0.7906971115196525,,
257,1,1.0,0.01,-0.7354690782336006,-0.48618460612645165,-0.3333390792840869,-0.6856224468723487,,
257,1,1.0,0.02,-0.40517949643498335,-0.290892005904924,-0.1736049846567861,-0.5968021847720616,,
257,1,1.0,0.03,0.08598693192934224,0.08631216267999206,0.03506484941771326,-0.40625617907082767,,
257,1,1.0,0.04,0.008407215366287966,0.0074898703050268875,0.003260020914015227,-0.4352573250603869,,
257,1,1.0,0.05,0.054654821712281795,0.04895277887315338,0.019825166788870696,-0.4049855237072801,,
257,1,1.0,0.06,0.08224881224485538,0.0651393229954398,0.027954278242240393,-0.4291459744553591,,
257,1,1.0,0.07,0.13226645859373098,0.09558287422067231,0.0422906017610829,-0.4424495717030494,,
257,1,1.0,0.08,0.3142625826187459,0.2335310324061954,0.0943155115128822,-0.4038671457968516,,
257,1,1.0,0.09,-0.19812460666266454,-0.12169859325944386,-0.056483039326928,-0.4641223683376052,,
257,1,1.0,0.1,-0.0504780861881771,-0.031974668806126046,-0.013371125806231343,-0.41817871163280235,,
263,1,0.1,0.0,-1.2240624066055772,-0.36580544373495305,-0.05840024978256708,-0.15964838900779563,,
263,1,0.1,0.01,-0.8091136064538141,-0.3428644412001248,-0.03669999347505015,-0.1070393691063137,,
263,1,0.1,0.02,-0.10862753504094223,-0.07919032706516449,-0.0046284987706617375,-0.05844777944726782,,
263,1,0.1,0.03,-0.09369952261289334,-0.06501168874820193,-0.003811872419887452,-0.058633647168454456,,
263,1,0.1,0.04,0.11171926756863408,0.080130066545676,0.004323140021657457,-0.05395153414970854,,
263,1,0.1,0.05,0.026147512762960522,0.021204098145830033,0.0009554566808775977,-0.04506000086900637,,
263,1,0.1,0.06,0.24599528110529828,0.2031595827690398,0.008481092004278601,-0.04174596092727881,,
263,1,0.1,0.07,0.170332485790358,0.10953170689614117,0.005491989531796859,-0.05014063678387124,,
263,1,0.1,0.08,0.2023565965978206,0.11354753954397702,0.006124828010551031,-0.05394064930996485,,
263,1,0.1,0.09,-0.1660561254136977,-0.07967925580124442,-0.004695709662432268,-0.05893264959885495,,
263,1,0.1,0.1,0.10068759327145815,0.05353249656096264,0.0026842605030739097,-0.05014263625865239,,
263,1,0.2,0.0,-1.209449156483094,-0.38928010950210545,-0.11540609769038868,-0.2964602990838516,,
263,1,0.2,0.01,-0.8152881637742633,-0.36021375549130147,-0.07396012142704966,-0.20532286815692044,,
263,1,0.2,0.02,-0.12946052356948334,-0.09682940126633308,-0.011032338604843317,-0.11393583416361767,,
263,1,0.2,0.03,-0.11368625199095032,-0.08097320997134888,-0.009249940157647019,-0.11423457413779159,,
263,1,0.2,0.04,0.0924616880459286,0.06792708694220308,0.007155879782613006,-0.10534648407198308,,
263,1,0.2,0.05,0.0078678833806127,0.006495401750284782,0.0005750009041793902,-0.08852430169606985,,
263,1,0.2,0.06,0.22951917634392513,0.19290256815172424,0.015826102375401607,-0.08204194753360596,,
263,1,0.2,0.07,0.15451255970952663,0.1015933119337776,0.009963822890488139,-0.09807557900054424,,
263,1,0.2,0.08,0.18766665636026206,0.10771734779623035,0.011360400529034864,-0.10546491128360691,,
263,1,0.2,0.09,-0.17966620596701405,-0.08846038052979416,-0.010161146868506443,-0.11486664207920842,,
263,1,0.2,0.1,0.08742663335696699,0.04750297304267463,0.004661465255289876,-0.0981299686464301,,
263,1,0.30000000000000004,0.0,-1.1936699860212805,-0.4134711709431978,-0.1708506648813175,-0.41321058610102895,,
263,1,0.30000000000000004,0.01,-0.8201988354196064,-0.3780963096864955,-0.11160840085264911,-0.29518511023075306,,
263,1,0.30000000000000004,0.02,-0.15002133769581252,-0.11511783363929341,-0.01917672835445594,-0.16658347145885055,,
263,1,0.30000000000000004,0.03,-0.13345159243078963,-0.09756726971852352,-0.016287183660858573,-0.16693286291444095,,
263,1,0.30000000000000004,0.04,0.07309526452576552,0.054999599256245604,0.008485583651114847,-0.15428446326636186,,
263,1,0.30000000000000004,0.05,-0.010398064695145426,-0.008739616388429574,-0.001139867543567763,-0.13042535197275248,,
263,1,0.30000000000000004,0.06,0.21279446413211664,0.18200945199987514,0.022009317660851346,-0.12092403674105037,,
263,1,0.30000000000000004,0.07,0.13855052279121208,0.09314247426808918,0.013401753939013883,-0.14388445276254974,,
263,1,0.30000000000000004,0.08,0.17282117129914668,0.1014719087714787,0.01569259369724918,-0.15464963542363153,,
263,1,0.30000000000000004,0.09,-0.19312388976803846,-0.09756515398132391,-0.01638338326221378,-0.1679224866016192,,
263,1,0.30000000000000004,0.1,0.07411265636827555,0.041152561579698994,0.005927374062787649,-0.14403414599862205,,
263,1,0.4,0.0,-1.1768329329037392,-0.4382841135139032,-0.22458769050677985,-0.5124248942225361,,
263,1,0.4,0.01,-0.8238706329283553,-0.3964874371366473,-0.14947738666897337,-0.3770040931144478,,
263,1,0.4,0.02,-0.1702564270570487,-0.13402675535982667,-0.029017749985168928,-0.21650714372114646,,
263,1,0.4,0.03,-0.15294830458358624,-0.11477222335070236,-0.02488889623565671,-0.21685470150391054,,
263,1,0.4,0.04,0.053663182890231136,0.04135317739058497,0.008306300558218682,-0.2008624507801378,,
263,1,0.4,0.05,-0.02861406981345662,-0.024487353948509566,-0.00418234872558787,-0.1707962703680538,,
263,1,0.4,0.06,0.19584977440804827,0.17048096821084097,0.02700897266498159,-0.15842808114263207,,
263,1,0.4,0.07,0.12247075796763064,0.08417589513327976,0.015795181232481692,-0.18764494523607286,,
263,1,0.4,0.08,0.1578399041092109,0.09480362309080705,0.0191096763263352,-0.20157116050333984,,
263,1,0.4,0.09,-0.20641406477056853,-0.10699295863655567,-0.02334778114304059,-0.21821792238076768,,
263,1,0.4,0.1,0.06075960766359366,0.034477577018004614,0.006479233825519737,-0.18792601992118535,,
263,1,0.5,0.0,-1.1590459726823925,-0.46361139847682004,-0.2764915168902048,-0.5963863653883588,,
263,1,0.5,0.01,-0.8263336604677394,-0.41535654572152636,-0.1874053266777651,-0.4511914609464468,,
263,1,0.5,0.02,-0.19011408299378,-0.15352395994599582,-0.0405027509411191,-0.2638203896992138,,
263,1,0.5,0.03,-0.1721305421986943,-0.13256341759591295,-0.03501296741597215,-0.26412239553675804,,
263,1,0.5,0.04,0.03420885719406126,0.02699628362583483,0.006618808145155253,-0.24517478912620413,,
263,1,0.5,0.05,-0.04674411436009685,-0.04067373104221399,-0.008540387141588335,-0.20997304458557134,,
263,1,0.5,0.06,0.17871447183603212,0.1577650758088551,0.030807377103478917,-0.19527374449339155,,
263,1,0.5,0.07,0.10629798313722454,0.07469159547874558,0.017136702019345584,-0.22943280176980616,,
263,1,0.5,0.08,0.14274296362332461,0.08770567462726316,0.02160236228045509,-0.2463051834703069,,
263,1,0.5,0.09,-0.21952201924274148,-0.11674239908289771,-0.031038050066105938,-0.2658678450154695,,
263,1,0.5,0.1,0.0473815064052223,0.02747486890355862,0.0063157883750775135,-0.22987510503678782,,
263,1,0.6,0.0,-1.1404162353955662,-0.4893339047656727,-0.3264568504536528,-0.6671453730760455,,
263,1,0.6,0.01,-0.8276227273460038,-0.43437328543925896,-0.22523721107489747,-0.5185337557007607,,
263,1,0.6,0.02,-0.20954472933843457,-0.17286600820269174,-0.05357081085063964,-0.309897888009457,,
263,1,0.6,0.03,-0.19095408942806963,-0.15091326567831878,-0.046610224256708466,-0.30885438763256984,,
263,1,0.6,0.04,0.01477571568812963,0.011940305499159592,0.003430607229898408,-0.2873131872664287,,
263,1,0.6,0.05,-0.06475258179832646,-0.05729418034687071,-0.014196750745085973,-0.247786959498084,,
263,1,0.6,0.06,0.161418543775524,0.14436131671014027,0.033391019083107265,-0.2313017077154562,,
263,1,0.6,0.07,0.09005716756308997,0.06468896452358176,0.017422150069312137,-0.26932182633656243,,
263,1,0.6,0.08,0.12755074552925405,0.08017208906687891,0.023163852094337578,-0.2889266372367381,,
263,1,0.6,0.09,-0.2324334773476486,-0.12681127800045058,-0.03943630947915833,-0.3109842444693145,,
263,1,0.6,0.1,0.03399241335171514,0.020141849789574527,0.005437283160687256,-0.26994954373563085,,
263,1,0.7000000000000001,0.0,-1.1210492752741394,-0.5153228459900373,-0.3743983161225375,-0.7265315695508204,,
263,1,0.7000000000000001,0.01,-0.827776935384518,-0.45309630809750107,-0.2628257085230473,-0.5800658796506686,,
263,1,0.7000000000000001,0.02,-0.22850119389686765,-0.1925241963930866,-0.06815327681452399,-0.35399850040340863,,
263,1,0.7000000000000001,0.03,-0.20937658461839906,-0.16886593087115542,-0.059624826702916245,-0.353089734532716,,
263,1,0.7000000000000001,0.04,-0.0045930129534187715,-0.0038004269954054833,-0.0012441333519038755,-0.3273667283723559,,
263,1,0.7000000000000001,0.05,-0.08260441089314287,-0.07433365221011758,-0.021129143670876926,-0.28424735019277086,,
263,1,0.7000000000000001,0.06,0.1439924847688406,0.13049754107134232,0.03475064456657351,-0.26629348171070527,,
263,1,0.7000000000000001,0.07,0.07377344708549856,0.05416880281183873,0.016650617060315565,-0.30738388511470904,,
263,1,0.7000000000000001,0.08,0.1122838718686462,0.07219779092906604,0.023789863566678005,-0.3295095772397167,,
263,1,0.7000000000000001,0.09,-0.24513463304092023,-0.1371965751431317,-0.04852315706328414,-0.35367615417995585,,
263,1,0.7000000000000001,0.1,0.020606398522628327,0.012476522375278765,0.0038454647595991265,-0.3082160752758003,,
263,1,0.8,0.0,-1.1010483986955812,-0.5414421109589276,-0.4202498249077391,-0.7761676020423506,,
263,1,0.8,0.01,-0.8268392464665679,-0.4722737586750237,-0.30003198273463305,-0.635292512496101,,
263,1,0.8,0.02,-0.24693895831705967,-0.2125558452499841,-0.0841743607322556,-0.3960105666972331,,
263,1,0.8,0.03,-0.22735772883110134,-0.18653345090132004,-0.07399471261427926,-0.39668334154941437,,
263,1,0.8,0.04,-0.023854511561205115,-0.020208644666807496,-0.007384680968409052,-0.3654218820789263,,
263,1,0.8,0.05,-0.10026524607829955,-0.09177416694337108,-0.029310351647993893,-0.3193747502614733,,
263,1,0.8,0.06,0.12646717823912193,0.11617693842382604,0.03488131217308599,-0.30024299698650336,,
263,1,0.8,0.07,0.0574720385933424,0.04303701462664035,0.01482445737164384,-0.34445831106666375,,
263,1,0.8,0.08,0.09696312959463801,0.06377865859050239,0.023478651138307383,-0.3681270766300455,,
263,1,0.8,0.09,-0.25761218216409315,-0.1478944295949456,-0.05827774241676531,-0.39404961076882233,,
263,1,0.8,0.1,0.0072375088492155955,0.004477505284084486,0.0015435752122683333,-0.34474000907493013,,
263,1,0.9,0.0,-1.0807982272438021,-0.5676501976129625,-0.4641035090178084,-0.8175871530907934,,
263,1,0.9,0.01,-0.8248560355969555,-0.491855632032929,-0.3367263854484791,-0.6846041064056287,,
263,1,0.9,0.02,-0.2648163842988641,-0.23293174997103588,-0.10155179143527149,-0.4359723028221745,,
263,1,0.9,0.03,-0.2448594774997592,-0.2044982648791365,-0.08965208751350184,-0.43840023565230946,,
263,1,0.9,0.04,-0.042966582927476266,-0.037264163433125455,-0.014963891409346175,-0.401562520951275,,
263,1,0.9,0.05,-0.11770158295771102,-0.10959623093021649,-0.03870841877989495,-0.35319114947065894,,
263,1,0.9,0.06,0.1088737761157927,0.1014040112571831,0.03378242286389299,-0.3331468099246416,,
263,1,0.9,0.07,0.041178154210205854,0.03141799995657686,0.011949276248193641,-0.3803321746994989,,
263,1,0.9,0.08,0.08160940847473942,0.05491157685012829,0.022231013933764254,-0.4048511299254797,,
263,1,0.9,0.09,-0.26985335261728216,-0.15890012556602742,-0.06867784569530666,-0.4322076238182021,,
263,1,0.9,0.1,-0.0061002640727928215,-0.0038559427095428075,-0.0014636587924288236,-0.37958520203282975,,
263,1,1.0,0.0,-1.0598046947489932,-0.5935973246047013,-0.5056356144924492,-0.8518158582152825,,
263,1,1.0,0.01,-0.8218766347500772,-0.511785063942592,-0.37278902359363264,-0.7284093457550553,,
263,1,1.0,0.02,-0.282094914389955,-0.2533865886576465,-0.12019751382296573,-0.4743641502880247,,
263,1,1.0,0.03,-0.2618462138211273,-0.22275159356325933,-0.10652395368547618,-0.4782185931039115,,
263,1,1.0,0.04,-0.06188785320475934,-0.05494393005586547,-0.023948407545689387,-0.4358699408895452,,
263,1,1.0,0.05,-0.1348809079778425,-0.1277788834339851,-0.04928685409528588,-0.38571986834388905,,
263,1,1.0,0.06,0.09124357712048846,0.08618460305216037,0.03145772426533289,-0.3650039931876711,,
263,1,1.0,0.07,0.0249169156503508,0.01937287073481819,0.00803390141824245,-0.41469855078335904,,
263,1,1.0,0.08,0.06624363862692471,0.045594486566039504,0.020050292414701465,-0.43975256494357984,,
263,1,1.0,0.09,-0.2818459325073683,-0.17020808197767165,-0.07969996079909203,-0.4682501551809231,,
263,1,1.0,0.1,-0.019393016013712294,-0.012523900194403725,-0.005170041832338046,-0.41281403972288655,,
269,1,0.1,0.0,-0.5553033046678909,-0.27109783218309835,-0.026476827609763,-0.09766521331635238,,
269,1,0.1,0.01,-0.6470052859211409,-0.30544478153811144,-0.02937602313502452,-0.09617457855098162,,
269,1,0.1,0.02,-0.2626029621100055,-0.17799255741881279,-0.011316305896365675,-0.06357741054160283,,
269,1,0.1,0.03,-0.36046415447800045,-0.20942285318834705,-0.01470968494942515,-0.07023915836060075,,
269,1,0.1,0.04,-0.2287517333346389,-0.13533234854873674,-0.008853846855670477,-0.06542298977751039,,
269,1,0.1,0.05,-0.11491012389718018,-0.08245048466878904,-0.004176179583022077,-0.05065075844973093,,
269,1,0.1,0.06,0.06907846993805807,0.04567920187971063,0.0023828279493529614,-0.052164395420650815,,
269,1,0.1,0.07,0.23414014104063946,0.1359130618765613,0.00762771715996613,-0.056122031647655474,,
269,1,0.1,0.08,0.1686701006222927,0.09065117625848963,0.005125139855441274,-0.056536937158179416,,
269,1,0.1,0.09,-0.000813329879388077,-0.00045056112262420505,-2.325722777996031e-05,-0.05161836344090928,,
269,1,0.1,0.1,-0.06438352286261942,-0.03854940222978559,-0.001724700080447561,-0.04473999545224994,,
269,1,0.2,0.0,-0.5705195438926506,-0.2893624905889048,-0.05440467393105275,-0.18801564024531803,,
269,1,0.2,0.01,-0.658866921576083,-0.3228926590101607,-0.059829155502387765,-0.18529116049214697,,
269,1,0.2,0.02,-0.28215461611157283,-0.19672463778633079,-0.02431768415965274,-0.12361280434057778,,
269,1,0.2,0.03,-0.37760093266641775,-0.224628479104114,-0.030817992231019997,-0.13719539193752917,,
269,1,0.2,0.04,-0.24673395990689634,-0.14986162524519303,-0.019099699602389886,-0.12744890208644344,,
269,1,0.2,0.05,-0.1326777418790224,-0.09657513210299916,-0.009643816540524042,-0.09985817601821899,,
269,1,0.2,0.06,0.05184354282502742,0.03494554449448964,0.0035766351787387407,-0.10234881815341923,,
269,1,0.2,0.07,0.2185055127965686,0.12978316647865742,0.014236757884384277,-0.10969649046685483,,
269,1,0.2,0.08,0.15376186328675995,0.08459984221893302,0.009344288654248079,-0.11045279056273315,,
269,1,0.2,0.09,-0.015102419298158932,-0.008546610888067723,-0.0008637095833980979,-0.10105872312543894,,
269,1,0.2,0.1,-0.07767090341552786,-0.0473771734307789,-0.004161282496300656,-0.08783306801492827,,
269,1,0.30000000000000004,0.0,-0.5845707838650332,-0.308190769247878,-0.0836168976845284,-0.271315386533447,,
269,1,0.30000000000000004,0.01,-0.6695742321876917,-0.3408262912193082,-0.09120216741672471,-0.26759135009933765,,
269,1,0.30000000000000004,0.02,-0.3011622876325297,-0.21597796651950288,-0.038933809549391074,-0.18026750680549322,,
269,1,0.30000000000000004,0.03,-0.3941152434003203,-0.24021208753229623,-0.048248717595068435,-0.20085882476077085,,
269,1,0.30000000000000004,0.04,-0.2643289243583991,-0.16485220281070742,-0.03069259124305379,-0.18618247569489108,,
269,1,0.30000000000000004,0.05,-0.1502488269132018,-0.11013335020030629,-0.01638148307687959,-0.1487422569738011,,
269,1,0.30000000000000004,0.06,0.03456792959397413,0.023756523532756972,0.003577211345082487,-0.15057806501654192,,
269,1,0.30000000000000004,0.07,0.2026590411162319,0.12317560359752945,0.019806418139249216,-0.16079822270622487,,
269,1,0.30000000000000004,0.08,0.13872645456807053,0.07814277654920501,0.012645853865404844,-0.1618301066822471,,
269,1,0.30000000000000004,0.09,-0.02936697684959059,-0.016978047564121516,-0.002519252595196475,-0.148382938949955,,
269,1,0.30000000000000004,0.1,-0.09089386115399598,-0.05648395071225494,-0.007304569989700083,-0.1293211593309329,,
269,1,0.4,0.0,-0.5974381441049373,-0.3275582378935178,-0.11394325671030225,-0.34785648330219304,,
269,1,0.4,0.01,-0.6791247221201965,-0.35922319539179903,-0.12333737595461658,-0.3433446880291081,,
269,1,0.4,0.02,-0.3195803198475474,-0.2357165883875258,-0.055086486897101716,-0.2336979644662841,,
269,1,0.4,0.03,-0.4099753422340539,-0.25616624568482266,-0.06692047513050281,-0.26123845845341875,,
269,1,0.4,0.04,-0.2815012686250245,-0.18029164334657508,-0.04358208063825875,-0.24173100776768008,,
269,1,0.4,0.05,-0.167590034641948,-0.12385362567850733,-0.024362904059381685,-0.19670723344524138,,
269,1,0.4,0.06,0.017282223329638684,0.012111765126791862,0.0023845672791391603,-0.19688024447108637,,
269,1,0.4,0.07,0.18662498336096178,0.1160804535080131,0.02431915487423786,-0.20950258324549959,,
269,1,0.4,0.08,0.12358423488957572,0.07127220695990327,0.015020717611478496,-0.21075140299680822,,
269,1,0.4,0.09,-0.04358978496269415,-0.025746125474458308,-0.004985812440677084,-0.19365292248044497,,
269,1,0.4,0.1,-0.10403855658933042,-0.06586800269183235,-0.011147902378820906,-0.16924609709174085,,
269,1,0.5,0.0,-0.6091095610298461,-0.34743507258888695,-0.14521153311423984,-0.4179530063911129,,
269,1,0.5,0.01,-0.6875215516332648,-0.37805630375210153,-0.15607792892953565,-0.4128430801986543,,
269,1,0.5,0.02,-0.3373662675920048,-0.25590170172389565,-0.07269034310410816,-0.2840557237971679,,
269,1,0.5,0.03,-0.4251525595852422,-0.272481254045486,-0.08674732465419521,-0.3183607068973422,,
269,1,0.5,0.04,-0.29821751019707066,-0.19616545225890308,-0.05771261547342321,-0.294203769363287,,
269,1,0.5,0.05,-0.18466895345776815,-0.137752460153442,-0.033557126512997804,-0.24360455323715188,,
269,1,0.5,0.06,1.7016504982094102e-05,1.2163464727339202e-05,2.9348799783779356e-06,-0.24128651203972787,,
269,1,0.5,0.07,0.17042815702191194,0.10848878969430403,0.027760677261055466,-0.25588521486209354,,
269,1,0.5,0.08,0.10835583806029725,0.0639811282205295,0.016462278203537517,-0.2572989670765965,,
269,1,0.5,0.09,-0.05775374129228435,-0.03485141080267987,-0.00825736242095354,-0.23693050670759638,,
269,1,0.5,0.1,-0.11709132313120903,-0.07552706258405473,-0.015683159715803363,-0.20764953884376794,,
269,1,0.6,0.0,-0.619579681750882,-0.3677859785222335,-0.17724912803147386,-0.4819355233270774,,
269,1,0.6,0.01,-0.6947733433482025,-0.3968262021255112,-0.18926903614462331,-0.47695700316875717,,
269,1,0.6,0.02,-0.35448110644926045,-0.2764918559428337,-0.09165357320032652,-0.3314874244226435,,
269,1,0.6,0.03,-0.4396214031102411,-0.28914507370619125,-0.10763942416644179,-0.37226788195539984,,
269,1,0.6,0.04,-0.31444618382596295,-0.21245707100162448,-0.07302392813449787,-0.34371145093090133,,
269,1,0.6,0.05,-0.20145423784595148,-0.15184443557059873,-0.04392871819153166,-0.28930080991415313,,
269,1,0.6,0.06,-0.017197218298024168,-0.012540068156844287,-0.0035592576773979534,-0.2838308080052447,,
269,1,0.6,0.07,0.15409385525952887,0.10039276308727865,0.030120021422668453,-0.3000218391885773,,
269,1,0.6,0.08,0.09306210948699173,0.056263365193575575,0.016966480411295226,-0.30155466799615716,,
269,1,0.6,0.09,-0.07184190383434942,-0.04429375360832796,-0.012325947175666707,-0.27827732290787893,,
269,1,0.6,0.1,-0.1300386982209231,-0.08545831877713149,-0.020900790448650897,-0.24457291867815115,,
269,1,0.7000000000000001,0.0,-0.6288496975525228,-0.3885701965489359,-0.20988460587597768,-0.5401459189100345,,
269,1,0.7000000000000001,0.01,-0.7008939481468579,-0.4144576301539512,-0.22275913503014566,-0.5374714297029621,,
269,1,0.7000000000000001,0.02,-0.3708894118157359,-0.2953059754609091,-0.11187873140784599,-0.3788569846350971,,
269,1,0.7000000000000001,0.03,-0.4533596360567181,-0.30614326967236777,-0.12950370051042515,-0.42301665050163945,,
269,1,0.7000000000000001,0.04,-0.33015796876592485,-0.22914788508379463,-0.0894514605731761,-0.3903656389430151,,
269,1,0.7000000000000001,0.05,-0.21791573476410409,-0.16614220352044531,-0.05543799345380451,-0.3336779715154215,,
269,1,0.7000000000000001,0.06,-0.03433024683079325,-0.025541351022762702,-0.008289435219246521,-0.32454959848674003,,
269,1,0.7000000000000001,0.07,0.13764776006781576,0.09178568444652158,0.03138960811177438,-0.34198805947852756,,
269,1,0.7000000000000001,0.08,0.07772404348452039,0.04811363463100534,0.016531834276687585,-0.3435997800514151,,
269,1,0.7000000000000001,0.09,-0.08583753536750488,-0.05407226182925827,-0.017181714503469503,-0.31775468460563916,,
269,1,0.7000000000000001,0.1,-0.14286745374446538,-0.09565840702498042,-0.026789844452055345,-0.2800573967854116,,
269,1,0.8,0.0,-0.6369271209129967,-0.40974160260446735,-0.24294916941626044,-0.5929326382090243,,
269,1,0.8,0.01,-0.7059021743250274,-0.432577976232415,-0.25640097916063775,-0.5927277699012558,,
269,1,0.8,0.02,-0.38655950677448664,-0.31338898902627976,-0.13326355774999565,-0.4252336949171517,,
269,1,0.8,0.03,-0.46634833140585163,-0.3234589727614871,-0.15224453131222737,-0.47067648181919436,,
269,1,0.8,0.04,-0.3453258007772659,-0.2462172481725666,-0.10692681400305548,-0.434278324514916,,
269,1,0.8,0.05,-0.23402460227041524,-0.18065646276968897,-0.06804126444427605,-0.3766334367512713,,
269,1,0.8,0.06,-0.05135219006787152,-0.038986700069832916,-0.014170948935485317,-0.3634816209143717,,
269,1,0.8,0.07,0.12111585352573997,0.08266210415793425,0.03156528291735783,-0.38185917524007357,,
269,1,0.8,0.08,0.06236271997494375,0.03952760522053579,0.015159422349692475,-0.38351481869730614,,
269,1,0.8,0.09,-0.09972414704217096,-0.06418527752245445,-0.022812954612384306,-0.3554234786069666,,
269,1,0.8,0.1,-0.15556462562093226,-0.10612340435211065,-0.03333801076970777,-0.31414381185034723,,
269,1,0.9,0.0,-0.6438255105627337,-0.43124890725844406,-0.2762780487632588,-0.6406463740850421,,
269,1,0.9,0.01,-0.709821484137783,-0.45115467403711357,-0.29005263966389583,-0.642911747025445,,
269,1,0.9,0.02,-0.40146357797238014,-0.33169057801470375,-0.15570183048482178,-0.46941891270097985,,
269,1,0.9,0.03,-0.47857190185772874,-0.3410728626390827,-0.17576443130529462,-0.5153281030490117,,
269,1,0.9,0.04,-0.3599249682637793,-0.26364252297077634,-0.12537821907954505,-0.4755614445907981,,
269,1,0.9,0.05,-0.2497534196744705,-0.19539592752184348,-0.08169111536864826,-0.41807992830104374,,
269,1,0.9,0.06,-0.0682336388373147,-0.052869688966184485,-0.02118317323300023,-0.4006676348436438,,
269,1,0.9,0.07,0.10452432761412776,0.07301788869719933,0.030646338703368192,-0.4197100087412369,,
269,1,0.9,0.08,0.04699924087318568,0.030501955354840637,0.012852895297824407,-0.42137938857695767,,
269,1,0.9,0.09,-0.1134855409401705,-0.07463035559037001,-0.029206146583806714,-0.3913440630527473,,
269,1,0.9,0.1,-0.16811754246220184,-0.11684882476108523,-0.04053165988837104,-0.34687263625666787,,
269,1,1.0,0.0,-0.6495641496299743,-0.45303596028598964,-0.3097117893350363,-0.6836362154110756,,
269,1,1.0,0.01,-0.7126796621234082,-0.4701484902480724,-0.3235784111499579,-0.6882472620069943,,
269,1,1.0,0.02,-0.41557775907281097,-0.3501992167411384,-0.1790842345268009,-0.5113781698123473,,
269,1,1.0,0.03,-0.4900181059546574,-0.3577196853463712,-0.1999647362591488,-0.5589984125853399,,
269,1,1.0,0.04,-0.37393319207082987,-0.2813991393749373,-0.14473102208165034,-0.5143264560195053,,
269,1,1.0,0.05,-0.26507628856141185,-0.21036728891219292,-0.0963366974718406,-0.45794523459420267,,
269,1,1.0,0.06,-0.08494576550485668,-0.06718242181314465,-0.02930162529738356,-0.43615017896914393,,
269,1,1.0,0.07,0.08789949308671433,0.06285029299471943,0.028635520111584878,-0.45561474333923596,,
269,1,1.0,0.08,0.031654666459133396,0.021034428085213438,0.009618455913754431,-0.4572720434702911,,
269,1,1.0,0.09,-0.12710585143354458,-0.08540424523475655,-0.03634601179511365,-0.42557617241633433,,
269,1,1.0,0.1,-0.1805138532061999,-0.1278296168270604,-0.04835589034339549,-0.37828393406526256,,
275,1,0.1,0.0,-0.384499492573817,-0.2509437978119395,-0.01833756430302258,-0.07307438742425101,,
275,1,0.1,0.01,-0.516713868145171,-0.2664828214817069,-0.023395266101270185,-0.08779277392511468,,
275,1,0.1,0.02,-0.21288922131990545,-0.16611322292586916,-0.009185110679670094,-0.05529427770942175,,
275,1,0.1,0.03,-0.36701556076946895,-0.19360357639560674,-0.014994526942148867,-0.07744963817976827,,
275,1,0.1,0.04,-0.050357789449212036,-0.03448220750959782,-0.0019559711392591606,-0.05672406961516988,,
275,1,0.1,0.05,-0.37632823855914843,-0.22467234939022188,-0.013758966661038374,-0.06124014236011362,,
275,1,0.1,0.06,0.012614603725456194,0.009463554245652974,0.0004339801964003964,-0.04585805556086315,,
275,1,0.1,0.07,0.1190698096694971,0.0874105438151417,0.003876252130315505,-0.044345361110132354,,
275,1,0.1,0.08,0.08203723849521194,0.047212254697215864,0.0025058346624939887,-0.053075937138875075,,
275,1,0.1,0.09,-0.09782318136298586,-0.048638159592766836,-0.0027857097194595726,-0.05727415968826761,,
275,1,0.1,0.1,-0.20995064960171694,-0.10187031791934689,-0.00565990607060185,-0.0555599136844054,,
275,1,0.2,0.0,-0.4039253629551781,-0.2701862877098505,-0.038528047291975565,-0.14259808526386183,,
275,1,0.2,0.01,-0.5322365418634418,-0.28337354759670313,-0.04819617313703184,-0.17008000057092332,,
275,1,0.2,0.02,-0.2330651572296736,-0.18367848512967036,-0.020111203859517368,-0.10949134214232868,,
275,1,0.2,0.03,-0.3840633036059455,-0.2088489702928707,-0.03138203481801316,-0.15026186039608366,,
275,1,0.2,0.04,-0.06963360011031068,-0.04867043887986182,-0.005409344358764834,-0.11114229670534238,,
275,1,0.2,0.05,-0.39150709844014797,-0.23722794196337274,-0.028627844328781182,-0.12067652778103699,,
275,1,0.2,0.06,-0.004587381533342723,-0.0034941872852003457,-0.00031563936246148394,-0.09033269733376245,,
275,1,0.2,0.07,0.10290706833188708,0.07696093633023073,0.006700165960678239,-0.0870593093089276,,
275,1,0.2,0.08,0.06680035923768836,0.039297108773598675,0.004080845691913915,-0.10384595252095455,,
275,1,0.2,0.09,-0.11184053353551396,-0.056999583594153455,-0.006369763423321073,-0.1117510518791655,,
275,1,0.2,0.1,-0.22268069230668802,-0.11075936834590876,-0.012006171970254664,-0.10839870387088706,,
275,1,0.30000000000000004,0.0,-0.4224498571125328,-0.28837844957788394,-0.060442483560234184,-0.2095943148619715,,
275,1,0.30000000000000004,0.01,-0.5467572139135873,-0.3007446034582439,-0.07426661814718527,-0.24694247974260536,,
275,1,0.30000000000000004,0.02,-0.2527785407093192,-0.2014394977699041,-0.03271840903168588,-0.1624230073739498,,
275,1,0.30000000000000004,0.03,-0.40047815915803736,-0.2245634181883829,-0.04908495324814777,-0.21857947142116946,,
275,1,0.30000000000000004,0.04,-0.08877333151193637,-0.06335297969381107,-0.010344263098463924,-0.16327981964634336,,
275,1,0.30000000000000004,0.05,-0.4061738817465007,-0.25004535287275415,-0.04455046678610819,-0.17816954514159486,,
275,1,0.30000000000000004,0.06,-0.02176347032963588,-0.016835425885359336,-0.0022461859286827535,-0.13342020237433458,,
275,1,0.30000000000000004,0.07,0.08665281724102575,0.06602057167258409,0.008462804342108887,-0.12818435417491514,,
275,1,0.30000000000000004,0.08,0.05151621394099269,0.030980241715858177,0.004720701852293452,-0.1523778250534765,,
275,1,0.30000000000000004,0.09,-0.12575719062321847,-0.06569568257102046,-0.010743558632931083,-0.16353523112141707,,
275,1,0.30000000000000004,0.1,-0.23524492770795533,-0.11993793867349924,-0.019025388065315063,-0.15862693886299714,,
275,1,0.4,0.0,-0.44002703259228004,-0.3069135713843956,-0.08394314334425335,-0.2735074339189722,,
275,1,0.4,0.01,-0.5602535639026576,-0.31858126610569015,-0.10146645576778024,-0.31849473450870924,,
275,1,0.4,0.02,-0.2719798735004275,-0.2194004226558701,-0.046938313274022314,-0.21393902849332763,,
275,1,0.4,0.03,-0.4162288317313156,-0.24073443309527723,-0.06802059747449862,-0.2825545004090778,,
275,1,0.4,0.04,-0.10773469924817553,-0.07852198569867214,-0.016738301242450127,-0.2131670651667331,,
275,1,0.4,0.05,-0.4203062297401155,-0.2631298838058676,-0.061467397977492566,-0.2336009771616898,,
275,1,0.4,0.06,-0.03888349575905439,-0.03055521758293466,-0.005350835426465417,-0.17512018731144308,,
275,1,0.4,0.07,0.07033259191567379,0.054592294828817445,0.00915855530467291,-0.16776278288705343,,
275,1,0.4,0.08,0.03620595941416562,0.022258586606816066,0.0044236568540352295,-0.19873934190774759,,
275,1,0.4,0.09,-0.13955682533370595,-0.07472702012302727,-0.01589663306109268,-0.2127293853671826,,
275,1,0.4,0.1,-0.2476308026691913,-0.12940405914223152,-0.026702791078840327,-0.20635203606318533,,
275,1,0.5,0.0,-0.4566169472815471,-0.32578374908107266,-0.10888496336594944,-0.33422466182882854,,
275,1,0.5,0.01,-0.5727087347016021,-0.33686472079540464,-0.12965273503266384,-0.38488071629028986,,
275,1,0.5,0.02,-0.29062250527745576,-0.23756286710094446,-0.06269457562074432,-0.2639073032996539,,
275,1,0.5,0.03,-0.43128714647048433,-0.25734686055892125,-0.08810180587433214,-0.34234653449040486,,
275,1,0.5,0.04,-0.12647628671448702,-0.09416767285073219,-0.02456263165241801,-0.2608393189386014,,
275,1,0.5,0.05,-0.43388378513944414,-0.2764851706720309,-0.0793162978860602,-0.2868736058909499,,
275,1,0.5,0.06,-0.05591752259362806,-0.044647490527723224,-0.009618652303930664,-0.21543545203191428,,
275,1,0.5,0.07,0.053972109317954826,0.04268026743504017,0.008785161591424728,-0.2058366106725043,,
275,1,0.5,0.08,0.020890804084912097,0.01312996504539681,0.0031905572373940316,-0.24299815166016747,,
275,1,0.5,0.09,-0.1532233996616248,-0.08409339657852695,-0.021816705802185865,-0.25943423252993814,,
275,1,0.5,0.1,-0.2598261426047152,-0.1391550993296854,-0.03502231511593912,-0.25167827326948666,,
275,1,0.6,0.0,-0.4721858242324272,-0.34497703209722447,-0.1351170248399045,-0.3916696251297815,,
275,1,0.6,0.01,-0.5841113050028649,-0.35557194117859814,-0.15868092872006567,-0.4462695458873758,,
275,1,0.6,0.02,-0.30866287967036715,-0.2559258661214583,-0.07990360512102435,-0.31221387010214663,,
275,1,0.6,0.03,-0.44562814775941134,-0.2743828282264135,-0.10923760159513507,-0.39812112988716286,,
275,1,0.6,0.04,-0.14495774430800384,-0.11027828360800908,-0.03378224112452588,-0.30633629776653876,,
275,1,0.6,0.05,-0.44688824982600467,-0.2901131087058698,-0.09803230106952565,-0.33791062219430895,,
275,1,0.6,0.06,-0.07283596261701356,-0.05910502689154523,-0.015034653192199432,-0.2543718188266333,,
275,1,0.6,0.07,0.03759717866024958,0.030289987485092488,0.007343732770556999,-0.24244753399687896,,
275,1,0.6,0.08,0.0055919434249417435,0.003593130144054358,0.001024838421328056,-0.28522162578048604,,
275,1,0.6,0.09,-0.16674120579110094,-0.09379382037228111,-0.02848972551095741,-0.30374842817871806,,
275,1,0.6,0.1,-0.2718191776088292,-0.14918775580618632,-0.04396664691553209,-0.29470680538053207,,
275,1,0.7000000000000001,0.0,-0.4867061539758832,-0.3644773372029357,-0.16248405777667674,-0.44580016695580715,,
275,1,0.7000000000000001,0.01,-0.5944552161612107,-0.37467561812374434,-0.18840614075468587,-0.5028513509850563,,
275,1,0.7000000000000001,0.02,-0.326060752569286,-0.2741862734558404,-0.09847529421423895,-0.3591547197934366,,
275,1,0.7000000000000001,0.03,-0.4592301732983911,-0.29182171964276094,-0.1313338713544886,-0.4500483086566121,,
275,1,0.7000000000000001,0.04,-0.16313998043302527,-0.12684006475182802,-0.04435618954157772,-0.3497017257785534,,
275,1,0.7000000000000001,0.05,-0.4593034301203023,-0.3040137778217514,-0.11754840467367123,-0.38665485990767146,,
275,1,0.7000000000000001,0.06,-0.08960968782172904,-0.07391944942782525,-0.02157989385686554,-0.29193796793543614,,
275,1,0.7000000000000001,0.07,0.021233611817529027,0.01742830319633537,0.004838739835842043,-0.27763688646749496,,
275,1,0.7000000000000001,0.08,-0.009669504504124632,-0.0063521931854544755,-0.002067491056502835,-0.3254767284529483,,
275,1,0.7000000000000001,0.09,-0.18009490568422415,-0.10382648208291054,-0.035899925308058855,-0.34576848399227283,,
275,1,0.7000000000000001,0.1,-0.2835985671930119,-0.15949804230480724,-0.053517285065814435,-0.3355356861593369,,
275,1,0.8,0.0,-0.5001567346989533,-0.38158639491094415,-0.1908279508560562,-0.5000910760997971,,
275,1,0.8,0.01,-0.6037396553962178,-0.3941441445623756,-0.2186842779286946,-0.5548332531274901,,
275,1,0.8,0.02,-0.34277938106984757,-0.29257158251401544,-0.11831379848411239,-0.4043926531328265,,
275,1,0.8,0.03,-0.47207490372009986,-0.30964017471426464,-0.1542940544036402,-0.49830114760147787,,
275,1,0.8,0.04,-0.1809853429061201,-0.14383725766966676,-0.05623791055567595,-0.39098291685197867,,
275,1,0.8,0.05,-0.4711152695372078,-0.31818537044844836,-0.13779586271572863,-0.43306787650708156,,
275,1,0.8,0.06,-0.10621014079354453,-0.08908121304155128,-0.029231578741252484,-0.3281452704019379,,
275,1,0.8,0.07,0.004907133828305442,0.004103420763995608,0.0012779923312893349,-0.31144559741539163,,
275,1,0.8,0.08,-0.024872563080831932,-0.016705271055037746,-0.006077877008661581,-0.36382989468636595,,
275,1,0.8,0.09,-0.19326956920360183,-0.11418873142839323,-0.04402988411578723,-0.38558869658165873,,
275,1,0.8,0.1,-0.2951534235523592,-0.17008128256033486,-0.06365460290375802,-0.3742598947134415,,
275,1,0.9,0.0,-0.5125226514964198,-0.3991175145026535,-0.21998924664615038,-0.551189157710311,,
275,1,0.9,0.01,-0.6119688979040647,-0.413930758967255,-0.24937317314908614,-0.6024514191002979,,
275,1,0.9,0.02,-0.3587856817716403,-0.31113832983512907,-0.13931835342481702,-0.44776981832691987,,
275,1,0.9,0.03,-0.484147387847212,-0.32781211900388063,-0.17801983469701776,-0.5430544643619791,,
275,1,0.9,0.04,-0.19845778944905343,-0.1612521019511571,-0.0693755507325261,-0.43023036532906594,,
275,1,0.9,0.05,-0.4823118690304804,-0.33262412418595594,-0.15870458343649985,-0.47712890285665177,,
275,1,0.9,0.06,-0.12260944162950321,-0.10457960170051453,-0.03796319222171318,-0.3630076191189625,,
275,1,0.9,0.07,-0.011356706030928036,-0.009675094227931145,-0.0033274018377242864,-0.34391415311681106,,
275,1,0.9,0.08,-0.03999646042759472,-0.027464326924890536,-0.010995258602000235,-0.4003469166409968,,
275,1,0.9,0.09,-0.2062507106206794,-0.12487705750725042,-0.052860594093802615,-0.42330108627626417,,
275,1,0.9,0.1,-0.3064733332877127,-0.18093210595789067,-0.07435791480326392,-0.4109713663564478,,
275,1,1.0,0.0,-0.5237951967127323,-0.4170736203287313,-0.24980860279003048,-0.5989556534242924,,
275,1,1.0,0.01,-0.6191521108533757,-0.43400607484772713,-0.2803336485350192,-0.6459210245694728,,
275,1,1.0,0.02,-0.3740503575096686,-0.32988002568083263,-0.16138411856623347,-0.4892206438785012,,
275,1,1.0,0.03,-0.4954360439381363,-0.3463088236703492,-0.20241182944306424,-0.5844836042518504,,
275,1,1.0,0.04,-0.2155230460731549,-0.17906485305636383,-0.08371234372578473,-0.4674973468938362,,
275,1,1.0,0.05,-0.4928834948357936,-0.3473242617173091,-0.18020352655932537,-0.5188336848924044,,
275,1,1.0,0.06,-0.13878049076438095,-0.12036755631138435,-0.04774465052511301,-0.39665713908488914,,
275,1,1.0,0.07,-0.027532622118007243,-0.02389632193347023,-0.0089630936199806,-0.3750825606105725,,
275,1,1.0,0.08,-0.05502069168940474,-0.03862651181469608,-0.016806118650343427,-0.4350928380737002,,
275,1,1.0,0.09,-0.21902432337138122,-0.13588707256157764,-0.06237153381361771,-0.45899534545755893,,
275,1,1.0,0.1,-0.317548377517,-0.19204444611722082,-0.08560554554261968,-0.4457590275241151,,
281,1,0.1,0.0,-0.1799797152898538,-0.11222139521572301,-0.008577236246365305,-0.07643138128765284,,
281,1,0.1,0.01,-0.28723737891458895,-0.1744428508834906,-0.013092426321794193,-0.07505281102370054,,
281,1,0.1,0.02,-0.2207349957838689,-0.168791272795186,-0.00961328604235201,-0.05695369128483866,,
281,1,0.1,0.03,-0.46958464127602145,-0.2618577847593696,-0.019412466846807197,-0.07413362510740706,,
281,1,0.1,0.04,-0.27555276959712943,-0.17473599818924096,-0.010761653542262661,-0.061588073744298956,,
281,1,0.1,0.05,-0.39840518501724465,-0.2051260267823667,-0.01467766028613382,-0.07155435376177997,,
281,1,0.1,0.06,-0.27910251860564356,-0.166506194909483,-0.009739335252570314,-0.058492329717010606,,
281,1,0.1,0.07,0.03142186803137083,0.02369908679170772,0.0010346035408228538,-0.0436558399872547,,
281,1,0.1,0.08,-0.24410764860224146,-0.11926177986839154,-0.007482385390219171,-0.0627391725871958,,
281,1,0.1,0.09,0.012908382302313524,0.006923664799329114,0.000368924438152618,-0.05328456082801205,,
281,1,0.1,0.1,0.0013049070164163385,0.0007636766589074761,3.4437068779480384e-05,-0.04509378200552367,,
281,1,0.2,0.0,-0.20259832253897705,-0.1300795054297906,-0.019310328085979434,-0.14845019607183263,,
281,1,0.2,0.01,-0.3075263028251441,-0.1923059278649731,-0.02803441165607623,-0.14578027816053848,,
281,1,0.2,0.02,-0.24100676522961023,-0.18662882822838117,-0.020992294077036733,-0.11248151893955027,,
281,1,0.2,0.03,-0.48488205279628827,-0.27529001336608655,-0.04008971310876819,-0.14562719736387977,,
281,1,0.2,0.04,-0.293162507014354,-0.1904041807007206,-0.022898796021409984,-0.12026414513136434,,
281,1,0.2,0.05,-0.413354218725495,-0.21769374783517736,-0.030456796389487062,-0.13990661970019846,,
281,1,0.2,0.06,-0.29484383159076666,-0.178393260732831,-0.02057726270161142,-0.11534775818930047,,
281,1,0.2,0.07,0.014951108752082254,0.011482876392658952,0.0009845671835098102,-0.08574220864549652,,
281,1,0.2,0.08,-0.25828575861840286,-0.1296235541503324,-0.01583394537495264,-0.12215330368575639,,
281,1,0.2,0.09,-0.0013836193940333667,-0.0007593039335617172,-7.90883002387277e-05,-0.10415894972088842,,
281,1,0.2,0.1,-0.011886774066857892,-0.007088978225648935,-0.0006273943675016991,-0.08850279229687809,,
281,1,0.30000000000000004,0.0,-0.22471329891776123,-0.1486213441530707,-0.03212727138856186,-0.2161686235018355,,
281,1,0.30000000000000004,0.01,-0.3271580733451126,-0.21071598228186678,-0.0447360958420876,-0.21230518614504437,,
281,1,0.30000000000000004,0.02,-0.26079231193386204,-0.20471038720482176,-0.03407349727255693,-0.16644732950685542,,
281,1,0.30000000000000004,0.03,-0.4994000078551515,-0.2891095556850151,-0.06193507140335697,-0.21422699521850197,,
281,1,0.30000000000000004,0.04,-0.31031377652737757,-0.20646410108448807,-0.03635771134430521,-0.1760970122812155,,
281,1,0.30000000000000004,0.05,-0.42776098832593334,-0.23062139974848453,-0.047277475593374696,-0.20500038437428383,,
281,1,0.30000000000000004,0.06,-0.31022144293841214,-0.19053599437574692,-0.03247570803453381,-0.1704439528128739,,
281,1,0.30000000000000004,0.07,-0.0015180372244281374,-0.0011872677382806294,-0.0001499497120215354,-0.12629814420687344,,
281,1,0.30000000000000004,0.08,-0.2722158084811264,-0.14033388248572554,-0.025031869341604618,-0.17837366784283765,,
281,1,0.30000000000000004,0.09,-0.015663291133773537,-0.008794568429956899,-0.0013429810364647965,-0.1527057350409835,,
281,1,0.30000000000000004,0.1,-0.025061810513507646,-0.015231084980212467,-0.001984176531050097,-0.13027151602317555,,
281,1,0.4,0.0,-0.2462555864650827,-0.16782654873217656,-0.046942897730371635,-0.2797107971593025,,
281,1,0.4,0.01,-0.3460814639457522,-0.2296492041077919,-0.06309827899377618,-0.27475940636902596,,
281,1,0.4,0.02,-0.2800413847206863,-0.22303332759369274,-0.048784614790348346,-0.2187323989499045,,
281,1,0.4,0.03,-0.5131158748448269,-0.3033247857707604,-0.08484813201665764,-0.27972699890335423,,
281,1,0.4,0.04,-0.3269729277651027,-0.2228991766223275,-0.051079426586085996,-0.22915933275353984,,
281,1,0.4,0.05,-0.4416039428858506,-0.2439113874862651,-0.0650765893462476,-0.2668042276210336,,
281,1,0.4,0.06,-0.3252111147904929,-0.2029415767063007,-0.045393213800152266,-0.22367626455295472,,
281,1,0.4,0.07,-0.01795905021795541,-0.01430368903649448,-0.0023652950138752793,-0.1653625863817689,,
281,1,0.4,0.08,-0.2858802670566474,-0.1513897431291841,-0.03505119722097838,-0.23152953757949404,,
281,1,0.4,0.09,-0.029913377381470076,-0.01718400510093716,-0.003419723923648643,-0.19900622139958177,,
281,1,0.4,0.1,-0.03820666290561045,-0.023662654120868792,-0.004033162399351031,-0.17044421047400876,,
281,1,0.5,0.0,-0.2671600640178275,-0.1876702233338688,-0.06365981246788222,-0.339211044442731,,
281,1,0.5,0.01,-0.36424952552520284,-0.24907824649569554,-0.08301339633629756,-0.33328240223391875,,
281,1,0.5,0.02,-0.29870676687226233,-0.24159265459909823,-0.06504527255707282,-0.2692353071123364,,
281,1,0.5,0.03,-0.5260106937618414,-0.317940868592934,-0.10872550181763385,-0.3419676819114351,,
281,1,0.5,0.04,-0.34310849694152906,-0.23969103057360724,-0.06700013897319379,-0.2795271012555414,,
281,1,0.5,0.05,-0.4548636519694357,-0.25756422053115613,-0.08378824386821926,-0.3253101059433985,,
281,1,0.5,0.06,-0.33978997701105135,-0.21561583317509556,-0.05928517804329969,-0.2749574424581142,,
281,1,0.5,0.07,-0.03434552830423179,-0.027857430652462982,-0.005654343204470447,-0.20297432577367017,,
281,1,0.5,0.08,-0.29926233196945334,-0.16278708589657137,-0.045864931176732404,-0.2817479711251371,,
281,1,0.5,0.09,-0.04411670621003784,-0.025928752089649242,-0.006304326394472093,-0.24314037068481903,,
281,1,0.5,0.1,-0.05130786095537493,-0.032383180595028704,-0.006770184827041059,-0.20906485103197003,,
281,1,0.6,0.0,-0.2873659770603377,-0.2081228957273652,-0.08216945572264922,-0.3948121874600897,,
281,1,0.6,0.01,-0.38161983136904065,-0.2689722547565445,-0.10436656003507883,-0.38801979828567956,,
281,1,0.6,0.02,-0.3167445267382694,-0.26038097318039166,-0.0827677295230298,-0.3178716498063336,,
281,1,0.6,0.03,-0.538069203121968,-0.3329595678436241,-0.13346156984832214,-0.4008341634771791,,
281,1,0.6,0.04,-0.35869133381753193,-0.2562156097284093,-0.08405167261719093,-0.3280505536188307,,
281,1,0.6,0.05,-0.46752285749578054,-0.2715783891785766,-0.1033441622206086,-0.38053161200781177,,
281,1,0.6,0.06,-0.35393660228227447,-0.22856316375212193,-0.07410410866237904,-0.3242171986328706,,
281,1,0.6,0.07,-0.05065128065343476,-0.041838237981230625,-0.010006533206543322,-0.23917195583218467,,
281,1,0.6,0.08,-0.3123459745111186,-0.17452080697446357,-0.057444155554107534,-0.3291536209920972,,
281,1,0.6,0.09,-0.05825623472829712,-0.03502917854489783,-0.009989856898879768,-0.2851867304303326,,
281,1,0.6,0.1,-0.06435203376097708,-0.0413916293593422,-0.010189670458569222,-0.2461770801556858,,
281,1,0.7000000000000001,0.0,-0.3068173193418638,-0.22915052318878776,-0.1023532701873332,-0.44666391663879607,,
281,1,0.7000000000000001,0.01,-0.39815467818687794,-0.28929693359274583,-0.12703665400291086,-0.43912202049726917,,
281,1,0.7000000000000001,0.02,-0.33411423843400184,-0.27938846832262476,-0.10185766028797372,-0.3645736021228809,,
281,1,0.7000000000000001,0.03,-0.5492798399108446,-0.3483790560477152,-0.1589492717870823,-0.45625381040504354,,
281,1,0.7000000000000001,0.04,-0.3736947120660431,-0.27120472852649163,-0.10216196046213055,-0.3766968261106525,,
281,1,0.7000000000000001,0.05,-0.47956651242784637,-0.2859502473617784,-0.12367409444237176,-0.4325021418355405,,
281,1,0.7000000000000001,0.06,-0.3676310729585195,-0.24178647116280352,-0.08979989147661283,-0.3714016381675356,,
281,1,0.7000000000000001,0.07,-0.06685041965908134,-0.05623456747284394,-0.015407924370062775,-0.2739938273287755,,
281,1,0.7000000000000001,0.08,-0.3251159811066507,-0.1865847286756154,-0.06975816434929138,-0.3738685627941641,,
281,1,0.7000000000000001,0.09,-0.07231509396771547,-0.044484856174517015,-0.01446747032356499,-0.32522236931166315,,
281,1,0.7000000000000001,0.1,-0.07732593971376522,-0.050686422341166104,-0.014284658367243352,-0.2818241593595717,,
281,1,0.8,0.0,-0.3254631626163266,-0.25071455134502646,-0.12408395827290497,-0.4949212465220818,,
281,1,0.8,0.01,-0.41382124197046605,-0.31001465445441395,-0.15089746721307418,-0.48674301374118706,,
281,1,0.8,0.02,-0.3507791709797652,-0.29860289567691717,-0.1222149844016358,-0.4092893477291331,,
281,1,0.8,0.03,-0.5596347132206976,-0.36419373513985165,-0.18508084569713956,-0.5081933812674396,,
281,1,0.8,0.04,-0.388094422442365,-0.286460544640373,-0.12125554672132077,-0.42328882280645963,,
281,1,0.8,0.05,-0.49098180626216487,-0.30067390503712704,-0.14470623234838675,-0.48127300016447555,,
281,1,0.8,0.06,-0.3808550393727775,-0.25528708903257225,-0.10632006990444531,-0.4164725694015802,,
281,1,0.8,0.07,-0.08291745135296201,-0.07103360184947517,-0.021841270208412533,-0.30747800533465286,,
281,1,0.8,0.08,-0.3375579911765874,-0.19897158456178243,-0.08277459542111987,-0.41601214366073275,,
281,1,0.8,0.09,-0.08627663304564898,-0.05429453335150067,-0.019726442943271638,-0.3633228195472908,,
281,1,0.8,0.1,-0.09021649595503775,-0.06026542689850183,-0.01904682333476615,-0.3160489241508989,,
281,1,0.9,0.0,-0.3432579316350246,-0.2727720290637964,-0.14722681006010374,-0.5397430615060245,,
281,1,0.9,0.01,-0.42859168800636893,-0.3310846043065979,-0.1758188508300933,-0.5310390412091703,,
281,1,0.9,0.02,-0.36670644461890556,-0.3180095850478447,-0.14373473222308908,-0.4519823897806857,,
281,1,0.9,0.03,-0.5691295524731641,-0.38039407613841514,-0.21174857178061857,-0.5566558079194929,,
281,1,0.9,0.04,-0.40186884832696,-0.3019844512191999,-0.1412541049506152,-0.46775290707958933,,
281,1,0.9,0.05,-0.5017581773964256,-0.31574113330108405,-0.16636762561124974,-0.5269114729267951,,
281,1,0.9,0.06,-0.39359176935401247,-0.269064711657445,-0.12361013408935217,-0.4594067104820651,,
281,1,0.9,0.07,-0.0988273636135611,-0.0862212718118777,-0.029286109342839595,-0.33966222867528134,,
281,1,0.9,0.08,-0.34965853125368906,-0.21167301032626126,-0.09645957063283372,-0.4557008495516561,,
281,1,0.9,0.09,-0.10012446242493903,-0.06445611203956401,-0.025754214712830348,-0.3995620259723713,,
281,1,0.9,0.1,-0.1030108072799369,-0.07012594588808073,-0.024466503663717387,-0.3488937418792942,,
281,1,1.0,0.0,-0.36016162233657406,-0.2949922788295245,-0.17164108281202206,-0.5818494080355681,,
281,1,1.0,0.01,-0.44244323496816856,-0.35246297643444213,-0.20166788449631023,-0.5721675693044609,,
281,1,1.0,0.02,-0.3818671534515065,-0.3352964532119776,-0.16630793695724133,-0.4960026727515065,,
281,1,1.0,0.03,-0.577763631365257,-0.39696648685564306,-0.23884548925390303,-0.6016767086455821,,
281,1,1.0,0.04,-0.414999023376087,-0.31777521126522945,-0.16207696683580486,-0.5100365323981427,,
281,1,1.0,0.05,-0.5118873125556368,-0.33114128548945243,-0.18858459580912412,-0.569498893894736,,
281,1,1.0,0.06,-0.40582618878121096,-0.2831173272179044,-0.14161381726539468,-0.5001948084809378,,
281,1,1.0,0.07,-0.11455571169117051,-0.1017822842728025,-0.037718872989613406,-0.3705838718309485,,
281,1,1.0,0.08,-0.3614050452343614,-0.2246795407921627,-0.11077784108351996,-0.4930481907384427,,
281,1,1.0,0.09,-0.11384249609476033,-0.07496662779654081,-0.03253643866909928,-0.43401230154573667,,
281,1,1.0,0.1,-0.11569619438919959,-0.08026470944710379,-0.030532733394651346,-0.38040047244889225,,
287,1,0.1,0.0,-0.6908553335041552,-0.32218770232284527,-0.032941176209492884,-0.10224218979185144,,
287,1,0.1,0.01,-0.4678550569826381,-0.24902309275763665,-0.021345380585284013,-0.0857164705044385,,
287,1,0.1,0.02,-0.4270207887880771,-0.2860739984952042,-0.018552413860768446,-0.06485180043749926,,
287,1,0.1,0.03,-0.4108052658536198,-0.20871790001514048,-0.01695505747901571,-0.08123432383032689,,
287,1,0.1,0.04,0.15928555035616737,0.1160093711576871,0.006226157568808066,-0.05366943641427974,,
287,1,0.1,0.05,-0.2139907046508834,-0.13579544611051136,-0.007905337914330568,-0.05821504432407214,,
287,1,0.1,0.06,-0.21527099954777507,-0.15336286239016844,-0.007477418589307061,-0.04875638386484897,,
287,1,0.1,0.07,-0.0549566492361062,-0.03685595263595164,-0.0018152531637886105,-0.04925264533843298,,
287,1,0.1,0.08,-0.1174943357099697,-0.06868202998311798,-0.0036522156008185203,-0.053175708430811285,,
287,1,0.1,0.09,-0.11742228808262499,-0.05592223156567006,-0.0033593673863784312,-0.06007212681478011,,
287,1,0.1,0.1,0.06565552316415782,0.038519022088463896,0.0017694992892429706,-0.04593832328295063,,
287,1,0.2,0.0,-0.7017449688972167,-0.3425116168976067,-0.06692082568811575,-0.19538264510345535,,
287,1,0.2,0.01,-0.4846828765980874,-0.26606526830626487,-0.044226263282819867,-0.16622336152462971,,
287,1,0.2,0.02,-0.4439615903722623,-0.2993019237015688,-0.038576853301438785,-0.12888942651736315,,
287,1,0.2,0.03,-0.42724523685962945,-0.22404051030432937,-0.035267160139918485,-0.15741421090325458,,
287,1,0.2,0.04,0.14001015640161563,0.10385581635541978,0.010945440977423448,-0.1053907365184584,,
287,1,0.2,0.05,-0.23131361601520153,-0.15007642831357756,-0.017090576917994427,-0.11387915550791546,,
287,1,0.2,0.06,-0.23156888669839698,-0.16777563712103524,-0.016087048434217488,-0.09588429351403452,,
287,1,0.2,0.07,-0.07135582165103607,-0.04866991518828737,-0.004713856569031116,-0.0968536014660146,,
287,1,0.2,0.08,-0.1327038027872298,-0.07919646006184679,-0.008249978961093696,-0.10417105707314507,,
287,1,0.2,0.09,-0.13143064925277756,-0.06428364678530485,-0.007520273090908303,-0.11698578825225309,,
287,1,0.2,0.1,0.05219312432535539,0.0311879071833303,0.002813341268065761,-0.09020615751894602,,
287,1,0.30000000000000004,0.0,-0.7113185520086154,-0.3633050755656968,-0.10175069349445587,-0.28006956229835606,,
287,1,0.30000000000000004,0.01,-0.5005592048699617,-0.28359485910704874,-0.06851241580453615,-0.24158553515483414,,
287,1,0.30000000000000004,0.02,-0.46009744690688614,-0.31284215625342693,-0.059968403005801085,-0.19168900932015676,,
287,1,0.30000000000000004,0.03,-0.4429812444852619,-0.23983873887937118,-0.05484914449745493,-0.2286917649489549,,
287,1,0.30000000000000004,0.04,0.1205515185971013,0.09110470058458575,0.014136362305300354,-0.15516611343424055,,
287,1,0.30000000000000004,0.05,-0.24830601986836423,-0.16474399425158404,-0.027519087753241744,-0.16704152329350935,,
287,1,0.30000000000000004,0.06,-0.24757778859420362,-0.18246683650650974,-0.025798775905107263,-0.1413888485110381,,
287,1,0.30000000000000004,0.07,-0.08766213388028772,-0.06082780760644651,-0.008686608522309958,-0.14280653642018415,,
287,1,0.30000000000000004,0.08,-0.14777405512281744,-0.09004833191771222,-0.013780307950708504,-0.15303235115228114,,
287,1,0.30000000000000004,0.09,-0.1453233802692253,-0.07299298426636297,-0.012472792826465406,-0.17087659796111648,,
287,1,0.30000000000000004,0.1,0.038700532413160536,0.02355533778195032,0.0031290847120595267,-0.13283973004442506,,
287,1,0.4,0.0,-0.7195823888935274,-0.3845184042391871,-0.13724372742153523,-0.35692368923949785,,
287,1,0.4,0.01,-0.5154544363153488,-0.3015974482807361,-0.09406820298990559,-0.3118998636299603,,
287,1,0.4,0.02,-0.4753975401769099,-0.32671595692314914,-0.08261679192513904,-0.25287039146536805,,
287,1,0.4,0.03,-0.45798500977311307,-0.2561008146015012,-0.07560917846654502,-0.2952320889107466,,
287,1,0.4,0.04,0.10095366339367813,0.07775391471031859,0.015784317259964542,-0.20300350559545308,,
287,1,0.4,0.05,-0.2649363540777188,-0.17978709288443145,-0.03914957723405865,-0.21775521593880104,,
287,1,0.4,0.06,-0.2632712998589493,-0.19742583485661722,-0.0365788186189836,-0.1852787840332517,,
287,1,0.4,0.07,-0.10384948625103146,-0.07332691187050568,-0.013720858974870298,-0.18711900753574823,,
287,1,0.4,0.08,-0.1626841466755791,-0.10123536116510626,-0.020227616077120647,-0.19980781264889377,,
287,1,0.4,0.09,-0.15908411162645417,-0.08205080226338943,-0.01820512902670901,-0.22187630741585118,,
287,1,0.4,0.1,0.02519224093090821,0.015619484281799533,0.002715850869711156,-0.1738758348683623,,
287,1,0.5,0.0,-0.7265495524214802,-0.4040203940925303,-0.1732156912638224,-0.42873006857211243,,
287,1,0.5,0.01,-0.5293444290170808,-0.32005459117008367,-0.1207538331523127,-0.3772913636728354,,
287,1,0.5,0.02,-0.4898353669200531,-0.3409402610259448,-0.1064073306188873,-0.31209963381470496,,
287,1,0.5,0.03,-0.47223169407755533,-0.27281204616829924,-0.09745147131768883,-0.3572110274689648,,
287,1,0.5,0.04,0.0812611834653709,0.06380337662412514,0.01588169583970145,-0.24891622794923227,,
287,1,0.5,0.05,-0.28117452019925737,-0.1951931436314142,-0.051936358607287736,-0.2660767568012524,,
287,1,0.5,0.06,-0.2786241344268066,-0.21264102849241384,-0.04838991983521279,-0.22756624240528042,,
287,1,0.5,0.07,-0.11989218200923618,-0.08616354699053734,-0.019800576065944098,-0.22980223954938436,,
287,1,0.5,0.08,-0.17741359768464923,-0.11275438323572981,-0.027573784955074898,-0.2445473440924048,,
287,1,0.5,0.09,-0.1726967973479979,-0.09145682114279378,-0.024703657125751177,-0.2701127900255876,,
287,1,0.5,0.1,0.011682771777699783,0.007379022511919821,0.0015743272889121585,-0.21335173952499048,,
287,1,0.6,0.0,-0.7322395545575208,-0.4220624195789084,-0.20948668432704332,-0.4963405283418698,,
287,1,0.6,0.01,-0.5422105362591837,-0.3389436980191898,-0.14842661308542027,-0.4379093458672799,,
287,1,0.6,0.02,-0.5033888106994248,-0.3555276417064069,-0.13122186733082786,-0.36909047831276726,,
287,1,0.6,0.03,-0.48569997048390884,-0.28995474711287145,-0.12027700131836094,-0.4148130096712657,,
287,1,0.6,0.04,0.06151901391539905,0.04925512652871993,0.01442794051030405,-0.2929226159208287,,
287,1,0.6,0.05,-0.296992002403014,-0.2109480342567204,-0.06582964827411186,-0.3120657109039387,,
287,1,0.6,0.06,-0.2936122148397604,-0.22809984615934725,-0.061191561461669264,-0.2682665617359589,,
287,1,0.6,0.07,-0.1357650171988444,-0.09933304230844961,-0.026906430478672916,-0.2708708990823305,,
287,1,0.6,0.08,-0.1919424565287619,-0.1246013288931776,-0.035798248313392955,-0.2873022995130596,,
287,1,0.6,0.09,-0.18614575610838918,-0.10120989300105214,-0.03195297889664306,-0.3157100353451701,,
287,1,0.6,0.1,-0.0018133589522698833,-0.0011668441771424795,-0.00029323388704050046,-0.25130509521726363,,
287,1,0.7000000000000001,0.0,-0.7366779696740482,-0.4405926494823731,-0.24588255083619215,-0.5580722944993871,,
287,1,0.7000000000000001,0.01,-0.5540395896105033,-0.35823796261241275,-0.1769421962236637,-0.49392363370238956,,
287,1,0.7000000000000001,0.02,-0.5160401775688119,-0.37048623327825136,-0.15693975178933595,-0.4236048136003675,,
287,1,0.7000000000000001,0.03,-0.4983720687864163,-0.3075081888107866,-0.14398425342128907,-0.4682290054717348,,
287,1,0.7000000000000001,0.04,0.04177220622365732,0.034113413433928236,0.011429551277851724,-0.3350456646617549,,
287,1,0.7000000000000001,0.05,-0.31236197604408894,-0.22703612844173507,-0.08077588619429088,-0.35578428309492877,,
287,1,0.7000000000000001,0.06,-0.3082127545817458,-0.24292267019238045,-0.07494019397822926,-0.30849403194391467,,
287,1,0.7000000000000001,0.07,-0.15144336787304802,-0.11282971429205042,-0.035015896991772544,-0.3103428667836274,,
287,1,0.7000000000000001,0.08,-0.20625135910277703,-0.13677120309496107,-0.04487808699861329,-0.3281252630895859,,
287,1,0.7000000000000001,0.09,-0.19941571091087434,-0.1113079744950142,-0.0399359825594483,-0.3587881527862781,,
287,1,0.7000000000000001,0.1,-0.015281675144612338,-0.01001836388443872,-0.002883023149089281,-0.287773850335723,,
287,1,0.8,0.0,-0.7398960150957355,-0.4596260818810408,-0.28223616526308415,-0.6140560259505286,,
287,1,0.8,0.01,-0.5648238349616472,-0.37790634380752575,-0.2061558090003659,-0.545520900557744,,
287,1,0.8,0.02,-0.5277761960529946,-0.3858196285422117,-0.18343879590174395,-0.4754522122030251,,
287,1,0.8,0.03,-0.5102337942138646,-0.3254485848606701,-0.16846995942286547,-0.5176546073936387,,
287,1,0.8,0.04,0.022065701711563985,0.018384771472257727,0.006900037594888886,-0.37531266599103025,,
287,1,0.8,0.05,-0.3272594052500207,-0.2434402835541179,-0.09671807710956404,-0.39729692924081383,,
287,1,0.8,0.06,-0.3224043330180474,-0.25650117915390613,-0.08958948146463264,-0.34927512520664494,,
287,1,0.8,0.07,-0.16690327417018555,-0.12664684721497366,-0.044103372486553494,-0.3482390083638741,,
287,1,0.8,0.08,-0.22032158543752714,-0.14925806753699197,-0.05478813436714325,-0.367069835964241,,
287,1,0.8,0.09,-0.212491827165607,-0.12174810321489923,-0.04863390933413292,-0.3994633842326771,,
287,1,0.8,0.1,-0.028707774689284902,-0.01917521634592373,-0.006189686345982048,-0.322796167423574,,
287,1,0.9,0.0,-0.7419300954146538,-0.4791195978563037,-0.3183885821043557,-0.6645284048678092,,
287,1,0.9,0.01,-0.5745608235634404,-0.3979136062908329,-0.23592344121931497,-0.5929011662066157,,
287,1,0.9,0.02,-0.53858798235574,-0.4015267638161134,-0.21059622084705965,-0.5244886264754847,,
287,1,0.9,0.03,-0.521274520353484,-0.3437491098814473,-0.1936298331745352,-0.5632882460155738,,
287,1,0.9,0.04,0.002444106305932358,0.002078084654360887,0.0008598175947198694,-0.41375484531659057,,
287,1,0.9,0.05,-0.34166112899023204,-0.25846046664566913,-0.11359614956824182,-0.4395107346299658,,
287,1,0.9,0.06,-0.33616696256413137,-0.2702316726795193,-0.10509055981723459,-0.3888906092139189,,
287,1,0.9,0.07,-0.18212152080530478,-0.14077667810675912,-0.05414030955088878,-0.3845829456909833,,
287,1,0.9,0.08,-0.23413511330532918,-0.16205502720474355,-0.0655010913940185,-0.4041904316319858,,
287,1,0.9,0.09,-0.22535974902053282,-0.13252206244720946,-0.058026426079890614,-0.43786238312587084,,
287,1,0.9,0.1,-0.04207736323114749,-0.028636494494069232,-0.01020634284340638,-0.35641034364454655,,
287,1,1.0,0.0,-0.7428213173369469,-0.49902227026627893,-0.3541900412413451,-0.7097680050478485,,
287,1,1.0,0.01,-0.583253260615188,-0.4180778582857467,-0.2661029872313859,-0.6364914619551811,,
287,1,1.0,0.02,-0.5484709720775709,-0.4176018053725873,-0.2382895805489923,-0.5706143447736981,,
287,1,1.0,0.03,-0.5314871569746809,-0.36237995532690237,-0.21935929368235862,-0.605329545571788,,
287,1,1.0,0.04,-0.017048531633096838,-0.01479536128572345,-0.00666393430082779,-0.45040700069001005,,
287,1,1.0,0.05,-0.35554593519399447,-0.27340907389879027,-0.1313473296123192,-0.48040589048240934,,
287,1,1.0,0.06,-0.3494821477675727,-0.28412019859772436,-0.12139230615539798,-0.4272568678838389,,
287,1,1.0,0.07,-0.19707571355494252,-0.15521038634629936,-0.06509536471184141,-0.41940082905665327,,
287,1,1.0,0.08,-0.2476746685724514,-0.17515422124052232,-0.07698765076818159,-0.4395420802474518,,
287,1,1.0,0.09,-0.23800563380646803,-0.14357117261914215,-0.06809170363135564,-0.4742714180651406,,
287,1,1.0,0.1,-0.0553762875230975,-0.038400687544801596,-0.014924609033734493,-0.38865473479666585,,
293,1,0.1,0.0,-0.6360558083593963,-0.2996698590710277,-0.030337155512532354,-0.1012352580488979,,
293,1,0.1,0.01,-0.45526461502818955,-0.2652991137074615,-0.020781369154251994,-0.07833184537950276,,
293,1,0.1,0.02,-0.09749714048165241,-0.07957215049263806,-0.004256282629199859,-0.053489601611227615,,
293,1,0.1,0.03,-0.24398662780365668,-0.14068132522641,-0.010099801101510986,-0.07179205260724227,,
293,1,0.1,0.04,-0.10589355289402184,-0.07046508841398455,-0.004176623849222794,-0.059272243081353995,,
293,1,0.1,0.05,-0.19475055393930235,-0.12480921645168666,-0.0072451024787161256,-0.05804941882253292,,
293,1,0.1,0.06,-0.10487786060328332,-0.07822866590885877,-0.003668621407580175,-0.04689612643854039,,
293,1,0.1,0.07,0.019150507041858784,0.010999343543986318,0.0006275226879974838,-0.05705092176528752,,
293,1,0.1,0.08,0.1666129880447813,0.09594276528572729,0.005179256709584745,-0.05398277498215101,,
293,1,0.1,0.09,0.300429685738713,0.18261852370882517,0.008832442936561602,-0.04836553684249703,,
293,1,0.1,0.1,0.42567992552245465,0.2802448212665901,0.011427229701780561,-0.04077588178127336,,
293,1,0.2,0.0,-0.6488018509879149,-0.3194221687234282,-0.061890175017842664,-0.19375666775160585,,
293,1,0.2,0.01,-0.47239144742835576,-0.2809099528474721,-0.04312630821840713,-0.15352360349376357,,
293,1,0.2,0.02,-0.11890500134796937,-0.09860129256754921,-0.010381705335400837,-0.10528974889744572,,
293,1,0.2,0.03,-0.263015108176088,-0.15550370714135195,-0.021774966137968588,-0.14002859827756564,,
293,1,0.2,0.04,-0.12521134473157502,-0.08516940384151345,-0.009877101566750368,-0.11597006813773247,,
293,1,0.2,0.05,-0.21236615566399336,-0.13982485499148595,-0.015800874808049592,-0.1130047644892013,,
293,1,0.2,0.06,-0.12204083705624501,-0.0924574835705621,-0.008537962632878648,-0.09234474380175628,,
293,1,0.2,0.07,0.0027581154118985042,0.0016199641581875841,0.0001807555270780803,-0.11157995450980197,,
293,1,0.2,0.08,0.15134526595376174,0.08903686210628392,0.009409302280134701,-0.1056787274118303,,
293,1,0.2,0.09,0.28679952512664253,0.17775109764203248,0.016863449653355067,-0.0948711421592223,,
293,1,0.2,0.1,0.414387097791869,0.2769650405873608,0.022248155329899877,-0.08032838831470618,,
293,1,0.30000000000000004,0.0,-0.6602840459036992,-0.3396937712409758,-0.09447821804202217,-0.27812761387078877,,
293,1,0.30000000000000004,0.01,-0.48858420888044063,-0.29693819964486645,-0.06690690516582698,-0.225322660559829,,
293,1,0.30000000000000004,0.02,-0.14004448638721173,-0.11805457598910776,-0.018341119907120063,-0.15536136361891043,,
293,1,0.30000000000000004,0.03,-0.28157266386391105,-0.1707979307191601,-0.03496701347423792,-0.20472738356375952,,
293,1,0.30000000000000004,0.04,-0.14430556354975183,-0.10036286620455134,-0.017074978839380917,-0.1701324352831863,,
293,1,0.30000000000000004,0.05,-0.22967120666894505,-0.15533650242263022,-0.025632657700868644,-0.16501374307455982,,
293,1,0.30000000000000004,0.06,-0.13903826423104476,-0.10701511074690066,-0.014590650963798302,-0.13634196948416344,,
293,1,0.30000000000000004,0.07,-0.013622276097138187,-0.008183029368386946,-0.0013391218249890757,-0.1636462200859785,,
293,1,0.30000000000000004,0.08,0.13594436072545238,0.08171637560885273,0.01267771649761662,-0.15514291233742852,,
293,1,0.30000000000000004,0.09,0.2729363823825249,0.17248805612790494,0.024072471567957665,-0.13956022294150747,,
293,1,0.30000000000000004,0.1,0.40281918265240546,0.27336528683084554,0.03244062300661432,-0.11867133308219967,,
293,1,0.4,0.0,-0.6704983255909303,-0.3588151893924759,-0.1279196680983763,-0.356505721831236,,
293,1,0.4,0.01,-0.5038115103340552,-0.3133885194133992,-0.09198951673206546,-0.2935318655075543,,
293,1,0.4,0.02,-0.16085764526862614,-0.13791276350826565,-0.028089258739221745,-0.20367410546115441,,
293,1,0.4,0.03,-0.29961734361680287,-0.1865591717299111,-0.04961051520459481,-0.265923753544628,,
293,1,0.4,0.04,-0.16313348909616662,-0.11603531526094067,-0.025737061513003257,-0.2218036936007426,,
293,1,0.4,0.05,-0.2466326817393309,-0.17056554541724994,-0.036700877459048376,-0.21517169466593034,,
293,1,0.4,0.06,-0.15584006601158804,-0.12189279526952901,-0.021805105445139916,-0.17888756588873467,,
293,1,0.4,0.07,-0.02996455143466273,-0.018412095446801807,-0.003927506633598421,-0.21331122494700253,,
293,1,0.4,0.08,0.12043209657875183,0.07397449310546564,0.01497479281956604,-0.20243184090787128,,
293,1,0.4,0.09,0.2588568448062778,0.16682071531984083,0.030440910722494774,-0.18247680250100382,,
293,1,0.4,0.1,0.3909865557445069,0.2694371399923357,0.04198359297603127,-0.1558196207739791,,
293,1,0.5,0.0,-0.679447502401513,-0.377682694183406,-0.16203377338950053,-0.42902091063461734,,
293,1,0.5,0.01,-0.5180473809014118,-0.33026128658419973,-0.11823600502357323,-0.35800746205059397,,
293,1,0.5,0.02,-0.18128848042404347,-0.15815430335109787,-0.03957116107667291,-0.2502060344752435,,
293,1,0.5,0.03,-0.31710978964451053,-0.20278005955675496,-0.06563363393277621,-0.3236690731635099,,
293,1,0.5,0.04,-0.18165368542014546,-0.13217453011207708,-0.03582366886793853,-0.2710330714817895,,
293,1,0.5,0.05,-0.2632189721776389,-0.18614163401119285,-0.048961309459578994,-0.26303255432169953,,
293,1,0.5,0.06,-0.17241689413286748,-0.13708069302985484,-0.03015566417954374,-0.21998476600184777,,
293,1,0.5,0.07,-0.0462427347754996,-0.029068595840409984,-0.007576396061798385,-0.2606385290639318,,
293,1,0.5,0.08,0.10483060282561953,0.0658052175963658,0.016293585795018384,-0.24760325077806936,,
293,1,0.5,0.09,0.24457803537660763,0.1607409913038705,0.035952198526729484,-0.2236654025528819,,
293,1,0.5,0.1,0.378900123289156,0.2651724785939553,0.05085721082036043,-0.19178917469122203,,
293,1,0.6,0.0,-0.6871410269684148,-0.3970517451457453,-0.1966422183734221,-0.4952558974428909,,
293,1,0.6,0.01,-0.5312713158266545,-0.34755236189476335,-0.14550498726427863,-0.4186563039624418,,
293,1,0.6,0.02,-0.20128327834741172,-0.1779759463779319,-0.05272268603650243,-0.29623489639743683,,
293,1,0.6,0.03,-0.33401342272223267,-0.21945056500144844,-0.08295870552653872,-0.3780291270883316,,
293,1,0.6,0.04,-0.19982620150508384,-0.14876620463138407,-0.047288934373993396,-0.317874173715508,,
293,1,0.6,0.05,-0.27940001481728605,-0.20148684942649817,-0.06236537043803059,-0.3095257611876119,,
293,1,0.6,0.06,-0.18874024126113512,-0.15256786726414032,-0.03961273536165766,-0.2596400937628383,,
293,1,0.6,0.07,-0.062431081464943805,-0.04015273791622765,-0.012274428025275563,-0.3056934262087985,,
293,1,0.6,0.08,0.0891622445694863,0.05720342922360507,0.016629945558771064,-0.2907158851222978,,
293,1,0.6,0.09,0.23011756738060565,0.15424145256322846,0.04059186649798496,-0.2631709298856938,,
293,1,0.6,0.1,0.3665713005641131,0.26056351324137517,0.059042875209377454,-0.22659686490595712,,
293,1,0.7000000000000001,0.0,-0.6935946920181537,-0.41688867068082697,-0.23157060796420925,-0.55547349748322,,
293,1,0.7000000000000001,0.01,-0.5434682756984427,-0.36525288656547106,-0.17365308310092087,-0.47543247291981033,,
293,1,0.7000000000000001,0.02,-0.22079091909508902,-0.19781958027939398,-0.06747110574637238,-0.341073950571922,,
293,1,0.7000000000000001,0.03,-0.35029460463049583,-0.23655790512440625,-0.10150286127907171,-0.4290825167127311,,
293,1,0.7000000000000001,0.04,-0.21761276042151637,-0.1657939364251635,-0.060081150755884716,-0.36238448794539785,,
293,1,0.7000000000000001,0.05,-0.2951474107263593,-0.2158727764716394,-0.07686043688454203,-0.3560450657132289,,
293,1,0.7000000000000001,0.06,-0.2047825490247066,-0.16834229311164686,-0.05014297080914609,-0.29786318032326314,,
293,1,0.7000000000000001,0.07,-0.07850416769976551,-0.05166352048877869,-0.018006939637889796,-0.34854263641984873,,
293,1,0.7000000000000001,0.08,0.07344955231739914,0.048164945337222556,0.01598253916360637,-0.33182928064603934,,
293,1,0.7000000000000001,0.09,0.21549349702052803,0.1473153719709853,0.04434760858161302,-0.3010385677222304,,
293,1,0.7000000000000001,0.1,0.35401198868594624,0.2556028205640143,0.06652330186473732,-0.26026043733768944,,
293,1,0.8,0.0,-0.6988302869579551,-0.43715315788758924,-0.2666498481885662,-0.6099689396665259,,
293,1,0.8,0.01,-0.5546286382219975,-0.383349105194467,-0.20253614436865874,-0.5283334214799206,,
293,1,0.8,0.02,-0.23976316122185834,-0.21786962654214911,-0.08373577097249818,-0.38433889249036113,,
293,1,0.8,0.03,-0.3659227768693482,-0.25408646833298415,-0.12117868255852382,-0.476919071501743,,
293,1,0.8,0.04,-0.23497693561052524,-0.1832392302921162,-0.07414315576098596,-0.4046249028812688,,
293,1,0.8,0.05,-0.3104345328814359,-0.23051046311563275,-0.09239018665320387,-0.40080691090736936,,
293,1,0.8,0.06,-0.22051731035939717,-0.18439086771481658,-0.06170946057617499,-0.3346665772603031,,
293,1,0.8,0.07,-0.09443697846059564,-0.06359868391545656,-0.024756042830791358,-0.3892540113518737,,
293,1,0.8,0.08,0.05771515085022949,0.038686578665754014,0.014352858599734342,-0.3710035649246938,,
293,1,0.8,0.09,0.20072427419310523,0.13995677798074269,0.04720933468166644,-0.3373136718549079,,
293,1,0.8,0.1,0.3412345497679989,0.25028337739928225,0.07328258343583838,-0.29279844389717163,,
293,1,0.9,0.0,-0.7028752090803448,-0.457798315636338,-0.3017174093716174,-0.659061859920195,,
293,1,0.9,0.01,-0.5647481044191238,-0.40182222945203067,-0.23201045292602085,-0.5773957634011837,,
293,1,0.9,0.02,-0.25815489970017325,-0.23811860581454183,-0.10142884076678216,-0.42595932568906353,,
293,1,0.9,0.03,-0.3808705748434071,-0.27201776288300994,-0.1418948807714544,-0.5216382903365061,,
293,1,0.9,0.04,-0.25188431303956693,-0.20108151703998398,-0.08941275462965337,-0.44465924042075994,,
293,1,0.9,0.05,-0.32523662218933663,-0.2454047458545564,-0.10889496070418714,-0.44373616461649734,,
293,1,0.9,0.06,-0.2359191655745321,-0.20069942609723548,-0.07427194707023577,-0.370065567772238,,
293,1,0.9,0.07,-0.11020499321998882,-0.0759546651040894,-0.03250071660373932,-0.4278962531030827,,
293,1,0.9,0.08,0.04198168770007036,0.028766193065612306,0.011745215437685808,-0.4082992633365267,,
293,1,0.9,0.09,0.1858286916498628,0.1321605046738856,0.049169215080852924,-0.37204167161877194,,
293,1,0.9,0.1,0.32825178053393017,0.24459859507399886,0.0793062450012958,-0.32423017383768343,,
293,1,1.0,0.0,-0.7057620375924264,-0.4787708777150017,-0.3366184603283302,-0.7030888385168433,,
293,1,1.0,0.01,-0.5738275616402088,-0.4206483546714804,-0.26193387308589944,-0.6226908299462282,,
293,1,1.0,0.02,-0.2759243947178737,-0.25855631332046913,-0.12045606695831035,-0.46587942646370567,,
293,1,1.0,0.03,-0.39511391698484916,-0.29033039183032294,-0.16355699531194112,-0.5633478268700451,,
293,1,1.0,0.04,-0.26830263811969857,-0.21929818838917275,-0.10582317492941429,-0.48255380359831107,,
293,1,1.0,0.05,-0.3395308713410927,-0.2605582784113588,-0.12631214175240202,-0.48477500896358217,,
293,1,1.0,0.06,-0.25096399159753513,-0.2172527630209984,-0.08778705694514,-0.40407797684329105,,
293,1,1.0,0.07,-0.12578426896674838,-0.08872655808923059,-0.04121691524787485,-0.46453864700154146,,
293,1,1.0,0.08,0.026271761587807994,0.018402756312056887,0.008166722118907899,-0.44377711579853546,,
293,1,1.0,0.09,0.17082583275531912,0.12392224031006384,0.05022171548034704,-0.4052679757458233,,
293,1,1.0,0.1,0.31507688447295923,0.23854235362635823,0.08458129492892796,-0.35457558644454484,,
299,1,0.1,0.0,-0.4915998886322642,-0.2116471104934657,-0.02343000327045086,-0.11070315685304018,,
299,1,0.1,0.01,-0.378173584837994,-0.2501714653002204,-0.01725781120066594,-0.06898393140063179,,
299,1,0.1,0.02,-0.28810904080363564,-0.19807030536624776,-0.012656779948104435,-0.06390044143518152,,
299,1,0.1,0.03,-0.125136263855433,-0.08511989611648459,-0.005244832377436559,-0.06161699692700669,,
299,1,0.1,0.04,0.03262142644725789,0.023104491663685726,0.001290390130226804,-0.05585018484760532,,
299,1,0.1,0.05,0.01254679609026434,0.006362271668262649,0.0004618208080535702,-0.07258740778978398,,
299,1,0.1,0.06,-0.07443785203669376,-0.044884443897173755,-0.002605506534198332,-0.05804921054981352,,
299,1,0.1,0.07,-0.027290312941512334,-0.016282074640391823,-0.0008999046757530715,-0.0552696567009114,,
299,1,0.1,0.08,0.1603038183631075,0.08883150858216769,0.0050071508139388765,-0.0563668330512179,,
299,1,0.1,0.09,0.45468051735415865,0.26659712046737966,0.01338495964641706,-0.0502066924914698,,
299,1,0.1,0.1,0.624974289400001,0.4133799434446935,0.016849852750061345,-0.04076117629135944,,
299,1,0.2,0.0,-0.5085372276210157,-0.22854198959788793,-0.048474497988421295,-0.21210324664500632,,
299,1,0.2,0.01,-0.3969187224738107,-0.26582948184909233,-0.036226477200394624,-0.1362771237727495,,
299,1,0.2,0.02,-0.30767266102002117,-0.21634781815637022,-0.02703243991036186,-0.12494898326556526,,
299,1,0.2,0.03,-0.1455207687374943,-0.10122725768826613,-0.012198415006949737,-0.12050524024384127,,
299,1,0.2,0.04,0.012831713440124778,0.009268433934650934,0.0010151558763873414,-0.10952830689034565,,
299,1,0.2,0.05,-0.005860093180099996,-0.003065769996450004,-0.00043139506663425475,-0.14071344788871537,,
299,1,0.2,0.06,-0.09174401280579399,-0.056598172612614704,-0.006422528815614892,-0.11347590424118087,,
299,1,0.2,0.07,-0.04373010625622376,-0.026652127635811568,-0.002884021680183313,-0.10820981047337286,,
299,1,0.2,0.08,0.14493551539905333,0.0824343539987151,0.009054232036509458,-0.10983566434754356,,
299,1,0.2,0.09,0.44261277997437365,0.2647516891277766,0.026059415228169458,-0.09842964671546423,,
299,1,0.2,0.1,0.6163071112057524,0.4138762866480186,0.03323235611052833,-0.08029538580158087,,
299,1,0.30000000000000004,0.0,-0.5243983074617276,-0.24620027401977584,-0.07497959830522705,-0.30454717649584895,,
299,1,0.30000000000000004,0.01,-0.41484934205448315,-0.28179917809418165,-0.05679448731167014,-0.20154241646754747,,
299,1,0.30000000000000004,0.02,-0.3266265082993594,-0.2350143576503753,-0.0430466169603505,-0.1831659026738691,,
299,1,0.30000000000000004,0.03,-0.16561377436266125,-0.11785139388099096,-0.020824095090378858,-0.17669791085718942,,
299,1,0.30000000000000004,0.04,-0.006946131166106711,-0.005118331408425788,-0.0008242943435808892,-0.16104747383569912,,
299,1,0.30000000000000004,0.05,-0.024235959272298897,-0.013081336553766679,-0.002676221932969347,-0.20458321838671353,,
299,1,0.30000000000000004,0.06,-0.10892047247639113,-0.06875762199885081,-0.011437447279052826,-0.1663444276656919,,
299,1,0.30000000000000004,0.07,-0.060107472936402145,-0.03742841669620388,-0.00594617541313236,-0.15886793880157485,,
299,1,0.30000000000000004,0.08,0.12943882144253863,0.07555331778097645,0.012129212643080534,-0.1605384515110539,,
299,1,0.30000000000000004,0.09,0.43019262891592464,0.26253321244960903,0.03799224351023134,-0.14471404648477998,,
299,1,0.30000000000000004,0.1,0.607250463239583,0.4140723242316716,0.049116008745655915,-0.11861698034707513,,
299,1,0.4,0.0,-0.539153705323711,-0.2646144113665535,-0.10278580911933244,-0.3884361724235412,,
299,1,0.4,0.01,-0.43192416851576804,-0.2980954836686823,-0.07884279655801973,-0.2644883967636672,,
299,1,0.4,0.02,-0.3449245767048314,-0.25404662694876545,-0.06061086391275827,-0.23858165188306907,,
299,1,0.4,0.03,-0.1853650944512302,-0.13497831231704419,-0.03107680600557383,-0.2302355502310548,,
299,1,0.4,0.04,-0.02666608607393698,-0.020051024865056267,-0.004219270342113335,-0.21042666749002084,,
299,1,0.4,0.05,-0.04254381950012655,-0.02369075033891953,-0.006263789084602789,-0.26439808764995254,,
299,1,0.4,0.06,-0.12593649471252252,-0.0813594397912086,-0.017632338972154216,-0.21672148944736835,,
299,1,0.4,0.07,-0.07639612946502455,-0.048610742893809844,-0.010076723453095404,-0.20729416695210778,,
299,1,0.4,0.08,0.11383594308141926,0.0681816426046404,0.014222836133934713,-0.20860213380906015,,
299,1,0.4,0.09,0.4174330530874171,0.25992737842247937,0.04915385073606471,-0.18910609199532372,,
299,1,0.4,0.1,0.5978097109932478,0.4139548089154971,0.06446988795307673,-0.15574136732939206,,
299,1,0.5,0.0,-0.5527806196258782,-0.2837538230314582,-0.13172960394387434,-0.4642390454392934,,
299,1,0.5,0.01,-0.44810691284105825,-0.31472896852649096,-0.1022459633561813,-0.32486988355371293,,
299,1,0.5,0.02,-0.362524537529252,-0.27341899040346856,-0.07962945703643065,-0.29123601443676633,,
299,1,0.5,0.03,-0.20472640125057862,-0.15259152421575933,-0.04290345678833707,-0.2811653989881706,,
299,1,0.5,0.04,-0.04628247330163747,-0.03552274608930704,-0.00915386806390539,-0.257690327231229,,
299,1,0.5,0.05,-0.06074700628869073,-0.034898253093968,-0.011179838792808261,-0.32035525568300277,,
299,1,0.5,0.06,-0.1427619486981225,-0.09439881837483578,-0.024985083528772822,-0.2646758080123721,,
299,1,0.5,0.07,-0.09257009647925078,-0.06019779397588763,-0.015262606705010229,-0.25354096382873603,,
299,1,0.5,0.08,0.09814938036469095,0.060313754444380155,0.015328666366120736,-0.25414876767879624,,
299,1,0.5,0.09,0.40434785850244725,0.2569201922124608,0.05951629289797311,-0.2316528427970191,,
299,1,0.5,0.1,0.5879909474705064,0.41351056874233183,0.07926374773559663,-0.19168493800937828,,
299,1,0.6,0.0,-0.5652628638671366,-0.30355615905189076,-0.16164500100989898,-0.5325044351423188,,
299,1,0.6,0.01,-0.4633664149948366,-0.3317057321160008,-0.12687332633456172,-0.3824875908089308,,
299,1,0.6,0.02,-0.3793879454308992,-0.2931035304000836,-0.1000002581013435,-0.3411772555753391,,
299,1,0.6,0.03,-0.2236514849617811,-0.1706720296446619,-0.056243386854404,-0.32954073946095547,,
299,1,0.6,0.04,-0.06575019149567231,-0.05152441481426325,-0.015605092861965209,-0.3028679300525569,,
299,1,0.6,0.05,-0.07880932920787247,-0.04670587168088535,-0.01740482008399613,-0.3726473665434052,,
299,1,0.6,0.06,-0.1593674268677522,-0.10786945393940614,-0.033469493867524513,-0.31027777229988984,,
299,1,0.6,0.07,-0.10860379007674985,-0.07218709992218453,-0.02148741761313555,-0.2976628460805092,,
299,1,0.6,0.08,0.08240185556303188,0.05194532589638901,0.015443120034156266,-0.29729566169166716,,
299,1,0.6,0.09,0.3909516366531037,0.25349804176690294,0.0690533904212991,-0.27240206646170156,,
299,1,0.6,0.1,0.5778009876484717,0.4127265466131949,0.09346811597702898,-0.22646499660373626,,
299,1,0.7000000000000001,0.0,-0.576590797930884,-0.3240485401115963,-0.1923651167451076,-0.5936305612698043,,
299,1,0.7000000000000001,0.01,-0.4776767390098777,-0.3490272814484549,-0.15259020500386422,-0.4371870427165994,,
299,1,0.7000000000000001,0.02,-0.3954804095266058,-0.3130701260059506,-0.12161561998338088,-0.3884612739481547,,
299,1,0.7000000000000001,0.03,-0.24209649471658898,-0.18919832164515707,-0.07102888054850898,-0.3754202464952316,,
299,1,0.7000000000000001,0.04,-0.08502494444369908,-0.06804472355994726,-0.02354303681889358,-0.3459935699224675,,
299,1,0.7000000000000001,0.05,-0.09669523367547621,-0.05911329465623445,-0.02491401744379307,-0.4214621700359833,,
299,1,0.7000000000000001,0.06,-0.17572435825281482,-0.12176351286777734,-0.043055470541234264,-0.3535991162474762,,
299,1,0.7000000000000001,0.07,-0.12447211097691188,-0.0845749926943596,-0.028731485943868984,-0.33971609134747366,,
299,1,0.7000000000000001,0.08,0.06661624089752775,0.04307333493288661,0.014565485573976744,-0.33815551075094386,,
299,1,0.7000000000000001,0.09,0.377259729738191,0.2496477651316021,0.07774083661432685,-0.31140209315851747,,
299,1,0.7000000000000001,0.1,0.5672473606755016,0.41158984137312227,0.10705439029489439,-0.26009969035617037,,
299,1,0.8,0.0,-0.5867611995217411,-0.34519163655478086,-0.22372367678141547,-0.6481144184555329,,
299,1,0.8,0.01,-0.49101722035454304,-0.36608064898415765,-0.1792591090418887,-0.4896710862464796,,
299,1,0.8,0.02,-0.41077172842811993,-0.333286554155609,-0.14436332469443625,-0.4331507613926546,,
299,1,0.8,0.03,-0.2600201591645632,-0.2081464104597128,-0.08718573545702346,-0.4188673504600189,,
299,1,0.8,0.04,-0.1040634629812777,-0.08507010334589593,-0.03293110821266387,-0.3871055390489611,,
299,1,0.8,0.05,-0.11436995524320004,-0.07211776177391382,-0.03367771326957303,-0.4669822307457524,,
299,1,0.8,0.06,-0.19180511676436757,-0.1360716060674985,-0.0537091784728968,-0.39471260775928735,,
299,1,0.8,0.07,-0.14015053105469608,-0.09735657074479498,-0.036971981516136565,-0.37975846142992065,,
299,1,0.8,0.08,0.05081548559083315,0.03369611851484485,0.012697928353047727,-0.37683652933063033,,
299,1,0.8,0.09,0.363288192869119,0.24535671915654966,0.08555629926470543,-0.3487016763136464,,
299,1,0.8,0.1,0.5563382998038123,0.41008775033414024,0.11999493214241919,-0.2926079407264594,,
299,1,0.9,0.0,-0.5957770791223704,-0.3669372719220191,-0.2555564659711477,-0.6964581837994863,,
299,1,0.9,0.01,-0.5033724662984781,-0.3830190096200295,-0.20674094124376163,-0.5397667897707142,,
299,1,0.9,0.02,-0.42523598864157935,-0.35371861376163927,-0.16812754252052164,-0.4753143769635429,,
299,1,0.9,0.03,-0.2773839849669661,-0.22748986890629894,-0.10463387785942435,-0.45994961605310924,,
299,1,0.9,0.04,-0.12282371855461695,-0.10258470356543145,-0.043726310679022884,-0.4262459134673328,,
299,1,0.9,0.05,-0.13179966841860935,-0.0857139684436354,-0.043661382586550945,-0.509384682325871,,
299,1,0.9,0.06,-0.2075831237693771,-0.15078277191427925,-0.06539324463492302,-0.4336917527428094,,
299,1,0.9,0.07,-0.15561517678024897,-0.1105256688431303,-0.04618303313433303,-0.41784893606824375,,
299,1,0.9,0.08,0.03502254260422352,0.0238134205129586,0.009845482100666825,-0.4134425835763152,,
299,1,0.9,0.09,0.34905375339545336,0.24061284923569815,0.09247951479720995,-0.38434985949823236,,
299,1,0.9,0.1,0.5450827300683602,0.40820781311017956,0.13226315873511774,-0.32400937583087985,,
299,1,1.0,0.0,-0.603647442521196,-0.389228535136723,-0.28770270049940505,-0.739161378284726,,
299,1,1.0,0.01,-0.5147323105657927,-0.40035778888054274,-0.23489617971155907,-0.5867156484412659,,
299,1,1.0,0.02,-0.4388516261900317,-0.373010847158145,-0.19278980094001008,-0.5168477067324351,,
299,1,1.0,0.03,-0.29415243175305716,-0.24719989973402962,-0.12328801823126745,-0.4987381401202712,,
299,1,1.0,0.04,-0.14126512679395306,-0.12057038709556583,-0.05587956910924041,-0.4634601451926123,,
299,1,1.0,0.05,-0.14895162902608108,-0.0998939870951352,-0.05482591825262628,-0.5488410248397853,,
299,1,1.0,0.06,-0.22303294436685595,-0.16588446843047644,-0.07806697506570703,-0.47061051468134013,,
299,1,1.0,0.07,-0.17084290912060424,-0.12407483376483962,-0.05633586286327463,-0.45404745792405093,,
299,1,1.0,0.08,0.019260295424883743,0.013426433413532687,0.006016026623580695,-0.4480733221018367,,
299,1,1.0,0.09,0.33457376750709555,0.23540475969428643,0.09849237444550552,-0.4183958496566289,,
299,1,1.0,0.1,0.5334902537318603,0.4059378566218734,0.1438336323819771,-0.35432426425790714,,
305,1,0.1,0.0,-0.6201615243445715,-0.28957268372954115,-0.029533446342063896,-0.10198975249215125,,
305,1,0.1,0.01,-0.214750254248658,-0.1382621480605533,-0.009814480998058928,-0.07098458353012552,,
305,1,0.1,0.02,-0.1851718088756343,-0.11823777847314207,-0.008068822516841934,-0.06824233862508489,,
305,1,0.1,0.03,-0.19797263401593593,-0.12772470561425137,-0.008228720458364869,-0.06442544078525336,,
305,1,0.1,0.04,-0.2857141903889577,-0.13464886236372064,-0.011252653195045648,-0.08357035475464608,,
305,1,0.1,0.05,-0.23160066529680393,-0.12292831134024332,-0.008590249128194727,-0.06988015237936908,,
305,1,0.1,0.06,0.06547402361783743,0.04356868374736505,0.0022956588936529077,-0.052690572590266625,,
305,1,0.1,0.07,-0.06850110548480567,-0.03337710922220766,-0.0022703126406856677,-0.06802005007596948,,
305,1,0.1,0.08,0.13868249157125104,0.0710336359378892,0.004353551494754804,-0.0612885914858911,,
305,1,0.1,0.09,0.3486773540886815,0.1738435214439873,0.010295422982341984,-0.05922235638593635,,
305,1,0.1,0.1,0.05819309707893897,0.02605980873059357,0.0015886448609891968,-0.060961493517186376,,
305,1,0.2,0.0,-0.6334004723896122,-0.3067265697007666,-0.060327827928786215,-0.19668275880906003,,
305,1,0.2,0.01,-0.23607218364507837,-0.15412769062958936,-0.021577864656422197,-0.139999921936673,,
305,1,0.2,0.02,-0.2058379508781278,-0.13483865240232148,-0.01793869059173603,-0.13303819247771703,,
305,1,0.2,0.03,-0.21757761899472974,-0.14377756299556754,-0.01808720092656979,-0.12579988525141014,,
305,1,0.2,0.04,-0.30334333743940134,-0.1483523650217459,-0.023893929598571395,-0.16106200662907502,,
305,1,0.2,0.05,-0.24882312556992195,-0.13600722489902237,-0.018458087197310014,-0.1357140196854549,,
305,1,0.2,0.06,0.047945899472001216,0.03252568210588199,0.003362170963542299,-0.10336972957545691,,
305,1,0.2,0.07,-0.08491408759189575,-0.042598875110295226,-0.005628566869623208,-0.1321294718475537,,
305,1,0.2,0.08,0.12315638664240695,0.06473551677060106,0.007732305139328766,-0.11944455725485624,,
305,1,0.2,0.09,0.33540696615559074,0.1715122858087567,0.01980717443965463,-0.11548545543693849,,
305,1,0.2,0.1,0.04454872246301401,0.02050313252312725,0.0024323193834656642,-0.11863159840195353,,
305,1,0.30000000000000004,0.0,-0.6453968190579366,-0.32448764948764935,-0.09220561858524368,-0.2841575595583745,,
305,1,0.30000000000000004,0.01,-0.25686693936719757,-0.17036554467249496,-0.03521787255995301,-0.20671945508497436,,
305,1,0.30000000000000004,0.02,-0.2260806813500629,-0.15198648574085677,-0.029554254020257464,-0.19445317046575236,,
305,1,0.30000000000000004,0.03,-0.2367791046722586,-0.1603105046887043,-0.02952512713307276,-0.18417462530235013,,
305,1,0.30000000000000004,0.04,-0.32049366323458695,-0.16263947485976998,-0.03786725509165967,-0.23282942301866963,,
305,1,0.30000000000000004,0.05,-0.2656905838346654,-0.14956583696007586,-0.029564012304071463,-0.19766554251264673,,
305,1,0.30000000000000004,0.06,0.030377873477885793,0.02101346176373971,0.003195339077989967,-0.15206152674490606,,
305,1,0.30000000000000004,0.07,-0.10121943975046535,-0.05228196802764742,-0.010064061240569688,-0.19249583786225635,,
305,1,0.30000000000000004,0.08,0.10752202317376,0.0580015236764924,0.010126065505536852,-0.17458274996387504,,
305,1,0.30000000000000004,0.09,0.32186269886553065,0.16880473226687007,0.028510993801587725,-0.16889925666606057,,
305,1,0.30000000000000004,0.1,0.030878901914910106,0.014604723089578416,0.002528939580594969,-0.17315902294645766,,
305,1,0.4,0.0,-0.6561435454041727,-0.3428430452407713,-0.12498795510647565,-0.3645631925206454,,
305,1,0.4,0.01,-0.277076195851734,-0.18699925122760552,-0.05065156395209791,-0.27086506293251156,,
305,1,0.4,0.02,-0.24584712679483026,-0.16966514881206035,-0.042850946792128974,-0.2525618672553393,,
305,1,0.4,0.03,-0.2555318039281764,-0.17730866935713072,-0.04248465538075141,-0.23960844968713782,,
305,1,0.4,0.04,-0.3371312221251074,-0.17750042253430035,-0.05311070785292504,-0.29921454323671753,,
305,1,0.4,0.05,-0.2821718235243826,-0.1635961492176952,-0.04186389115808631,-0.25589777851298073,,
305,1,0.4,0.06,0.012802114849475184,0.009031869200367117,0.0017954777902946528,-0.19879359969270508,,
305,1,0.4,0.07,-0.11739096466752408,-0.0624292956272389,-0.015562621309583413,-0.2492839483967074,,
305,1,0.4,0.08,0.09180213143013172,0.050822874775238766,0.011527491379226928,-0.22681698802373135,,
305,1,0.4,0.09,0.3080603915915196,0.16570630858503604,0.03638449125931986,-0.2195721549167714,,
305,1,0.4,0.1,0.017198704482371523,0.00835856825508237,0.0018780669779117076,-0.2246876403467498,,
305,1,0.5,0.0,-0.6656404801686474,-0.3617733277306248,-0.15849626776623227,-0.4381093232065136,,
305,1,0.5,0.01,-0.2966452823004431,-0.20404794090504938,-0.0677861708822568,-0.3322070812456768,,
305,1,0.5,0.02,-0.26508714123491184,-0.1878555128961153,-0.057755581346566554,-0.30744682685200503,,
305,1,0.5,0.03,-0.2737927577582675,-0.1947547946662241,-0.05690089638692786,-0.2921668577374237,,
305,1,0.5,0.04,-0.35322437309132526,-0.1929223600580153,-0.06955747218965769,-0.3605464507522118,,
305,1,0.5,0.05,-0.2982371932133455,-0.1780881238031025,-0.05530924934332515,-0.31057236250338666,,
305,1,0.5,0.06,-0.004749207954299898,-0.0034178877477824845,-0.000832586793636847,-0.2435968806105545,,
305,1,0.5,0.07,-0.13340291669563673,-0.07304236555599522,-0.022106674478824306,-0.3026555110934495,,
305,1,0.5,0.08,0.07601967753542845,0.043191706204767394,0.01193213278098293,-0.276259815354687,,
305,1,0.5,0.09,0.2940165241586389,0.16220286619294166,0.04340724231894444,-0.2676108217922066,,
305,1,0.5,0.1,0.003523216722393898,0.001759281225820945,0.0004809110032921726,-0.2733565255138569,,
305,1,0.6,0.0,-0.6738940859843827,-0.3812521930872105,-0.19255384973798406,-0.5050563727352457,,
305,1,0.6,0.01,-0.3155235031805225,-0.22152613558652479,-0.08652002123789548,-0.39056349269498297,,
305,1,0.6,0.02,-0.2837535840222142,-0.20653542905797587,-0.07418701546078521,-0.35919752750972533,,
305,1,0.6,0.03,-0.2915215495519366,-0.2126292089592335,-0.07270245256197838,-0.3419212859693106,,
305,1,0.6,0.04,-0.36874390820338293,-0.20888930509308715,-0.08713632272481164,-0.41714113935120406,,
305,1,0.6,0.05,-0.3138587228799296,-0.1930296479666268,-0.06984758745335518,-0.36184901225863103,,
305,1,0.6,0.06,-0.02224405702102686,-0.016333185361925736,-0.004679544452251827,-0.28650531715389127,,
305,1,0.6,0.07,-0.1492300921849265,-0.08412120969317481,-0.02967534280741868,-0.3527688547948496,,
305,1,0.6,0.08,0.06019778976396277,0.035101151810347876,0.011338454103553053,-0.3230222804315629,,
305,1,0.6,0.09,0.2797481741355336,0.1582807391257757,0.04956087478851279,-0.31312006162120515,,
305,1,0.6,0.1,-0.01013249375207678,-0.005197853403107882,-0.001659674594023386,-0.3193000004638529,,
305,1,0.7000000000000001,0.0,-0.6809171900988137,-0.4012462377225436,-0.22698734693188138,-0.5657058573813721,,
305,1,0.7000000000000001,0.01,-0.3336644188015414,-0.23944352970192284,-0.10674353688936777,-0.44579837685424234,,
305,1,0.7000000000000001,0.02,-0.30180256993801535,-0.2256797331934619,-0.09205688331934514,-0.4079093945065515,,
305,1,0.7000000000000001,0.03,-0.30868049812623216,-0.23090984196584913,-0.08981200254564403,-0.3889483522271301,,
305,1,0.7000000000000001,0.04,-0.3836631634026463,-0.22538211396629548,-0.10577213406603247,-0.46930136648665055,,
305,1,0.7000000000000001,0.05,-0.32901022912853395,-0.2084065132723186,-0.08542272023362263,-0.4098850793689125,,
305,1,0.7000000000000001,0.06,-0.03965065389295563,-0.02970993484119708,-0.009731655373109382,-0.3275555946226798,,
305,1,0.7000000000000001,0.07,-0.16484791689885944,-0.09566431467073702,-0.03824455310818842,-0.39977867650879784,,
305,1,0.7000000000000001,0.08,0.044359684079005875,0.02654542107388902,0.009747843200585304,-0.3672137342802829,,
305,1,0.7000000000000001,0.09,0.2652729716547414,0.15392682459641266,0.054829147687969204,-0.35620268157761387,,
305,1,0.7000000000000001,0.1,-0.0237534146502817,-0.012516835032632775,-0.004539201280995386,-0.36264768762719857,,
305,1,0.8,0.0,-0.6867286646565901,-0.4217148528567039,-0.2616281516739035,-0.6203911242433834,,
305,1,0.8,0.01,-0.35102608365632865,-0.25780476329179874,-0.12834029332990593,-0.4978197132247815,,
305,1,0.8,0.02,-0.3191936895622193,-0.2452602791657936,-0.11127038160774316,-0.4536828465914183,,
305,1,0.8,0.03,-0.3252348281186942,-0.24957225575214112,-0.10814692635539325,-0.43332912157831244,,
305,1,0.8,0.04,-0.397958111009034,-0.24237848550228885,-0.12538641089527647,-0.5173165870536492,,
305,1,0.8,0.05,-0.3436674087707449,-0.2242024103989275,-0.1019751356861952,-0.45483514429996075,,
305,1,0.8,0.06,-0.05693760678573726,-0.043542539143254164,-0.01597083132253141,-0.3667868626123907,,
305,1,0.8,0.07,-0.18023253002368675,-0.10766855971181385,-0.047787163524395604,-0.44383582033885227,,
305,1,0.8,0.08,0.028528589290681295,0.017519874551442847,0.007164606354703729,-0.4089416470230198,,
305,1,0.8,0.09,0.25060905194261646,0.14912866469990102,0.05919802161391252,-0.39695937553682,,
305,1,0.8,0.1,-0.037324625173104455,-0.02020090420423599,-0.008151561191412915,-0.40352457043500006,,
305,1,0.9,0.0,-0.6913530620882594,-0.442610258283236,-0.2963136857896159,-0.6694686357675838,,
305,1,0.9,0.01,-0.367571240783468,-0.27660919972630865,-0.1511881265822692,-0.5465766385639469,,
305,1,0.9,0.02,-0.33589019825817384,-0.26524600160847517,-0.13172710091313533,-0.4966223811643929,,
305,1,0.9,0.03,-0.34115281659636204,-0.2685896969275817,-0.1276199641318294,-0.4751483976924061,,
305,1,0.9,0.04,-0.4116074335340127,-0.2598529973729226,-0.14589783329207884,-0.5614629608551199,,
305,1,0.9,0.05,-0.3578079202669405,-0.2403989405027307,-0.11944237094810295,-0.4968506545757684,,
305,1,0.9,0.06,-0.07407403531936464,-0.05782385656597643,-0.02337474279356777,-0.4042404672005477,,
305,1,0.9,0.07,-0.19536086432167504,-0.12012916280188736,-0.058273105662045244,-0.48508708712260923,,
305,1,0.9,0.08,0.012727672209132481,0.00802109606519183,0.0035959491474895078,-0.4483114425090118,,
305,1,0.9,0.09,0.23577500575897214,0.14387452871420123,0.06265572013896326,-0.4354886212237426,,
305,1,0.9,0.1,-0.05083133183681642,-0.028252501872275286,-0.012489048416039483,-0.44205106055740934,,
305,1,1.0,0.0,-0.6948202115496348,-0.4638776919141009,-0.3308885609578892,-0.7133099235545086,,
305,1,1.0,0.01,-0.38326747100148767,-0.2958507215365952,-0.1751602727772653,-0.5920562636031932,,
305,1,1.0,0.02,-0.3518591725093196,-0.2856030096188897,-0.15332189230852988,-0.5368357025128114,,
305,1,1.0,0.03,-0.3564059150040151,-0.2879331708965537,-0.14813990119663278,-0.5144940429592091,,
305,1,1.0,0.04,-0.4245925785621199,-0.2777771761997441,-0.16722281204323275,-0.6020034271029744,,
305,1,1.0,0.05,-0.3714114526388241,-0.25697564393542044,-0.13775940164694445,-0.536079604810969,,
305,1,1.0,0.06,-0.09102969198669895,-0.07254517175411329,-0.03191695125008609,-0.43995968964366544,,
305,1,1.0,0.07,-0.21021072200779298,-0.13303963617193157,-0.06966954124379954,-0.52367507344776,,
305,1,1.0,0.08,-0.0030200368305908073,-0.0019530391180687641,-0.00094805665149722,-0.4854263505150336,,
305,1,1.0,0.09,0.22078982795442778,0.13815349541945926,0.0651927818751088,-0.47188659018124435,,
305,1,1.0,0.1,-0.06425890381815136,-0.036673231173438035,-0.017542386029914758,-0.47834307118867914,,
311,1,0.1,0.0,-0.12294023619079064,-0.08364178465691852,-0.005852069487918166,-0.06996586110545294,,
311,1,0.1,0.01,-0.125146448265083,-0.08839133400976298,-0.005721640619426149,-0.06473078705650244,,
311,1,0.1,0.02,-0.04726482677111023,-0.03450723268907924,-0.002062462062964676,-0.05976897891372782,,
311,1,0.1,0.03,-0.4437251719461103,-0.26311383130007643,-0.01848190558560192,-0.07024300278811133,,
311,1,0.1,0.04,-0.4821034777610864,-0.25729243982058775,-0.019005407693673093,-0.0738669496349202,,
311,1,0.1,0.05,-0.3650443720358812,-0.19562028021457853,-0.013692350767516293,-0.0699945361109644,,
311,1,0.1,0.06,-0.07032676044001565,-0.03769089324484485,-0.0024697961569076776,-0.06552766316424413,,
311,1,0.1,0.07,0.06878382768442581,0.03339316762913466,0.002286191222270695,-0.06846284388654561,,
311,1,0.1,0.08,0.2670688063531913,0.10650931878997877,0.008339869027924607,-0.07830177793522126,,
311,1,0.1,0.09,0.4178217131759408,0.20172624925312949,0.012250063731051863,-0.06072617607478677,,
311,1,0.1,0.1,0.6626163636237777,0.36726801417532146,0.018192710622374708,-0.04953524380070331,,
311,1,0.2,0.0,-0.14607081776102054,-0.10174458137342718,-0.013906213330645234,-0.1366776799602337,,
311,1,0.2,0.01,-0.14735960695474787,-0.10643630888780897,-0.013474432946415482,-0.1265962065691177,,
311,1,0.2,0.02,-0.06891946908484027,-0.05133467997060841,-0.006014780973408018,-0.11716798423311048,,
311,1,0.2,0.03,-0.45967024139045176,-0.2772097900759242,-0.03829208951400642,-0.13813397248170314,,
311,1,0.2,0.04,-0.4964780665447461,-0.2708900666105498,-0.03914416095677076,-0.144502016801698,,
311,1,0.2,0.05,-0.38077952610224464,-0.2100914169564945,-0.02856511282397245,-0.1359651585856441,,
311,1,0.2,0.06,-0.08770482270707815,-0.048279874459294755,-0.0061601880339410275,-0.12759329022561447,,
311,1,0.2,0.07,0.052174538719728054,0.026098652202594882,0.0034682853938956537,-0.1328913603266768,,
311,1,0.2,0.08,0.25231348493838485,0.10430094582343011,0.01575819690138225,-0.15108393099386772,,
311,1,0.2,0.09,0.4053661611456138,0.20097345955921436,0.023769761847463267,-0.11827313865022958,,
311,1,0.2,0.1,0.6544156094697817,0.37019448455181964,0.03593510351823581,-0.0970708776543256,,
311,1,0.30000000000000004,0.0,-0.1688196304103067,-0.11931595884139577,-0.02410791386196598,-0.20205104242603564,,
311,1,0.30000000000000004,0.01,-0.16922059654872595,-0.12505094735924546,-0.023210073932082742,-0.18560494280307216,,
311,1,0.30000000000000004,0.02,-0.09040067303842002,-0.06872759370163013,-0.011834252107457921,-0.17219069474241214,,
311,1,0.30000000000000004,0.03,-0.47485729229848567,-0.2916421361561832,-0.05933583351427074,-0.2034542549177277,,
311,1,0.30000000000000004,0.04,-0.5101342656667183,-0.28475777380665496,-0.06033129905555157,-0.21186883943163343,,
311,1,0.30000000000000004,0.05,-0.39599022437380255,-0.22496851892442002,-0.04455927115704694,-0.19806891813168306,,
311,1,0.30000000000000004,0.06,-0.10495662529233452,-0.05935101341929118,-0.011057873340125202,-0.18631313440270594,,
311,1,0.30000000000000004,0.07,0.035523526793198056,0.01830823004677874,0.0035421222345159986,-0.1934715822045955,,
311,1,0.30000000000000004,0.08,0.23732909283586423,0.1016704415147708,0.022233523762595908,-0.2186822780676702,,
311,1,0.30000000000000004,0.09,0.39258889703035116,0.19986358078920843,0.034530797637364774,-0.172771835173831,,
311,1,0.30000000000000004,0.1,0.6457907597493923,0.3728581886804038,0.05319224694575264,-0.14266079855724045,,
311,1,0.4,0.0,-0.19111349105464745,-0.13702249906093575,-0.03638871908444252,-0.26556747493168964,,
311,1,0.4,0.01,-0.1906644917722972,-0.1442167825520008,-0.03486838710742679,-0.24177759682618188,,
311,1,0.4,0.02,-0.11164852765797727,-0.08667349195845678,-0.01948771366881974,-0.22484052769167692,,
311,1,0.4,0.03,-0.4892604246377013,-0.306416819462328,-0.08151410419441962,-0.26602359602013054,,
311,1,0.4,0.04,-0.5230530543594613,-0.29886288315350157,-0.08247886192141385,-0.27597559473135097,,
311,1,0.4,0.05,-0.4106515327526697,-0.24023774613369595,-0.06161206976904254,-0.2564629029393012,,
311,1,0.4,0.06,-0.1220510658828693,-0.07090504490824735,-0.017145180672504146,-0.2418048066211703,,
311,1,0.4,0.07,0.018858154301994886,0.010013301243262824,0.0025071792765734013,-0.25038488463135855,,
311,1,0.4,0.08,0.2221363369190776,0.09859750128695904,0.027746976242490007,-0.28141662699681363,,
311,1,0.4,0.09,0.3795037898180345,0.1983796004678894,0.044506500881527966,-0.22435018911499413,,
311,1,0.4,0.1,0.6367461875341276,0.37524182690102414,0.06992968942907662,-0.18635899416277404,,
311,1,0.5,0.0,-0.21288241568209126,-0.15512111073415857,-0.05066700406342639,-0.326628682734601,,
311,1,0.5,0.01,-0.21162906404476464,-0.16391202417186662,-0.04837793904165899,-0.29514576057540043,,
311,1,0.5,0.02,-0.13260455666415288,-0.10515704670787435,-0.028931859712562402,-0.27513001380625435,,
311,1,0.5,0.03,-0.5028574276002714,-0.32153684197153826,-0.10472432135375431,-0.325699290667986,,
311,1,0.5,0.04,-0.535218462216829,-0.3133364749871979,-0.10549649140523842,-0.3366875542004764,,
311,1,0.5,0.05,-0.4247406872670884,-0.2558833614919605,-0.07965741867026066,-0.3113036275817542,,
311,1,0.5,0.06,-0.13895764291752422,-0.08294110510086002,-0.02440017500474634,-0.29418676029303753,,
311,1,0.5,0.07,0.002205809699283156,0.0012066056314355923,0.0003665761954712021,-0.30380779429568716,,
311,1,0.5,0.08,0.20675650413087288,0.09506241549493535,0.032282358031036074,-0.3395911818878196,,
311,1,0.5,0.09,0.3661254486246839,0.19650476115919865,0.05367193635199752,-0.2731330072380033,,
311,1,0.5,0.1,0.627287077307603,0.37732794650421164,0.08611357114847817,-0.22821943602716158,,
311,1,0.6,0.0,-0.23406010199199181,-0.17363859512721755,-0.06684887016553276,-0.3849885454127031,,
311,1,0.6,0.01,-0.23205517840638618,-0.1841115454567496,-0.063656764684481,-0.3457510745812238,,
311,1,0.6,0.02,-0.15321207333091882,-0.12416004446900093,-0.040113646077255205,-0.3230801523051193,,
311,1,0.6,0.03,-0.5156298297915458,-0.3370021192521554,-0.1288611388377766,-0.3823748619852409,,
311,1,0.6,0.04,-0.5466175884680483,-0.32817588395369157,-0.12929203709062576,-0.3939717798059469,,
311,1,0.6,0.05,-0.438237165563496,-0.270311548311711,-0.09862631696183544,-0.36486164789417,,
311,1,0.6,0.06,-0.15564657564489928,-0.0954566558403335,-0.03279678847355649,-0.3435778069620872,,
311,1,0.6,0.07,-0.014406191613152009,-0.008117673349852948,-0.002872940624657483,-0.35391182926934683,,
311,1,0.6,0.08,0.19121139613067367,0.09104621633715676,0.035826228202799015,-0.39349497040194975,,
311,1,0.6,0.09,0.35246918762195273,0.19422264411097323,0.06200400614100432,-0.3192419010914969,,
311,1,0.6,0.1,0.617419423295669,0.37909899249854373,0.1017107350553983,-0.26829597827482754,,
311,1,0.7000000000000001,0.0,-0.25458437063349176,-0.19259585127444093,-0.08482916834657073,-0.4404516908606341,,
311,1,0.7000000000000001,0.01,-0.25188715840215525,-0.20478689951949966,-0.08061319133732037,-0.3936442786451017,,
311,1,0.7000000000000001,0.02,-0.1734165180037965,-0.1436613677720752,-0.05297078392869814,-0.3687197522213384,,
311,1,0.7000000000000001,0.03,-0.5275629212575881,-0.35280934617783827,-0.15381722972506673,-0.43597833048201934,,
311,1,0.7000000000000001,0.04,-0.5572406009567568,-0.34337562553350276,-0.15377216106557978,-0.44782491717827655,,
311,1,0.7000000000000001,0.05,-0.4511227440853758,-0.28474397553465425,-0.118447288249934,-0.4159782064836648,,
311,1,0.7000000000000001,0.06,-0.17208891976910562,-0.10844741664167017,-0.04230497537822109,-0.3900966633258251,,
311,1,0.7000000000000001,0.07,-0.03095070593814682,-0.01796380952301972,-0.007201033183913075,-0.4008633677998708,,
311,1,0.7000000000000001,0.08,0.1755232615459586,0.08653082728339578,0.038367966774004,-0.4434022876996849,,
311,1,0.7000000000000001,0.09,0.3385509881423551,0.19151725549886098,0.06948154524093964,-0.36279522208040865,,
311,1,0.7000000000000001,0.1,0.6071500252153019,0.38053736159145907,0.1166888372163224,-0.3066422616909777,,
311,1,0.8,0.0,-0.2743975605055412,-0.21200766264459425,-0.10449263096593564,-0.49287195407226936,,
311,1,0.8,0.01,-0.2710731154408674,-0.22590636715686818,-0.09914674972512816,-0.43888426418845106,,
311,1,0.8,0.02,-0.1931657751454651,-0.16363699918666388,-0.06743231452513432,-0.4120847660388405,,
311,1,0.8,0.03,-0.5386457478053809,-0.36895187299836807,-0.17948406778660797,-0.4864701358689182,,
311,1,0.8,0.04,-0.5670807152906395,-0.35892726969326266,-0.17884293619901015,-0.498270684063232,,
311,1,0.8,0.05,-0.4633815407740214,-0.29951017093386534,-0.13904682458375572,-0.46424742154902837,,
311,1,0.8,0.06,-0.1882566779846386,-0.12190730559271457,-0.05289089011233439,-0.43386152991552346,,
311,1,0.8,0.07,-0.047400858928785684,-0.02833444074371727,-0.012603826365495285,-0.4448235445864585,,
311,1,0.8,0.08,0.15971472615311955,0.08149921360974159,0.03989982704865436,-0.4895731539167285,,
311,1,0.8,0.09,0.3243874581045012,0.18837311478000227,0.07608540982954115,-0.4039080094757683,,
311,1,0.8,0.1,0.5964864814213011,0.3816254592588938,0.1310164558847826,-0.34331162323188025,,
311,1,0.9,0.0,-0.2934468742770475,-0.2318824649022937,-0.12571509517477863,-0.542150072571249,,
311,1,0.9,0.01,-0.28956523964017017,-0.24743503786946108,-0.11914915956949224,-0.4815371363547614,,
311,1,0.9,0.02,-0.2124104670389182,-0.1840600495135464,-0.0834192578234384,-0.453217621335579,,
311,1,0.9,0.03,-0.5488710783415548,-0.3854195982007638,-0.20575269741125513,-0.5338407760574728,,
311,1,0.9,0.04,-0.5761341547961792,-0.37481933397703054,-0.20441043267519587,-0.5453572271907469,,
311,1,0.9,0.05,-0.4750000432481618,-0.31460448697930093,-0.1603498351014151,-0.5096870570443108,,
311,1,0.9,0.06,-0.2041229047401096,-0.13582839029779134,-0.06451708656259814,-0.4749897014987096,,
311,1,0.9,0.07,-0.06373014167699216,-0.03923048279759762,-0.01906398144168664,-0.48594817300729404,,
311,1,0.9,0.08,0.143808721329576,0.07593553253360384,0.04041697439716274,-0.5322537822366225,,
311,1,0.9,0.09,0.30999578891663127,0.18477534461805636,0.08179855775203859,-0.4426919507097766,,
311,1,0.9,0.1,0.58543717944192,0.3823457597496069,0.144663198799178,-0.3783570109262255,,
311,1,1.0,0.0,-0.3116846710417587,-0.25222211328734556,-0.14836479982229944,-0.5882307379340445,,
311,1,1.0,0.01,-0.307320049708991,-0.2693349254456312,-0.1405053762176668,-0.521675293262439,,
311,1,1.0,0.02,-0.23110422158363586,-0.20490081151705689,-0.10084532667716684,-0.49216655576189366,,
311,1,1.0,0.03,-0.5582353462201812,-0.4021988847415078,-0.23251448454315327,-0.5781082279544105,,
311,1,1.0,0.04,-0.5844000920794045,-0.3910372013538539,-0.23038128780504874,-0.5891544001630018,,
311,1,1.0,0.05,-0.4859671225440967,-0.330018832270211,-0.1822800956016466,-0.5523324058440408,,
311,1,1.0,0.06,-0.2196618046190082,-0.15020084996417024,-0.07714273734109611,-0.5135972090670471,,
311,1,1.0,0.07,-0.07991250470821867,-0.05065105162477448,-0.02656078804625195,-0.5243876917505207,,
311,1,1.0,0.08,0.12782841112858165,0.0698252813596252,0.03991751119935061,-0.5716770548157355,,
311,1,1.0,0.09,0.2953937100307678,0.18070976179401638,0.08660612073324692,-0.4792553532994287,,
311,1,1.0,0.1,0.574011283906728,0.38268086883959035,0.15759980820549324,-0.4118309041248542,,
317,1,0.1,0.0,-0.476975172873882,-0.24919535792662187,-0.02271415891046047,-0.09115000816808508,,
317,1,0.1,0.01,-0.5285375457002944,-0.2904323539125042,-0.024128621679244233,-0.083078284337816,,
317,1,0.1,0.02,-0.5378857671998694,-0.28700279584522626,-0.023510013415436237,-0.08191562505932738,,
317,1,0.1,0.03,-0.27315819386025475,-0.1771415621099981,-0.011384348211869288,-0.06426695167563243,,
317,1,0.1,0.04,-0.20828312963705373,-0.11434499538392656,-0.008220202517326025,-0.07188948226134204,,
317,1,0.1,0.05,-0.42662031819828766,-0.20992238868004798,-0.015792513219740067,-0.07523024732635897,,
317,1,0.1,0.06,-7.006335635394463e-05,-3.753018170915037e-05,-2.4323032420392465e-06,-0.06480925834276517,,
317,1,0.1,0.07,0.09558340769067704,0.05045297525807311,0.0031432566096054604,-0.06230071851119424,,
317,1,0.1,0.08,0.22628497201262548,0.12369447162853253,0.0070025020987163344,-0.05661127782448987,,
317,1,0.1,0.09,0.25850017674038256,0.12903580334302614,0.007603664499903351,-0.0589267808074161,,
317,1,0.1,0.1,0.6075154618133091,0.3256117524623313,0.016893137314680784,-0.051881227219017785,,
317,1,0.2,0.0,-0.49427016803042473,-0.26570858644388823,-0.04707553675675946,-0.1771697986384071,,
317,1,0.2,0.01,-0.5438733555737865,-0.30579793516258014,-0.04965745402504396,-0.16238649223920737,,
317,1,0.2,0.02,-0.5523810121758126,-0.3020390500751701,-0.048287148679507785,-0.15987054875020398,,
317,1,0.2,0.03,-0.29195172478869946,-0.1916083678988124,-0.02433520334191952,-0.1270049090693724,,
317,1,0.2,0.04,-0.2268225776166979,-0.12822483631015025,-0.01790377863785908,-0.1396280093082234,,
317,1,0.2,0.05,-0.4411707342610184,-0.22430511753597512,-0.032662273013172816,-0.14561537147245107,,
317,1,0.2,0.06,-0.01741963788001727,-0.009587160283675405,-0.0012094722233023658,-0.126155419072507,,
317,1,0.2,0.07,0.0791947558544913,0.042884441798420575,0.005208632874678321,-0.12145740171136268,,
317,1,0.2,0.08,0.21139396714556963,0.11828013142575285,0.013083384949754695,-0.1106135476182442,,
317,1,0.2,0.09,0.2445574015882737,0.1252356023629716,0.014387088288244643,-0.11488017797484137,,
317,1,0.2,0.1,0.5982742352612468,0.32781393575470846,0.033272334428945616,-0.101497620448455,,
317,1,0.30000000000000004,0.0,-0.5105135114511674,-0.28278332865580474,-0.07293389059542366,-0.25791439312250464,,
317,1,0.30000000000000004,0.01,-0.5581747127386728,-0.32076810372858516,-0.07644482355599336,-0.23831803308185656,,
317,1,0.30000000000000004,0.02,-0.5659191684065835,-0.31750679484683386,-0.07420590794149495,-0.23371439334799776,,
317,1,0.30000000000000004,0.03,-0.310224555867489,-0.20636402131867632,-0.03878746214372886,-0.1879565143956541,,
317,1,0.30000000000000004,0.04,-0.24498924098262675,-0.1426333082568028,-0.02900659086915669,-0.2033647765985491,,
317,1,0.30000000000000004,0.05,-0.45514467486931953,-0.23803344651163955,-0.050545259952390675,-0.21234520061414594,,
317,1,0.30000000000000004,0.06,-0.03472972411182511,-0.019639901821254607,-0.0036170071610149845,-0.1841662546958663,,
317,1,0.30000000000000004,0.07,0.06273624429878268,0.03485462303063907,0.006189236792816466,-0.1775729086892088,,
317,1,0.30000000000000004,0.08,0.19631608423707508,0.11244190132799635,0.018225299448588972,-0.16208636845641053,,
317,1,0.30000000000000004,0.09,0.23041776233249936,0.12104632775579459,0.020332899362243584,-0.1679761768838149,,
317,1,0.30000000000000004,0.1,0.5886267237177517,0.3297271474228969,0.04910369873307219,-0.14892221983194318,,
317,1,0.4,0.0,-0.5256734121679548,-0.3004191500295223,-0.1001329217790885,-0.33331071527646755,,
317,1,0.4,0.01,-0.5714205924277224,-0.33624128039300855,-0.10434521752773518,-0.31032839693500297,,
317,1,0.4,0.02,-0.5784824676208031,-0.33338459851836094,-0.10113768687473867,-0.3033664042196856,,
317,1,0.4,0.03,-0.32793583443176905,-0.2214248538928364,-0.0546692109442064,-0.24689735584364353,,
317,1,0.4,0.04,-0.26274453266700004,-0.15756185495463298,-0.04147841013540621,-0.26325159822057914,,
317,1,0.4,0.05,-0.46852210221010593,-0.2514684272828988,-0.06937448759254339,-0.2758775260263507,,
317,1,0.4,0.06,-0.051969384446629914,-0.030198995708759457,-0.007216628426291782,-0.23896915301055996,,
317,1,0.4,0.07,0.04623431751168616,0.026355933795281082,0.006081654865434549,-0.23075087806311928,,
317,1,0.4,0.08,0.18107214504988273,0.10616985212510921,0.02241347385031167,-0.2111095890375727,,
317,1,0.4,0.09,0.2160986159673414,0.11645649504151126,0.02542576791132123,-0.2183284659413641,,
317,1,0.4,0.1,0.5785793807068703,0.3313338748026754,0.0643540554279931,-0.1942272140641186,,
317,1,0.5,0.0,-0.5397246099656674,-0.3186099569043485,-0.12851183096995278,-0.40335158454741565,,
317,1,0.5,0.01,-0.5835956501575964,-0.3522210150007256,-0.13321058050519274,-0.3782016825569545,,
317,1,0.5,0.02,-0.59005793136823,-0.34874319173195956,-0.12895182144870676,-0.36976154518829374,,
317,1,0.5,0.03,-0.34504755008269145,-0.23680414771086652,-0.07190231792576884,-0.30363622690241154,,
317,1,0.5,0.04,-0.2800517725142764,-0.1729994412245703,-0.05526329207303038,-0.3194420264126355,,
317,1,0.5,0.05,-0.48128521602835317,-0.26528278527403804,-0.08908041661837252,-0.33579418478418094,,
317,1,0.5,0.06,-0.0691079610388924,-0.041266123356002084,-0.01199567979847116,-0.29069073668453543,,
317,1,0.5,0.07,0.02971553849258186,0.017381901170983288,0.004885971583952209,-0.2810953494608905,,
317,1,0.5,0.08,0.16568342317254617,0.0994548130907811,0.025635783679517354,-0.25776312762377157,,
317,1,0.5,0.09,0.20161776140748192,0.11145520559221468,0.02965247131153248,-0.26604832994542293,,
317,1,0.5,0.1,0.568139473322433,0.3326165501477467,0.07899106063966865,-0.23748385522181983,,
317,1,0.6,0.0,-0.5526483941324888,-0.3373436257370793,-0.1579068785107013,-0.468089112890995,,
317,1,0.6,0.01,-0.5946901761973818,-0.36870548563731825,-0.16289159846327705,-0.4417932599557453,,
317,1,0.6,0.02,-0.6006373311929043,-0.3645734162479154,-0.1575166242565017,-0.432057350416872,,
317,1,0.6,0.03,-0.3615247093235872,-0.2525120332079237,-0.09040306907813522,-0.3580148950909418,,
317,1,0.6,0.04,-0.2968763528454455,-0.1889324972941455,-0.07029999253172026,-0.372090527244085,,
317,1,0.6,0.05,-0.4934184953598729,-0.2794737691496138,-0.10959137825985976,-0.3921347559498186,,
317,1,0.6,0.06,-0.08611519603795832,-0.052841322953148945,-0.01793733113102669,-0.3394565110894477,,
317,1,0.6,0.07,0.013206494626831215,0.007927252329892892,0.0026057703441486613,-0.32871040755477865,,
317,1,0.6,0.08,0.1501715788461181,0.09228844582092587,0.027882809539260478,-0.30212676452872084,,
317,1,0.6,0.09,0.1869933910421419,0.10603221774449949,0.0330019505699215,-0.3112445563427207,,
317,1,0.6,0.1,0.5573150739778608,0.3335576094808639,0.09298331315698438,-0.2787623802128214,,
317,1,0.7000000000000001,0.0,-0.5644325597091318,-0.35660168361506084,-0.18815292931824734,-0.5276277089071512,,
317,1,0.7000000000000001,0.01,-0.6047000023533934,-0.38568717809238673,-0.19323895517817513,-0.5010250953478341,,
317,1,0.7000000000000001,0.02,-0.6102171120405827,-0.3808684435415434,-0.18670039914907122,-0.4901965555692113,,
317,1,0.7000000000000001,0.03,-0.37733548553329777,-0.26855537459829104,-0.11008284062466878,-0.4099074196125557,,
317,1,0.7000000000000001,0.04,-0.3131858884818795,-0.20534488210716595,-0.08652241798762639,-0.4213517137596438,,
317,1,0.7000000000000001,0.05,-0.5049087264887944,-0.29396609006588487,-0.13083400340747975,-0.4450649507844823,,
317,1,0.7000000000000001,0.06,-0.10296134937253813,-0.06492291272624616,-0.025020676405066666,-0.3853905401713692,,
317,1,0.7000000000000001,0.07,-0.0032662965089071696,-0.0020120003514639087,-0.0007518842272965509,-0.37369984888396685,,
317,1,0.7000000000000001,0.08,0.13455859203252116,0.08466331738117648,0.029147882438204098,-0.34427994720514765,,
317,1,0.7000000000000001,0.09,0.1722440406733766,0.10017801790829262,0.03546535788609484,-0.3540233538914834,,
317,1,0.7000000000000001,0.1,0.5461150494437566,0.33413955448975197,0.10630046426524498,-0.31813193869720446,,
317,1,0.8,0.0,-0.5750713035536821,-0.37635905926135776,-0.2190849623482236,-0.5821168826869738,,
317,1,0.8,0.01,-0.6136263634681552,-0.4031525973507426,-0.22410454654707468,-0.5558802002510821,,
317,1,0.8,0.02,-0.6187982806794943,-0.39761640384351365,-0.21637242354944874,-0.5441737852309647,,
317,1,0.8,0.03,-0.39245134335819365,-0.284937649223088,-0.13084880042196323,-0.45921906346436153,,
317,1,0.8,0.04,-0.3289503502389601,-0.22221786737123272,-0.10386010626291364,-0.4673796373421541,,
317,1,0.8,0.05,-0.5157450171959412,-0.3088241504355355,-0.15273365387714744,-0.49456512277859993,,
317,1,0.8,0.06,-0.11961731337140548,-0.07750742230607405,-0.0332208554380411,-0.42861515000270717,,
317,1,0.8,0.07,-0.019676480893944675,-0.012438477850737666,-0.005176482414087413,-0.4161668715581964,,
317,1,0.8,0.08,0.11886669404213593,0.0765729721834742,0.02942711633368522,-0.38430160792473606,,
317,1,0.8,0.09,0.15738853805125902,0.09388389116531974,0.03703609504836658,-0.3944882832258186,,
317,1,0.8,0.1,0.5345490471809171,0.33434501726562954,0.11891332514903485,-0.35566052732456577,,
317,1,0.9,0.0,-0.5845650632876888,-0.3965839238270818,-0.2505395258817319,-0.6317440290165971,,
317,1,0.9,0.01,-0.621475716519723,-0.4210820307493177,-0.25534263955053493,-0.6063964284967263,,
317,1,0.9,0.02,-0.6263862612572296,-0.41480018183232176,-0.2464038885776525,-0.5940303292279135,,
317,1,0.9,0.03,-0.4068471368834972,-0.3016455107065587,-0.152604630629824,-0.505907183144781,,
317,1,0.9,0.04,-0.3441421810626523,-0.23951975620651733,-0.12223873269126329,-0.5103492698358766,,
317,1,0.9,0.05,-0.5259187974713525,-0.3240267867867991,-0.17521485233022183,-0.5407418752867136,,
317,1,0.9,0.06,-0.1360547235282723,-0.09058953333182135,-0.042509198262601466,-0.4692506595314282,,
317,1,0.9,0.07,-0.03599796084393276,-0.02335335767460608,-0.010654123762679157,-0.45621378780423566,,
317,1,0.9,0.08,0.1031182980545486,0.06801200199026099,0.02871942767160296,-0.4222699939889352,,
317,1,0.9,0.09,0.14244595022765777,0.0871419908257372,0.03770984243426456,-0.43274019880582115,,
317,1,0.9,0.1,0.5226274789908326,0.3341568276501022,0.13079397134352488,-0.3914149301192197,,
317,1,1.0,0.0,-0.592920302869965,-0.4172376399622244,-0.2823561213779937,-0.676727347522044,,
317,1,1.0,0.01,-0.6282595206451014,-0.4394493827613248,-0.2868109638255456,-0.6526598399645934,,
317,1,1.0,0.02,-0.6329907204305527,-0.4323972681854324,-0.2766687879963773,-0.6398486030159853,,
317,1,1.0,0.03,-0.4205011812331466,-0.3186749472261771,-0.1752512638559014,-0.5499373746864329,,
317,1,1.0,0.04,-0.35873639416060643,-0.2568684859024199,-0.1415806366782607,-0.5511794729542839,,
317,1,1.0,0.05,-0.5354238069732022,-0.3395619153792782,-0.19820170744558296,-0.5836982843738495,,
317,1,1.0,0.06,-0.15224606475238092,-0.1041620303758944,-0.05285339101001896,-0.5074151379277502,,
317,1,1.0,0.07,-0.05220498631506963,-0.03475630261281012,-0.01716758925568318,-0.49394175919494177,,
317,1,1.0,0.08,0.08733592886900095,0.058976113421079564,0.02702654178751196,-0.4582625103581679,,
317,1,1.0,0.09,0.12743552995844273,0.07994540639137275,0.03748457843974884,-0.4688772017274273,,
317,1,1.0,0.1,0.5103615020167404,0.33355808292169664,0.1419158437212742,-0.42546066483596257,,
323,1,0.1,0.0,-0.2867046692973721,-0.18152887894154485,-0.013655494532285206,-0.0752249152416266,,
323,1,0.1,0.01,-0.4141626339190825,-0.22974980913929263,-0.018928415555010458,-0.08238707847428306,,
323,1,0.1,0.02,-0.260980476981167,-0.15804883405982562,-0.011322963367175976,-0.0716421822061018,,
323,1,0.1,0.03,0.08710355395728465,0.06316875623467172,0.003610701091772306,-0.05715960400357675,,
323,1,0.1,0.04,0.18001434750822745,0.14433491017010747,0.0071267894432027745,-0.04937675462439004,,
323,1,0.1,0.05,-0.4185300548098299,-0.21975269112968404,-0.015568982187049496,-0.07084774301062677,,
323,1,0.1,0.06,-0.23537312247606237,-0.11202829120775303,-0.008181221808873929,-0.07302817637111061,,
323,1,0.1,0.07,0.179282937034257,0.10170713636621947,0.005881517204103126,-0.05782796973975747,,
323,1,0.1,0.08,0.5170058548542368,0.31612739384777555,0.01606774539986988,-0.05082680499244227,,
323,1,0.1,0.09,0.458354866208246,0.2820084767413118,0.013544895616004249,-0.048030100983202255,,
323,1,0.1,0.1,0.4974103887559807,0.26571606023158917,0.013787576111342847,-0.051888380775050105,,
323,1,0.2,0.0,-0.3078846632664119,-0.19830634239955214,-0.029328558520602344,-0.1478952118511192,,
323,1,0.2,0.01,-0.4322109720689825,-0.2456687932900816,-0.039506552338350764,-0.1608122538042595,,
323,1,0.2,0.02,-0.2806880161255892,-0.1746693369248497,-0.024355999046048904,-0.13944061089856835,,
323,1,0.2,0.03,0.06640282857984825,0.04922313185469119,0.005505189048143899,-0.11184150298269226,,
323,1,0.2,0.04,0.160594206863667,0.13105804691562015,0.012715887527389391,-0.09702485140478503,,
323,1,0.2,0.05,-0.43328738165054576,-0.232412503704876,-0.03223588580684278,-0.13870116836646973,,
323,1,0.2,0.06,-0.25149771357349743,-0.12361400013967616,-0.017483377520121746,-0.14143525410039812,,
323,1,0.2,0.07,0.1632215270918004,0.09521231326307224,0.010709220136068787,-0.11247726023081848,,
323,1,0.2,0.08,0.5051241457688931,0.31496586242823676,0.03139696037612416,-0.09968369312810142,,
323,1,0.2,0.09,0.4462855189099946,0.2797800883413176,0.0263764659839949,-0.09427570825489533,,
323,1,0.2,0.1,0.48660050319449505,0.26576391376229647,0.02697587997866746,-0.10150317097901833,,
323,1,0.30000000000000004,0.0,-0.3283451413968289,-0.21550441691247546,-0.046916382220440256,-0.21770496815151025,,
323,1,0.30000000000000004,0.01,-0.44938582923306475,-0.26206690466221605,-0.06161464862075161,-0.2351103764901872,,
323,1,0.30000000000000004,0.02,-0.2998494349591974,-0.19180182848984606,-0.039028024704963804,-0.20348098353520094,,
323,1,0.30000000000000004,0.03,0.04562299446146591,0.0345751614822749,0.005673625992093978,-0.16409543003877466,,
323,1,0.30000000000000004,0.04,0.14095402685968328,0.1171051350190043,0.016741160099273733,-0.1429583775003283,,
323,1,0.30000000000000004,0.05,-0.44747110971227677,-0.24542160916885586,-0.04993669861650818,-0.2034731121909911,,
323,1,0.30000000000000004,0.06,-0.2673089773390615,-0.13566946726205178,-0.027873794749056713,-0.205453705329418,,
323,1,0.30000000000000004,0.07,0.14700134378974214,0.08815567098170453,0.01446748274255083,-0.16411289916395003,,
323,1,0.30000000000000004,0.08,0.4928022861962107,0.31339840752756504,0.045946607331789124,-0.14660766049919344,,
323,1,0.30000000000000004,0.09,0.4338583396359608,0.2771668776518051,0.03846298810646043,-0.13877195006966206,,
323,1,0.30000000000000004,0.1,0.4754510115660497,0.2654917261984283,0.03953667127204552,-0.14891865685673325,,
323,1,0.4,0.0,-0.34802794999868286,-0.23313800109363692,-0.0663050766481954,-0.2844026985612046,,
323,1,0.4,0.01,-0.46565017692104566,-0.2789463712358992,-0.08512617344178608,-0.3051703919453271,,
323,1,0.4,0.02,-0.3184178314386303,-0.2094294563320086,-0.05525981839776317,-0.26385886381789464,,
323,1,0.4,0.03,0.02481735038060917,0.01923132190597629,0.004115011617464193,-0.21397445467258386,,
323,1,0.4,0.04,0.12113924340203518,0.10247981133423852,0.01918366825723683,-0.18719460943062416,,
323,1,0.4,0.05,-0.46106036551345464,-0.2587830066709848,-0.06860430246611682,-0.26510358368832126,,
323,1,0.4,0.06,-0.28278123262328236,-0.14819026369072047,-0.0393162305558169,-0.26530913419434615,,
323,1,0.4,0.07,0.13064798969179453,0.08052931637163864,0.01714403861884417,-0.21289189317993606,,
323,1,0.4,0.08,0.480053488673102,0.31140703610123105,0.059677291171051916,-0.1916375812126873,,
323,1,0.4,0.09,0.4210863804849572,0.2741551860538562,0.0497742818019824,-0.18155513495267067,,
323,1,0.4,0.1,0.4639715784763136,0.2648847406205358,0.051442781223295375,-0.19420817183648348,,
323,1,0.5,0.0,-0.3668800623853299,-0.2512171148307524,-0.08737089455475511,-0.34779037492576015,,
323,1,0.5,0.01,-0.4809722161478441,-0.29630507469617984,-0.10990902162650695,-0.3709319583513835,,
323,1,0.5,0.02,-0.33634957091791057,-0.22753240651655582,-0.07296472736433246,-0.3206783968991396,,
323,1,0.5,0.03,0.004039241744985336,0.0032010787196777883,0.0008371928535604312,-0.26153460344914625,,
323,1,0.5,0.04,0.10119603780627452,0.08718818195031207,0.02003181590563896,-0.22975379756232275,,
323,1,0.5,0.05,-0.4740365342328033,-0.27249772856120963,-0.08816889340043466,-0.32355826914949776,,
323,1,0.5,0.06,-0.2978900008185327,-0.16117012348074122,-0.05177108043824985,-0.3212200829791891,,
323,1,0.5,0.07,0.11418747000158555,0.07232695217282019,0.01873004705347414,-0.25896358813406106,,
323,1,0.5,0.08,0.46689209277523425,0.3089740463974824,0.07255143443240075,-0.23481400874384872,,
323,1,0.5,0.09,0.40798353008652277,0.27073172289415653,0.06028183330729808,-0.22266261472012816,,
323,1,0.5,0.1,0.45217256204826445,0.2639283554950441,0.06266820874302037,-0.23744401629554013,,
323,1,0.6,0.0,-0.38485387876872856,-0.26974664981528385,-0.10998153710159952,-0.40772160535418067,,
323,1,0.6,0.01,-0.49532547872535193,-0.3141362828312634,-0.1358267365780238,-0.4323815617662427,,
323,1,0.6,0.02,-0.3536045067564761,-0.24608788477156446,-0.09204943425927226,-0.3740510604360666,,
323,1,0.6,0.03,-0.01665824142239113,-0.013503050374248373,-0.004143201586493062,-0.3068344908491602,,
323,1,0.6,0.04,0.08117109933988749,0.07123888147236938,0.01928144090322248,-0.2706589506279791,,
323,1,0.6,0.05,-0.4863833059287206,-0.2865647151726128,-0.10855841207661787,-0.37882686293470397,,
323,1,0.6,0.06,-0.3126120902275632,-0.17460089730627687,-0.06519560491995025,-0.3733978801127643,,
323,1,0.6,0.07,0.09764610159432424,0.06354395553906918,0.019220141167060945,-0.3024700147167214,,
323,1,0.6,0.08,0.45333353194533543,0.3060821122106959,0.08453344623621417,-0.27617898225305104,,
323,1,0.6,0.09,0.394564481635691,0.26688362873036503,0.06995891321171421,-0.2621326513901471,,
323,1,0.6,0.1,0.4400649946666718,0.2626081820803542,0.07318821333521819,-0.2786973838950063,,
323,1,0.7000000000000001,0.0,-0.40190746864736676,-0.2887261207396444,-0.13399752706623624,-0.46409908020434026,,
323,1,0.7000000000000001,0.01,-0.5086888796357252,-0.332428408446704,-0.16273974519601986,-0.48954824876860914,,
323,1,0.7000000000000001,0.02,-0.37014616988356425,-0.26507012504041616,-0.11241477138062617,-0.4240944593944183,,
323,1,0.7000000000000001,0.03,-0.03722256387513794,-0.030865452725307385,-0.010800901012822495,-0.34993496155546605,,
323,1,0.7000000000000001,0.04,0.061111384170563866,0.05464311827811121,0.016935848809632503,-0.30993562123295987,,
323,1,0.7000000000000001,0.05,-0.4980867076439541,-0.3009806954674688,-0.12969898082246167,-0.43092126098326483,,
323,1,0.7000000000000001,0.06,-0.32692567302998166,-0.18847251839370543,-0.07954417193245933,-0.42204652758073363,,
323,1,0.7000000000000001,0.07,0.08105042046889231,0.054177448919422284,0.018612457782725134,-0.34354621994858603,,
323,1,0.7000000000000001,0.08,0.4393942955043653,0.3027143700996682,0.09558988399883561,-0.31577583835006845,,
323,1,0.7000000000000001,0.09,0.3808446976777811,0.26259853990271137,0.07878068805158911,-0.30000428822177044,,
323,1,0.7000000000000001,0.1,0.4276605613702487,0.26091010370087897,0.08297940435303608,-0.3180382943244238,,
323,1,0.8,0.0,-0.41800475409004445,-0.3081494311389661,-0.15927362879536178,-0.516871402964019,,
323,1,0.8,0.01,-0.521046721152934,-0.3511648066521269,-0.19050658951498378,-0.5424990941751877,,
323,1,0.8,0.02,-0.3859419260218671,-0.2844504274447289,-0.13395657302038855,-0.47093117146543023,,
323,1,0.8,0.03,-0.05760203927494193,-0.048867399847351965,-0.019102205285477902,-0.3908987452810632,,
323,1,0.8,0.04,0.041063872664461695,0.03741470468984028,0.013005788849746347,-0.3476116932516638,,
323,1,0.8,0.05,-0.5091351214335209,-0.31574007680964367,-0.15151534367110586,-0.47987365177735375,,
323,1,0.8,0.06,-0.3408103544611065,-0.20277298173670522,-0.09476851308341971,-0.4673626252952864,,
323,1,0.8,0.07,0.06442708812583339,0.04406490773632334,0.01690864879795906,-0.3837214161240831,,
323,1,0.8,0.08,0.42509188597866343,0.2988545091571333,0.10568960689826445,-0.3536490287409196,,
323,1,0.8,0.09,0.3668403717688054,0.2578646541172549,0.08672432492229132,-0.33631722509303846,,
323,1,0.8,0.1,0.4149715759510951,0.2588203366363246,0.09201982615246806,-0.3555355322861186,,
323,1,0.9,0.0,-0.43311563315951557,-0.3280046685161175,-0.18566029487612878,-0.5660294279226267,,
323,1,0.9,0.01,-0.5323886499651009,-0.3703236226723218,-0.21898514014065706,-0.5913345159037411,,
323,1,0.9,0.02,-0.40096309965986604,-0.3041972273623261,-0.1565665557592285,-0.5146876489204281,,
323,1,0.9,0.03,-0.07774611648226573,-0.06748704978893459,-0.0290052675716439,-0.42979012510337505,,
323,1,0.9,0.04,0.021075326998448694,0.01957007110223546,0.00750937233833282,-0.38371717195626515,,
323,1,0.9,0.05,-0.519519288466171,-0.33083484729197976,-0.17393130575700844,-0.5257345384886393,,
323,1,0.9,0.06,-0.3542472338746669,-0.2174883375082546,-0.11081799181310903,-0.5095353299525912,,
323,1,0.9,0.07,0.047802797387118776,0.033441798208621226,0.014113873963621293,-0.4220429139478141,,
323,1,0.9,0.08,0.4104447719077998,0.29448686286791814,0.11480392011853313,-0.3898439441423383,,
323,1,0.9,0.09,0.3525683871557149,0.25267079669939935,0.09376908849968912,-0.3711116984019548,,
323,1,0.9,0.1,0.4020109548352878,0.25632549234943985,0.10028903871756234,-0.3912565925391521,,
323,1,1.0,0.0,-0.4472160435639348,-0.348273943782919,-0.2130051196098015,-0.6116022269600758,,
323,1,1.0,0.01,-0.5427095691068583,-0.3898777022258667,-0.24803377727557885,-0.6361835412990255,,
323,1,1.0,0.02,-0.4151850642602474,-0.3242761969297396,-0.18013321638448188,-0.5554931817074167,,
323,1,1.0,0.03,-0.09760565552595026,-0.08669947386200272,-0.040460444030048226,-0.46667462013031424,,
323,1,1.0,0.04,0.0011920510413322791,0.0011282632164954947,0.00047193442604553937,-0.4182839776620723,,
323,1,1.0,0.05,-0.5292322994636336,-0.3462544941493436,-0.19687016854511052,-0.5685707243418424,,
323,1,1.0,0.06,-0.3672189574242935,-0.2326026994498532,-0.12763988137248405,-0.5487463459124726,,
323,1,1.0,0.07,0.03120417817709663,0.022330198682119017,0.010236775112258734,-0.4584274084608063,,
323,1,1.0,0.08,0.39547233632614565,0.28959650254238123,0.12290670894958722,-0.42440674480038076,,
323,1,1.0,0.09,0.33804627263756976,0.24700648714923928,0.09989642990230396,-0.4044283656483377,,
323,1,1.0,0.1,0.3887921888265059,0.2534126407479147,0.10776819334931065,-0.42526763081449587,,
329,1,0.1,0.0,-0.1822067641149606,-0.11914889010613439,-0.008678996756336321,-0.07284160808048923,,
329,1,0.1,0.01,-0.3466388946762487,-0.1850744979831687,-0.0157811932937979,-0.0852694102416698,,
329,1,0.1,0.02,-0.22900095661426922,-0.1324244971625731,-0.009984957949655038,-0.07540113924236269,,
329,1,0.1,0.03,-0.22684072953228562,-0.14185407561114216,-0.009429845175944362,-0.06647567322488462,,
329,1,0.1,0.04,0.11240801346932504,0.0854483148125755,0.0044359207172786075,-0.051913495626080726,,
329,1,0.1,0.05,-0.15721319859689986,-0.09378287602838406,-0.005796048966946188,-0.06180284943694809,,
329,1,0.1,0.06,-0.21305021246954645,-0.11704409632592094,-0.007400070301699646,-0.06322463527842885,,
329,1,0.1,0.07,0.10041060978519839,0.06593101363259214,0.0032870099594568547,-0.049855292348060666,,
329,1,0.1,0.08,0.7432395501683815,0.6885153863157193,0.023251404570372003,-0.03377034853903766,,
329,1,0.1,0.09,0.8027213296749032,0.7289152505284586,0.0237596447676911,-0.032595894722281527,,
329,1,0.1,0.1,0.6982666609588722,0.46982032894857073,0.019640282174635315,-0.0418038151277725,,
329,1,0.2,0.0,-0.20478865874533259,-0.13756351895955335,-0.01950926590040103,-0.1418200555492999,,
329,1,0.2,0.01,-0.36592938585466916,-0.2023401045710457,-0.0333188367418884,-0.16466748800255504,,
329,1,0.2,0.02,-0.24920466952503453,-0.148876862138829,-0.02173177075636812,-0.14597144542247975,,
329,1,0.2,0.03,-0.24614925628148526,-0.15824764055340912,-0.020465014212343147,-0.12932271306399754,,
329,1,0.2,0.04,0.09276604957462113,0.07188669425742211,0.007321592624363049,-0.10184906539372708,,
329,1,0.2,0.05,-0.17496832506795282,-0.10691103296109851,-0.012901270234424334,-0.1206729546717474,,
329,1,0.2,0.06,-0.22936500644611846,-0.12928609490360432,-0.015933494294859574,-0.12324213448274994,,
329,1,0.2,0.07,0.08410753428061674,0.056553907312441684,0.005506635273646143,-0.09736966967151889,,
329,1,0.2,0.08,0.7355097137354523,0.686339819789285,0.04601917084640372,-0.06705012519968925,,
329,1,0.2,0.09,0.7967509168454275,0.7291789729362597,0.047165854581804334,-0.06468350889477346,,
329,1,0.2,0.1,0.6905065389433221,0.4718899108334623,0.03884402342696536,-0.08231585913408954,,
329,1,0.30000000000000004,0.0,-0.2268619555416144,-0.15660953915233042,-0.03241812979631509,-0.20699971388577254,,
329,1,0.30000000000000004,0.01,-0.38446347424942123,-0.21895990252414885,-0.052509621638407555,-0.23981387017934175,,
329,1,0.30000000000000004,0.02,-0.2689100543414514,-0.1659645155327561,-0.035175253735226564,-0.2119444245193732,,
329,1,0.30000000000000004,0.03,-0.2650119171242487,-0.1751677119309198,-0.03304990272356956,-0.18867576883463158,,
329,1,0.30000000000000004,0.04,0.0730094930956113,0.05768694950430396,0.008643449332085495,-0.1498337042668657,,
329,1,0.30000000000000004,0.05,-0.19246745298369375,-0.1204853429151242,-0.02128734976438995,-0.17667999483875652,,
329,1,0.30000000000000004,0.06,-0.2453921220450403,-0.1419357446665307,-0.025570295381087127,-0.18015402280209938,,
329,1,0.30000000000000004,0.07,0.06773023303456444,0.046630135465231815,0.006651586451388081,-0.14264566004419205,,
329,1,0.30000000000000004,0.08,0.7271846304625561,0.68376586327285,0.06824743396558008,-0.09981111610180898,,
329,1,0.30000000000000004,0.09,0.7902208369797533,0.7290822282374452,0.0701689329057833,-0.0962428244553657,,
329,1,0.30000000000000004,0.1,0.6822843130706988,0.4736435469257131,0.05757223070181072,-0.12155181058729896,,
329,1,0.4,0.0,-0.2483579374815059,-0.17626487528240584,-0.04731981810406094,-0.2684585798971387,,
329,1,0.4,0.01,-0.40219628048827377,-0.23545298825654112,-0.07324206650681897,-0.31106874900656195,,
329,1,0.4,0.02,-0.2880670827778937,-0.18366556082714822,-0.050241496817185594,-0.27354881661493957,,
329,1,0.4,0.03,-0.28338496283258136,-0.1925930201040287,-0.047121631643697426,-0.2446694673474915,,
329,1,0.4,0.04,0.05318417778136896,0.04285486123300685,0.008395159340350178,-0.19589748044462735,,
329,1,0.4,0.05,-0.20967700514678345,-0.1344991458159768,-0.030921021896881618,-0.22989753361845208,,
329,1,0.4,0.06,-0.26110511454804386,-0.15498724361018099,-0.03627682284644618,-0.23406328160586232,,
329,1,0.4,0.07,0.05130477644127622,0.0361606611050026,0.006717987730218589,-0.18578166230730767,,
329,1,0.4,0.08,0.7182671042297133,0.6807743515499574,0.08988067993018434,-0.13202712429683627,,
329,1,0.4,0.09,0.7831304062762332,0.7286065406145729,0.09271910224404567,-0.1272553800654026,,
329,1,0.4,0.1,0.6736034274261251,0.4750643271678096,0.07578629843380025,-0.15952849772075148,,
329,1,0.5,0.0,-0.2692118530385492,-0.19650328315699475,-0.06411641221548414,-0.3262867224679337,,
329,1,0.5,0.01,-0.4190876327469828,-0.25248515379682457,-0.09539758868659765,-0.37783444789535753,,
329,1,0.5,0.02,-0.3066288148897514,-0.2019543910964296,-0.06684853784222033,-0.3310080928634097,,
329,1,0.5,0.03,-0.3012271481612221,-0.21049959494191983,-0.0626105676835097,-0.29743794851854677,,
329,1,0.5,0.04,0.03333619170672884,0.027398618795173038,0.006577676220005602,-0.24007327775093634,,
329,1,0.5,0.05,-0.22656458998732767,-0.14894406884748446,-0.04176428790529463,-0.2804024908709884,,
329,1,0.5,0.06,-0.2764786585305752,-0.1684333272908473,-0.04801594624878203,-0.2850739044409486,,
329,1,0.5,0.07,0.03485736671779096,0.025148084612588308,0.005705398652937399,-0.22687209546294684,,
329,1,0.5,0.08,0.7087613752364637,0.6773463756938533,0.11086397027541639,-0.1636739698530913,,
329,1,0.5,0.09,0.7754801061084454,0.7277335157110065,0.11476667658133688,-0.15770426138640614,,
329,1,0.5,0.1,0.6644682409199317,0.4761353269419359,0.0934481372047038,-0.19626381811425575,,
329,1,0.6,0.0,-0.28936334157953153,-0.21729433608894738,-0.08269891126720874,-0.3805847531771685,,
329,1,0.6,0.01,-0.4351022483066833,-0.2700554269108586,-0.11885162551375339,-0.4401008595653388,,
329,1,0.6,0.02,-0.32455164870239867,-0.22080173051128674,-0.08490710115879241,-0.38454001679326605,,
329,1,0.6,0.03,-0.3184999333281771,-0.22886081940427588,-0.07944089404118704,-0.3471144350875413,,
329,1,0.6,0.04,0.013511640865553183,0.011328866862471827,0.0031992328192664843,-0.2823965413402739,,
329,1,0.6,0.05,-0.24309913577615688,-0.16380309678750501,-0.053774664240258896,-0.3282884468907114,,
329,1,0.6,0.06,-0.29148863722114476,-0.18226523870130076,-0.06074726842785261,-0.3332904774420877,,
329,1,0.6,0.07,0.01841424587732517,0.013596672945107456,0.003616817568828923,-0.26600754342115557,,
329,1,0.6,0.08,0.6986731308066368,0.6734633429854571,0.13114316876560084,-0.19472948324736478,,
329,1,0.6,0.09,0.7672716027206492,0.7264448903363534,0.1362622373198632,-0.18757408735681522,,
329,1,0.6,0.1,0.6548840295263574,0.4768396572298397,0.11052030277857505,-0.23177665930856833,,
329,1,0.7000000000000001,0.0,-0.3087568103177223,-0.23860345517606946,-0.10294840357778823,-0.43146233361047054,,
329,1,0.7000000000000001,0.01,-0.4502098689325046,-0.2881576934528332,-0.14347479037874578,-0.49790372993192455,,
329,1,0.7000000000000001,0.02,-0.3417955394924411,-0.24017471395464116,-0.10432139226702775,-0.4343562673576438,,
329,1,0.7000000000000001,0.03,-0.33516766312741497,-0.2476475071870936,-0.09753122485780641,-0.39383083627861104,,
329,1,0.7000000000000001,0.04,-0.006243587068923979,-0.005341262325715734,-0.0017247204591611665,-0.3229050276855766,,
329,1,0.7000000000000001,0.05,-0.2592510160913603,-0.17905634412594695,-0.06690545820483018,-0.3736558932408972,,
329,1,0.7000000000000001,0.06,-0.3061122248728208,-0.19647270652856286,-0.07442735543925605,-0.378817784690292,,
329,1,0.7000000000000001,0.07,0.0020016035556927178,0.0015095697901978868,0.00045866702588148733,-0.3038395633376854,,
329,1,0.7000000000000001,0.08,0.6880095103823022,0.6691070396057978,0.15066516884599057,-0.22517349232307354,,
329,1,0.7000000000000001,0.09,0.7585077628934558,0.7247225846709171,0.15715681187926478,-0.21685099264655416,,
329,1,0.7000000000000001,0.1,0.6448569855087198,0.477160517260705,0.1269661249213696,-0.26608682053213434,,
329,1,0.8,0.0,-0.3273417592526403,-0.2603919866397163,-0.12473732599628873,-0.4790367307611422,,
329,1,0.8,0.01,-0.46438534965552003,-0.3067804018860373,-0.1691340487931421,-0.5513196011001119,,
329,1,0.8,0.02,-0.3583241870743654,-0.2600370056652217,-0.1249899386685418,-0.48066212095003524,,
329,1,0.8,0.03,-0.35119772242032976,-0.2668280047381045,-0.11679525649194822,-0.4377173850495357,,
329,1,0.8,0.04,-0.02588405692635117,-0.022596132097232633,-0.008171632667320683,-0.36163855973923387,,
329,1,0.8,0.05,-0.27499216575405744,-0.19470335628038601,-0.0811060685724655,-0.41656225204288344,,
329,1,0.8,0.06,-0.3203279617183023,-0.2110439325026616,-0.08900998159405915,-0.4217604388741979,,
329,1,0.8,0.07,-0.014354514805811099,-0.011021769985394123,-0.003759238847831581,-0.3410739702255868,,
329,1,0.8,0.08,0.6767791045775221,0.6642596959084713,0.16937812054529178,-0.2549878030965625,,
329,1,0.8,0.09,0.7491926654317577,0.7225487568548151,0.1774020540894541,-0.24552260647664537,,
329,1,0.8,0.1,0.6343942135859598,0.47708124951554814,0.14274983540155572,-0.29921493570856317,,
329,1,0.9,0.0,-0.3450730513022761,-0.2826173286811354,-0.14793079262171394,-0.5234314304506702,,
329,1,0.9,0.01,-0.4776087011273554,-0.32590631576841605,-0.19569389968477446,-0.6004605931719086,,
329,1,0.9,0.02,-0.37410518983618296,-0.2803489572466542,-0.1468064666646166,-0.5236561894377035,,
329,1,0.9,0.03,-0.3665606670137026,-0.2863683176352763,-0.13714244836857337,-0.47890230840144954,,
329,1,0.9,0.04,-0.04536501629274016,-0.0404176007362363,-0.016112023374633022,-0.39863878808095177,,
329,1,0.9,0.05,-0.29029618653050127,-0.2107289434495646,-0.09632230845493006,-0.457091023559294,,
329,1,0.9,0.06,-0.33411582113235716,-0.2259655884858987,-0.1044463876833105,-0.46222253743661695,,
329,1,0.9,0.07,-0.03062829891835477,-0.02394700009790278,-0.009023744743817397,-0.3768215102904549,,
329,1,0.9,0.08,0.664991948200214,0.6589040540574589,0.1872316555022684,-0.2841561747105916,,
329,1,0.9,0.09,0.7393316083494545,0.719905859832167,0.19695042547730335,-0.27357802799829795,,
329,1,0.9,0.1,0.6235037240129905,0.47658539693722407,0.15783669456252492,-0.33118239790153536,,
329,1,1.0,0.0,-0.3619111256468618,-0.30523310957902616,-0.1723879736752999,-0.5647748172308545,,
329,1,1.0,0.01,-0.4898650862943523,-0.3455123289697917,-0.22301754746576796,-0.6454691447067479,,
329,1,1.0,0.02,-0.38911016467620463,-0.30106780476221,-0.16966080358430946,-0.5635302111373592,,
329,1,1.0,0.03,-0.38123032920870437,-0.30623226099537654,-0.15847872594241164,-0.5175115300631383,,
329,1,1.0,0.04,-0.06464262001006744,-0.058785037875335254,-0.025509705978397856,-0.4339489587894116,,
329,1,1.0,0.05,-0.30513844199171314,-0.22711613597093083,-0.11249674755466199,-0.4953269703789815,,
329,1,1.0,0.06,-0.34745726868905935,-0.2412228238834895,-0.12068555038418993,-0.500307344227431,,
329,1,1.0,0.07,-0.04679426324790163,-0.03726139879663282,-0.015318421994482523,-0.4111070032042596,,
329,1,1.0,0.08,0.6526595071829914,0.6530234377832291,0.20417710877702056,-0.312664288850222,,
329,1,1.0,0.09,0.7289311116446981,0.7167767002964275,0.2157553765241338,-0.30100779843277103,,
329,1,1.0,0.1,0.6121944225594976,0.47565676216935515,0.17219311585484176,-0.36201128534262966,,
335,1,0.1,0.0,0.32829206327080324,0.31206862890513554,0.015616617000673072,-0.0500422521016052,,
335,1,0.1,0.01,0.0710852175212434,0.047581835504441845,0.0032364699587501544,-0.06801902289893849,,
335,1,0.1,0.02,0.2192328649693072,0.14819773537453323,0.009587363668471793,-0.06469305110663193,,
335,1,0.1,0.03,0.1064572210622529,0.07612657503952594,0.004424960291462776,-0.05812635455050063,,
335,1,0.1,0.04,-0.0030139481462539007,-0.0019725272209284808,-0.00011883778261945199,-0.06024646015455965,,
335,1,0.1,0.05,-0.146056058820774,-0.09239286589598274,-0.005450251987718313,-0.058989965673911314,,
335,1,0.1,0.06,-0.17552816383464465,-0.10220656536289478,-0.006109471286358081,-0.05977572247600517,,
335,1,0.1,0.07,0.19545257005588557,0.13463203038128108,0.0063954026933701336,-0.047502831794619775,,
335,1,0.1,0.08,0.33935095020335915,0.23459373096469688,0.010520985327837407,-0.04484768320352375,,
335,1,0.1,0.09,0.7154011192745102,0.5847394702051569,0.02111625403728401,-0.036112243337832715,,
335,1,0.1,0.1,0.5389196202018187,0.3528857103574109,0.01509617554444631,-0.042779220300976625,,
335,1,0.2,0.0,0.3063567894862649,0.2976744403570285,0.029146343650814144,-0.09791349104698488,,
335,1,0.2,0.01,0.048315986807502945,0.033232658984316536,0.004399599390214171,-0.13238782344471653,,
335,1,0.2,0.02,0.19802089610657725,0.1369999090122106,0.017319468458310006,-0.12641956175873334,,
335,1,0.2,0.03,0.08574489951826611,0.06252372045233497,0.007128079650734476,-0.11400600602724172,,
335,1,0.2,0.04,-0.02270835179453962,-0.015191597393422187,-0.0017907475797549477,-0.11787750381867834,,
335,1,0.2,0.05,-0.16410231145243068,-0.10610348387549098,-0.012247337856491125,-0.11542823486232535,,
335,1,0.2,0.06,-0.19217540503894162,-0.11454100135023254,-0.013377797538356218,-0.11679483661445271,,
335,1,0.2,0.07,0.17951496981888507,0.1256695419390205,0.011747817090884904,-0.09348181675226745,,
335,1,0.2,0.08,0.3253127635771281,0.22841313902756682,0.02017151159000541,-0.0883115204137663,,
335,1,0.2,0.09,0.7075704236272994,0.5869803829852218,0.041770236059274435,-0.07116121299802632,,
335,1,0.2,0.1,0.5285591579454019,0.35180604744790606,0.029611918122336656,-0.08417114582637032,,
335,1,0.30000000000000004,0.0,0.28379899767935907,0.28186130938224424,0.04050034174853856,-0.14368890088995614,,
335,1,0.30000000000000004,0.01,0.02549559921701066,0.018023087672980786,0.0034824008629443792,-0.19321888269816284,,
335,1,0.30000000000000004,0.02,0.17647540365774206,0.1250074967608693,0.023152557993218803,-0.18520935618371787,,
335,1,0.30000000000000004,0.03,0.0649202237128782,0.04829172898333396,0.008095347854544688,-0.16763425176469632,,
335,1,0.30000000000000004,0.04,-0.042337898668523145,-0.028960748189148778,-0.005008057625133233,-0.1729256990332069,,
335,1,0.30000000000000004,0.05,-0.18190007531245866,-0.12024215057701648,-0.020363439662322902,-0.16935358827668243,,
335,1,0.30000000000000004,0.06,-0.20857617450517094,-0.12699713715974634,-0.02177924250990615,-0.17149396432858655,,
335,1,0.30000000000000004,0.07,0.1634023516452031,0.11628418501586449,0.016040062909113084,-0.13793847294818948,,
335,1,0.30000000000000004,0.08,0.31098322100082265,0.22181738845763177,0.02892447983474855,-0.13039771154042448,,
335,1,0.30000000000000004,0.09,0.6992218000255311,0.5887332378199467,0.061916083550662915,-0.10516831660453799,,
335,1,0.30000000000000004,0.1,0.5178252367962972,0.35037742046414094,0.04351584382710327,-0.12419705519110888,,
335,1,0.4,0.0,0.2606907239712058,0.2646336195452447,0.04960347991755509,-0.187442094480646,,
335,1,0.4,0.01,0.002694686621084706,0.0019580794040180392,0.0004907502629378779,-0.2506283769344815,,
335,1,0.4,0.02,0.15465684267487154,0.11220745395946785,0.027053451037082565,-0.2411020844199437,,
335,1,0.4,0.03,0.04403686866729612,0.033430036188225334,0.007321678821550215,-0.2190149834216764,,
335,1,0.4,0.04,-0.06185735935961816,-0.04327709808839541,-0.009755962701784804,-0.22543014972625508,,
335,1,0.4,0.05,-0.19941420245347358,-0.1348013512238828,-0.029765493114804475,-0.22081005008153745,,
335,1,0.4,0.06,-0.22470266327072846,-0.13976207323629392,-0.03128419825581852,-0.22383896812210802,,
335,1,0.4,0.07,0.14713991298904902,0.10647110003276632,0.01925825780778112,-0.1808777950247008,,
335,1,0.4,0.08,0.2963810357756294,0.21479989844605413,0.036755111803588925,-0.1711132643427193,,
335,1,0.4,0.09,0.6903586009775551,0.5899777565422143,0.0815083298155832,-0.13815492009951919,,
335,1,0.4,0.1,0.5067266183769773,0.34858688060795323,0.05677755047179622,-0.16287919491626676,,
335,1,0.5,0.0,0.23710747310004407,0.2460037801481097,0.05639515860525668,-0.22924508953197084,,
335,1,0.5,0.01,-0.020016392830186348,-0.01495289156269539,-0.004556675518231357,-0.30473540847439784,,
335,1,0.5,0.02,0.1326270995153289,0.09858988440471038,0.02899985445900355,-0.29414634811781976,,
335,1,0.5,0.03,0.02314872261683068,0.01794060366797457,0.0048109549242161265,-0.2681601474093132,,
335,1,0.5,0.04,-0.08122207683880953,-0.058135617007956455,-0.01601263698459421,-0.27543591706273135,,
335,1,0.5,0.05,-0.2166107403268043,-0.14977191343106708,-0.04041541061559106,-0.26984639302343133,,
335,1,0.5,0.06,-0.2405280543748777,-0.15287988215372714,-0.04185935777096217,-0.2738055340000251,,
335,1,0.5,0.07,0.13075330418685915,0.09622633835734651,0.02139189148356002,-0.22230806917040746,,
335,1,0.5,0.08,0.28152566615794766,0.20735251992041412,0.04364106541152246,-0.2104679770869085,,
335,1,0.5,0.09,0.6809853038034002,0.5906940961316441,0.10050206998104971,-0.17014233025049816,,
335,1,0.5,0.1,0.4952728389039594,0.3464217174223002,0.06936772607843178,-0.20024069678596418,,
335,1,0.6,0.0,0.2131276734076469,0.22599237013459908,0.0608299795253886,-0.2691682886867322,,
335,1,0.6,0.01,-0.04256803427468407,-0.03269569301787335,-0.011628591901703622,-0.35566127609978365,,
335,1,0.6,0.02,0.11044910417473948,0.0841482963154648,0.028980574478969734,-0.3443988262141877,,
335,1,0.6,0.03,0.002309579975497163,0.00182803710148469,0.0005759947279981859,-0.3150891891255249,,
335,1,0.6,0.04,-0.10038819197133739,-0.07352904722792322,-0.023749400234129858,-0.3229934444888447,,
335,1,0.6,0.05,-0.23345707667543603,-0.16514297701826183,-0.0522703367379741,-0.3165156501459577,,
335,1,0.6,0.06,-0.2560266208719086,-0.16634708936783613,-0.05346790809822677,-0.321423767024835,,
335,1,0.6,0.07,0.11426853946096227,0.08554691783559093,0.02243388229156018,-0.26224068451741217,,
335,1,0.6,0.08,0.2664372587749479,0.19946780594673602,0.049562539701402564,-0.2484738801139532,,
335,1,0.6,0.09,0.671107515643399,0.5908629253801165,0.11885312788742364,-0.20115177781879362,,
335,1,0.6,0.1,0.48347419322609897,0.3438695069876843,0.08125825468463188,-0.23630549680446702,,
335,1,0.7000000000000001,0.0,0.18883210086765306,0.20462820361669465,0.06287824923671881,-0.30728046342282833,,
335,1,0.7000000000000001,0.01,-0.06489185695636027,-0.05125143194322523,-0.02068142815780316,-0.40352878687786553,,
335,1,0.7000000000000001,0.02,0.08818643351532587,0.06887984461698732,0.0269956234070432,-0.3919234074518437,,
335,1,0.7000000000000001,0.03,-0.0184271644152292,-0.014900308553547473,-0.00536155546853645,-0.35982848605238904,,
335,1,0.7000000000000001,0.04,-0.1193128626475742,-0.08944783618556601,-0.03293093557979132,-0.3681579899984804,,
335,1,0.7000000000000001,0.05,-0.24992207529784585,-0.18039852651375407,-0.06528293376290395,-0.36188174606806783,,
335,1,0.7000000000000001,0.06,-0.2711738174550574,-0.180158874930173,-0.06606974234859231,-0.3667304337585367,,
335,1,0.7000000000000001,0.07,0.09771190608030364,0.0744308766153751,0.02238061597241403,-0.3006899419990291,,
335,1,0.7000000000000001,0.08,0.25113658889863955,0.19113906798272162,0.054502368590736205,-0.28514509966985424,,
335,1,0.7000000000000001,0.09,0.660731974389116,0.5904655024024023,0.13651822302338612,-0.23120440138829473,,
335,1,0.7000000000000001,0.1,0.47134171619125,0.3409181613380626,0.09242231894369213,-0.2710982559009051,,
335,1,0.8,0.0,0.16430327878086937,0.18194831377276366,0.06252630907032586,-0.3436487416333813,,
335,1,0.8,0.01,-0.08692116131302718,-0.07059639397713544,-0.031659772557940724,-0.44846161077568075,,
335,1,0.8,0.02,0.06590290930182492,0.052785555330315606,0.02305622045765321,-0.4367903361700856,,
335,1,0.8,0.03,-0.03900881703650822,-0.03223423883207581,-0.012971405015544946,-0.4024107745530909,,
335,1,0.8,0.04,-0.13795447482207882,-0.10588008267763628,-0.04351555659154538,-0.4109890688698586,,
335,1,0.8,0.05,-0.26597620180772236,-0.1949509010088731,-0.07940169462560465,-0.40729072917693626,,
335,1,0.8,0.06,-0.28594636518640915,-0.19430902620087012,-0.07962168893605304,-0.40976834938044937,,
335,1,0.8,0.07,0.08110987216879796,0.0628773247752843,0.021231966191241902,-0.3376728616734617,,
335,1,0.8,0.08,0.23564499785081086,0.1823604316292288,0.058446102796670285,-0.3204977213231301,,
335,1,0.8,0.09,0.6498665454651031,0.5894837526453157,0.15345513664602106,-0.2603212318531074,,
335,1,0.8,0.1,0.45888716138406666,0.3375559789072022,0.10283449900380015,-0.3046442825178649,,
335,1,0.9,0.0,0.13962486012799152,0.15656499334238727,0.059776686295747616,-0.38180109754818425,,
335,1,0.9,0.01,-0.10859136755104364,-0.09070202843842451,-0.044496934806194766,-0.4905836790232613,,
335,1,0.9,0.02,0.04366219502581182,0.03586876493737604,0.01718468661627548,-0.47909892203644455,,
335,1,0.9,0.03,-0.0593836807698898,-0.050160646622598726,-0.02221487505226194,-0.44287457495122357,,
335,1,0.9,0.04,-0.15627284383276363,-0.12281149795811122,-0.055455520829127636,-0.4515499098304502,,
335,1,0.9,0.05,-0.28159163860218606,-0.2097871938252258,-0.0945712803951353,-0.4507962505753466,,
335,1,0.9,0.06,-0.300322328882214,-0.20878989712425497,-0.09407775620657055,-0.4505857682883144,,
335,1,0.9,0.07,0.0644889936676784,0.050886493260914455,0.01899129672786426,-0.3732089894756284,,
335,1,0.9,0.08,0.219984327831735,0.17312689150589536,0.06138207939822804,-0.35454965351894996,,
335,1,0.9,0.09,0.6385202144123782,0.5879003470341165,0.16962287621567484,-0.2885231775613009,,
335,1,0.9,0.1,0.44612297729385264,0.3337716958023314,0.11247086716577992,-0.33696945720762433,,
335,1,1.0,0.0,0.11488099981426751,0.13040715793982557,0.05464806419258217,-0.41905724391140164,,
335,1,1.0,0.01,-0.12984043119937289,-0.11153498162255314,-0.059115617798082276,-0.5300186267850578,,
335,1,1.0,0.02,0.021527395503713725,0.018141510573823655,0.00941423493042537,-0.5189333540950635,,
335,1,1.0,0.03,-0.07950134071794142,-0.06866345818004088,-0.0330452243901076,-0.48126361919407656,,
335,1,1.0,0.04,-0.17422940447997592,-0.14022538314260077,-0.06869738658656976,-0.489906927312216,,
335,1,1.0,0.05,-0.29674238835258987,-0.2249129444919236,-0.11073287921205677,-0.4923366214523641,,
335,1,1.0,0.06,-0.31428118676011696,-0.22359237503665852,-0.1093893905346317,-0.489235782377181,,
335,1,1.0,0.07,0.047875820961092254,0.03845977961617275,0.015665445291117353,-0.40732020431364785,,
335,1,1.0,0.08,0.2041768544822419,0.16343436485802457,0.0633014785726802,-0.3873204917929604,,
335,1,1.0,0.09,0.6267030752435591,0.5856987798762232,0.18498183726928397,-0.3158310101113349,,
335,1,1.0,0.1,0.4330622809809264,0.32955453768167464,0.12130907783461575,-0.3681001593484092,,
341,1,0.1,0.0,0.2653897409852619,0.23967588701391065,0.01262907279038128,-0.05269229603246778,,
341,1,0.1,0.01,0.01856849750655679,0.0141486062208669,0.0008504883047637524,-0.06011110150973175,,
341,1,0.1,0.02,0.33015728085347,0.22354057049163428,0.014477908967835962,-0.06476635957398963,,
341,1,0.1,0.03,0.3981955006127575,0.32963172200750085,0.016762148661435772,-0.05085113944541522,,
341,1,0.1,0.04,0.5901664761156851,0.5566845562919092,0.023677094146026034,-0.04253233519488989,,
341,1,0.1,0.05,0.2133129133350433,0.17258943466991755,0.00808289551976249,-0.046833084164284264,,
341,1,0.1,0.06,-0.0473674950468054,-0.034468604209991004,-0.0016642732281187955,-0.04828374302538171,,
341,1,0.1,0.07,0.5777794798821736,0.5878847699391021,0.019074920758139102,-0.03244669998869853,,
341,1,0.1,0.08,0.546831288913508,0.4870004724762033,0.01717928742871444,-0.03527570998312304,,
341,1,0.1,0.09,0.6759105390360568,0.6185713465521674,0.020119112389628713,-0.032525128268177814,,
341,1,0.1,0.1,0.6339982965474859,0.5070764287871371,0.01788832116071215,-0.03527736677387817,,
341,1,0.2,0.0,0.24270105247732496,0.22192740977496578,0.023098777267418935,-0.10408257948326922,,
341,1,0.2,0.01,-0.004333313711296522,-0.0033349378676530467,-0.00039695539512862865,-0.11902932254866412,,
341,1,0.2,0.02,0.31000785277251347,0.21481818548270032,0.027188650573765294,-0.12656587016910095,,
341,1,0.2,0.03,0.3797971026791399,0.32045012083845964,0.031975326122438696,-0.09978253725969916,,
341,1,0.2,0.04,0.5761535067009244,0.5480271851018148,0.04622980590326442,-0.08435677491925087,,
341,1,0.2,0.05,0.19493803897072728,0.15984957141209627,0.014773262220210137,-0.09241977998254552,,
341,1,0.2,0.06,-0.06482581229424089,-0.04774896270770863,-0.004555354417021706,-0.09540216496234559,,
341,1,0.2,0.07,0.5661550013365648,0.5826747942518682,0.03738229606050192,-0.06415636377149167,,
341,1,0.2,0.08,0.5352810666172488,0.4810442778413775,0.03363284978384273,-0.06991632856494145,,
341,1,0.2,0.09,0.667226828435233,0.6154362208820265,0.039721267165943264,-0.06454164675100828,,
341,1,0.2,0.1,0.6250560187995882,0.5053981940849676,0.03527202791746209,-0.06979056975326697,,
341,1,0.30000000000000004,0.0,0.2195255747374693,0.2034015268381712,0.03133961907213001,-0.15407759990446976,,
341,1,0.30000000000000004,0.01,-0.027174883711248814,-0.021061882538273177,-0.0037340534588063967,-0.17728963458137986,,
341,1,0.30000000000000004,0.02,0.28931845545071355,0.20526218105367827,0.03806118935104785,-0.18542718953714343,,
341,1,0.30000000000000004,0.03,0.36078748082998574,0.3103215026326282,0.04556234346860455,-0.1468230305733702,,
341,1,0.30000000000000004,0.04,0.5613278415927406,0.5387319251753383,0.06756032080804775,-0.12540619490121963,,
341,1,0.30000000000000004,0.05,0.17631339480921665,0.14658894034820755,0.02004270712020806,-0.13672728019316183,,
341,1,0.30000000000000004,0.06,-0.08218328491099557,-0.061308629561792574,-0.008662613934370622,-0.14129518138453298,,
341,1,0.30000000000000004,0.07,0.5539834545178327,0.5767518963983038,0.05486794286153662,-0.09513266138208745,,
341,1,0.30000000000000004,0.08,0.5232565279702555,0.47464503151229914,0.049315983605177305,-0.10390076863977331,,
341,1,0.30000000000000004,0.09,0.6580375939732007,0.6119067605761553,0.05876132215054031,-0.09602986261372924,,
341,1,0.30000000000000004,0.1,0.6156806180394694,0.5033639296919787,0.05211445845150253,-0.10353236570485434,,
341,1,0.4,0.0,0.19593945796025594,0.18409356895256176,0.03729659884969472,-0.20259588133307094,,
341,1,0.4,0.01,-0.04988506967267867,-0.03901066743785154,-0.00913949409723791,-0.2342819207540648,,
341,1,0.4,0.02,0.26814486259591963,0.19484847950357811,0.047034272887407136,-0.24138896545273486,,
341,1,0.4,0.03,0.3412115667876804,0.29923113182220595,0.05745357743817037,-0.19200401070670528,,
341,1,0.4,0.04,0.5457134706565415,0.5287713780710371,0.08757467422772947,-0.16561916521881853,,
341,1,0.4,0.05,0.1574780585590713,0.13280473181448646,0.023868760199974304,-0.17972823613932917,,
341,1,0.4,0.06,-0.09940844921768428,-0.07514915630250167,-0.013971000199045291,-0.18591027346743752,,
341,1,0.4,0.07,0.5412779099739786,0.570102916409821,0.07147940416984233,-0.1253798254883142,,
341,1,0.4,0.08,0.5107700606568392,0.46779083694386986,0.0641855421217028,-0.13720991745164177,,
341,1,0.4,0.09,0.648348079258915,0.607968584639407,0.0771947594888096,-0.1269716255727172,,
341,1,0.4,0.1,0.6058779334975618,0.5009608499910996,0.06837960996181458,-0.1364969138067964,,
341,1,0.5,0.0,0.17202141242285382,0.16400295599382966,0.04092982138132206,-0.2495675832993033,,
341,1,0.5,0.01,-0.0723937131704332,-0.057223960024500004,-0.0165791568133431,-0.2897240387810431,,
341,1,0.5,0.02,0.24654545696846875,0.18355584332084196,0.054057003880026544,-0.294498954116862,,
341,1,0.5,0.03,0.3211170997970775,0.2871677063138686,0.06758756133915078,-0.23535919900853652,,
341,1,0.5,0.04,0.529337788505832,0.5181196674783336,0.10618343434205024,-0.2049399800992703,,
341,1,0.5,0.05,0.13847194475780353,0.11849576194876761,0.026235032947528936,-0.22140060130481137,,
341,1,0.5,0.06,-0.1164703607003496,-0.08927102768007832,-0.02046113088642254,-0.22920236742148134,,
341,1,0.5,0.07,0.528053002758254,0.5627161272860065,0.08716620730252655,-0.15490262865386722,,
341,1,0.5,0.08,0.49783529069513804,0.4604704051382652,0.07820012976947743,-0.16982661403830354,,
341,1,0.5,0.09,0.6381646642199982,0.6036076462818797,0.09497785476789922,-0.15735031746689532,,
341,1,0.5,0.1,0.5956546908899968,0.4981763981376881,0.08403226372649186,-0.1686797368173726,,
341,1,0.6,0.0,0.14785212800115818,0.14313337635009707,0.0422149389755746,-0.2949342777488807,,
341,1,0.6,0.01,-0.09463211852585279,-0.07573914924276469,-0.026006469300868917,-0.3433689123904874,,
341,1,0.6,0.02,0.22458087527025442,0.17136620486588497,0.05908931875755408,-0.3448131374782951,,
341,1,0.6,0.03,0.3005543709234134,0.2738787254966298,0.07591151138337837,-0.27717199006869375,,
341,1,0.6,0.04,0.5122314990078635,0.5067526082236042,0.1233023621374778,-0.24331865319787505,,
341,1,0.6,0.05,0.11933561830801316,0.10366254623516967,0.027131334511987015,-0.2617274560325448,,
341,1,0.6,0.06,-0.13333871649070336,-0.103673621691565,-0.028109409953967934,-0.2711336740756974,,
341,1,0.6,0.07,0.5143249004235675,0.5532286769237699,0.10188011579973066,-0.18415552202795313,,
341,1,0.6,0.08,0.48446705317163524,0.45267311011781997,0.09132029119307639,-0.2017356214715469,,
341,1,0.6,0.09,0.6274948634282004,0.5988102809468896,0.1120678458356148,-0.1871508379221606,,
341,1,0.6,0.1,0.5850184966803518,0.49499828781019045,0.0990381091926924,-0.2000776803306218,,
341,1,0.7000000000000001,0.0,0.12351367306603493,0.12149294673875181,0.041143422250502715,-0.3386486487892508,,
341,1,0.7000000000000001,0.01,-0.11653351494473467,-0.09458835607150262,-0.03736289060380793,-0.39500517987186523,,
341,1,0.7000000000000001,0.02,0.20231363261650384,0.15826499031706184,0.062102366601806125,-0.3923948466264882,,
341,1,0.7000000000000001,0.03,0.2795759460687179,0.25953470764323344,0.08238178216649295,-0.3174210606148992,,
341,1,0.7000000000000001,0.04,0.4944284957342877,0.4946478799413629,0.13885304165902523,-0.28071087998089733,,
341,1,0.7000000000000001,0.05,0.1001101037020722,0.08830736795111238,0.026553744320103156,-0.30069681540959875,,
341,1,0.7000000000000001,0.06,-0.14998397385282022,-0.11835517126222579,-0.03688816950493712,-0.3116734918426867,,
341,1,0.7000000000000001,0.07,0.5001112635139364,0.5409296104484972,0.11557537326539524,-0.2136606520200827,,
341,1,0.7000000000000001,0.08,0.47068135757221363,0.4443890448573199,0.10350869354230885,-0.23292359417983044,,
341,1,0.7000000000000001,0.09,0.6163473201562265,0.5935632556669611,0.1284231004308347,-0.21635958628626917,,
341,1,0.7000000000000001,0.1,0.5739778293182708,0.49141454612859925,0.11336386649807406,-0.23068887030545418,,
341,1,0.8,0.0,0.09908887977218174,0.099094348331146,0.03772265410755926,-0.38067412261999595,,
341,1,0.8,0.01,-0.13803349758526884,-0.1137983844433311,-0.050578513558440674,-0.44445721972114266,,
341,1,0.8,0.02,0.17980773022545624,0.14424143318117824,0.0630787833771318,-0.43731389785832225,,
341,1,0.8,0.03,0.2582363700822834,0.24426947884632785,0.08696424582292428,-0.35601764998906915,,
341,1,0.8,0.04,0.47596571900759393,0.4797324949083161,0.15276347397292311,-0.31843470182714734,,
341,1,0.8,0.05,0.08083669133358296,0.07243434056011921,0.024504640436329383,-0.3383014223204112,,
341,1,0.8,0.06,-0.16637746395579525,-0.13331272825347448,-0.046765835305467296,-0.3507979764433968,,
341,1,0.8,0.07,0.48543119867243373,0.5281944000300891,0.128208937431886,-0.24273058825421556,,
341,1,0.8,0.08,0.45649534781704465,0.43560907739477417,0.11473030090288616,-0.2633790406505026,,
341,1,0.8,0.09,0.6047317961246791,0.5878538195751476,0.14400328172619803,-0.244964440020602,,
341,1,0.8,0.1,0.562542027448513,0.487413557605896,0.12697740682517367,-0.2605126690543203,,
341,1,0.9,0.0,0.07466072295321133,0.0759549350759033,0.03197584545402088,-0.4209844353374375,,
341,1,0.9,0.01,-0.1590704430053494,-0.13338439160398904,-0.06557277788667615,-0.4916075794037292,,
341,1,0.9,0.02,0.15712825018153156,0.12928253313587443,0.062012857837652424,-0.47966926647761177,,
341,1,0.9,0.03,0.2365918545704851,0.22808544801290973,0.08963459027194709,-0.39298688738298526,,
341,1,0.9,0.04,0.45688299043934005,0.4642501931726773,0.16496862859093864,-0.3553442325215765,,
341,1,0.9,0.05,0.06155674232594384,0.055925346235984434,0.020992683381453103,-0.37536975261398803,,
341,1,0.9,0.06,-0.182491500248318,-0.1485421304905335,-0.05770711457934574,-0.388489880876075,,
341,1,0.9,0.07,0.470305204540344,0.51501297683118,0.13974070279407003,-0.27133433346452684,,
341,1,0.9,0.08,0.4419272571428606,0.4263249068250384,0.12495253973693665,-0.29309228181738994,,
341,1,0.9,0.09,0.5926591569247008,0.5816697553887613,0.1587695108811895,-0.2729547297419225,,
341,1,0.9,0.1,0.550721275099609,0.48298410898644273,0.1398478699927037,-0.28954962987535726,,
341,1,1.0,0.0,0.05031169991108991,0.05209681018516851,0.023941774012291583,-0.45956314651885516,,
341,1,1.0,0.01,-0.17958589481566134,-0.15336044613030522,-0.08225528381460068,-0.5363526638720856,,
341,1,1.0,0.02,0.13434094128482293,0.11338882181682026,0.05891058690413309,-0.5195449248013458,,
341,1,1.0,0.03,0.2146999521975995,0.21098891291484165,0.09037853292669817,-0.42835678746388123,,
341,1,1.0,0.04,0.43722282608748375,0.4482705017635592,0.17541094648750732,-0.3913060212470283,,
341,1,1.0,0.05,0.042311493319793975,0.038953769798435046,0.01603275556280348,-0.41158418416919407,,
341,1,1.0,0.06,-0.19829948079706133,-0.16403797252141933,-0.06967320452861148,-0.4247382691804111,,
341,1,1.0,0.07,0.4547551106706907,0.5013763341566985,0.1501337102205702,-0.29944315276286637,,
341,1,1.0,0.08,0.4269963580069175,0.41652911886035227,0.13414545425500224,-0.32205540544687955,,
341,1,1.0,0.09,0.5801413531237298,0.5749994316633641,0.17268452570681037,-0.30032121111366467,,
341,1,1.0,0.1,0.5385265838747155,0.4781154348093823,0.15194577869359582,-0.31780145050990544,,
347,1,0.1,0.0,0.08421899727902253,0.0679362414213475,0.004007107786712094,-0.05898336002811228,,
347,1,0.1,0.01,0.13154355005586735,0.11049788425022868,0.005999779902529312,-0.054297690342581334,,
347,1,0.1,0.02,0.36051245533788306,0.27764216070448383,0.01579026199677358,-0.056872709665951586,,
347,1,0.1,0.03,0.4299265773499778,0.3681540832136557,0.018069161667767286,-0.0490804326005016,,
347,1,0.1,0.04,0.5322469281050258,0.5180697626124611,0.02135018497029062,-0.04121102313060779,,
347,1,0.1,0.05,-0.18229410589825043,-0.12381768147586074,-0.006802978793438719,-0.05494351624380089,,
347,1,0.1,0.06,-0.22877144948677972,-0.15324908089079817,-0.008086251544493273,-0.052765416258876964,,
347,1,0.1,0.07,0.10762378194067165,0.09219682178867321,0.003565342774138003,-0.0386709943463151,,
347,1,0.1,0.08,0.3163104833790384,0.24971137586515124,0.009907210328199634,-0.03967464555379211,,
347,1,0.1,0.09,0.686686342251178,0.5451134928705731,0.02064615884486476,-0.037874973037526335,,
347,1,0.1,0.1,0.7239206534974418,0.5529465754786822,0.020587796151655624,-0.03723288481139955,,
347,1,0.2,0.0,0.06043987595452063,0.049605620570988766,0.005751412517128074,-0.11594275912539871,,
347,1,0.2,0.01,0.10888679466041659,0.09313662601351962,0.009932783507468734,-0.10664744829844815,,
347,1,0.2,0.02,0.34078826935070955,0.26837602961199236,0.0298527053853459,-0.11123461893562471,,
347,1,0.2,0.03,0.4120540334685771,0.3586478088239972,0.03463601153709739,-0.0965738830265506,,
347,1,0.2,0.04,0.5170276922801144,0.507099231637104,0.041479382151604405,-0.08179736738644545,,
347,1,0.2,0.05,-0.2000710126698303,-0.138033912087789,-0.014932779638353932,-0.10818196349355617,,
347,1,0.2,0.06,-0.24522744518679862,-0.16681487695815184,-0.017335824132272082,-0.1039225304624422,,
347,1,0.2,0.07,0.09114066582829224,0.07852211177322899,0.00603858568211546,-0.07690299643945939,,
347,1,0.2,0.08,0.30191056100521696,0.24032557203207625,0.018912376195885816,-0.07869481402237787,,
347,1,0.2,0.09,0.678120009275284,0.5442788041624431,0.04077720078567548,-0.07491969276375733,,
347,1,0.2,0.1,0.716566396292324,0.5537732565759256,0.04075729245938686,-0.07359924296705143,,
347,1,0.30000000000000004,0.0,0.03658061258361397,0.030298247750151917,0.00522147480719326,-0.17233586741553658,,
347,1,0.30000000000000004,0.01,0.08605312052158334,0.07497810128819392,0.011774802706085996,-0.15704322333833307,,
347,1,0.30000000000000004,0.02,0.32047128658378254,0.2581106351359671,0.04210943757428587,-0.1631449147847144,,
347,1,0.30000000000000004,0.03,0.393522400263454,0.348252452186955,0.04961744803550383,-0.14247551660847263,,
347,1,0.30000000000000004,0.04,0.5010677740284151,0.4954962894170064,0.06029845787694699,-0.12169305636555475,,
347,1,0.30000000000000004,0.05,-0.21755274876006658,-0.15255157852850934,-0.024356356377673305,-0.15965981219343142,,
347,1,0.30000000000000004,0.06,-0.26136727063450804,-0.18063939944236695,-0.027715191304548026,-0.15342827417553812,,
347,1,0.30000000000000004,0.07,0.0745736931634482,0.06465585555224385,0.00741139476610253,-0.11462836123348338,,
347,1,0.30000000000000004,0.08,0.2872340285467721,0.23065699731266787,0.026989506359347715,-0.1170114354812397,,
347,1,0.30000000000000004,0.09,0.6690321995595431,0.5430751883693884,0.060346089100093314,-0.11111921588847687,,
347,1,0.30000000000000004,0.1,0.7087282937075219,0.5542762313632413,0.06046720825245555,-0.10909219055584717,,
347,1,0.4,0.0,0.012721896302257263,0.010578420630358841,0.002421211906174836,-0.2288821735095538,,
347,1,0.4,0.01,0.06311338005726581,0.056035799346168015,0.011514555874079901,-0.2054857075018654,,
347,1,0.4,0.02,0.29961514683272567,0.24682921445965264,0.05249196355511754,-0.2126651161210012,,
347,1,0.4,0.03,0.3743741280581905,0.33695162841100645,0.06293750608124116,-0.18678498862890586,,
347,1,0.4,0.04,0.4843962047726829,0.4832395512735028,0.07772293666493701,-0.16083728341380643,,
347,1,0.4,0.05,-0.2347054104808209,-0.16736846424015653,-0.03503560188824906,-0.20933215852406084,,
347,1,0.4,0.06,-0.2771636537289598,-0.19471963075479395,-0.03918697071808719,-0.20124817701320755,,
347,1,0.4,0.07,0.057949858560114094,0.05059177534471381,0.007679013160623471,-0.15178382470869012,,
347,1,0.4,0.08,0.27230074851975694,0.220696182408968,0.03411509804281376,-0.1545794660806398,,
347,1,0.4,0.09,0.6594278640142772,0.5414855432747191,0.07930638248918975,-0.14646075684601276,,
347,1,0.4,0.1,0.700408945521166,0.5544394319263473,0.07967655860359724,-0.1437065151134157,,
347,1,0.5,0.0,-0.011055783703203585,-0.009250277010615149,-0.0026301498709689897,-0.28433201167389505,,
347,1,0.5,0.01,0.04013892834748622,0.03632721587185612,0.009153802505179165,-0.2519819448170515,,
347,1,0.5,0.02,0.27827638728255166,0.23451902934105806,0.060941820423220605,-0.2598587440620594,,
347,1,0.5,0.03,0.3546547025584242,0.3247319286464395,0.07452799494581441,-0.2295062122670381,,
347,1,0.5,0.04,0.4670451401736247,0.47030942907240664,0.09367362783740263,-0.19917446269821878,,
347,1,0.5,0.05,-0.2514964622087825,-0.1824809688585044,-0.04692760335285284,-0.2571643697773244,,
347,1,0.5,0.06,-0.2925905829562296,-0.20905145867723365,-0.05171014693139675,-0.2473560684942886,,
347,1,0.5,0.07,0.041296320312064455,0.03632449773958134,0.006840288204342793,-0.18831060661546895,,
347,1,0.5,0.08,0.25713130239983883,0.21043421973991813,0.04026824953168662,-0.1913578959802989,,
347,1,0.5,0.09,0.6493131437965189,0.5394929096495596,0.0976124140093777,-0.1809336365009582,,
347,1,0.5,0.1,0.6916119195430992,0.5542468163156481,0.09834479197973933,-0.17743862316338713,,
347,1,0.6,0.0,-0.034672738028514165,-0.029254372302605594,-0.009898293950025061,-0.3383526348689919,,
347,1,0.6,0.01,0.017201132784404684,0.015775770625673393,0.004707323653806439,-0.2983894584614313,,
347,1,0.6,0.02,0.25651410471585584,0.2211716298488514,0.06741112312807607,-0.3047910040457938,,
347,1,0.6,0.03,0.3344124083281468,0.31158312871093946,0.08432907647209453,-0.2706471201472784,,
347,1,0.6,0.04,0.44904972916974906,0.45668827508511634,0.1080772206175089,-0.23665424867184462,,
347,1,0.6,0.05,-0.267894872065201,-0.19788406254332785,-0.05998492791251675,-0.3031316779206648,,
347,1,0.6,0.06,-0.30762340099226365,-0.2236296462527821,-0.06524031404206443,-0.29173374431903076,,
347,1,0.6,0.07,0.024640302713790786,0.02184957017366389,0.004897679136472766,-0.22415448439238053,,
347,1,0.6,0.08,0.2417469286359872,0.19986280208484267,0.04543076111688005,-0.22730973769493376,,
347,1,0.6,0.09,0.6386953702133163,0.5370805272068665,0.11521946998689891,-0.21452922634545638,,
347,1,0.6,0.1,0.6823417571127286,0.5536824136131503,0.11643192883084952,-0.21028648548010193,,
347,1,0.7000000000000001,0.0,-0.05805066647089689,-0.04949216690157337,-0.019334200074608177,-0.3906517189489543,,
347,1,0.7000000000000001,0.01,-0.005629116332448092,-0.005183514503697239,-0.0017972315114085369,-0.3467206487271576,,
347,1,0.7000000000000001,0.02,0.23438959458242944,0.2067830937155099,0.07186301435865072,-0.3475284805319681,,
347,1,0.7000000000000001,0.03,0.31369806908069936,0.29749838520056937,0.09228977682693884,-0.31021942107254913,,
347,1,0.7000000000000001,0.04,0.43044796090049664,0.4423605270695328,0.12086684149819282,-0.2732315251970804,,
347,1,0.7000000000000001,0.05,-0.283871237462277,-0.21357124519863405,-0.07415593605207882,-0.3472187277978801,,
347,1,0.7000000000000001,0.06,-0.32223889023836055,-0.23844780553786818,-0.07972993617918323,-0.3343706015634571,,
347,1,0.7000000000000001,0.07,0.008008998087334542,0.0071634786792082236,0.0018572453096057373,-0.2592658389556368,,
347,1,0.7000000000000001,0.08,0.22616945758991575,0.18897426286008295,0.04958722371623514,-0.26240199573076073,,
347,1,0.7000000000000001,0.09,0.6275830600839549,0.5342318931326547,0.13208396795913102,-0.2472408885673423,,
347,1,0.7000000000000001,0.1,0.6726039753712905,0.5527303712607039,0.13389870047478047,-0.24224958033222505,,
347,1,0.8,0.0,-0.08111323021034549,-0.0700140345440635,-0.030874692587887664,-0.440978623628047,,
347,1,0.8,0.01,-0.028281889003345943,-0.02620132637062347,-0.01031963082497156,-0.3938591000699023,,
347,1,0.8,0.02,0.2119659703750698,0.19135423739438087,0.07427201267675021,-0.38813884494063056,,
347,1,0.8,0.03,0.29256476695507033,0.28247441649586985,0.09836842569703208,-0.34823835346685406,,
347,1,0.8,0.04,0.4112804905125357,0.4273128531163584,0.1319825679915514,-0.3088663657762997,,
347,1,0.8,0.05,-0.29939789973396713,-0.22953451163974234,-0.08938511983825226,-0.3894190864794374,,
347,1,0.8,0.06,-0.33641534983942556,-0.2534983759036578,-0.09512862372758635,-0.3752632473027757,,
347,1,0.8,0.07,-0.008570530936029414,-0.0077363335546279015,-0.002271385003745241,-0.29359967324398656,,
347,1,0.8,0.08,0.21042124370760357,0.17776161775280522,0.05272509457574892,-0.296605618480972,,
347,1,0.8,0.09,0.6159859065090275,0.5309308230330926,0.14816363267445287,-0.27906391237190975,,
347,1,0.8,0.1,0.6624050662460625,0.5513750045475971,0.1507066876217651,-0.2733288349649071,,
347,1,0.9,0.0,-0.10378660020896327,-0.0908625833284328,-0.044443141875493586,-0.48912478874663906,,
347,1,0.9,0.01,-0.05068868738018015,-0.047333017865800645,-0.020807471816750467,-0.43959740483364396,,
347,1,0.9,0.02,0.1893077670118362,0.17489079505844746,0.07462425431891195,-0.4266905773627078,,
347,1,0.9,0.03,0.27106754319999277,0.26651166608443166,0.1025330176617627,-0.3847224369881052,,
347,1,0.9,0.04,0.39159044507799495,0.41153429472453434,0.1413718932733321,-0.3435239664970356,,
347,1,0.9,0.05,-0.3144490471630175,-0.2457643237739191,-0.10561346292759077,-0.4297347202629198,,
347,1,0.9,0.06,-0.3501326637979672,-0.26877260757485544,-0.11138342305339644,-0.41441508514730324,,
347,1,0.9,0.07,-0.025071448330742666,-0.022851447267441986,-0.007475064988258562,-0.3271156045730546,,
347,1,0.9,0.08,0.19452509525128747,0.16621860741508446,0.05483475953632455,-0.3298954334239492,,
347,1,0.9,0.09,0.6039147650224481,0.5271615141139596,0.16341766917750467,-0.30999544694034264,,
347,1,0.9,0.1,0.651752492101625,0.5496008481402459,0.16681845787250071,-0.3035265655738806,,
347,1,1.0,0.0,-0.1259999756728064,-0.11207271259126646,-0.05995030812006563,-0.5349233255262299,,
347,1,1.0,0.01,-0.0727829012807802,-0.06862537748819865,-0.033196716081232314,-0.48373819272529434,,
347,1,1.0,0.02,0.16648053212368313,0.15740356199084668,0.07291762547098335,-0.4632527024720295,,
347,1,1.0,0.03,0.24926308290152763,0.24961444565835267,0.10476149138105884,-0.41969322370246914,,
347,1,1.0,0.04,0.37142321105754533,0.395016406475494,0.1489901367128812,-0.3771745534375019,,
347,1,1.0,0.05,-0.32900080582393487,-0.26224959086080707,-0.12277881909652899,-0.4681754457405262,,
347,1,1.0,0.06,-0.3633723598714019,-0.2842605510894026,-0.1284391174173195,-0.4518358841038206,,
347,1,1.0,0.07,-0.04146724024658786,-0.038182448329525956,-0.013737198480733293,-0.35977783200744906,,
347,1,1.0,0.08,0.17850420193482758,0.15433974089441757,0.055909581438581935,-0.3622500667331635,,
347,1,1.0,0.09,0.5913816351253984,0.5229086103780387,0.17780693200781195,-0.3400344314071741,,
347,1,1.0,0.1,0.6406546780282025,0.5473927095148305,0.18219770151779224,-0.33284641602055526,,
353,1,0.1,0.0,0.06437391648435907,0.05299114720170469,0.003062544746684548,-0.05779351662320736,,
353,1,0.1,0.01,0.27767922733952677,0.25737098860525903,0.012708553439832793,-0.04937834488923089,,
353,1,0.1,0.02,0.6134120904769248,0.5036518515760006,0.02692659681776277,-0.05346271781490626,,
353,1,0.1,0.03,0.7820373597007417,0.7543644966061324,0.03299898217656727,-0.043744081707223624,,
353,1,0.1,0.04,0.5757668466684296,0.574219824884415,0.023250233505951456,-0.04049012677441345,,
353,1,0.1,0.05,0.09075674881236268,0.07304791560147154,0.00343367938312511,-0.04700585026762816,,
353,1,0.1,0.06,0.09927431270629923,0.08518103939993073,0.0035303123385237445,-0.04144481405009265,,
353,1,0.1,0.07,0.15118936876143454,0.12100972743976593,0.005031918380723699,-0.04158275939616836,,
353,1,0.1,0.08,0.4435637378392456,0.3526161132442748,0.013973782506433441,-0.039628882463329476,,
353,1,0.1,0.09,0.602903684832611,0.4271783865477591,0.018019074860492035,-0.04218161645797002,,
353,1,0.1,0.1,0.3522964767690385,0.21726981391805167,0.010061997042801751,-0.046311067613823545,,
353,1,0.2,0.0,0.040572935371649896,0.03388173929437916,0.0038604589208179885,-0.11393921921412171,,
353,1,0.2,0.01,0.2560062849679339,0.2411188782357273,0.0234332944860145,-0.09718564824735618,,
353,1,0.2,0.02,0.59855154265955,0.5030137952505397,0.05254854383881735,-0.10446740096391219,,
353,1,0.2,0.03,0.7724519977756887,0.7557623408785136,0.0651890332109144,-0.0862559956813108,,
353,1,0.2,0.04,0.5613421101056881,0.5637003273234497,0.045335486793655955,-0.0804248012572868,,
353,1,0.2,0.05,0.07187784380400102,0.0586471950150037,0.005438834546256155,-0.09273818713520296,,
353,1,0.2,0.06,0.08155361720011231,0.07038939219862295,0.0058002867651085754,-0.08240285338366721,,
353,1,0.2,0.07,0.1347685515537709,0.10933053047320378,0.008970794140651384,-0.08205204988784051,,
353,1,0.2,0.08,0.43047499939170075,0.3467278651017991,0.027122884504759748,-0.07822528050001544,,
353,1,0.2,0.09,0.592855393596885,0.4262299139812956,0.03543752007962819,-0.08314179487923813,,
353,1,0.2,0.1,0.33950462349127064,0.21312905845371866,0.019393293676486234,-0.09099319359446953,,
353,1,0.30000000000000004,0.0,0.016737138791580862,0.014191259924503085,0.002388773556746715,-0.16832709494822104,,
353,1,0.30000000000000004,0.01,0.23385537216336197,0.22389158235124432,0.032108597277564765,-0.1434113642878826,,
353,1,0.30000000000000004,0.02,0.5826882419413908,0.5011913807573576,0.0767337892655886,-0.15310277114030785,,
353,1,0.30000000000000004,0.03,0.7617521183590368,0.7561348983938692,0.09642906799098938,-0.12752892135492955,,
353,1,0.30000000000000004,0.04,0.5461123991141784,0.5525373656565782,0.06615824203861487,-0.11973532678645048,,
353,1,0.30000000000000004,0.05,0.05292138359030853,0.043790993129904074,0.006006662847834798,-0.1371666276217188,,
353,1,0.30000000000000004,0.06,0.06375086473256095,0.05538950603610295,0.006801169151059883,-0.1227880448442142,,
353,1,0.30000000000000004,0.07,0.11821546520165846,0.09722559279508539,0.011803420646050666,-0.12140240348986911,,
353,1,0.30000000000000004,0.08,0.4169940790503838,0.3392520886348039,0.039410240761604154,-0.11616801217111522,,
353,1,0.30000000000000004,0.09,0.582342141058362,0.4249004255300913,0.052213646548187054,-0.12288442988271214,,
353,1,0.30000000000000004,0.1,0.32645438476655386,0.20862979123471284,0.027971750534572015,-0.13407361608823745,,
353,1,0.4,0.0,-0.007052960071944867,-0.0060768656436148705,-0.0013421588740625268,-0.22086367426483586,,
353,1,0.4,0.01,0.21129337767834563,0.20563439980570428,0.038681081151593855,-0.18810608141508456,,
353,1,0.4,0.02,0.5658517797901292,0.49813293189663643,0.09935547713887427,-0.1994557492125229,,
353,1,0.4,0.03,0.7499428015334796,0.7554284647841378,0.12657885884489284,-0.1675590274203693,,
353,1,0.4,0.04,0.530103577534163,0.5407060642629331,0.08562515908184776,-0.1583580520750553,,
353,1,0.4,0.05,0.03392781945146749,0.02848279436607952,0.005134483360824227,-0.1802661387373895,,
353,1,0.4,0.06,0.045899571846081795,0.04017328792486742,0.006528972919734866,-0.16252025305833645,,
353,1,0.4,0.07,0.10155718282349924,0.08469670221078344,0.013520195477512598,-0.15963071907882653,,
353,1,0.4,0.08,0.40313752219874804,0.3308915819253661,0.05080087098940811,-0.15352723902437157,,
353,1,0.4,0.09,0.5713723775752302,0.4231738904837652,0.06830677538554997,-0.16141538247424203,,
353,1,0.4,0.1,0.3131599942793407,0.20376278512749416,0.035776854372895794,-0.1755809057601478,,
353,1,0.5,0.0,-0.03071735461280411,-0.0269154586950138,-0.007306784963467816,-0.27147168644840625,,
353,1,0.5,0.01,0.18838957132617196,0.18618531414950446,0.04311015551369346,-0.2315443390936653,,
353,1,0.5,0.02,0.5480767541333815,0.4937906910161891,0.12029304616626901,-0.24361140935790782,,
353,1,0.5,0.03,0.737034001148608,0.7535913284580356,0.15550006381238557,-0.2063453465296141,,
353,1,0.5,0.04,0.5133449304725306,0.5281833465108159,0.103647766206449,-0.19623444565442494,,
353,1,0.5,0.05,0.01493771228666279,0.012727670299156025,0.0028257576092667325,-0.22201687683991228,,
353,1,0.5,0.06,0.028033402281101523,0.024733876239372038,0.004984505219218338,-0.20152543705559062,,
353,1,0.5,0.07,0.08482110032274527,0.0717467155754387,0.014115174144972764,-0.1967361715691535,,
353,1,0.5,0.08,0.38892291438479853,0.322213190366915,0.061262043690224255,-0.19012891315983405,,
353,1,0.5,0.09,0.5599556324710785,0.42103449943474397,0.08367739917572292,-0.19874238165296015,,
353,1,0.5,0.1,0.29963624959223223,0.1985192426230199,0.042789798594690565,-0.2155448410406576,,
353,1,0.6,0.0,-0.05417713908259145,-0.048313475593383226,-0.015464640501850035,-0.3200895880893321,,
353,1,0.6,0.01,0.1652151340990878,0.16588188351825106,0.0453684356777635,-0.27349843584801026,,
353,1,0.6,0.02,0.5294026307055864,0.48812132775926803,0.13943329203233423,-0.2856529393468749,,
353,1,0.6,0.03,0.7230405935518528,0.7505741656034718,0.18305726725395144,-0.24388964561119808,,
353,1,0.6,0.04,0.4958690553435857,0.5149480883641013,0.12014312451463449,-0.23331113801452855,,
353,1,0.6,0.05,-0.004008458493961103,-0.0034599733104342177,-0.000909933077304248,-0.2629884671538272,,
353,1,0.6,0.06,0.010186026995880821,0.009065661385589292,0.0021733632278360115,-0.2397357606242357,,
353,1,0.6,0.07,0.06803483720316308,0.058379585446093854,0.013586103996201082,-0.23272011769843975,,
353,1,0.6,0.08,0.3743688334644574,0.31320448978950466,0.07076343095362025,-0.2259336416319518,,
353,1,0.6,0.09,0.5481024999275363,0.41846672526374834,0.09828734067358513,-0.23487492490982947,,
353,1,0.6,0.1,0.28589847636408955,0.19289084261995235,0.04899355764382962,-0.2539962860775113,,
353,1,0.7000000000000001,0.0,-0.07735508909195028,-0.07025591665382225,-0.025760805659509556,-0.3666709778543335,,
353,1,0.7000000000000001,0.01,0.1418426697600534,0.14474058844292423,0.045442023739970194,-0.313954946769402,,
353,1,0.7000000000000001,0.02,0.5098735621001528,0.4810864312775223,0.15667138019439908,-0.3256616067477919,,
353,1,0.7000000000000001,0.03,0.707982389912436,0.7463304390585668,0.20911902204376576,-0.28019629255313755,,
353,1,0.7000000000000001,0.04,0.47771172841755577,0.5009812746221408,0.13503445898206135,-0.26953993257314757,,
353,1,0.7000000000000001,0.05,-0.022870485301397344,-0.01997147840009247,-0.0060569533860983515,-0.30328017108990324,,
353,1,0.7000000000000001,0.06,-0.007609015728219029,-0.006835691387942546,-0.001894099386230641,-0.2770896576126355,,
353,1,0.7000000000000001,0.07,0.05122613623713076,0.044600383053685216,0.011934438051544927,-0.26758599891798046,,
353,1,0.7000000000000001,0.08,0.35949479715596433,0.3038536030910237,0.07927725319671453,-0.26090608237074575,,
353,1,0.7000000000000001,0.09,0.5358246206906029,0.4154553862942949,0.11209990810554649,-0.2698241780072593,,
353,1,0.7000000000000001,0.1,0.27196249053830923,0.18686978753913566,0.05437295486041527,-0.29096707165158026,,
353,1,0.8,0.0,-0.10017622165109254,-0.09272375939367142,-0.03812651808249723,-0.4111839115649515,,
353,1,0.8,0.01,0.11834570315182298,0.12278231100198826,0.04333065047146767,-0.35290629503435555,,
353,1,0.8,0.02,0.48953816567145836,0.47265297964891634,0.17191179656982492,-0.3637167308191306,,
353,1,0.8,0.03,0.6918841112305605,0.7408167975580152,0.2335588822864847,-0.3152721199848254,,
353,1,0.8,0.04,0.4589117476630633,0.4862661562699437,0.14825174952020093,-0.30487778680180466,,
353,1,0.8,0.05,-0.04160862052575439,-0.03678302208718482,-0.012593722391262885,-0.34237867572198555,,
353,1,0.8,0.06,-0.02531845919087274,-0.022973217829679468,-0.007202835572451272,-0.3135318537373468,,
353,1,0.8,0.07,0.03442276255272328,0.030415317272481018,0.00916532864834707,-0.30133924187730304,,
353,1,0.8,0.08,0.3443212062290223,0.2941492496355473,0.08677841289074761,-0.2950149048425811,,
353,1,0.8,0.09,0.5231346596189353,0.4119857113889838,0.12508004619555435,-0.30360287441487926,,
353,1,0.8,0.1,0.2578445586437675,0.18044885052202483,0.058914723425451454,-0.3264898792927504,,
353,1,0.9,0.0,-0.12256832839402503,-0.11569392012293288,-0.05247993436779763,-0.45361013190696653,,
353,1,0.9,0.01,0.09479817065388846,0.1000323584535762,0.039047676211379834,-0.3903504507444097,,
353,1,0.9,0.02,0.46844926194318687,0.4627623926020907,0.1850692241247487,-0.3999227834485714,,
353,1,0.9,0.03,0.6747753255198564,0.7339934716443387,0.25625641534164156,-0.3491262868694999,,
353,1,0.9,0.04,0.4395107529253232,0.47078840732132105,0.15973227572440485,-0.3392867650103051,,
353,1,0.9,0.05,-0.06018376114258697,-0.05389526225042677,-0.020492863427195585,-0.38023497004197826,,
353,1,0.9,0.06,-0.042909445285434285,-0.03934862997214651,-0.013733197037655187,-0.34901334677665846,,
353,1,0.9,0.07,0.01765240271352774,0.0158317492784663,0.005287600931548786,-0.3339871569808628,,
353,1,0.9,0.08,0.32886928358219353,0.2840807970103499,0.09324461638342241,-0.3282327329573961,,
353,1,0.9,0.09,0.5100462791253346,0.4080434067317281,0.13719448206032814,-0.3362252147613499,,
353,1,0.9,0.1,0.24356135636277038,0.1736214224511623,0.06260756005694246,-0.3605981288084035,,
353,1,1.0,0.0,-0.14446247606932497,-0.13913924769094108,-0.06872702817245069,-0.4939442271896464,,
353,1,1.0,0.01,0.07127390831280606,0.07652045230527076,0.03261995077332536,-0.4262906163072756,,
353,1,1.0,0.02,0.44666357566808407,0.45139700842348157,0.1960693341705042,-0.4343611732281581,,
353,1,1.0,0.03,0.6566903470540146,0.7258246623366752,0.2770981819366225,-0.38177013859593817,,
353,1,1.0,0.04,0.41955302471679945,0.4545362794309125,0.16942110941673083,-0.3727339644458063,,
353,1,1.0,0.05,-0.07855762842531384,-0.07130710624969788,-0.029721394016536173,-0.4168083039642644,,
353,1,1.0,0.06,-0.060349658737889805,-0.05596229167555113,-0.021461054633375554,-0.3834913473129172,,
353,1,1.0,0.07,0.0009425643637978147,0.0008582026009547295,0.00031370637936145584,-0.36553883548297933,,
353,1,1.0,0.08,0.31316100949034353,0.273638314833511,0.09865648299904861,-0.3605360713432032,,
353,1,1.0,0.09,0.4965741085874214,0.4036147240129748,0.14841186513734939,-0.3677067666455559,,
353,1,1.0,0.1,0.22912992552920436,0.16638155851545358,0.06544217115755324,-0.39332586941403697,,
359,1,0.1,0.0,0.5500179500044607,0.5038395589014135,0.02616188217384008,-0.05192502595644576,,
359,1,0.1,0.01,0.04149390250144665,0.031328929387281906,0.0018978987768378808,-0.06057975213185356,,
359,1,0.1,0.02,0.2843530434937665,0.2185514972234435,0.012500177311793648,-0.05719556933080019,,
359,1,0.1,0.03,0.3160347082080631,0.24456942462988765,0.013279871111059549,-0.05429898333021911,,
359,1,0.1,0.04,0.42742650095293716,0.37928063940239815,0.017202835502237557,-0.04535648202171003,,
359,1,0.1,0.05,0.1604446889439066,0.12805045722346983,0.006040659893046918,-0.047174059538928,,
359,1,0.1,0.06,0.3298622339041385,0.2632701792496378,0.011736093080584542,-0.04457813305720491,,
359,1,0.1,0.07,0.4689110547776267,0.37159648139417617,0.015726753889476974,-0.042322128106467724,,
359,1,0.1,0.08,0.7434932452768725,0.6579867314044632,0.023618007198353386,-0.03589435177201992,,
359,1,0.1,0.09,0.576269168037257,0.3874029226962208,0.017332009333313803,-0.044738974122052695,,
359,1,0.1,0.1,0.41757263325337785,0.26233892424709027,0.012061235009124927,-0.04597577368185272,,
359,1,0.2,0.0,0.5322038166238385,0.49818096565771497,0.05062908780656317,-0.10162790491146319,,
359,1,0.2,0.01,0.01860763563406472,0.014323388345401847,0.0017021975172619719,-0.1188404221273815,,
359,1,0.2,0.02,0.26362360330416723,0.20625610056655883,0.02317781968771704,-0.11237398372242356,,
359,1,0.2,0.03,0.2965851378897289,0.234442790372717,0.024925188926011366,-0.10631672181680364,,
359,1,0.2,0.04,0.4103010517125307,0.3680582063788928,0.03302715897713093,-0.0897335215048338,,
359,1,0.2,0.05,0.1418891631016259,0.11425067302896365,0.010684107806218979,-0.09351461591399514,,
359,1,0.2,0.06,0.31359919541685316,0.25239088399401727,0.02231494829734393,-0.08841424042031917,,
359,1,0.2,0.07,0.4553049099428261,0.36582403161067356,0.030540837928152653,-0.08348505097843215,,
359,1,0.2,0.08,0.7356378974407691,0.6576392482171403,0.0467369441955523,-0.0710677538213483,,
359,1,0.2,0.09,0.5657040649695901,0.38535522145015344,0.03402850153285519,-0.08830424408108573,,
359,1,0.2,0.1,0.40530237256570734,0.25925197772035075,0.023413637657162534,-0.09031228175400188,,
359,1,0.30000000000000004,0.0,0.5133260478116999,0.49103397431203133,0.07324983982524813,-0.14917468781640952,,
359,1,0.30000000000000004,0.01,-0.004266309032791731,-0.0033499384343221544,-0.0005854129551684517,-0.17475334745574436,,
359,1,0.30000000000000004,0.02,0.24243625519506182,0.1931846818196633,0.03197253814670664,-0.16550245001595315,,
359,1,0.30000000000000004,0.03,0.2766611023234561,0.22341667860413733,0.03487614193831212,-0.1561035736284832,,
359,1,0.30000000000000004,0.04,0.3925719470544374,0.35619200742210044,0.04740008361377335,-0.13307452897897995,,
359,1,0.30000000000000004,0.05,0.12315837799122918,0.10013057119590527,0.013910548476012696,-0.13892408991452507,,
359,1,0.30000000000000004,0.06,0.29696938994364325,0.24118072163677795,0.03169741829380679,-0.13142600320080147,,
359,1,0.30000000000000004,0.07,0.441230994871569,0.3595224306651785,0.04439518663968167,-0.12348377417660121,,
359,1,0.30000000000000004,0.08,0.7271682339427726,0.6568248656706184,0.06929826743999024,-0.10550493908180027,,
359,1,0.30000000000000004,0.09,0.5546840551403008,0.3830062997180209,0.050048430944914735,-0.13067260507663106,,
359,1,0.30000000000000004,0.1,0.39271858489175826,0.2557860374626495,0.034030040052622335,-0.13304103847963744,,
359,1,0.4,0.0,0.4934328830058298,0.482356110293575,0.09388153929006893,-0.19463118075342734,,
359,1,0.4,0.01,-0.027056674094305504,-0.021682698459202527,-0.004950204784145651,-0.22830206274647033,,
359,1,0.4,0.02,0.22084973111863712,0.1793246189939359,0.038834271148646016,-0.21655850360378712,,
359,1,0.4,0.03,0.2563121793226966,0.2114812443317366,0.04308125173845512,-0.20371192667505028,,
359,1,0.4,0.04,0.3742763481211685,0.34366625308117976,0.06025470516921083,-0.17532913001783057,,
359,1,0.4,0.05,0.10429163281425236,0.08567877398208723,0.015706105017703198,-0.18331383944624202,,
359,1,0.4,0.06,0.2800019105596437,0.22962379792058324,0.03984849609700358,-0.1735381805277231,,
359,1,0.4,0.07,0.4267083952478632,0.3526785211008539,0.0572452949979545,-0.16231579632144458,,
359,1,0.4,0.08,0.7180872175291628,0.6555225940346783,0.09124380984165414,-0.13919247127708795,,
359,1,0.4,0.09,0.5432187785570309,0.3803398426804562,0.06535191165648535,-0.17182504782017008,,
359,1,0.4,0.1,0.3798344816121508,0.2519299074161146,0.04388480070257317,-0.174194485889634,,
359,1,0.5,0.0,0.4725788216197064,0.47211173007864926,0.11239225418885579,-0.23806282925893904,,
359,1,0.5,0.01,-0.04969288844881113,-0.04066303157223361,-0.011364570035471089,-0.2794816223990364,,
359,1,0.5,0.02,0.1989249125931621,0.16466628078886023,0.043723757069652924,-0.26552951132549574,,
359,1,0.5,0.03,0.23559004701750563,0.1986301042648657,0.04949781429356803,-0.24919593370179466,,
359,1,0.5,0.04,0.355453977204844,0.3304670490810256,0.07153061736740929,-0.2164531004417056,,
359,1,0.5,0.05,0.08532875147304186,0.07088533598669125,0.01606291769892043,-0.22660424014829034,,
359,1,0.5,0.06,0.2627270637836315,0.21770518297213107,0.046737530981637576,-0.21468267472355287,,
359,1,0.5,0.07,0.4117576008829691,0.345280053600815,0.06904945389140904,-0.1999810101142954,,
359,1,0.5,0.08,0.7083993416214643,0.6537117529537879,0.1125160238913403,-0.17211871039940482,,
359,1,0.5,0.09,0.5313189551715563,0.3773395552120495,0.0799003798985527,-0.21174663189935636,,
359,1,0.5,0.1,0.3666639772531521,0.24767281604310676,0.0529539060615023,-0.21380588676427784,,
359,1,0.6,0.0,0.45082430563745896,0.46027258620920464,0.1286621176464675,-0.27953460949331355,,
359,1,0.6,0.01,-0.07210554969419455,-0.06027547271460278,-0.019788310038526324,-0.3282978821621462,,
359,1,0.6,0.02,0.17672445157618408,0.14919649783743702,0.04661290667874041,-0.3124262791310916,,
359,1,0.6,0.03,0.21454819435720654,0.18486051747637347,0.05409226823843327,-0.2926112561885837,,
359,1,0.6,0.04,0.3361469292433373,0.3165825419148779,0.08117438177740133,-0.2564082696613995,,
359,1,0.6,0.05,0.06630989711898735,0.055741809658766614,0.014979200820244287,-0.26872469537573546,,
359,1,0.6,0.06,0.24517625074713958,0.2054109793513808,0.05233841896711411,-0.2547985464670941,,
359,1,0.6,0.07,0.39640044413151354,0.337315771128017,0.07976897319461274,-0.2364815998014486,,
359,1,0.6,0.08,0.6981106418563907,0.6513720493962588,0.13305822697935588,-0.20427377426262666,,
359,1,0.6,0.09,0.5189963664388854,0.3739892151975164,0.09365675312158794,-0.25042634738043085,,
359,1,0.6,0.1,0.35322165729945726,0.24300446942892232,0.061215066501969506,-0.251909220623922,,
359,1,0.7000000000000001,0.0,0.4282353402569493,0.4468183418582217,0.14258461492156815,-0.31911092621800013,,
359,1,0.7000000000000001,0.01,-0.0942268933360422,-0.08050087954845606,-0.03016905289181493,-0.3747667486496866,,
359,1,0.7000000000000001,0.02,0.1543123753457654,0.13290970454952739,0.04748507069479935,-0.3572731641812095,,
359,1,0.7000000000000001,0.03,0.1932416165847666,0.1701735454753551,0.05684048575747891,-0.3340148176304564,,
359,1,0.7000000000000001,0.04,0.31639946527744517,0.3020030626904414,0.0891399470884513,-0.2951623943622762,,
359,1,0.7000000000000001,0.05,0.047275384534306464,0.04024131360700625,0.012459257131859136,-0.3096135790579636,,
359,1,0.7000000000000001,0.06,0.22738184176574436,0.1927283949021956,0.05662976630423011,-0.29383198222020257,,
359,1,0.7000000000000001,0.07,0.38066003127537507,0.32877549263952527,0.089368390796144,-0.2718219356274494,,
359,1,0.7000000000000001,0.08,0.6872287012248582,0.64848365824459,0.152814847490371,-0.2356494964021645,,
359,1,0.7000000000000001,0.09,0.5062638325930974,0.3702727307776545,0.10658558484147185,-0.2878569659116365,,
359,1,0.7000000000000001,0.1,0.3395227433923765,0.23791510491846354,0.06864780617841415,-0.2885390828881613,,
359,1,0.8,0.0,0.4048830562081707,0.4317370262731488,0.15406773994363676,-0.356855517520895,,
359,1,0.8,0.01,-0.11599124385043329,-0.10131638791890003,-0.04244279309615995,-0.4189134055009325,,
359,1,0.8,0.02,0.13175367928742385,0.11582161732541851,0.04633519887358184,-0.4000565692619887,,
359,1,0.8,0.03,0.17172649839050497,0.15457418907992918,0.05772798254748901,-0.3734645666983787,,
359,1,0.8,0.04,0.2962577894423092,0.28672126765360473,0.09538901320662352,-0.3326890048556336,,
359,1,0.8,0.05,0.028265491714072714,0.024378602512913884,0.008513449626949887,-0.3492181154535058,,
359,1,0.8,0.06,0.20937704508777158,0.17964581966282353,0.05959502452898424,-0.3317362165222541,,
359,1,0.8,0.07,0.36456066719916824,0.31965019581461324,0.0978156660186873,-0.30600846581497865,,
359,1,0.8,0.08,0.6757626486673259,0.6450273052338495,0.17173167021480906,-0.2662393805988556,,
359,1,0.8,0.09,0.49313518568951625,0.36617420141861606,0.11865321436601373,-0.3240348825950398,,
359,1,0.8,0.1,0.3255830560404409,0.23239554501716386,0.07523354628482148,-0.3237305873452308,,
359,1,0.9,0.0,0.3808432182436189,0.4149964315901658,0.16303500389547887,-0.3928588091005222,,
359,1,0.9,0.01,-0.13733544290821276,-0.12268890843579418,-0.05653454557392101,-0.4607958966682534,,
359,1,0.9,0.02,0.1091139116423922,0.09793630522498173,0.043169888507589294,-0.44079556001646525,,
359,1,0.9,0.03,0.15005988760345468,0.1380714996224793,0.05675004431797426,-0.4110192507008509,,
359,1,0.9,0.04,0.2757698112466201,0.27073227373158987,0.09989133616899792,-0.36896722652295405,,
359,1,0.9,0.05,0.009320272027307085,0.008150137385745044,0.0031581309682735537,-0.3874942002569511,,
359,1,0.9,0.06,0.1911957706536582,0.1661529060328348,0.06122259590019552,-0.3684714120383596,,
359,1,0.9,0.07,0.3481277737336683,0.3099320982111792,0.10508235596999493,-0.33904960659607036,,
359,1,0.9,0.08,0.6637231510251487,0.6409843519167419,0.1897560795930211,-0.29603855230723125,,
359,1,0.9,0.09,0.4796252384881858,0.36167798265830586,0.12982791053102782,-0.358959949889132,,
359,1,0.9,0.1,0.31141897498075316,0.22643725126709707,0.08095568123924579,-0.3575192720554333,,
359,1,1.0,0.0,0.35619568508822214,0.3966071753653558,0.16942628043380648,-0.42718914572771016,,
359,1,1.0,0.01,-0.15819925040608251,-0.14458528537415324,-0.07235910477012997,-0.5004596739072124,,
359,1,1.0,0.02,0.08645875436747,0.07926178220934059,0.03800732168966148,-0.4795163650153518,,
359,1,1.0,0.03,0.12829936238295458,0.12067866219624575,0.053911768290812345,-0.4467381996921865,,
359,1,1.0,0.04,0.25498489504782584,0.25403378735799304,0.10262497049863639,-0.4039815788520045,,
359,1,1.0,0.05,-0.009520631671977519,-0.008445845170712452,-0.003584468783350836,-0.4244061678730096,,
359,1,1.0,0.06,0.1728724897362736,0.15224065131426467,0.061505908287970534,-0.4040045004865763,,
359,1,1.0,0.07,0.33138780209030033,0.2996147362383924,0.11114377348003446,-0.37095563080582744,,
359,1,1.0,0.08,0.6511223982840878,0.6363368822960226,0.20683729929457462,-0.3250437072706943,,
359,1,1.0,0.09,0.46574974927778173,0.3567687543401087,0.14008000860023762,-0.3926353047910102,,
359,1,1.0,0.1,0.2970473973447078,0.22003237779404372,0.08579964736456902,-0.3899410087949866,,
365,1,0.1,0.0,-0.07734733523747929,-0.06325305790535553,-0.0036804903968461478,-0.05818675837543227,,
365,1,0.1,0.01,-0.04823723509704241,-0.03807534155734516,-0.0022068312823720904,-0.05795959253703314,,
365,1,0.1,0.02,0.2263632656704701,0.17427055390103133,0.009902599544725055,-0.05682313691588291,,
365,1,0.1,0.03,0.3226826499066722,0.26542967598057976,0.013477290486618942,-0.050775371807352136,,
365,1,0.1,0.04,0.41302354157805776,0.40823437032151444,0.01654854027977737,-0.040536861868696115,,
365,1,0.1,0.05,0.29799953025891207,0.276471578791173,0.011275442769131283,-0.04078337027781055,,
365,1,0.1,0.06,0.24680577715648624,0.17879284567774112,0.008821896059506784,-0.04934143771841688,,
365,1,0.1,0.07,0.4957533533323816,0.37584866750500756,0.016665627226965185,-0.04434132316497608,,
365,1,0.1,0.08,0.5563965090488981,0.4162533125208944,0.01777029886912862,-0.04269106895872838,,
365,1,0.1,0.09,0.37811563928273445,0.20491876499673653,0.011450055409753634,-0.05587607074411162,,
365,1,0.1,0.1,0.12778571190385749,0.0549525209753477,0.003712451595611954,-0.06755743921698151,,
365,1,0.2,0.0,-0.1007918151883462,-0.0837156419500502,-0.00959214190747315,-0.1145800436338576,,
365,1,0.2,0.01,-0.07092972725373722,-0.05699816790498728,-0.006490004687821127,-0.11386339116442475,,
365,1,0.2,0.02,0.20519876070619963,0.16127496752814374,0.01795345325425246,-0.1113220081791022,,
365,1,0.2,0.03,0.3034298021678039,0.25407761206410767,0.025346336949294113,-0.09975824608623464,,
365,1,0.2,0.04,0.3957596311985049,0.39574654631610273,0.031713660548138733,-0.08013629137980507,,
365,1,0.2,0.05,0.2803459506944091,0.26088869710044604,0.021214964465656072,-0.08131806667533778,,
365,1,0.2,0.06,0.2297166525591096,0.1684534076023677,0.01642211503606239,-0.09748757991780492,,
365,1,0.2,0.07,0.48251873373199083,0.3733828511134364,0.032441444086463544,-0.08688520104692114,,
365,1,0.2,0.08,0.5448055350398732,0.4158118548097325,0.034800208217565354,-0.08369219832245826,,
365,1,0.2,0.09,0.36479471434480165,0.20185547787440716,0.02209334530757112,-0.10945130417177691,,
365,1,0.2,0.1,0.11339182878035049,0.050196138019199525,0.006588556254265576,-0.1312562383135037,,
365,1,0.30000000000000004,0.0,-0.1239556226027732,-0.10300692214092708,-0.017694888022600996,-0.17178348459331744,,
365,1,0.30000000000000004,0.01,-0.09342535748766614,-0.07530951098116731,-0.01282250118953554,-0.170264034681384,,
365,1,0.30000000000000004,0.02,0.1836865536135237,0.1474214979323323,0.02410692887997179,-0.1635238361981444,,
365,1,0.30000000000000004,0.03,0.283696270413903,0.24188462426312532,0.03554691007506361,-0.14695812180436574,,
365,1,0.30000000000000004,0.04,0.37791819909510727,0.38244497145360995,0.0454259424266088,-0.11877772180910713,,
365,1,0.30000000000000004,0.05,0.26232416797196345,0.24509015684112112,0.02977676985287192,-0.12149312822944013,,
365,1,0.30000000000000004,0.06,0.21235883646593362,0.1577317101383619,0.02277184437338886,-0.14437074417955306,,
365,1,0.30000000000000004,0.07,0.46878905022800277,0.37023345147830056,0.04727752322803691,-0.12769651969389334,,
365,1,0.30000000000000004,0.08,0.5327183840498968,0.414760219769623,0.051042187057363186,-0.12306432638528925,,
365,1,0.30000000000000004,0.09,0.35116168247907337,0.1984406970336786,0.031901516132432306,-0.16076095583870129,,
365,1,0.30000000000000004,0.1,0.09891183095819685,0.04507358522247552,0.008620808520641177,-0.19126076787746832,,
365,1,0.4,0.0,-0.14676277178028452,-0.12232852191356193,-0.027934199439109908,-0.2283539357963336,,
365,1,0.4,0.01,-0.11565522457580801,-0.09372100819038907,-0.021164692963864473,-0.22582656090158104,,
365,1,0.4,0.02,0.1618869113709002,0.13270780787848485,0.028327940049639455,-0.2134609899937327,,
365,1,0.4,0.03,0.2635303775995385,0.22884343655545938,0.04402685365308101,-0.19238853565464292,,
365,1,0.4,0.04,0.359536807569672,0.3683243568084065,0.057621987544792974,-0.15644359782257505,,
365,1,0.4,0.05,0.24397064099574978,0.22905507950321663,0.03692458169321,-0.1612039417475196,,
365,1,0.4,0.06,0.1947643046469081,0.1466150166673907,0.02784684331935594,-0.18993172699716698,,
365,1,0.4,0.07,0.45458231302281227,0.3663811181144102,0.06112635908066544,-0.16683818040420262,,
365,1,0.4,0.08,0.5201477565125078,0.40981002205909983,0.066450316916145,-0.16214907722916064,,
365,1,0.4,0.09,0.33723296403335357,0.19465962051064437,0.040848203279844286,-0.20984425620829064,,
365,1,0.4,0.1,0.08436373276756337,0.03957409415325163,0.009803796360593475,-0.2477326789244509,,
365,1,0.5,0.0,-0.16913983493063947,-0.14174448489354638,-0.040241692637183135,-0.28390305744456756,,
365,1,0.5,0.01,-0.1375522242219726,-0.11228310383978012,-0.03146475443319108,-0.2802269741143691,,
365,1,0.5,0.02,0.13986161698344304,0.11713524772250547,0.03059227787164387,-0.2611705568260484,,
365,1,0.5,0.03,0.24298256278569072,0.21494986203307365,0.050742526485279216,-0.23606680183619577,,
365,1,0.5,0.04,0.34065544066974696,0.3533820964446747,0.06824490269864203,-0.1931192988701011,,
365,1,0.5,0.05,0.22532317309580208,0.21276438236936487,0.04262789509422049,-0.20035259012581008,,
365,1,0.5,0.06,0.17696588910369454,0.13509157398295632,0.031627595952933074,-0.2341196791216848,,
365,1,0.5,0.07,0.4399180221332526,0.36180801458100453,0.07394311826652578,-0.20437114515596444,,
365,1,0.5,0.08,0.5071076869854882,0.4038285561613518,0.08098051488468894,-0.20053191793681066,,
365,1,0.5,0.09,0.32302574875584317,0.19049768895717445,0.048909147596324365,-0.2567440469438953,,
365,1,0.5,0.1,0.0697657111379015,0.033687480413325394,0.01013422478045789,-0.3008305951088347,,
365,1,0.6,0.0,-0.1910164633076014,-0.16130994022524914,-0.05453588724301495,-0.3380813802724272,,
365,1,0.6,0.01,-0.1590514957977773,-0.13103427441440738,-0.043659195937968964,-0.33318913034839215,,
365,1,0.6,0.02,0.11767358287744514,0.10070901119037363,0.0308868410634624,-0.30669391644682087,,
365,1,0.6,0.03,0.22210510291053465,0.20020295604019397,0.05565917457324887,-0.2780137500171296,,
365,1,0.6,0.04,0.3213163136583912,0.33761837378369475,0.07724473920507324,-0.22879305512727333,,
365,1,0.6,0.05,0.20642074059354396,0.19620079013421016,0.04686219293504257,-0.23884813564199575,,
365,1,0.6,0.06,0.15899714314149327,0.12315069992621207,0.03409943527367498,-0.27689193235691123,,
365,1,0.6,0.07,0.42481711114005244,0.3564979445568479,0.08568587866897937,-0.24035448163801604,,
365,1,0.6,0.08,0.49361351339375703,0.3974900206858576,0.09459074077055507,-0.23797010200996108,,
365,1,0.6,0.09,0.3085579498542259,0.1859406612484224,0.05606230352681729,-0.3015064222661677,,
365,1,0.6,0.1,0.05513605578380245,0.02740422346767132,0.009610930763104264,-0.3507098376439037,,
365,1,0.7000000000000001,0.0,-0.21232587325895827,-0.1810716193988969,-0.07072310049112496,-0.3905808139668949,,
365,1,0.7000000000000001,0.01,-0.1800908451841608,-0.15000530146716615,-0.057673512384195935,-0.38447649396458017,,
365,1,0.7000000000000001,0.02,0.0953864543515338,0.08343826722408257,0.029209761559397807,-0.3500763202686341,,
365,1,0.7000000000000001,0.03,0.2009518194491977,0.1846051528592344,0.05875122916340003,-0.3182534628824753,,
365,1,0.7000000000000001,0.04,0.3015636656625768,0.32103625556879756,0.08457888173509653,-0.2634558566765099,,
365,1,0.7000000000000001,0.05,0.1873033133853631,0.17934885670352435,0.049609120259259676,-0.27660683859985163,,
365,1,0.7000000000000001,0.06,0.14089220206309397,0.1107828739119358,0.03525263725837724,-0.31821378172948,,
365,1,0.7000000000000001,0.07,0.4093018834439863,0.3503618918533676,0.09631585539148535,-0.27490391401298625,,
365,1,0.7000000000000001,0.08,0.47968184026714833,0.3907774289107873,0.10724119701520629,-0.27443037668301196,,
365,1,0.7000000000000001,0.09,0.29384815491344185,0.18097469356229395,0.06228793824917278,-0.344180376952717,,
365,1,0.7000000000000001,0.1,0.0404931189353514,0.02071554696226912,0.008234889428105019,-0.3975221819198827,,
365,1,0.8,0.0,-0.2330052919626323,-0.20106821315459988,-0.08869846510934554,-0.44113618815096317,,
365,1,0.8,0.01,-0.20061113941676384,-0.16923798552545385,-0.0734229376400336,-0.43384431345048474,,
365,1,0.8,0.02,0.07306420699244555,0.06533626507528241,0.02557042392036757,-0.39136647757420107,,
365,1,0.8,0.03,0.17957777253356708,0.1681623837606811,0.06000252709155207,-0.3568130145975105,,
365,1,0.8,0.04,0.2814435370829822,0.3036417720878031,0.09021238241492391,-0.29710135662374376,,
365,1,0.8,0.05,0.16801166883006707,0.16219499555622638,0.050856615909259606,-0.3135523123562077,,
365,1,0.8,0.06,0.12268564038462433,0.09797982949585571,0.03508248404674719,-0.3580582271602247,,
365,1,0.8,0.07,0.3933959413144254,0.3419580842157821,0.10579761192096893,-0.3093876612497589,,
365,1,0.8,0.08,0.4653304960893529,0.3836742034916614,0.11889452006178525,-0.30988406043402195,,
365,1,0.8,0.09,0.2789155738777137,0.17558642155578094,0.06756872117960833,-0.3848174624262893,,
365,1,0.8,0.1,0.025855264826825135,0.01361349885320961,0.006009211373085854,-0.44141564471275374,,
365,1,0.9,0.0,-0.2529963582383852,-0.2213306041310241,-0.1083470552239536,-0.4895258640319525,,
365,1,0.9,0.01,-0.2205566692366932,-0.1887581871223202,-0.09081329404666783,-0.4811091663421118,,
365,1,0.9,0.02,0.050770742044264926,0.04642040999865023,0.019989378268040703,-0.4306161507109036,,
365,1,0.9,0.03,0.15803894525382897,0.15088417431929413,0.05940645078378637,-0.39372221143665587,,
365,1,0.9,0.04,0.26100353351433137,0.28544398237808466,0.09411823655187113,-0.3297257688452751,,
365,1,0.9,0.05,0.1485872002952548,0.14472751708134002,0.05059900009000229,-0.34961561636937744,,
365,1,0.9,0.06,0.10441232650722612,0.08473464804735091,0.033589295686324405,-0.39640567890898937,,
365,1,0.9,0.07,0.37712410807455854,0.33294788689014426,0.11409925490373118,-0.3426940353022216,,
365,1,0.9,0.08,0.4505784849160692,0.37616424503152746,0.1295159619024251,-0.3443069446740478,,
365,1,0.9,0.09,0.263779984322291,0.16976304520027644,0.0718898032883053,-0.42347145224388466,,
365,1,0.9,0.1,0.011240819160616828,0.0060910306251736835,0.0029391312038229422,-0.4825343007923448,,
365,1,1.0,0.0,-0.272245474517169,-0.2418820067481686,-0.1295451034568722,-0.5355714763510537,,
365,1,1.0,0.01,-0.2398754761110766,-0.20858562039626075,-0.10974192519344461,-0.526124116250019,,
365,1,1.0,0.02,0.028569483734788785,0.026712307111551654,0.012498147868082121,-0.46787976103634027,,
365,1,1.0,0.03,0.13639192097248193,0.13278371901023353,0.056965986225344434,-0.4290133357460346,,
365,1,1.0,0.04,0.24029257806672358,0.26645502321171394,0.09627759695913607,-0.36132776105571085,,
365,1,1.0,0.05,0.12907172176770013,0.12693667130597966,0.048837016979204284,-0.384735289469527,,
365,1,1.0,0.06,0.08610727579946353,0.07104185250013512,0.03077843014138648,-0.43324363115851944,,
365,1,1.0,0.07,0.360512343815601,0.32332285621224227,0.12119261105072332,-0.37483465434676094,,
365,1,1.0,0.08,0.4354459324559725,0.368232004683886,0.1390735605857114,-0.3776791773031817,,
365,1,1.0,0.09,0.24846167425505436,0.163492415772279,0.07523888572335058,-0.4601980181646306,,
365,1,1.0,0.1,-0.0033319812374580154,-0.0018579251618116939,-0.0009680126891539187,-0.5210181276677438,,
371,1,0.1,0.0,-0.3319550129576496,-0.20113735291607598,-0.01579186713170977,-0.07851285155521999,,
371,1,0.1,0.01,0.13307156580876406,0.09711099979720723,0.006074118882046564,-0.06254820663705335,,
371,1,0.1,0.02,0.08956678404429351,0.06490832862250415,0.0039057327468501324,-0.06017305990984937,,
371,1,0.1,0.03,0.1200139492077717,0.08509020809620649,0.005051357778946608,-0.059364736459867805,,
371,1,0.1,0.04,0.2908180458898954,0.22031587293248106,0.011650973559944822,-0.05288304199269123,,
371,1,0.1,0.05,0.020780250882149267,0.013146686671576976,0.0007902596640181336,-0.06011093774119287,,
371,1,0.1,0.06,0.15182009746153505,0.10795467798858063,0.005427056418292331,-0.050271618788640185,,
371,1,0.1,0.07,0.8931581056261485,0.8633356003202108,0.03019960245849962,-0.034980142655183684,,
371,1,0.1,0.08,0.7792130604581,0.681501097348772,0.025145392256416432,-0.03689706789062992,,
371,1,0.1,0.09,0.4693114390891935,0.29318578312848576,0.014404775098394662,-0.04913190177465703,,
371,1,0.1,0.1,0.37704480969656345,0.2042043269051875,0.010944045510430378,-0.053593602428961856,,
371,1,0.2,0.0,-0.352346990108886,-0.21737061114129735,-0.03352392122342951,-0.1542247180859144,,
371,1,0.2,0.01,0.1104026462117151,0.08225664234403464,0.01007876917817585,-0.12252833194943527,,
371,1,0.2,0.02,0.06778960488536277,0.05012326747233058,0.005912193510617891,-0.11795307466500633,,
371,1,0.2,0.03,0.09907949622186338,0.071897711256262,0.008340463542416465,-0.11600457645569412,,
371,1,0.2,0.04,0.2720300842682768,0.20957804158682847,0.021796551927312002,-0.10400207847290939,,
371,1,0.2,0.05,0.0017578115940035228,0.001133056791835216,0.0001336969036189739,-0.11799664816661534,,
371,1,0.2,0.06,0.13417468632858082,0.09664261762825889,0.00959258497112181,-0.09925833143324213,,
371,1,0.2,0.07,0.8887114948481499,0.8717305136008763,0.06009850590987531,-0.0689416109361884,,
371,1,0.2,0.08,0.7720601375259585,0.6814230936870107,0.04982913143734957,-0.07312509936776071,,
371,1,0.2,0.09,0.4569049473838639,0.2899978087405212,0.0280479547704251,-0.0967178162215747,,
371,1,0.2,0.1,0.3642793991592128,0.20178561312466736,0.021147037277182257,-0.10479952931092851,,
371,1,0.30000000000000004,0.0,-0.37193728404849447,-0.23405565148067875,-0.053081748505832915,-0.22679114206398387,,
371,1,0.30000000000000004,0.01,0.08755294704811621,0.06663350031702873,0.011989195564318544,-0.17992744651378623,,
371,1,0.30000000000000004,0.02,0.04592472914070085,0.03466131609768724,0.006007909753900087,-0.173331841669479,,
371,1,0.30000000000000004,0.03,0.07800702896802673,0.05794568605089629,0.00984989033003103,-0.16998487724141242,,
371,1,0.30000000000000004,0.04,0.2528450558537592,0.19818288470018253,0.030389012327284304,-0.15333822783565687,,
371,1,0.30000000000000004,0.05,-0.017240430741230776,-0.011329026756436933,-0.0019669276972199556,-0.17361841749578227,,
371,1,0.30000000000000004,0.06,0.11637951869892674,0.08496195305188342,0.012480525789534624,-0.1468954672206415,,
371,1,0.30000000000000004,0.07,0.8834951291992476,0.8794268735959528,0.08961862913554319,-0.10190572044847235,,
371,1,0.30000000000000004,0.08,0.7642538868904483,0.6781113314598178,0.07398796841798294,-0.10910888077729633,,
371,1,0.30000000000000004,0.09,0.4441043152065496,0.2864745229843657,0.04089324645394665,-0.14274653825386907,,
371,1,0.30000000000000004,0.1,0.3512273881226818,0.1989934630094877,0.030584018832278792,-0.15369358555673054,,
371,1,0.4,0.0,-0.3906732617573191,-0.2512092303480273,-0.07434091971215806,-0.29593227768408653,,
371,1,0.4,0.01,0.06459345164321605,0.05024008938412076,0.011793602995442631,-0.23474486490802707,,
371,1,0.4,0.02,0.02403424200904691,0.018524209417715695,0.00419223831968929,-0.22631132185754863,,
371,1,0.4,0.03,0.05685218481318205,0.04323714786995503,0.009571578234093492,-0.22137395054091127,,
371,1,0.4,0.04,0.23330677249625162,0.18611973219097958,0.03738765287954693,-0.2008795759558854,,
371,1,0.4,0.05,-0.036173623180211126,-0.024246020162366173,-0.005502639109187801,-0.22695019934565616,,
371,1,0.4,0.06,0.09846824757911174,0.07290344433528617,0.014079630930486253,-0.19312710200266267,,
371,1,0.4,0.07,0.8775020626136774,0.8863820985023196,0.1186809514710434,-0.13389366918800968,,
371,1,0.4,0.08,0.7557953116164642,0.6745626398508361,0.09755878355007841,-0.14462523980226843,,
371,1,0.4,0.09,0.43092390500954914,0.2826004453727945,0.05290612091818048,-0.1872117393459482,,
371,1,0.4,0.1,0.33790317660014757,0.19581484220936252,0.039231705598144595,-0.20035103139014662,,
371,1,0.5,0.0,-0.408507799151249,-0.26884286444933003,-0.09716830044206515,-0.3614315769216887,,
371,1,0.5,0.01,0.04159567262697425,0.03307861909688203,0.009493277507458764,-0.2869913486912637,,
371,1,0.5,0.02,0.00218026071909225,0.0017167471306399138,0.0004753724150137195,-0.2769029908537115,,
371,1,0.5,0.03,0.03567093987202554,0.02777839031030826,0.007506905688644094,-0.27024264562437095,,
371,1,0.5,0.04,0.2134606399251969,0.17337995755180508,0.04275911187435333,-0.24662084636615,,
371,1,0.5,0.05,-0.05500124668218355,-0.03762280546802038,-0.010458311348150895,-0.2779779768693891,,
371,1,0.5,0.06,0.08047493114971202,0.06045893381852148,0.014383536794867702,-0.23790589556280486,,
371,1,0.5,0.07,0.8707273391075652,0.8925541258586445,0.14720584925085078,-0.16492652376598174,,
371,1,0.5,0.08,0.7466870659896903,0.670751408814962,0.12047885308842998,-0.17961774139436223,,
371,1,0.5,0.09,0.41737907261074414,0.2783602587359341,0.06405396471266989,-0.23011174441188656,,
371,1,0.5,0.1,0.32432181426197276,0.1922371243797143,0.0470685791718608,-0.24484645889151516,,
371,1,0.6,0.0,-0.42539952071871995,-0.2869625277003785,-0.12142342992615263,-0.4231333996783458,,
371,1,0.6,0.01,0.018631159966884386,0.015155182438829472,0.005102572282582818,-0.33668827829544234,,
371,1,0.6,0.02,-0.019575454753939774,-0.01575307683440437,-0.00512175325815889,-0.3251271679811206,,
371,1,0.6,0.03,0.01451928205918112,0.011579083198169275,0.003666678191585504,-0.3166639472946553,,
371,1,0.6,0.04,0.19335342512614365,0.1599571273500847,0.04647763113137149,-0.29056305212114625,,
371,1,0.6,0.05,-0.07368330747119568,-0.0514625718877426,-0.01681277462995945,-0.32669907494389977,,
371,1,0.6,0.06,0.06243389000032621,0.04762142585093906,0.013390805925325155,-0.2811928808524136,,
371,1,0.6,0.07,0.8631680560826049,0.8979016017634284,0.17511344509578897,-0.19502520627190773,,
371,1,0.6,0.08,0.736933476999636,0.6666520975621918,0.14268611977689338,-0.2140338570877777,,
371,1,0.6,0.09,0.403486129398316,0.2737388750159963,0.07430622565583667,-0.27144929872125206,,
371,1,0.6,0.1,0.3104989636957067,0.18824815677527798,0.054074975210962384,-0.28725367694045795,,
371,1,0.7000000000000001,0.0,-0.44131297960742566,-0.30556834678026007,-0.1469599483603511,-0.48093969780853235,,
371,1,0.7000000000000001,0.01,-0.004228990340707332,-0.003520077277669428,-0.0013512408114426666,-0.38386680315646243,,
371,1,0.7000000000000001,0.02,-0.04117188693999372,-0.03387396315972947,-0.012567657994076775,-0.3710123298775278,,
371,1,0.7000000000000001,0.03,-0.0065471154216873865,-0.005347652023708415,-0.0019289654113808785,-0.3607125899046824,,
371,1,0.7000000000000001,0.04,0.1730330134077999,0.14584714514065955,0.048525260550116744,-0.33271313266582947,,
371,1,0.7000000000000001,0.05,-0.09218052442746648,-0.0657666996368023,-0.024538965132489987,-0.37312143178853174,,
371,1,0.7000000000000001,0.06,0.044379562844515434,0.034385167700992536,0.011104937803517734,-0.32295720934341077,,
371,1,0.7000000000000001,0.07,0.8548234190345986,0.9023840741669374,0.202323968008707,-0.22421048176796377,,
371,1,0.7000000000000001,0.08,0.7265405588191549,0.6622392727201307,0.16411946601195626,-0.247825027558151,,
371,1,0.7000000000000001,0.09,0.38926230036590576,0.2687215049035103,0.08363455046729151,-0.3112313266380453,,
371,1,0.7000000000000001,0.1,0.29645086123024456,0.18383632683866355,0.06023316442586091,-0.3276456044442298,,
371,1,0.8,0.0,-0.4562187774238314,-0.3246543125958261,-0.17362705269915268,-0.5348059334585439,,
371,1,0.8,0.01,-0.02691462164242467,-0.022932826260229314,-0.00982825207039828,-0.42856697900522983,,
371,1,0.8,0.02,-0.06254913833510391,-0.052631217052659676,-0.021820608654374407,-0.41459441518409124,,
371,1,0.8,0.03,-0.027473217174586655,-0.02298519153922587,-0.009250727949784099,-0.40246468836237764,,
371,1,0.8,0.04,0.15254815712702507,0.131048387947216,0.04889200159135054,-0.37308357895286276,,
371,1,0.8,0.05,-0.11045451113985436,-0.0805346480285142,-0.03360411589165202,-0.41726283921616075,,
371,1,0.8,0.06,0.026346361660474448,0.020745730734500735,0.007534348536924362,-0.36317585691954096,,
371,1,0.8,0.07,0.8456947871437096,0.9059621891859393,0.22875812210256696,-0.25250294640675863,,
371,1,0.8,0.08,0.7155160200670052,0.6574876539969488,0.18471898794670927,-0.28094670192478854,,
371,1,0.8,0.09,0.3747256781391336,0.26329373108109905,0.09201291368756559,-0.3494686839286121,,
371,1,0.8,0.1,0.2821942754735237,0.17899062940959054,0.06552742621866292,-0.3660941717161864,,
371,1,0.9,0.0,-0.47009362384830333,-0.34420802588283195,-0.20127096087568686,-0.5847363970071962,,
371,1,0.9,0.01,-0.049356990874105784,-0.043064430867417104,-0.020276323162396803,-0.470836900755097,,
371,1,0.9,0.02,-0.0836487974146295,-0.07200668193762454,-0.03282900750593487,-0.45591612642800083,,
371,1,0.9,0.03,-0.04820494235904497,-0.041313384832614014,-0.018260408140784667,-0.4419973869187634,,
371,1,0.9,0.04,0.1319482181361583,0.11556183341209064,0.047575888094352425,-0.4116920499582071,,
371,1,0.9,0.05,-0.12846795129750174,-0.09576384970834742,-0.043969986957667184,-0.4591501604371536,,
371,1,0.9,0.06,0.008368527211222294,0.006700090890653799,0.0026923195983550308,-0.40183329484539465,,
371,1,0.9,0.07,0.8357857092796404,0.9085978893270041,0.2543374616607319,-0.27992301616407994,,
371,1,0.9,0.08,0.703869263685668,0.6523721672552996,0.20442626885623882,-0.31335835450539473,,
371,1,0.9,0.09,0.3598951731795989,0.25744158478619855,0.0994177370754048,-0.3861759053339023,,
371,1,0.9,0.1,0.2677464637265233,0.17370073415354478,0.06994411454633842,-0.4026702298477939,,
371,1,1.0,0.0,-0.4829203369905461,-0.3642104957504094,-0.22973636484676774,-0.6307790893654098,,
371,1,1.0,0.01,-0.07148922666587675,-0.0638918829187264,-0.032631618852230426,-0.5107318388744223,,
371,1,1.0,0.02,-0.10441428969956477,-0.0919786995134927,-0.04553186930514441,-0.4950262348345681,,
371,1,1.0,0.03,-0.06868947223648332,-0.06030855835897723,-0.0289112309197328,-0.47938852637868135,,
371,1,1.0,0.04,0.11128290607915713,0.0993911756683313,0.04458300352148581,-0.4485609836255428,,
371,1,1.0,0.05,-0.1461847661684391,-0.11144961298837011,-0.055593132562262726,-0.49881853396892395,,
371,1,1.0,0.06,-0.009520014108242714,-0.00775329259030391,-0.0034030839481882236,-0.4389211304167783,,
371,1,1.0,0.07,0.8251019500094008,0.9048925066502738,0.2789847701213901,-0.3083070840691724,,
371,1,1.0,0.08,0.6916113793097373,0.6468680048740062,0.22318465005605104,-0.3450234798666876,,
371,1,1.0,0.09,0.34479046037620864,0.251151625347249,0.10582799872575288,-0.4213709490409718,,
371,1,1.0,0.1,0.25312512644903795,0.16795705278356715,0.07347171562767607,-0.4374434678986253,,
377,1,0.1,0.0,0.1958328654388895,0.17514509874128414,0.009306115402412107,-0.05313374721469454,,
377,1,0.1,0.01,0.019361435899111205,0.014590719330463443,0.0008740176193955396,-0.05990229813897587,,
377,1,0.1,0.02,-0.10260387311965197,-0.0642397782758268,-0.004459648837333519,-0.06942192138623349,,
377,1,0.1,0.03,0.01999093118850869,0.013176547280379222,0.0008399188577881134,-0.06374347087410447,,
377,1,0.1,0.04,0.4005538348388492,0.34027721833369245,0.016133259445508807,-0.04741210570755208,,
377,1,0.1,0.05,0.16876694862736424,0.13472868964387302,0.006511025302097906,-0.048326940010390014,,
377,1,0.1,0.06,0.5183255777926239,0.5099748940398333,0.018685433673442775,-0.03663990892850362,,
377,1,0.1,0.07,0.6801916638923636,0.6512011761948375,0.023178890030884247,-0.03559405430795658,,
377,1,0.1,0.08,0.5282997100574303,0.4389709947281276,0.01722195783618008,-0.03923256443594031,,
377,1,0.1,0.09,0.5883499990806397,0.5199040578824269,0.018278837222212463,-0.03515809685475875,,
377,1,0.1,0.1,0.6216337432752003,0.4152392415372441,0.01822668892960344,-0.0438944278535116,,
377,1,0.2,0.0,0.17257086693042312,0.15631553048763477,0.016401377768227254,-0.10492481276212458,,
377,1,0.2,0.01,-0.0032158039030885915,-0.0024775126786511213,-0.00029033686204538167,-0.11718885015089216,,
377,1,0.2,0.02,-0.12389255443605282,-0.07964225213161133,-0.01076991091166124,-0.1352286082249862,,
377,1,0.2,0.03,-0.0010236657333057243,-0.000690570441339658,-8.601861967982849e-05,-0.12456168774463967,,
377,1,0.2,0.04,0.3830102870555032,0.3301745868702706,0.030853302572181107,-0.09344541887563176,,
377,1,0.2,0.05,0.14978952951799585,0.12068158633818084,0.011557753749929178,-0.09577064820428678,,
377,1,0.2,0.06,0.5044747534833051,0.5029260364589881,0.03637223378511356,-0.07232123840953616,,
377,1,0.2,0.07,0.6702473200492618,0.6516482922451519,0.04568003328948511,-0.07009921430485412,,
377,1,0.2,0.08,0.5159911945225741,0.4365874914855946,0.033641429009839685,-0.07705541195274876,,
377,1,0.2,0.09,0.577626065580367,0.5188156134552696,0.03589133286155888,-0.06917936147396478,,
377,1,0.2,0.1,0.6121043615166991,0.4153895471359635,0.03589456303011307,-0.08641181097983724,,
377,1,0.30000000000000004,0.0,0.14897616687380402,0.1367739625255957,0.021238356463245234,-0.1552806986875935,,
377,1,0.30000000000000004,0.01,-0.025740468766143915,-0.020279225528568298,-0.0034859434006353496,-0.1718972648005979,,
377,1,0.30000000000000004,0.02,-0.14490951482999864,-0.09567290277152195,-0.01889535539978726,-0.19749955162238125,,
377,1,0.30000000000000004,0.03,-0.02199966638649269,-0.015194879546646424,-0.0027729475663971215,-0.1824922374596331,,
377,1,0.30000000000000004,0.04,0.3649002209320804,0.31863068740864825,0.044091675754814874,-0.13837862295500336,,
377,1,0.30000000000000004,0.05,0.13061807834595715,0.10629280967438046,0.0151177280848942,-0.1422271942119712,,
377,1,0.30000000000000004,0.06,0.49003394469137707,0.49505893612250823,0.05299659420779923,-0.10705108087309546,,
377,1,0.30000000000000004,0.07,0.6596402482758603,0.6512906562943164,0.06743567844055876,-0.103541602798743,,
377,1,0.30000000000000004,0.08,0.5031895051035964,0.433517076386871,0.04921018283103207,-0.11351382796998949,,
377,1,0.30000000000000004,0.09,0.5664090179238559,0.5170727729417222,0.052791526757890006,-0.10209689916092332,,
377,1,0.30000000000000004,0.1,0.6021151570149224,0.4151896304439143,0.052963175432958254,-0.1275638203592196,,
377,1,0.4,0.0,0.125127586902556,0.11652213580658395,0.023784603490958123,-0.2041209022330176,,
377,1,0.4,0.01,-0.04814432651218186,-0.03879734602049222,-0.008693361352917095,-0.22407103177432244,,
377,1,0.4,0.02,-0.16559762589093552,-0.11232175646156384,-0.028790619196547795,-0.25632272948295515,,
377,1,0.4,0.03,-0.04288203440152048,-0.03033387162039221,-0.007206753705372049,-0.23758107094141076,,
377,1,0.4,0.04,0.3462625592831686,0.30641975556282347,0.055786196204350214,-0.1820580925073961,,
377,1,0.4,0.05,0.11129475356531587,0.09154993544623441,0.017174996937451947,-0.18760250188858416,,
377,1,0.4,0.06,0.4750243887742235,0.48636075666562,0.0684977712078847,-0.1408373728124983,,
377,1,0.4,0.07,0.6483787923809674,0.6501005267832667,0.08837921147668859,-0.13594699255820297,,
377,1,0.4,0.08,0.48990954175048934,0.4297419096241919,0.06388193149416677,-0.14865185373712175,,
377,1,0.4,0.09,0.5547090738739108,0.5146572764412102,0.06893472853144833,-0.13394297853539203,,
377,1,0.4,0.1,0.5916733002404309,0.41462281961338754,0.06939292024023835,-0.1673639678224738,,
377,1,0.5,0.0,0.10110546868202898,0.09556577577580946,0.024023014657453823,-0.25137675556372935,,
377,1,0.5,0.01,-0.07036001402246171,-0.05801097764045602,-0.01588102563182614,-0.2737589724871477,,
377,1,0.5,0.02,-0.1859016909101878,-0.1295755790353217,-0.04040082671923828,-0.311793526372938,,
377,1,0.5,0.03,-0.06361631821266779,-0.046102238583670824,-0.013364196201271383,-0.28988171967000564,,
377,1,0.5,0.04,0.3271386245681464,0.29352848489383754,0.06588143522490775,-0.22444648003663267,,
377,1,0.5,0.05,0.0918623265600497,0.07644211860374711,0.017720233061234714,-0.2318124272966721,,
377,1,0.5,0.06,0.4594693513961706,0.47682075216146835,0.08281844904369962,-0.17368885198112008,,
377,1,0.5,0.07,0.6364732541247177,0.648051696121772,0.10844548932380338,-0.1673408000824458,,
377,1,0.5,0.08,0.47616759220819094,0.4252455910499139,0.07761255628053809,-0.18251231268245693,,
377,1,0.5,0.09,0.5425376962938069,0.5115520349279841,0.08427771099655779,-0.16474904846859292,,
377,1,0.5,0.1,0.5807869836468113,0.41367254301966927,0.08514518235062019,-0.20582749275330006,,
377,1,0.6,0.0,0.07699107587553228,0.07391472087767886,0.02195202022238152,-0.2969911806703541,,
377,1,0.6,0.01,-0.09232148467669793,-0.07789538689514154,-0.025005564053199203,-0.32101469740256006,,
377,1,0.6,0.02,-0.20576876940112218,-0.1474177946459934,-0.0536620943431132,-0.3640136828255805,,
377,1,0.6,0.03,-0.08414896449244266,-0.06249175789343968,-0.021213109526735607,-0.33945451755266653,,
377,1,0.6,0.04,0.3075719381584493,0.27994563558371066,0.07432915296089404,-0.26551281217837663,,
377,1,0.6,0.05,0.07236397292499605,0.060960169047721356,0.016750803252903568,-0.274782755930197,,
377,1,0.6,0.06,0.44339405119818304,0.4664303793344349,0.09590508927009744,-0.2056150146286518,,
377,1,0.6,0.07,0.6239358854851254,0.6451196487773663,0.12757117186549927,-0.19774807992172108,,
377,1,0.6,0.08,0.4619812911514507,0.42001326803683237,0.09036032576791775,-0.21513683648677914,,
377,1,0.6,0.09,0.5299075729001325,0.507741224668201,0.09877889980108545,-0.19454575480971734,,
377,1,0.6,0.1,0.5694654121281263,0.41232238805147503,0.10018248560647458,-0.24297124897803907,,
377,1,0.7000000000000001,0.0,0.052865987208314424,0.05158302923768426,0.01758560207472315,-0.3409183666529591,,
377,1,0.7000000000000001,0.01,-0.11396444172084928,-0.09842202225876874,-0.03601223142608945,-0.36589607284645076,,
377,1,0.7000000000000001,0.02,-0.2251484803935187,-0.16582843093433733,-0.06850211300994591,-0.4130902802612329,,
377,1,0.7000000000000001,0.03,-0.10442762328450567,-0.0794911952114648,-0.030712681900854855,-0.38636583358889093,,
377,1,0.7000000000000001,0.04,0.28760800279434,0.2656621845733211,0.08108867989459512,-0.30523230103234794,,
377,1,0.7000000000000001,0.05,0.052843061053361826,0.045096630619182336,0.01427078923035463,-0.31644912345811477,,
377,1,0.7000000000000001,0.06,0.42682557278972555,0.45518340179304545,0.10770826080239781,-0.23662607287110318,,
377,1,0.7000000000000001,0.07,0.6107808711735427,0.6412817159539077,0.14569505006014993,-0.227193519533655,,
377,1,0.7000000000000001,0.08,0.44736957278660566,0.4140317389188841,0.10208610455641343,-0.24656589087343816,,
377,1,0.7000000000000001,0.09,0.5168325907547158,0.5032103787777664,0.11239855814755395,-0.2233629569019535,,
377,1,0.7000000000000001,0.1,0.557718789683396,0.4105561625373123,0.11446863848376632,-0.27881359221678503,,
377,1,0.8,0.0,0.02881148772685237,0.028589059887516186,0.010953137170325977,-0.3831233770337729,,
377,1,0.8,0.01,-0.1352267531156284,-0.11955856731157752,-0.048835454334101525,-0.40846470003971447,,
377,1,0.8,0.02,-0.24399328180107127,-0.18478409331386955,-0.0848408016124238,-0.4591347669104579,,
377,1,0.8,0.03,-0.12440144211754518,-0.09708622700508719,-0.04181380694487091,-0.4306873202795276,,
377,1,0.8,0.04,0.26729406991976945,0.25067147174360016,0.086127240898773,-0.3435861300837154,,
377,1,0.8,0.05,0.033342939645638094,0.02884586185699637,0.010290959240291553,-0.35675686486016883,,
377,1,0.8,0.06,0.4097927685049797,0.4430759852905441,0.11818294792034867,-0.26673291228557783,,
377,1,0.8,0.07,0.5970243013406926,0.6365172257419012,0.16275836780888575,-0.25570143466138023,,
377,1,0.8,0.08,0.4323526171016788,0.40728955123352006,0.11275355106710605,-0.27683880110751635,,
377,1,0.8,0.09,0.5033278055502056,0.49794647532624603,0.12509896546534538,-0.25122974388639396,,
377,1,0.8,0.1,0.5455583022924665,0.4083579586152072,0.12796887654723355,-0.31337426845112065,,
377,1,0.9,0.0,0.0049079653695995595,0.004955524988069741,0.0020990696743550252,-0.4235816950592449,,
377,1,0.9,0.01,-0.15604884367740215,-0.14126902927279747,-0.06339947905410759,-0.44878540880804146,,
377,1,0.9,0.02,-0.2622587234600291,-0.20425797082210692,-0.10259102293493938,-0.5022620293446874,,
377,1,0.9,0.03,-0.14402134651494625,-0.11525938545563064,-0.054459504336809905,-0.4724951822493815,,
377,1,0.9,0.04,0.24667889375420066,0.2349693403793578,0.08942021825460422,-0.380561217519849,,
377,1,0.9,0.05,0.013906725768133071,0.012204117015936563,0.004828690669226976,-0.39566079732941783,,
377,1,0.9,0.06,0.39232614946467953,0.4301067830590886,0.12728883355243537,-0.29594704981657605,,
377,1,0.9,0.07,0.5826841344897953,0.6308076476235126,0.17870513523957943,-0.2832957652191254,,
377,1,0.9,0.08,0.4169517899920181,0.3997770940026877,0.12232930303072798,-0.3059937771970136,,
377,1,0.9,0.09,0.4894094057785862,0.49193802139943904,0.13684458892670692,-0.2781744507924367,,
377,1,0.9,0.1,0.5329960970313532,0.4057122188261116,0.14065000090067814,-0.3466743035436179,,
377,1,1.0,0.0,-0.018765680140364827,-0.019290490348888627,-0.008917583093093429,-0.4622787151497781,,
377,1,1.0,0.01,-0.17637406064786323,-0.16351386371200935,-0.07961911369272279,-0.48692576815965194,,
377,1,1.0,0.02,-0.27990367177490194,-0.22421987566643528,-0.1216593532429956,-0.5425895134469895,,
377,1,1.0,0.03,-0.163240304483622,-0.13399002791479042,-0.06858540444863381,-0.5118694690641455,,
377,1,1.0,0.04,0.22581247409790742,0.21855427007169237,0.09095135069969973,-0.41614995977825076,,
377,1,1.0,0.05,-0.005422904918798891,-0.0048303742459983885,-0.002092155568631626,-0.43312494272360447,,
377,1,1.0,0.06,0.3744577665739275,0.41627701030320097,0.13499055536908156,-0.3242805920767985,,
377,1,1.0,0.07,0.5677801506807229,0.6241367302166462,0.19348243109944874,-0.31000007167065524,,
377,1,1.0,0.08,0.4011895775299787,0.3914866833082575,0.1307831493563587,-0.33406793878958013,,
377,1,1.0,0.09,0.47509467190206095,0.4851751325415025,0.14760224673082645,-0.30422467441321377,,
377,1,1.0,0.1,0.5200452574737053,0.40260380417920155,0.15248051187421607,-0.37873589442375466,,
383,1,0.1,0.0,0.21041541430202995,0.18423579311498006,0.010000593770640664,-0.054281492220132135,,
383,1,0.1,0.01,0.21721550660242453,0.16326036082379752,0.009850944996484978,-0.06033886576495342,,
383,1,0.1,0.02,0.39624004020218945,0.37991536243880875,0.017284412318204767,-0.045495428790376144,,
383,1,0.1,0.03,0.1800723293982509,0.13802786200915554,0.007559354767053161,-0.05476687573811541,,
383,1,0.1,0.04,0.45208860884274593,0.4839093350058613,0.0181402565545854,-0.03748689112262254,,
383,1,0.1,0.05,0.2434325017932459,0.2330623682730155,0.00929666960338782,-0.03988919220325373,,
383,1,0.1,0.06,0.373519708581157,0.33480825965275646,0.01342511853837891,-0.040097931133188464,,
383,1,0.1,0.07,0.44298803032881323,0.35206141407906316,0.015178136812110221,-0.043112184991399356,,
383,1,0.1,0.08,0.6067507975796432,0.5551197668809439,0.01976697287505269,-0.03560848316772711,,
383,1,0.1,0.09,0.8207354850955628,0.9263611731081013,0.025526723741668755,-0.02755590851894429,,
383,1,0.1,0.1,0.729098823807294,0.4540789641892362,0.021517453592375668,-0.04738703020694948,,
383,1,0.2,0.0,0.1872542460553156,0.16785358539583997,0.01779958614570698,-0.10604233507274322,,
383,1,0.2,0.01,0.1951847599479261,0.15019280171903596,0.017703656285629865,-0.11787286796039602,,
383,1,0.2,0.02,0.3771170920419042,0.3661777441159124,0.03290049792932881,-0.08984843688073588,,
383,1,0.2,0.03,0.15946426262039087,0.12472188301510741,0.013388474929405536,-0.10734663882346779,,
383,1,0.2,0.04,0.4354102243804994,0.4732093660979033,0.034942057916346414,-0.07384058816180991,,
383,1,0.2,0.05,0.2251257708571394,0.21913276239629406,0.01719507375103424,-0.0784687490952975,,
383,1,0.2,0.06,0.35757964442572765,0.326398324426813,0.02570439525968804,-0.07875161523830566,,
383,1,0.2,0.07,0.4287035532812805,0.347672109494642,0.0293774131039668,-0.0844974684528715,,
383,1,0.2,0.08,0.5958161290530611,0.5542793924184451,0.038821477642853264,-0.07003954715593243,,
383,1,0.2,0.09,0.8148616085608761,0.9307751084469413,0.05068806588033259,-0.054457908704616004,,
383,1,0.2,0.1,0.721549242068464,0.4577002190618118,0.0425892946850388,-0.09305063207602961,,
383,1,0.30000000000000004,0.0,0.1637255529564051,0.15024869129145138,0.023344574119084305,-0.15537289488798714,,
383,1,0.30000000000000004,0.01,0.17280064171946377,0.13615685843145325,0.023510056582443983,-0.172668911821874,,
383,1,0.30000000000000004,0.02,0.35734192687472777,0.3515364492936076,0.04676290563315799,-0.13302434420989737,,
383,1,0.30000000000000004,0.03,0.13861278202113328,0.11064755994014182,0.017456705281385654,-0.15776855170443335,,
383,1,0.30000000000000004,0.04,0.4180959028465705,0.4613808917291323,0.050328852311533945,-0.10908308777789832,,
383,1,0.30000000000000004,0.05,0.20652032568145798,0.20147439240652107,0.02366098881744927,-0.11743918686057017,,
383,1,0.30000000000000004,0.06,0.34121259750015864,0.31715419627944685,0.03679179006881639,-0.11600600118309289,,
383,1,0.30000000000000004,0.07,0.4139580161707035,0.34254329755484547,0.042550436854320584,-0.12421914881434142,,
383,1,0.30000000000000004,0.08,0.5843267155589922,0.552694802570051,0.05710929618567384,-0.10332880989673421,,
383,1,0.30000000000000004,0.09,0.8083624031816148,0.9344306431611867,0.07542567900582209,-0.0807183278479143,,
383,1,0.30000000000000004,0.1,0.7134752717612599,0.46101240933199583,0.06316909538790405,-0.13702254887115878,,
383,1,0.4,0.0,0.13990768926202032,0.13143803418823335,0.026598050724366384,-0.2023619029958644,,
383,1,0.4,0.01,0.15013078297642077,0.12115069843180386,0.02723433715230783,-0.22479719477340143,,
383,1,0.4,0.02,0.3369649299998313,0.3359841920163864,0.058795075671001396,-0.17499357728155818,,
383,1,0.4,0.03,0.11757220581940683,0.09580679060870524,0.01974251163416163,-0.20606589061932085,,
383,1,0.4,0.04,0.40018073921527203,0.4452794690328784,0.06422972077222822,-0.1442458618443188,,
383,1,0.4,0.05,0.18765542435216706,0.18365736596951626,0.028666188230975775,-0.1560851538932222,,
383,1,0.4,0.06,0.324446875759064,0.30706925336312,0.04664533267085402,-0.15190492750407122,,
383,1,0.4,0.07,0.39877303762266497,0.3366594785437916,0.05465277892519982,-0.1623384529721202,,
383,1,0.4,0.08,0.5722936200088866,0.550344195547676,0.0745776520338004,-0.1355109268656578,,
383,1,0.4,0.09,0.8012362805397185,0.9372978448710814,0.0996810180944383,-0.1063493516387512,,
383,1,0.4,0.1,0.7048796544672413,0.4639941014810635,0.08321075145345436,-0.1793357958384528,,
383,1,0.5,0.0,0.11588077956167886,0.1114456846771674,0.02753782573547725,-0.24709638435304176,,
383,1,0.5,0.01,0.12724442873740893,0.10517713960903431,0.028853323784467255,-0.2743307518318255,,
383,1,0.5,0.02,0.31603969824905015,0.3183923857159825,0.06892994017805743,-0.2164936828594432,,
383,1,0.5,0.03,0.09639775180998007,0.080204623049124,0.020233669634671214,-0.25227560289484097,,
383,1,0.5,0.04,0.3817025221377545,0.42701097706295044,0.07657991756124605,-0.1793394588775561,,
383,1,0.5,0.05,0.16857139223947598,0.16566219928726683,0.032188646271329224,-0.19430290319587298,,
383,1,0.5,0.06,0.3073122464769837,0.29613945872891645,0.05522738482690537,-0.18649113854651855,,
383,1,0.5,0.07,0.3831716785605673,0.33000705878629394,0.06564322014977853,-0.1989145941035394,,
383,1,0.5,0.08,0.5597294378376259,0.5472072476396578,0.09117546000137344,-0.16661961330858235,,
383,1,0.5,0.09,0.7934830797343887,0.9393477667961827,0.12339556250397687,-0.13136302322284749,,
383,1,0.5,0.1,0.6957662626224139,0.466623657095147,0.10266864914786522,-0.2200245263752895,,
383,1,0.6,0.0,0.09172612336357024,0.09030288140474228,0.0261572765747482,-0.2896615940471479,,
383,1,0.6,0.01,0.10421197101357152,0.0882438321320981,0.028356715701028712,-0.32134501659651005,,
383,1,0.6,0.02,0.2946227303225447,0.3000943728209029,0.07711054258845151,-0.25695431028448934,,
383,1,0.6,0.03,0.07514521755122759,0.06384935492470038,0.018927373031116135,-0.2964379679863297,,
383,1,0.6,0.04,0.36270156084312916,0.4082030478883481,0.08732136892303166,-0.21391650399169937,,
383,1,0.6,0.05,0.14930943211479789,0.1474715513710931,0.034212698357420024,-0.23199524273890756,,
383,1,0.6,0.06,0.2898398208026484,0.28436344854261986,0.0625048777136632,-0.21980630082383842,,
383,1,0.6,0.07,0.3671783667142075,0.32257446765234826,0.07548398290083003,-0.23400482825002197,,
383,1,0.6,0.08,0.5466482740534981,0.5432652360423873,0.10685357133617779,-0.19668766607374216,,
383,1,0.6,0.09,0.7851040952875997,0.9405525754636578,0.14651104317629815,-0.15577124235088463,,
383,1,0.6,0.1,0.6861401067304466,0.4688792992117468,0.12149783339940456,-0.2591239016174521,,
383,1,0.7000000000000001,0.0,0.0675255878052329,0.06804797981460106,0.02246542547763064,-0.3301409614045622,,
383,1,0.7000000000000001,0.01,0.08110447104593381,0.07036340450535702,0.025747193974203553,-0.36591739918217464,,
383,1,0.7000000000000001,0.02,0.27277309105202346,0.2810848739374481,0.08329056803179258,-0.2963182147265877,,
383,1,0.7000000000000001,0.03,0.053870656016552824,0.04675261290580111,0.01583026005198529,-0.33859626378274693,,
383,1,0.7000000000000001,0.04,0.3432204930373797,0.38884813333227275,0.09640312482322533,-0.24791973153397745,,
383,1,0.7000000000000001,0.05,0.1299114282070762,0.12907020488960266,0.034729156205272727,-0.26907182982298306,,
383,1,0.7000000000000001,0.06,0.27206193006292423,0.2717426068909108,0.06844952231100065,-0.25189101957235305,,
383,1,0.7000000000000001,0.07,0.3508188136138856,0.31435226671611305,0.08414094533748373,-0.26766450968037775,,
383,1,0.7000000000000001,0.08,0.5330657131826028,0.5385011575456399,0.12156501276296394,-0.225746985052044,,
383,1,0.7000000000000001,0.09,0.7761020996145739,0.9408856777907905,0.16896967386414996,-0.17958576461796352,,
383,1,0.7000000000000001,0.1,0.6760073385069765,0.4707391831731505,0.1396541763835255,-0.2966699636986814,,
383,1,0.8,0.0,0.04336099559301935,0.044564374353775714,0.01648684166432357,-0.3699556406523796,,
383,1,0.8,0.01,0.05799317582019594,0.05155357017535581,0.02104039786521783,-0.4081268822634477,,
383,1,0.8,0.02,0.25055205270046427,0.26136146989218617,0.0874347778450173,-0.3345358360629242,,
383,1,0.8,0.03,0.03263004965540456,0.02892941012602919,0.010958357554924136,-0.3787964395811988,,
383,1,0.8,0.04,0.3233040752131706,0.3689411078654579,0.1037817587932175,-0.2812962735262986,,
383,1,0.8,0.05,0.11041974565185352,0.11044505785588189,0.03373537667989024,-0.305449400224961,,
383,1,0.8,0.06,0.25401199457636225,0.25828112625317623,0.07303799096034647,-0.28278485547856896,,
383,1,0.8,0.07,0.33411992449959893,0.3053332500680741,0.09158383664574599,-0.2999471450466903,,
383,1,0.8,0.08,0.5189987821705593,0.5328998422222795,0.135265217816271,-0.25382859422925125,,
383,1,0.8,0.09,0.7664813598387175,0.9403218468551404,0.19071438514408467,-0.20281820079148372,,
383,1,0.8,0.1,0.6653752498720151,0.47218147183322917,0.15709454568447456,-0.3326995129109156,,
383,1,0.9,0.0,0.019313515338657567,0.020242596871855263,0.008261369997206502,-0.4081180912461325,,
383,1,0.9,0.01,0.034949034009155534,0.031837191392650795,0.01426476937031751,-0.4480536362139767,,
383,1,0.9,0.02,0.22802271670419128,0.2409251498902331,0.08951934252477889,-0.3715649551969333,,
383,1,0.9,0.03,0.011478985831083968,0.01039818001962928,0.0043369435991527094,-0.41708679701309226,,
383,1,0.9,0.04,0.3029989569731068,0.34847933011490445,0.10942171151802338,-0.31399770965452567,,
383,1,0.9,0.05,0.0908770268344986,0.0915851241294374,0.031235283625458132,-0.3410519330771803,,
383,1,0.9,0.06,0.2357243858059207,0.24398605281669627,0.07625206847764243,-0.31252634155662035,,
383,1,0.9,0.07,0.31710970163324137,0.2955125348234795,0.09778641172398639,-0.3309044463457288,,
383,1,0.9,0.08,0.5044659063546649,0.526448061286115,0.14791224888984766,-0.2809626623536183,,
383,1,0.9,0.09,0.7562476487607721,0.931166343313141,0.21168905993091713,-0.22733753367600879,,
383,1,0.9,0.1,0.6542522677295413,0.4731844149212602,0.17377697115950963,-0.3672499889676773,,
383,1,1.0,0.0,-0.004536938596733897,-0.004850480383406731,-0.0021563096990199204,-0.4445559055133088,,
383,1,1.0,0.01,0.012042216491182966,0.011242297454736391,0.005461268127028074,-0.48577865414219545,,
383,1,1.0,0.02,0.20524961950901452,0.21978042878325244,0.08953206874141761,-0.4073705253788279,,
383,1,1.0,0.03,-0.009527663420743173,-0.008819214980619864,-0.003999669918146376,-0.45351768008100607,,
383,1,1.0,0.04,0.28235344114005007,0.3274626999284526,0.11329557438887283,-0.3459800899877354,,
383,1,1.0,0.05,0.07132598615733933,0.07248154079125056,0.027239342427815227,-0.37581075306146583,,
383,1,1.0,0.06,0.21723428273500667,0.22886731591848988,0.07807877146283215,-0.341153000154201,,
383,1,1.0,0.07,0.2998171415523106,0.2848876409218372,0.10272660391566335,-0.36058638269902266,,
383,1,1.0,0.08,0.4894868586650602,0.5191346282972268,0.1594670084740506,-0.3071785232225906,,
383,1,1.0,0.09,0.7454082498231207,0.9212480003367309,0.23183876917153268,-0.25165728347501637,,
383,1,1.0,0.1,0.6426479444937513,0.4737264323208007,0.18966080962345355,-0.40035935654740495,,
389,1,0.1,0.0,-0.06637737441048183,-0.047416848836789566,-0.0031547255733928026,-0.06653174242454359,,
389,1,0.1,0.01,0.16839879111878792,0.15024986513648156,0.0076529394436855025,-0.050934750834776776,,
389,1,0.1,0.02,0.1947732769580918,0.1656806829077208,0.008541211952628913,-0.051552249802024976,,
389,1,0.1,0.03,0.3183093106277222,0.28374590420970724,0.013416300649600421,-0.04728279933050549,,
389,1,0.1,0.04,0.3266997077744097,0.28618451558533103,0.01316189154714853,-0.04599092833596748,,
389,1,0.1,0.05,0.16975980513261352,0.13428042691345682,0.006532564862459678,-0.04864867510936564,,
389,1,0.1,0.06,0.4613775654885283,0.4704560882787763,0.016807018567740473,-0.035724946464676645,,
389,1,0.1,0.07,0.48004073937144875,0.46536208835114085,0.016523602284484795,-0.03550697982947172,,
389,1,0.1,0.08,0.562055048192365,0.63833827702877,0.018396508600027728,-0.02881937252087829,,
389,1,0.1,0.09,0.4085580480984359,0.30375813706859106,0.012801309915830394,-0.04214310121654372,,
389,1,0.1,0.1,0.553523135543805,0.36756651991402156,0.016634752837407563,-0.04525644185792178,,
389,1,0.2,0.0,-0.0898607959339982,-0.06562736998802676,-0.008541650027472314,-0.13015377622218713,,
389,1,0.2,0.01,0.145995366212758,0.13183103660872547,0.013269616595962264,-0.10065624102878358,,
389,1,0.2,0.02,0.17332400870147,0.1494501865472302,0.015201234152024679,-0.10171438726990607,,
389,1,0.2,0.03,0.29881973681527835,0.26941434490405275,0.025189683715139743,-0.09349793057274146,,
389,1,0.2,0.04,0.30818628134876785,0.27408751325627567,0.02483206635882529,-0.09059904285244458,,
389,1,0.2,0.05,0.15083353440576489,0.12144485541876529,0.011608517648450167,-0.09558673859359261,,
389,1,0.2,0.06,0.4464341471128063,0.4619777615347584,0.032525322256852895,-0.07040451936214195,,
389,1,0.2,0.07,0.46623219203129207,0.4592864957286121,0.0320965896496026,-0.06988359106593059,,
389,1,0.2,0.08,0.5502596192142517,0.6330551919402545,0.03602086966278217,-0.05690004619088835,,
389,1,0.2,0.09,0.39510889852284703,0.29771814783740724,0.024759818018685653,-0.08316529643402097,,
389,1,0.2,0.1,0.5426017526312434,0.3663282242830641,0.03261307600195362,-0.08902692678343369,,
389,1,0.30000000000000004,0.0,-0.11309138165683218,-0.08448850496006016,-0.01612472368838358,-0.19085109502181558,,
389,1,0.30000000000000004,0.01,0.12333720783582074,0.11279395388341514,0.01681530211321358,-0.14907981797139616,,
389,1,0.30000000000000004,0.02,0.15158383740286835,0.13257183961222854,0.01994179649392014,-0.15042256750943275,,
389,1,0.30000000000000004,0.03,0.27884546496242596,0.25442718875993553,0.035258861124758845,-0.13858134146986664,,
389,1,0.30000000000000004,0.04,0.2892128878817457,0.2612085431004264,0.03495493176534148,-0.13382001733343926,,
389,1,0.30000000000000004,0.05,0.13171059068413166,0.10796570720190525,0.015205153706052466,-0.14083317842412227,,
389,1,0.30000000000000004,0.06,0.4309504168484394,0.45143188227720976,0.04709586377533115,-0.10432551537512164,,
389,1,0.30000000000000004,0.07,0.4519214421326558,0.4523719026789519,0.046667102775954206,-0.10316092246134444,,
389,1,0.30000000000000004,0.08,0.5379389847723771,0.6269009640547656,0.05282151201105245,-0.08425814449128524,,
389,1,0.30000000000000004,0.09,0.3813007567032558,0.2912602015154487,0.03584177950049572,-0.1230575935675669,,
389,1,0.30000000000000004,0.1,0.5312416343058024,0.3647029425425616,0.04789541420848953,-0.13132719433131537,,
389,1,0.4,0.0,-0.13599271788166478,-0.1039857873528284,-0.02585336998980381,-0.24862407303877188,,
389,1,0.4,0.01,0.10049378358874765,0.09314123521742361,0.018267894565324294,-0.19613111768037816,,
389,1,0.4,0.02,0.12961443218483276,0.11504492654418945,0.022735446149494187,-0.1976223274892645,,
389,1,0.4,0.03,0.25843634527133774,0.23877583146436596,0.04357094927706129,-0.18247637966476377,,
389,1,0.4,0.04,0.2698224229753799,0.24754396486685826,0.04348180771123378,-0.1756528693180644,,
389,1,0.4,0.05,0.11243278153933106,0.09384658935113446,0.017306203609239068,-0.18440951055223256,,
389,1,0.4,0.06,0.41495162425272186,0.44007108890823937,0.060463274985163684,-0.1373943358450686,,
389,1,0.4,0.07,0.43712871499321,0.4446062092061261,0.06018606706700114,-0.13536938041074,,
389,1,0.4,0.08,0.5251066333186184,0.6198623042812754,0.06874863041864443,-0.11090951965268775,,
389,1,0.4,0.09,0.36715100490053115,0.284374066107849,0.0460156281000037,-0.16181372911323164,,
389,1,0.4,0.1,0.519453264298056,0.36267469969559774,0.062443472421028545,-0.17217487868174694,,
389,1,0.5,0.0,-0.15849074627864415,-0.1241006837462353,-0.03766304519212749,-0.303487813726651,,
389,1,0.5,0.01,0.0775355657090146,0.07287877477433435,0.017618148715937698,-0.2417459510055082,,
389,1,0.5,0.02,0.10747866300605471,0.09687165904501402,0.023565810861143177,-0.24326837274659135,,
389,1,0.5,0.03,0.2376444087699968,0.2224541569272539,0.0500819286351899,-0.22513370542033745,,
389,1,0.5,0.04,0.25005970309590914,0.23309281921623295,0.05037131368867298,-0.21609980890035518,,
389,1,0.5,0.05,0.09304254623800463,0.07909334007456581,0.017901954699858447,-0.2263395967723863,,
389,1,0.5,0.06,0.398464924092947,0.4278910184140471,0.07257621391638702,-0.16961378199847824,,
389,1,0.5,0.07,0.4218758186840666,0.4359795402476208,0.07260746505082505,-0.16653869814529967,,
389,1,0.5,0.08,0.511777534681988,0.6119279459380207,0.08375442804363797,-0.13686975500890275,,
389,1,0.5,0.09,0.35267796964152565,0.27705012075141516,0.05525212403574087,-0.19943006660991913,,
389,1,0.5,0.1,0.507248171269424,0.36022778294439534,0.07622037286665573,-0.2115893789303339,,
389,1,0.6,0.0,-0.18051429268033306,-0.14481057881601692,-0.051475948894263546,-0.3554709145915657,,
389,1,0.6,0.01,0.05453355095588072,0.05201583447164001,0.014869772888812527,-0.2858701208940482,,
389,1,0.6,0.02,0.08524020359701667,0.07805729170980928,0.022427757765681955,-0.28732431364722216,,
389,1,0.6,0.03,0.2165235753464241,0.20545867117717675,0.05475702948516337,-0.26651116339569714,,
389,1,0.6,0.04,0.2299712380550295,0.2178569349774221,0.05558970067399982,-0.25516608263932905,,
389,1,0.6,0.05,0.07358274986729517,0.06371407937610003,0.016989325095799312,-0.26664946370036113,,
389,1,0.6,0.06,0.3815192773308567,0.4148060637279705,0.08338769013956404,-0.20102813683613271,,
389,1,0.6,0.07,0.40618607561499237,0.4260880837243661,0.08388859465235199,-0.19688087476912178,,
389,1,0.6,0.08,0.4979681059182123,0.603088737878173,0.09779335215502138,-0.16215416739348257,,
389,1,0.6,0.09,0.3379008704476059,0.269279414137426,0.06352449230009749,-0.23590549059824506,,
389,1,0.6,0.1,0.4946389070019181,0.3573468079831063,0.08919080811672231,-0.2495917302861114,,
389,1,0.7000000000000001,0.0,-0.20199556310518174,-0.1660887311858672,-0.06720187443530723,-0.40461429234535307,,
389,1,0.7000000000000001,0.01,0.031558776017850516,0.030565119579402965,0.010039393995872281,-0.3284591761465761,,
389,1,0.7000000000000001,0.02,0.06296312741866346,0.058610224129550505,0.01932744560329125,-0.32976235614745936,,
389,1,0.7000000000000001,0.03,0.19512934585732486,0.18778862908187197,0.05757103915978301,-0.3065736165243702,,
389,1,0.7000000000000001,0.04,0.20960499038168434,0.20184102306449453,0.05911112437036148,-0.29285981349526563,,
389,1,0.7000000000000001,0.05,0.054096474562277654,0.04771924762630038,0.014571889384692227,-0.3053671235306936,,
389,1,0.7000000000000001,0.06,0.364145340900557,0.40029304318502135,0.0928553656390736,-0.23196847214792707,,
389,1,0.7000000000000001,0.07,0.3900842457887897,0.41028677260508456,0.09399031132873836,-0.22908442973180454,,
389,1,0.7000000000000001,0.08,0.48369617015666255,0.5933377299984383,0.11082232154828775,-0.18677780957664608,,
389,1,0.7000000000000001,0.09,0.3228397644408277,0.2610537232722556,0.07080855041033218,-0.27124129670613895,,
389,1,0.7000000000000001,0.1,0.4816390204345365,0.3540167874771806,0.10132118936159418,-0.2862044765832615,,
389,1,0.8,0.0,-0.22287060161089303,-0.18790426786105377,-0.08473918623069798,-0.4509699923013913,,
389,1,0.8,0.01,0.008681833617043703,0.008542835475843611,0.003156390683803467,-0.3694781074420459,,
389,1,0.8,0.02,0.04071150065222996,0.03854208709622102,0.014282269576646467,-0.3705629521564445,,
389,1,0.8,0.03,0.17351848105193746,0.16944615189582513,0.05850852695358233,-0.34529274521119346,,
389,1,0.8,0.04,0.18901012352188493,0.18505275559650625,0.060917856683875726,-0.3291918376871003,,
389,1,0.8,0.05,0.03462680942098053,0.03112163116299947,0.010659855710643873,-0.3425223971973996,,
389,1,0.8,0.06,0.3463753469176928,0.3850495955085149,0.10094182851546485,-0.2621527971796886,,
389,1,0.8,0.07,0.37359644210424453,0.39428085042346667,0.1028772521650898,-0.26092378581053904,,
389,1,0.8,0.08,0.46898090858193653,0.5826702504320503,0.12280094408152831,-0.21075547274032155,,
389,1,0.8,0.09,0.3075154870707539,0.25236561223685217,0.07708282477327266,-0.30544107848151786,,
389,1,0.8,0.1,0.46826302761402083,0.35022320144955144,0.11257978902150434,-0.3214515444880402,,
389,1,0.9,0.0,-0.24307970516465655,-0.210222220645774,-0.10397590928531308,-0.49459999502390023,,
389,1,0.9,0.01,-0.01402760552650781,-0.014031276969862937,-0.005737403067382574,-0.4089009916706547,,
389,1,0.9,0.02,0.018548976268233153,0.017867810563029725,0.0073206995465202596,-0.4097144146842207,,
389,1,0.9,0.03,0.15174867021629876,0.15043633359915584,0.0575639839408284,-0.38264681519166865,,
389,1,0.9,0.04,0.16823674093107477,0.16750282883353768,0.061000433031259016,-0.3641755393389835,,
389,1,0.9,0.05,0.0152166407094696,0.013936374139385881,0.005269994455467941,-0.3781467405194224,,
389,1,0.9,0.06,0.32824297205541236,0.369079967920589,0.10761483706304142,-0.29157593588551456,,
389,1,0.9,0.07,0.35675003815215317,0.37805101026393795,0.11051804015233135,-0.2923363174593098,,
389,1,0.9,0.08,0.4538428057351753,0.5710839737673076,0.13369172281358677,-0.23410168898919315,,
389,1,0.9,0.09,0.29194958923328806,0.24320849058546898,0.0823286548893738,-0.338510611579334,,
389,1,0.9,0.1,0.45452637765507414,0.3459520692641541,0.12293687685974541,-0.3553581197569774,,
389,1,1.0,0.0,-0.2625677913798304,-0.2330036074982679,-0.12479091461086977,-0.5355750322955727,,
389,1,1.0,0.01,-0.03650125980321015,-0.03713392981677587,-0.01658811972677121,-0.4467105907890538,,
389,1,1.0,0.02,-0.0034616068013848308,-0.0033943289378889226,-0.0015179863402745575,-0.44721250298701387,,
389,1,1.0,0.03,0.12987819255948616,0.13076733396303264,0.0547418759372289,-0.4186204174867111,,
389,1,1.0,0.04,0.14733561821963692,0.14920500862529446,0.05935773378095566,-0.3978266837544544,,
389,1,1.0,0.05,-0.0040915560465825266,-0.003819024071481821,-0.001574480793130606,-0.4122730738692859,,
389,1,1.0,0.06,0.3097831979058876,0.35239062112879554,0.11284753201351161,-0.32023420955992715,,
389,1,1.0,0.07,0.3395735690063303,0.3615794796309352,0.11688546701120628,-0.32326355226383835,,
389,1,1.0,0.08,0.43830358836632094,0.5585789796784516,0.14346024928939638,-0.25683073389546435,,
389,1,1.0,0.09,0.27616427107435126,0.23357667099974877,0.08653028469654322,-0.37045773589536385,,
389,1,1.0,0.1,0.4404454148244238,0.34119002286128663,0.13236484879309818,-0.38795052587722384,,
395,1,0.1,0.0,-0.0015566810933481336,-0.0011107843541847524,-7.398908468836396e-05,-0.06660976490136775,,
395,1,0.1,0.01,0.11435884561978725,0.09524993554503453,0.005217217163135057,-0.05477397053637204,,
395,1,0.1,0.02,0.21953474006477908,0.1852773985681441,0.009624822054137283,-0.051948171382584056,,
395,1,0.1,0.03,0.4465172500361984,0.4322739236758963,0.018756738252692307,-0.043390862194952674,,
395,1,0.1,0.04,0.2680204370074921,0.2133630485238011,0.010815393499253423,-0.05069009640648691,,
395,1,0.1,0.05,0.26530274252681374,0.2343777952296926,0.010161307142365406,-0.043354393416011196,,
395,1,0.1,0.06,0.5030093176301093,0.5350504039397589,0.018331096849418804,-0.034260504644872104,,
395,1,0.1,0.07,0.35861770570030177,0.34597239385502615,0.012517147615056734,-0.03617961385757799,,
395,1,0.1,0.08,0.19625813719333682,0.14081304373679615,0.006443089591560147,-0.04575634061006019,,
395,1,0.1,0.09,0.21607956445165558,0.12036927658531121,0.0067149891305087195,-0.055786570468831384,,
395,1,0.1,0.1,0.14636838970092034,0.06298853395107372,0.004312348816914113,-0.06846244143836917,,
395,1,0.2,0.0,-0.025291153981996408,-0.01853721214216719,-0.002404178147774161,-0.12969469892968966,,
395,1,0.2,0.01,0.09163211044914675,0.07747337437878159,0.008360780781558663,-0.10791811830321558,,
395,1,0.2,0.02,0.19826757968568576,0.1701999395470737,0.01738485829637826,-0.10214373954915522,,
395,1,0.2,0.03,0.42892504871395953,0.41876873580635215,0.03603549411853102,-0.08605106121196837,,
395,1,0.2,0.04,0.24886897686287582,0.20174897988799748,0.02008515428585289,-0.09955517146606303,,
395,1,0.2,0.05,0.24711986007754966,0.22139689041532978,0.018929776415504307,-0.08550154602439523,,
395,1,0.2,0.06,0.48873504612841734,0.5194521492310392,0.03562180321627073,-0.06857571629841704,,
395,1,0.2,0.07,0.3429779719387573,0.33628285770954447,0.023942520601913486,-0.07119756494573748,,
395,1,0.2,0.08,0.18027039800138392,0.1308496690371002,0.01183643482649499,-0.09045827103421232,,
395,1,0.2,0.09,0.20106354859183762,0.11456245758511081,0.012496688863307792,-0.10908188534646042,,
395,1,0.2,0.1,0.13182982665743154,0.05851852663847955,0.00776801873931654,-0.13274460560680945,,
395,1,0.30000000000000004,0.0,-0.04891620636317651,-0.036833204367607626,-0.006974964912281778,-0.18936622626338206,,
395,1,0.30000000000000004,0.01,0.0687613979011601,0.05905271694018811,0.009410985482062761,-0.1593658339479068,,
395,1,0.30000000000000004,0.02,0.17666278754714665,0.1543105639977237,0.023235701464297875,-0.15057751629137092,,
395,1,0.30000000000000004,0.03,0.41064530889040185,0.4045837192924691,0.05174962382480519,-0.12790831997714658,,
395,1,0.30000000000000004,0.04,0.2293475019361498,0.18937442671789886,0.027764488886057315,-0.14661160626200398,,
395,1,0.30000000000000004,0.05,0.22860370127125712,0.20775182162972186,0.026267113566653233,-0.12643505775592848,,
395,1,0.30000000000000004,0.06,0.47387411043647387,0.5034084060328762,0.051807979942218196,-0.10291441168114852,,
395,1,0.30000000000000004,0.07,0.3269502267791026,0.3257873343545467,0.03423548965641765,-0.10508539174564709,,
395,1,0.30000000000000004,0.08,0.16410515115841418,0.12056572310960476,0.016162553152768044,-0.13405595500866258,,
395,1,0.30000000000000004,0.09,0.185868202409958,0.10833291935277721,0.017328380340695837,-0.15995489131302182,,
395,1,0.30000000000000004,0.1,0.1171877611869495,0.05365016759015586,0.010357861509796562,-0.19306298516944617,,
395,1,0.4,0.0,-0.07235279460664991,-0.055977085133630325,-0.013755719319689885,-0.24573839968358094,,
395,1,0.4,0.01,0.04581777441696863,0.03999339694641448,0.00836109450980671,-0.20906187391407133,,
395,1,0.4,0.02,0.15478123858639956,0.13761295292749962,0.027143619789259388,-0.19724611100787734,,
395,1,0.4,0.03,0.39171901808044157,0.38970217963955306,0.06581937060788445,-0.1688965934672542,,
395,1,0.4,0.04,0.2095016311440141,0.17623575072716274,0.03381596724274605,-0.1918791567727812,,
395,1,0.4,0.05,0.20979318477184314,0.19344405835383088,0.03214098680681765,-0.16615132602330013,,
395,1,0.4,0.06,0.45844942229092317,0.48721852266954757,0.06682882774553178,-0.13716397188548177,,
395,1,0.4,0.07,0.310560827016624,0.3144835774509295,0.04335910529158138,-0.13787398897911268,,
395,1,0.4,0.08,0.1477878379239067,0.1099529215739383,0.01940730293080617,-0.17650556850147586,,
395,1,0.4,0.09,0.17051477189686107,0.10167136505063723,0.021195985706177645,-0.20847547090196955,,
395,1,0.4,0.1,0.10246088720257085,0.04837215423673142,0.012074931933344857,-0.24962568080492376,,
395,1,0.5,0.0,-0.09552330826774671,-0.07594196443077411,-0.022701124126630612,-0.2989272702752392,,
395,1,0.5,0.01,0.022872619843311275,0.02030421077311265,0.005217411218417345,-0.2569620300300651,,
395,1,0.5,0.02,0.13268527704199057,0.12011432070691608,0.02908587908128424,-0.24215163446043197,,
395,1,0.5,0.03,0.37219034989082816,0.37410983576310436,0.0781725339000261,-0.20895610440332524,,
395,1,0.5,0.04,0.18937847840145994,0.16233200503964282,0.03820982435276754,-0.23538072078538294,,
395,1,0.5,0.05,0.1907284581705129,0.1784772207944234,0.036525262155262084,-0.2046494336514418,,
395,1,0.5,0.06,0.44248595905622046,0.4708526086285471,0.08062726360798944,-0.17123673551014734,,
395,1,0.5,0.07,0.2938373829094842,0.30237174401902805,0.051280316591140185,-0.16959361317806584,,
395,1,0.5,0.08,0.13134436422804974,0.09900371182683808,0.02155995970842639,-0.21776920592771032,,
395,1,0.5,0.09,0.15502493807417703,0.09456926741778061,0.02408813570056023,-0.25471420428949265,,
395,1,0.5,0.1,0.08766810638108531,0.04267392752403146,0.012914518483330584,-0.3026325260560534,,
395,1,0.6,0.0,-0.11835213796139527,-0.09669574375527011,-0.03375167744797525,-0.3490502905008755,,
395,1,0.6,0.01,-2.863070074692069e-06,-2.586204310284089e-06,-7.837045705727519e-07,-0.3030327369946513,,
395,1,0.6,0.02,0.11043832449681687,0.10182551717313161,0.02905096170907484,-0.2853013911992232,,
395,1,0.6,0.03,0.3521064398618183,0.35779497353004464,0.08874508201920617,-0.24803333915967968,,
395,1,0.6,0.04,0.16902640639703148,0.14766504832779856,0.04092420228904081,-0.2771421047328277,,
395,1,0.6,0.05,0.1714507095192868,0.16285713764528803,0.03940019547349838,-0.241931032579697,,
395,1,0.6,0.06,0.4260106783933488,0.45428274872948887,0.09315027850348079,-0.20504912142052054,,
395,1,0.6,0.07,0.2768086566303762,0.2894544522568753,0.0579701686965266,-0.20027388849794295,,
395,1,0.6,0.08,0.11480101021320117,0.08771132737048583,0.02261327467741947,-0.25781475842798224,,
395,1,0.6,0.09,0.13942074975631297,0.08701894052369116,0.025996224720930883,-0.29874214239431396,,
395,1,0.6,0.1,0.07282847491378351,0.036545756108497626,0.012874164494417695,-0.35227522605351685,,
395,1,0.7000000000000001,0.0,-0.14076621988701044,-0.11820117511029118,-0.04683434947781018,-0.3962257518515359,,
395,1,0.7000000000000001,0.01,-0.022738136441118384,-0.02091120327376718,-0.007261428404489623,-0.3472506249125791,,
395,1,0.7000000000000001,0.02,0.08810447836332343,0.08276110686401439,0.027038679541950827,-0.3267075630873129,,
395,1,0.7000000000000001,0.03,0.3315171367476826,0.3407485962503193,0.09748170113983123,-0.28608100579883133,,
395,1,0.7000000000000001,0.04,0.14849477069604777,0.1322396448989263,0.041945329875347825,-0.31719179151915877,,
395,1,0.7000000000000001,0.05,0.15200197156279482,0.14659189351075183,0.040752579231139396,-0.2780002239902194,,
395,1,0.7000000000000001,0.06,0.4090524207575194,0.437482967167401,0.10434927336349054,-0.2385219110109074,,
395,1,0.7000000000000001,0.07,0.2595044540277289,0.27573682731963506,0.0634039773926014,-0.22994381276137368,,
395,1,0.7000000000000001,0.08,0.09818433785567117,0.07606984330953774,0.022563514870633572,-0.2966157663664403,,
395,1,0.7000000000000001,0.09,0.12372455461698291,0.07901361076483564,0.026914452973694658,-0.3406305915293358,,
395,1,0.7000000000000001,0.1,0.05796114962125686,0.029978819525820245,0.011953679811252726,-0.3987375086920026,,
395,1,0.8,0.0,-0.16269555086512322,-0.14041597528598188,-0.06186338328546803,-0.44057225796048033,,
395,1,0.8,0.01,-0.045263807065769046,-0.04240226080224424,-0.01652000663787767,-0.389602024168563,,
395,1,0.8,0.02,0.06574810478485908,0.06293942326424694,0.023060179314283058,-0.3663868862837596,,
395,1,0.8,0.03,0.3104747312633549,0.3229645701188398,0.10433627400347256,-0.32305795637298673,,
395,1,0.8,0.04,0.12783365627995763,0.11606354910036391,0.04126763796232158,-0.3555607103366804,,
395,1,0.8,0.05,0.13242492011757973,0.12969186515662193,0.040575842490039316,-0.3128634355056737,,
395,1,0.8,0.06,0.39164180025077455,0.4204292071715656,0.11418037032796224,-0.2715804905565668,,
395,1,0.8,0.07,0.2419555103244547,0.2610654676189468,0.06756147933283785,-0.2587913290449088,,
395,1,0.8,0.08,0.08152109717185164,0.06407423255184412,0.021410484790777007,-0.33415124829553333,,
395,1,0.8,0.09,0.1079589288942605,0.07054748653741688,0.026839855435881077,-0.3804509097804043,,
395,1,0.8,0.1,0.04308533366727046,0.022965289586354645,0.010155142817164453,-0.4421952868906284,,
395,1,0.9,0.0,-0.18407366820896534,-0.16329299654006604,-0.07874122744721102,-0.4822082337615186,,
395,1,0.9,0.01,-0.06751209315555726,-0.06445276205108409,-0.027720000521101906,-0.430082429968347,,
395,1,0.9,0.02,0.04343343000029044,0.04238259611602962,0.017137840295674556,-0.4043603239583715,,
395,1,0.9,0.03,0.28903366459463437,0.30443976253522453,0.10927228261216482,-0.3589290758283314,,
395,1,0.9,0.04,0.10709360872145224,0.09914757249449511,0.03889380896691419,-0.3922820094165559,,
395,1,0.9,0.05,0.11276266810994742,0.11216974581293053,0.03887010305850058,-0.34652929608421895,,
395,1,0.9,0.06,0.3738110844601719,0.40309932440093443,0.12260469651773231,-0.3041550533480579,,
395,1,0.9,0.07,0.22419337043600449,0.24560940667355463,0.07042695663690379,-0.28674372692292666,,
395,1,0.9,0.08,0.06483813152632247,0.05172042220895759,0.019157529298554632,-0.37040550870129385,,
395,1,0.9,0.09,0.09214660607846531,0.061615825994613405,0.02577231742485031,-0.4182743152238742,,
395,1,0.9,0.1,0.02822022211275661,0.015498409229927781,0.007482892824106191,-0.48281683062391684,,
395,1,1.0,0.0,-0.2048380893070128,-0.18678045396009085,-0.09735958637836306,-0.5212514709872467,,
395,1,1.0,0.01,-0.08941727308888218,-0.08703609288780281,-0.04079346283286822,-0.4686959338289069,,
395,1,1.0,0.02,0.021224134230733483,0.021116550052415348,0.009305065574753968,-0.44065273691284806,,
395,1,1.0,0.03,0.2672502192031912,0.2851741711577253,0.11226313001709398,-0.3936651400136902,,
395,1,1.0,0.04,0.08632536224911454,0.08150563234716655,0.034834760069571535,-0.4273908325892833,,
395,1,1.0,0.05,0.09305855682358245,0.09404055681719536,0.035642171245708676,-0.37900850922217727,,
395,1,1.0,0.06,0.35559406400807836,0.38547309231945165,0.1295886377835227,-0.3361807616811012,,
395,1,1.0,0.07,0.20625026463336468,0.22941434215340653,0.07198933479926528,-0.31379613900131365,,
395,1,1.0,0.08,0.048162282564805474,0.03900534965082893,0.01581151772542211,-0.40536792688605183,,
395,1,1.0,0.09,0.07631040493469994,0.05221500227644822,0.02371457666446175,-0.454171706033963,,
395,1,1.0,0.1,0.013384947549622044,0.007572568057448092,0.003943512861486864,-0.5207629474664376,,
401,1,0.1,0.0,0.043352265761236145,0.033208068299836656,0.0020608566179300958,-0.062058912891968264,,
401,1,0.1,0.01,0.06051991882139738,0.04916300314430332,0.002760090225868872,-0.056141611564441064,,
401,1,0.1,0.02,0.15376602921035415,0.13070240381151652,0.006751969852792916,-0.051659109977271765,,
401,1,0.1,0.03,0.36309978487900735,0.38219411685654364,0.015291572580384605,-0.04000996327770343,,
401,1,0.1,0.04,0.09341582290167838,0.06823529094723332,0.003752075764017926,-0.05498731978617083,,
401,1,0.1,0.05,0.4935216240792191,0.44411460643343986,0.01890764601389594,-0.04257379905997228,,
401,1,0.1,0.06,0.2795904975734051,0.24504538872094214,0.010173862210773432,-0.041518276527780056,,
401,1,0.1,0.07,0.2756056956814091,0.27030220419983064,0.009567870778005139,-0.03539693953413619,,
401,1,0.1,0.08,0.07839055004287611,0.06376528195906153,0.0025629090793213294,-0.04019286044977835,,
401,1,0.1,0.09,0.13967063082924136,0.08338675492868275,0.004360175620528706,-0.05228858736927446,,
401,1,0.1,0.1,0.07588037637463331,0.03534546769874657,0.002255991753298048,-0.06382690342439719,,
401,1,0.2,0.0,0.019557663605393735,0.01527225603154547,0.001859443319267795,-0.12175302165096229,,
401,1,0.2,0.01,0.03769807917528494,0.031119482014849053,0.003438540629005171,-0.1104947899635485,,
401,1,0.2,0.02,0.13205367604682944,0.11415215486020215,0.011597131618700018,-0.10159362854693886,,
401,1,0.2,0.03,0.3441894379237898,0.36427240113551385,0.028990365682354913,-0.0795843044710108,,
401,1,0.2,0.04,0.07337048096956672,0.05458652327580883,0.005893896663095255,-0.1079734760412422,,
401,1,0.2,0.05,0.4783153713297349,0.4348836537898837,0.03665013763472347,-0.0842757305668499,,
401,1,0.2,0.06,0.2624571892624694,0.23133840396186817,0.01910081567834543,-0.08256655769741475,,
401,1,0.2,0.07,0.259240785055862,0.25461656050780035,0.01799949979749571,-0.07069257302666408,,
401,1,0.2,0.08,0.06206702992413098,0.051047596235255385,0.004058452311715088,-0.07950329909779706,,
401,1,0.2,0.09,0.12423584686347612,0.075682878187857,0.007756678801746464,-0.10248921536114347,,
401,1,0.2,0.1,0.06103817338523663,0.029244062923754015,0.003629439451212413,-0.12410859122671138,,
401,1,0.30000000000000004,0.0,-0.004228204907420666,-0.003367972255353058,-0.0006029943703574903,-0.1790378081051857,,
401,1,0.30000000000000004,0.01,0.014844168371809924,0.012459807914764254,0.0020309632679000877,-0.16300116998541342,,
401,1,0.30000000000000004,0.02,0.110128439229905,0.09684980312664683,0.014507441704140422,-0.14979319767092958,,
401,1,0.30000000000000004,0.03,0.3247212908933055,0.34579263633331664,0.04102590578299936,-0.11864308684541693,,
401,1,0.30000000000000004,0.04,0.05323600937211478,0.04035608459112485,0.006414722934519723,-0.15895305502284668,,
401,1,0.30000000000000004,0.05,0.46247556121594097,0.4250321748659977,0.05315465690807453,-0.1250603131982488,,
401,1,0.30000000000000004,0.06,0.2450036688274834,0.21734780976990684,0.026745904343158378,-0.12305578037097623,,
401,1,0.30000000000000004,0.07,0.2425864647243819,0.23878535020529412,0.025264745794575605,-0.10580525887729045,,
401,1,0.30000000000000004,0.08,0.04569263681185203,0.03801010314215254,0.004481639955804972,-0.11790654550565824,,
401,1,0.30000000000000004,0.09,0.10869352093837431,0.067573415205597,0.010179437952514192,-0.15064264432310423,,
401,1,0.30000000000000004,0.1,0.04615320467869088,0.022742815604627396,0.004116528704180666,-0.18100347713073361,,
401,1,0.4,0.0,-0.027925208773156292,-0.02270350896541724,-0.005309974027581044,-0.23388340699534055,,
401,1,0.4,0.01,-0.00797086152642847,-0.0068070741151505494,-0.0014540863516869784,-0.21361400318098622,,
401,1,0.4,0.02,0.0880531476528207,0.07880580073833113,0.01546589195151915,-0.19625321748677496,,
401,1,0.4,0.03,0.30474253010702557,0.3267464297621878,0.05133566817192614,-0.15711164222754997,,
401,1,0.4,0.04,0.03306084078487463,0.02554540978871379,0.005311596069866864,-0.2079276125847697,,
401,1,0.4,0.05,0.44602981735406244,0.41454266433583276,0.068352619108901,-0.1648868138057959,,
401,1,0.4,0.06,0.2272627837882255,0.20305925790512394,0.033078953225742724,-0.16290295535896382,,
401,1,0.4,0.07,0.22567123547046508,0.22279316510030903,0.03133742521475513,-0.1406570313799616,,
401,1,0.4,0.08,0.029293409529577638,0.024654809189675286,0.003830887534610694,-0.15538094434796754,,
401,1,0.4,0.09,0.09306601542253257,0.05905317105220286,0.011621173875592472,-0.19679169921830925,,
401,1,0.4,0.1,0.031244991320227195,0.01583430670343888,0.0037157666378611065,-0.23466557187844037,,
401,1,0.5,0.0,-0.05145398732106439,-0.04272119065677774,-0.01222995942974714,-0.2862738430677809,,
401,1,0.5,0.01,-0.03067643680525859,-0.02666891212210763,-0.006995195552108258,-0.26229774653273075,,
401,1,0.5,0.02,0.06589137983331997,0.060034031330834674,0.014466674221810027,-0.2409745589478622,,
401,1,0.5,0.03,0.2843028940215564,0.30712802906756365,0.05986561435436655,-0.19492071282493398,,
401,1,0.5,0.04,0.012893542645943987,0.010158149718791244,0.0025893658788991303,-0.2549052682408434,,
401,1,0.5,0.05,0.42900821989242854,0.40339911168489745,0.0821801433109608,-0.20371919751561882,,
401,1,0.5,0.06,0.2092684632740075,0.18845969759623785,0.03807476521713826,-0.20203133987146085,,
401,1,0.5,0.07,0.20852449537692758,0.20662599188568267,0.03619546796524631,-0.17517383769062178,,
401,1,0.5,0.08,0.01289544537984999,0.010984568531322082,0.00210802539514221,-0.1919078923429041,,
401,1,0.5,0.09,0.07737592343479535,0.05011778383722358,0.012077435784934476,-0.24098104226157538,,
401,1,0.5,0.1,0.01633310391033022,0.00851196063516694,0.0024279892567706796,-0.2852444179240569,,
401,1,0.6,0.0,-0.07473653751489887,-0.06340368137708001,-0.02131671116619882,-0.3362062060627392,,
401,1,0.6,0.01,-0.05320284437792874,-0.04711007380932439,-0.0145583127290011,-0.30902759328981577,,
401,1,0.6,0.02,0.04370705968926025,0.04055185971667856,0.011515238478548184,-0.2839632647923194,,
401,1,0.6,0.03,0.2634544012063469,0.28693439745725297,0.06657066071814466,-0.2320065537909663,,
401,1,0.6,0.04,-0.007217440779606122,-0.005799743062297183,-0.0017393446069129403,-0.2999002866558048,,
401,1,0.6,0.05,0.41144318797680046,0.39158713213333485,0.09457849593855427,-0.24152605685303888,,
401,1,0.6,0.06,0.19105557534013226,0.1735374186913328,0.04171328671712571,-0.24037056118323516,,
401,1,0.6,0.07,0.19117642760614484,0.19027120212645082,0.03982104979246914,-0.20928574238998496,,
401,1,0.6,0.08,-0.003475191333446415,-0.0029911146053476566,-0.000681709676689124,-0.2279115870285716,,
401,1,0.6,0.09,0.06164599701544923,0.040763779347425165,0.01154662386906069,-0.2832569514874982,,
401,1,0.6,0.1,0.0014371061253755802,0.0007701119149922145,0.0002563587363975106,-0.33288504100095934,,
401,1,0.7000000000000001,0.0,-0.09769678492321089,-0.08472938655869947,-0.032509799328104605,-0.3836897757495532,,
401,1,0.7000000000000001,0.01,-0.07548170435072389,-0.0681114947756091,-0.024097094465316493,-0.35378895360766216,,
401,1,0.7000000000000001,0.02,0.021564049695850396,0.020380157587398424,0.00662824356841063,-0.3252302412278227,,
401,1,0.7000000000000001,0.03,0.24225105915597206,0.2661652838586048,0.071415072815179,-0.26831099751204557,,
401,1,0.7000000000000001,0.04,-0.027224045083666024,-0.022319939610245997,-0.007654236039340567,-0.3429326500429634,,
401,1,0.7000000000000001,0.05,0.39336934628170817,0.37909409738016864,0.10549450302734487,-0.27828052126475433,,
401,1,0.7000000000000001,0.06,0.17265977835297408,0.15828209922687803,0.04397974060943377,-0.2778566927293161,,
401,1,0.7000000000000001,0.07,0.17365788365095958,0.17371754853490232,0.04220070018409339,-0.24292709942090088,,
401,1,0.7000000000000001,0.08,-0.01979256055126414,-0.01719690172835128,-0.004529700732865738,-0.2634021409448395,,
401,1,0.7000000000000001,0.09,0.04589907457590587,0.030988623997256475,0.01002999824284867,-0.3236671058300833,,
401,1,0.7000000000000001,0.1,-0.013423501687938228,-0.0073959302838876,-0.002793649345016469,-0.37772791762282726,,
401,1,0.8,0.0,-0.12026113181357058,-0.10667240139578862,-0.045735270353388535,-0.428745108903062,,
401,1,0.8,0.01,-0.09744642786199448,-0.08965065096004152,-0.03555337658419111,-0.396576892676861,,
401,1,0.8,0.02,-0.00047425452607108173,-0.0004566963278319224,-0.0001665986839369804,-0.36479094265521134,,
401,1,0.8,0.03,0.22074855647650443,0.24482328629254904,0.0743727804630987,-0.3037814808768955,,
401,1,0.8,0.04,-0.0470788390249842,-0.039391672513779404,-0.015127490432935708,-0.38402762481445885,,
401,1,0.8,0.05,0.3748233764413218,0.36590926501706295,0.1148809271765272,-0.31396014848427006,,
401,1,0.8,0.06,0.15411736742780596,0.1426848564852579,0.04486472534957242,-0.3144322842291804,,
401,1,0.8,0.07,0.1560002627575558,0.15695516657741224,0.04332538488970927,-0.2760366914608106,,
401,1,0.8,0.08,-0.0360309369791859,-0.031618351055304666,-0.009423994649345069,-0.2980545896546363,,
401,1,0.8,0.09,0.03015800798637994,0.020790775622249326,0.007531674219854345,-0.3622603772316361,,
401,1,0.8,0.1,-0.028229338612531588,-0.015989820275854143,-0.006714268763929776,-0.4199089575802698,,
401,1,0.9,0.0,-0.1423589761879319,-0.12833355777237912,-0.0609064577692463,-0.47459494481773834,,
401,1,0.9,0.01,-0.11903265539321675,-0.11170155768200037,-0.048857762468526134,-0.43739553397829734,,
401,1,0.9,0.02,-0.022345324160745188,-0.021930843010951995,-0.008830784034232542,-0.40266505167277683,,
401,1,0.9,0.03,0.1990039411876159,0.222913906768603,0.07542760980484564,-0.33837103704410726,,
401,1,0.9,0.04,-0.06673527237357056,-0.05700168791423187,-0.024123987914488443,-0.4232153256722297,,
401,1,0.9,0.05,0.3558438543635228,0.3520239053939495,0.12269680548184558,-0.3485467992423291,,
401,1,0.9,0.06,0.13546511695333371,0.1267383005841049,0.04436427924375064,-0.3500463477834786,,
401,1,0.9,0.07,0.13823538825619883,0.13997558049933714,0.043190562359800566,-0.30855783705790807,,
401,1,0.9,0.08,-0.052164899385896024,-0.04625637288263947,-0.015349363509553737,-0.33183240606646275,,
401,1,0.9,0.09,0.01444558966436308,0.01016973163340153,0.004058603927990401,-0.39908663023715363,,
401,1,0.9,0.1,-0.042961198703764025,-0.025014117333771985,-0.01149547526729211,-0.45955950049742006,,
401,1,1.0,0.0,-0.16392319604041866,-0.1497593663615223,-0.0779249244440221,-0.5203342290852759,,
401,1,1.0,0.01,-0.14017867103927575,-0.13423479747324407,-0.06393032035495705,-0.4762574351684015,,
401,1,1.0,0.02,-0.043987887738499064,-0.04401099793471132,-0.019315377617775242,-0.43887615651044515,,
401,1,1.0,0.03,0.17707528804289027,0.2004455960190143,0.07457342945556,-0.37203825345449826,,
401,1,1.0,0.04,-0.08614791626347512,-0.07513421306501507,-0.03460158019193804,-0.46053028015341874,,
401,1,1.0,0.05,0.33647107454426384,0.33743142464958087,0.12890774509156944,-0.38202649686655243,,
401,1,1.0,0.06,0.11674012026862814,0.1104365896006445,0.04247990930987622,-0.3846543021972159,,
401,1,1.0,0.07,0.12039538155910853,0.12277171288022948,0.041796213615184596,-0.34043846611441425,,
401,1,1.0,0.08,-0.06816941819608274,-0.06111094129544685,-0.02228738294746413,-0.3647036434885463,,
401,1,1.0,0.09,-0.0012155199726226569,-0.00087392595757737,-0.0003794556177937336,-0.43419652946987763,,
401,1,1.0,0.1,-0.057600105725956585,-0.03447023110807706,-0.017125028856643132,-0.4968063255204111,,
407,1,0.1,0.0,-0.040374328356985886,-0.02592199098456112,-0.0019198327491207756,-0.07406193259862674,,
407,1,0.1,0.01,0.26080428076098916,0.21368357236062976,0.011903254883256498,-0.05570505374726512,,
407,1,0.1,0.02,0.12154968886328466,0.09651343922165954,0.005323837050055902,-0.055161613688108284,,
407,1,0.1,0.03,0.15996534455600114,0.11414015315776017,0.006719761847876482,-0.05887290021933546,,
407,1,0.1,0.04,0.4887233836075284,0.48635792321729143,0.019823607940621324,-0.040759298850292766,,
407,1,0.1,0.05,0.20628606136933972,0.17484150797324252,0.008018742671092483,-0.04586292330720265,,
407,1,0.1,0.06,0.09369629236733251,0.0809556136542672,0.0034906039389104304,-0.04311750330023518,,
407,1,0.1,0.07,-0.01787393748860259,-0.014649810700354158,-0.0006268974836136643,-0.04279219004505697,,
407,1,0.1,0.08,0.005363561664701298,0.003345067572214408,0.00017768114164695703,-0.05311735497448667,,
407,1,0.1,0.09,-0.11132235211556982,-0.05675174724922038,-0.003480253977746983,-0.06132417320058446,,
407,1,0.1,0.1,0.0914701653406088,0.0410155145934653,0.0027418788587783016,-0.06684979783760034,,
407,1,0.2,0.0,-0.06399409138647671,-0.04223688807904691,-0.0060859440834625245,-0.14409073111808327,,
407,1,0.2,0.01,0.2390138899811361,0.19988394033218068,0.02181745824710135,-0.10915063116548343,,
407,1,0.2,0.02,0.09976087523558753,0.08075985557912027,0.008738988123986102,-0.1082095561132416,,
407,1,0.2,0.03,0.13923266103376447,0.10160286070585771,0.011697662718007873,-0.11513123387217253,,
407,1,0.2,0.04,0.47248995916905523,0.4764003969817411,0.038330294889140415,-0.08045815060605312,,
407,1,0.2,0.05,0.18737503006009146,0.16128917885540447,0.01456726779372608,-0.09031770077263283,,
407,1,0.2,0.06,0.07510853964401737,0.06595415946225351,0.005596254829366654,-0.08485067317959633,,
407,1,0.2,0.07,-0.03537570777003726,-0.0293421825435812,-0.002481483690566777,-0.08457052187174871,,
407,1,0.2,0.08,-0.01119810194028223,-0.007102889452331991,-0.0007419292110028008,-0.10445456260891316,,
407,1,0.2,0.09,-0.12664614563371637,-0.06611132981468619,-0.007918638866891481,-0.11977733452175104,,
407,1,0.2,0.1,0.07652988346805709,0.03535086267660184,0.004588068005878521,-0.129786592419293,,
407,1,0.30000000000000004,0.0,-0.08741839012012555,-0.05933685262189095,-0.012470450535605804,-0.21016366700590927,,
407,1,0.30000000000000004,0.01,0.21677717542744077,0.1850846536144835,0.02968149868310599,-0.16036715148156028,,
407,1,0.30000000000000004,0.02,0.07782182149202407,0.06424959663745959,0.010225711816376881,-0.15915604690994994,,
407,1,0.30000000000000004,0.03,0.11828964906169835,0.08829851878448798,0.014907196423758373,-0.16882725360481612,,
407,1,0.30000000000000004,0.04,0.4555535475378059,0.46548233041485704,0.05543451710262848,-0.11909048632033561,,
407,1,0.30000000000000004,0.05,0.16820819861916966,0.14708342573078576,0.019615745013622288,-0.13336475484005914,,
407,1,0.30000000000000004,0.06,0.05643691551821798,0.050372585305040546,0.006307578922190027,-0.12521848707969446,,
407,1,0.30000000000000004,0.07,-0.05281574724903629,-0.04434917439211963,-0.005557263317057415,-0.1253070297977155,,
407,1,0.30000000000000004,0.08,-0.027731249442974625,-0.017896952720471173,-0.0027559970603593387,-0.15399253176809988,,
407,1,0.30000000000000004,0.09,-0.1418344701741573,-0.07583007690673797,-0.013302449228510538,-0.17542444596055173,,
407,1,0.30000000000000004,0.1,0.06153202256826722,0.029277630151055202,0.005533389532736521,-0.18899717990108877,,
407,1,0.4,0.0,-0.11056947754218471,-0.07721326544996339,-0.021030680898193155,-0.2723713441678191,,
407,1,0.4,0.01,0.19416126309059803,0.16928522021133066,0.035446519455567316,-0.20938933364245815,,
407,1,0.4,0.02,0.05579528277315608,0.046992184455590814,0.009775261341234076,-0.20801887493593801,,
407,1,0.4,0.03,0.09719111133751748,0.07422634443218416,0.016331065299957537,-0.22001710342718253,,
407,1,0.4,0.04,0.43794761676839494,0.4535910986041522,0.071056160965836,-0.156652458975714,,
407,1,0.4,0.05,0.148827948381225,0.13222823476477175,0.023140933757981097,-0.17500750727821338,,
407,1,0.4,0.06,0.03772000439321794,0.03422379263886177,0.005620952231257803,-0.16424106733498334,,
407,1,0.4,0.07,-0.0701623211916258,-0.05966438170481474,-0.009843288895369784,-0.1649776401617426,,
407,1,0.4,0.08,-0.04420896667850982,-0.029040964609717553,-0.005858122017812106,-0.20171926437498183,,
407,1,0.4,0.09,-0.15686590221846733,-0.08591035219908819,-0.019616300582723123,-0.22833453804571088,,
407,1,0.4,0.1,0.046496564394599114,0.02278674248336693,0.005575061396014602,-0.24466250057831176,,
407,1,0.5,0.0,-0.1333715970471972,-0.0958528042109624,-0.03170964945221744,-0.33081608528038137,,
407,1,0.5,0.01,0.1712354832530593,0.15248988472807332,0.03907642152712021,-0.25625582704585953,,
407,1,0.5,0.02,0.03374440291515838,0.029000629076521917,0.007389969655693607,-0.25482101219922554,,
407,1,0.5,0.03,0.0759925847073609,0.05938871793402154,0.015961334402004645,-0.26876038003947217,,
407,1,0.5,0.04,0.4197086883016098,0.4407172078146231,0.08512116224875665,-0.1931423614495234,,
407,1,0.5,0.05,0.12927756972206197,0.11672984614146684,0.025126359916519014,-0.21525223194475868,,
407,1,0.5,0.06,0.01899654813389619,0.017522714549549154,0.0035385298642296448,-0.20193959413215964,,
407,1,0.5,0.07,-0.08738406231019509,-0.07528035208773856,-0.015324225231606703,-0.20356208235777723,,
407,1,0.5,0.08,-0.060604542403912415,-0.040537860781821825,-0.010038370915157802,-0.24762951772875136,,
407,1,0.5,0.09,-0.1717194828113711,-0.09635359265191629,-0.026842202026530093,-0.2785801887377393,,
407,1,0.5,0.1,0.03144357984351611,0.015869978636344605,0.004712710778219664,-0.2969576006502528,,
407,1,0.6,0.0,-0.1557515301006957,-0.11523727390780886,-0.04443668544562884,-0.3856103493143955,,
407,1,0.6,0.01,0.1480709014275503,0.13470779574187958,0.040548238134962,-0.30100884593686417,,
407,1,0.6,0.02,0.011732314820844034,0.010291489208485605,0.0030832295620131234,-0.29959022446148215,,
407,1,0.6,0.03,0.05475001765866399,0.043791309104722065,0.013799504418450681,-0.3151197052696163,,
407,1,0.6,0.04,0.40087617483305704,0.4268544574994406,0.09756208590593918,-0.2285605414020235,,
407,1,0.6,0.05,0.10960104915462655,0.10026989078807004,0.025562442866534862,-0.25493637886335707,,
407,1,0.6,0.06,0.00030526934731746016,0.000286300805817192,6.823585176651825e-05,-0.23833621973836852,,
407,1,0.6,0.07,-0.10445009588799355,-0.0911885777263748,-0.021980440174575677,-0.24104378774862933,,
407,1,0.6,0.08,-0.07689156372577394,-0.05238961110966229,-0.015283330383683902,-0.2917244480340335,,
407,1,0.6,0.09,-0.18637478190269283,-0.10716025148553726,-0.03495964092073045,-0.32623701826090556,,
407,1,0.6,0.1,0.016393170071165718,0.008520049428764886,0.002948376857904167,-0.346051614201912,,
407,1,0.7000000000000001,0.0,-0.17763911477827848,-0.1353434803958987,-0.05912820912895955,-0.43687519307174044,,
407,1,0.7000000000000001,0.01,0.12473983236269844,0.11595313747641907,0.03985237550790188,-0.3436938091994837,,
407,1,0.7000000000000001,0.02,-0.010178258399432056,-0.00911509229789703,-0.0031206309761122597,-0.34235868097926225,,
407,1,0.7000000000000001,0.03,0.03351944465751697,0.027443183617172733,0.009856502369168796,-0.35916031123302444,,
407,1,0.7000000000000001,0.04,0.38149219600983125,0.4116247585587608,0.10831866012216618,-0.26314904016324697,,
407,1,0.7000000000000001,0.05,0.08984285143692376,0.08326503988799892,0.02444657148473106,-0.2935994688480846,,
407,1,0.7000000000000001,0.06,-0.01831530512691248,-0.017466508979152334,-0.004776286470055235,-0.2734539841794438,,
407,1,0.7000000000000001,0.07,-0.12133016186013483,-0.10737949194349326,-0.02978812096861183,-0.27740977750469664,,
407,1,0.7000000000000001,0.08,-0.09304400985901662,-0.06459716177953986,-0.021576178013900105,-0.33401123856704834,,
407,1,0.7000000000000001,0.09,-0.20081196015916747,-0.11832974374033348,-0.04394567909221847,-0.3713832017472653,,
407,1,0.7000000000000001,0.1,0.0013654074992543635,0.0007306740454074547,0.0002865029662204588,-0.3921077640860948,,
407,1,0.8,0.0,-0.19896772944033173,-0.1559945603938157,-0.0756886424700921,-0.48520052416579473,,
407,1,0.8,0.01,0.10131534231391782,0.09624522243592365,0.03699271621241995,-0.38435898713879824,,
407,1,0.8,0.02,-0.031925397579207655,-0.029195379946252237,-0.01118657668707801,-0.3831625657097849,,
407,1,0.8,0.03,0.01235666029311129,0.010356887115484572,0.004152590156838665,-0.4009496396489763,,
407,1,0.8,0.04,0.3616013732687201,0.394977798914532,0.1173382587353482,-0.2970755800903601,,
407,1,0.8,0.05,0.07004769837343625,0.06579623794156565,0.0217831283114458,-0.3310695108554934,,
407,1,0.8,0.06,-0.03682701926087176,-0.03554887987502487,-0.010975763095202096,-0.308751306195535,,
407,1,0.8,0.07,-0.13799473309894833,-0.12384247018596374,-0.03871941523207523,-0.3126505404319985,,
407,1,0.8,0.08,-0.10903634369911748,-0.07716037921825593,-0.02889677157172854,-0.3745027158302463,,
407,1,0.8,0.09,-0.21501182795650056,-0.12986039510407196,-0.05377505992553333,-0.41409900133475824,,
407,1,0.8,0.1,-0.013619723022308995,-0.007503346041482719,-0.0032660818292590266,-0.43528338040152864,,
407,1,0.9,0.0,-0.21967473633812085,-0.1758931348834942,-0.09401144071616019,-0.5344804433580097,,
407,1,0.9,0.01,0.07787074494242575,0.07560854199268864,0.03198658358155515,-0.4230551567129579,,
407,1,0.9,0.02,-0.053448373059804585,-0.04992206559992298,-0.021069193041945655,-0.4220416921606337,,
407,1,0.9,0.03,-0.008683103804844173,-0.0074514950103813015,-0.003282807963675194,-0.44055695657068,,
407,1,0.9,0.04,0.3412506053563677,0.37746862786263286,0.12457632667654717,-0.3300309415962446,,
407,1,0.9,0.05,0.050260346031073724,0.047869318596927855,0.01758346156968371,-0.367322161356443,,
407,1,0.9,0.06,-0.055192260173371366,-0.053759281163385776,-0.018505416201840874,-0.3442273743504683,,
407,1,0.9,0.07,-0.15441512917950043,-0.14056583572421888,-0.04874259540104742,-0.34675990186318995,,
407,1,0.9,0.08,-0.1248436007035093,-0.09007799652959902,-0.03722175561376073,-0.41321695694608296,,
407,1,0.9,0.09,-0.22895590127800136,-0.141749394704428,-0.06442032564958422,-0.45446631912546603,,
407,1,0.9,0.1,-0.028542382627112273,-0.01618605649334384,-0.007700191608020046,-0.4757299352801951,,
407,1,1.0,0.0,-0.23970188056998146,-0.19628371170773115,-0.11398022928707419,-0.5806912264670853,,
407,1,1.0,0.01,0.054479096285846414,0.05407277232711924,0.02486456767533629,-0.45983526653516726,,
407,1,1.0,0.02,-0.07468801790989348,-0.07126431826800375,-0.03271311022368539,-0.45903912390856233,,
407,1,1.0,0.03,-0.029545496348608695,-0.02596230413473387,-0.012411356953033637,-0.4780529836113046,,
407,1,1.0,0.04,0.32048882628363407,0.35910229295504537,0.12999674365281977,-0.36200477190796876,,
407,1,1.0,0.05,0.030525362102599016,0.029492089832188446,0.011865805281162878,-0.40233857107719184,,
407,1,1.0,0.06,-0.0733741265372604,-0.07216505195363128,-0.027335128064722714,-0.37878623135041245,,
407,1,1.0,0.07,-0.1705636249403447,-0.1575368703283439,-0.059822245288319253,-0.37973488468848987,,
407,1,1.0,0.08,-0.1404414745995939,-0.10334756315730743,-0.04652468471773907,-0.4501768914175838,,
407,1,1.0,0.09,-0.24262645426666626,-0.15399275257403405,-0.07585194406345208,-0.4925682721788174,,
407,1,1.0,0.1,-0.04338293615121835,-0.025320283629921128,-0.013004322778013555,-0.5135930927190038,,
413,1,0.1,0.0,0.3672062222878017,0.34247986489318216,0.017453987876739685,-0.050963544622348825,,
413,1,0.1,0.01,0.5441557492857497,0.44630917605994724,0.02485415727283069,-0.05568820585820162,,
413,1,0.1,0.02,0.22197803583582726,0.17315174915678133,0.009749831297837686,-0.05630801505221666,,
413,1,0.1,0.03,0.3718675615009932,0.31852174454035276,0.015721125829536664,-0.049356523060060636,,
413,1,0.1,0.04,0.42990406260225406,0.3252734364205565,0.017440723404765546,-0.05361865265325839,,
413,1,0.1,0.05,0.22693644865939344,0.18745743133789552,0.008814118523309267,-0.047019307052285665,,
413,1,0.1,0.06,-0.17778426361268748,-0.12771599035845166,-0.0066164481878755455,-0.05180594982120576,,
413,1,0.1,0.07,-0.05518678478300452,-0.0354101138434771,-0.001946751272886904,-0.05497726670668457,,
413,1,0.1,0.08,0.01619946265642386,0.009635218220910395,0.0005421666543699022,-0.05626926572283435,,
413,1,0.1,0.09,0.1111569724845876,0.053801522273967436,0.0035300919928016317,-0.06561323627286494,,
413,1,0.1,0.1,0.0719084584384564,0.030694093370294887,0.00217420737373919,-0.07083471557571214,,
413,1,0.2,0.0,0.34583580951811016,0.3298768369785625,0.032876425617540894,-0.09966272842514678,,
413,1,0.2,0.01,0.5269565530305487,0.4410859987620209,0.048137177865568814,-0.10913331640694462,,
413,1,0.2,0.02,0.20069009074914193,0.1597116783896982,0.017629622864119954,-0.11038405608075502,,
413,1,0.2,0.03,0.3530021950604433,0.30722912431392174,0.029847141838603486,-0.09714945451625269,,
413,1,0.2,0.04,0.41267053692369216,0.3184956974607388,0.033483157373374706,-0.10512907282680703,,
413,1,0.2,0.05,0.2081829567092246,0.17482668397782777,0.016171481186101788,-0.0925000738911957,,
413,1,0.2,0.06,-0.19555361972336346,-0.14299048753788476,-0.014555510893471624,-0.10179356084519398,,
413,1,0.2,0.07,-0.07269698936804844,-0.047450546431672846,-0.005128871237698118,-0.10808877080232397,,
413,1,0.2,0.08,-0.0005444934032871722,-0.00033103437531252245,-3.644641468025789e-05,-0.11009858008205224,,
413,1,0.2,0.09,0.09536731865697728,0.04748000402828207,0.006057297179673293,-0.12757575117443518,,
413,1,0.2,0.1,0.056806406071360685,0.025044375469624517,0.0034351704830852814,-0.13716335179736003,,
413,1,0.30000000000000004,0.0,0.32375658856065503,0.3158201656853268,0.04616624034755623,-0.1461788871124677,,
413,1,0.30000000000000004,0.01,0.5087800526881446,0.4347330783151134,0.06971514752929608,-0.16036310786262167,,
413,1,0.30000000000000004,0.02,0.1790588450557588,0.14542182279616853,0.023594138831426692,-0.1622462047150762,,
413,1,0.30000000000000004,0.03,0.3335604469427754,0.2950789001602426,0.04230494644634275,-0.1433682531125372,,
413,1,0.30000000000000004,0.04,0.39481700539644016,0.3108921522837221,0.048051843089847335,-0.15456113233117227,,
413,1,0.30000000000000004,0.05,0.18914293213467284,0.1615134053685152,0.022038701559793372,-0.13645122217260558,,
413,1,0.30000000000000004,0.06,-0.21303810796251524,-0.1584021029680196,-0.023785383049106268,-0.1501582529741312,,
413,1,0.30000000000000004,0.07,-0.0900999317087242,-0.05985331623189042,-0.009535008649117716,-0.15930627155521537,,
413,1,0.30000000000000004,0.08,-0.017273618967592733,-0.010736192308910575,-0.001734350157745479,-0.16154238931674533,,
413,1,0.30000000000000004,0.09,0.07949494933952579,0.04071015692025485,0.007573734994551273,-0.18604042743895818,,
413,1,0.30000000000000004,0.1,0.04166315208645297,0.01896855787841603,0.0037791520405257018,-0.19923243847788388,,
413,1,0.4,0.0,0.30103720646891435,0.30030411454457234,0.057235410875340786,-0.19059149742966866,,
413,1,0.4,0.01,0.48966898126927283,0.4272098328933891,0.08946195928697143,-0.20940987870308875,,
413,1,0.4,0.02,0.15714543571729267,0.13028087370349078,0.02760888448624632,-0.21191817111299094,,
413,1,0.4,0.03,0.3135895199563868,0.28206048239277537,0.053029420282416195,-0.18800726650028052,,
413,1,0.4,0.04,0.3763812731388697,0.30244129702053263,0.0610774565824177,-0.20194813732157474,,
413,1,0.4,0.05,0.16985813413776849,0.14751917524985433,0.026388880856869523,-0.17888441154971535,,
413,1,0.4,0.06,-0.23020386933608994,-0.17368870346280657,-0.03426921917968928,-0.1973025216750935,,
413,1,0.4,0.07,-0.10736381039945701,-0.07262025199363938,-0.015149324997204672,-0.20861019593448343,,
413,1,0.4,0.08,-0.03396007500510876,-0.02158160284511966,-0.004546328637726638,-0.21065759899083297,,
413,1,0.4,0.09,0.06356359619072988,0.03348243821301526,0.0080745395248214,-0.24115745315353626,,
413,1,0.4,0.1,0.026499248167879692,0.012456953987826671,0.0032049003422571776,-0.2572780107712614,,
413,1,0.5,0.0,0.2777503762805569,0.2833309945076762,0.06600993401142818,-0.23297816084727646,,
413,1,0.5,0.01,0.4696714066070023,0.41847957889369924,0.10726053176580619,-0.2563100738376822,,
413,1,0.5,0.02,0.13501250423804723,0.11429119756854249,0.02965043668539158,-0.2594288739306426,,
413,1,0.5,0.03,0.2931392811194913,0.2681663356235475,0.061963989349567594,-0.23106550345138316,,
413,1,0.5,0.04,0.3574038315830849,0.2931240443577022,0.07249735362714049,-0.24732653299048799,,
413,1,0.5,0.05,0.15037137058095174,0.13284789638936512,0.029201811578585035,-0.21981388017614656,,
413,1,0.5,0.06,-0.24701835372988987,-0.18923014027613325,-0.04596537696015446,-0.24290727097215953,,
413,1,0.5,0.07,-0.12445735788128648,-0.08575199674484257,-0.021951588666400346,-0.2559892422297512,,
413,1,0.5,0.08,-0.050576179837995144,-0.03286741095249884,-0.008463465361520095,-0.25750325675946295,,
413,1,0.5,0.09,0.04759715229250522,0.025788309974715217,0.007557885143517629,-0.29307407701117066,,
413,1,0.5,0.1,0.011335292352211705,0.005500847952614859,0.0017136562756912,-0.3115258393711107,,
413,1,0.6,0.0,0.2539723645632444,0.264911409344141,0.07243064473955729,-0.2734145913869045,,
413,1,0.6,0.01,0.4488404763142092,0.40850999577263297,0.1230039576356754,-0.3011039115530884,,
413,1,0.6,0.02,0.11272380152895668,0.09745898552054676,0.029706670140223324,-0.30481201893857623,,
413,1,0.6,0.03,0.27226198827719233,0.2533921552940822,0.0690611188407324,-0.2725463965551,,
413,1,0.6,0.04,0.33792766501128724,0.2829239493350053,0.08225606755988668,-0.29073561200182707,,
413,1,0.6,0.05,0.13072628888565607,0.11750585934685435,0.030464132434184332,-0.2592562839292989,,
413,1,0.6,0.06,-0.2634504558863184,-0.20502109497947646,-0.058827691136088434,-0.2869348207411406,,
413,1,0.6,0.07,-0.14134996544549694,-0.0992479431746285,-0.029917295552063128,-0.30143995527870154,,
413,1,0.6,0.08,-0.06709451037182,-0.044592503498307554,-0.013473189939587793,-0.3021402451669741,,
413,1,0.6,0.09,0.03161959332784675,0.01762033095823624,0.006024997122213938,-0.3419343902503536,,
413,1,0.6,0.1,-0.003808132477553461,-0.001907417767926601,-0.0006908508311265216,-0.36219167229289756,,
413,1,0.7000000000000001,0.0,0.22978244091611844,0.24506442437651327,0.07645387758233446,-0.31197460739904004,,
413,1,0.7000000000000001,0.01,0.4272341137831111,0.39727357745778763,0.13659656650058616,-0.34383501509133274,,
413,1,0.7000000000000001,0.02,0.09034378288372988,0.0797943791677169,0.02777687652860439,-0.34810567885015037,,
413,1,0.7000000000000001,0.03,0.2510119964742735,0.237737029925075,0.07428273161974386,-0.31245755717211887,,
413,1,0.7000000000000001,0.04,0.3179980377575618,0.2718274277728112,0.09030575450605483,-0.33221722784181607,,
413,1,0.7000000000000001,0.05,0.11096716087573415,0.10150179516185477,0.030169432885383873,-0.29723053505877106,,
413,1,0.7000000000000001,0.06,-0.27947064175644903,-0.22105489277371118,-0.07280577530020149,-0.3293560906373201,,
413,1,0.7000000000000001,0.07,-0.15801180418615285,-0.11310617185692046,-0.039017815134194445,-0.3449662780873891,,
413,1,0.7000000000000001,0.08,-0.08348800187801869,-0.056754457864152986,-0.019559344734313644,-0.34463098530745784,,
413,1,0.7000000000000001,0.09,0.015654898384967468,0.008972246333703401,0.003480147141574186,-0.38787913440376015,,
413,1,0.7000000000000001,0.1,-0.018910520015346315,-0.009774357648617622,-0.004002418500691163,-0.40948148661791817,,
413,1,0.8,0.0,0.20526229563773057,0.22381765382104607,0.07805195886478788,-0.34873012710246043,,
413,1,0.8,0.01,0.404914667850356,0.3847480642002155,0.1479548875488439,-0.38455005058024416,,
413,1,0.8,0.02,0.06793719708919739,0.061311569898633504,0.023871774807756596,-0.3893518767701403,,
413,1,0.8,0.03,0.22944544665154457,0.2212035866967203,0.07760054624315038,-0.3508105243770034,,
413,1,0.8,0.04,0.29766226370146465,0.25982396479819403,0.0966065810651664,-0.37181551417014586,,
413,1,0.8,0.05,0.0911386632172143,0.08484691497585078,0.028318306183002573,-0.3337576409355904,,
413,1,0.8,0.06,-0.2950510644308762,-0.2373234805226847,-0.0878453487801315,-0.370150263204718,,
413,1,0.8,0.07,-0.1744139411584702,-0.12732339323325756,-0.049220560798322044,-0.38657908455321754,,
413,1,0.8,0.08,-0.09973004576411441,-0.06934949566306356,-0.026702271006820433,-0.38503915207334966,,
413,1,0.8,0.09,-0.0002730292070777593,-0.00016092564502199835,-6.936628057874206e-05,-0.43104553391263256,,
413,1,0.8,0.1,-0.03395150158944542,-0.018105262002911907,-0.008212397451792697,-0.45359174865693075,,
413,1,0.9,0.0,0.18049543225453435,0.20120726305856368,0.0772135221477146,-0.38375116769637047,,
413,1,0.9,0.01,0.38194851938895363,0.3709168485918551,0.1570084984883542,-0.423298372895218,,
413,1,0.9,0.02,0.04556867377033056,0.04202886907321982,0.01801341254546296,-0.42859617550215834,,
413,1,0.9,0.03,0.20761993945116045,0.20379811801071088,0.07899633035191167,-0.38762050956603983,,
413,1,0.9,0.04,0.27696945987908933,0.24690631088906095,0.10112705008812495,-0.4095766111606721,,
413,1,0.9,0.05,0.0712856551558196,0.06755493567766246,0.024918350293229752,-0.3688605435452911,,
413,1,0.9,0.06,-0.31016566894575287,-0.2531786377392233,-0.10388858568705128,-0.41033709089649834,,
413,1,0.9,0.07,-0.19052845003316105,-0.14189489430663665,-0.06048918299435102,-0.42629569788207555,,
413,1,0.9,0.08,-0.11579458478001009,-0.08237244223428958,-0.03487891392464881,-0.42342940161278353,,
413,1,0.9,0.09,-0.01614044060209257,-0.009782810982954958,-0.00461325231972054,-0.47156715260658943,,
413,1,0.9,0.1,-0.04891090656902815,-0.02690412044502407,-0.01330972884486148,-0.4947096810712918,,
413,1,1.0,0.0,0.15556654197609787,0.17727788331159924,0.07394364182502922,-0.4171058478572838,,
413,1,1.0,0.01,0.35840564867724223,0.3557693494142419,0.16370074875414642,-0.4601316808872723,,
413,1,1.0,0.02,0.02330231308433042,0.02196874670784494,0.010234959533998556,-0.4658872747776594,,
413,1,1.0,0.03,0.18559419709120875,0.18553068674946435,0.07846206627772578,-0.42290613834507523,,
413,1,1.0,0.04,0.255970286209725,0.23307066283067876,0.10384426084739862,-0.44554839972647875,,
413,1,1.0,0.05,0.05145295527994053,0.04964209074580147,0.019984116649881978,-0.40256396033384545,,
413,1,1.0,0.06,-0.324790285360645,-0.2675664110952462,-0.12087448300236747,-0.4517550708535666,,
413,1,1.0,0.07,-0.2063285155863488,-0.15681449102766093,-0.07278378364131288,-0.46413939913546864,,
413,1,1.0,0.08,-0.13165620512541076,-0.09581669257779418,-0.04406294565059299,-0.45986711151418636,,
413,1,1.0,0.09,-0.031923819315613555,-0.0198956022551668,-0.010138277107296978,-0.5095737730012225,,
413,1,1.0,0.1,-0.06376882184123102,-0.03617355079787732,-0.019280992204905534,-0.5330135355702198,,
419,1,0.1,0.0,0.829270540009021,1.033189926009662,0.03939771672499859,-0.03813211466081422,,
419,1,0.1,0.01,0.6496067348328551,0.6812762628042839,0.029684758513621512,-0.04357227770043312,,
419,1,0.1,0.02,0.18582492638546383,0.15592789080993263,0.008127150155090135,-0.05212120880283487,,
419,1,0.1,0.03,0.287762007839506,0.27518369499647627,0.012124935580671625,-0.04406124273034013,,
419,1,0.1,0.04,0.49939587469049307,0.49503881373738357,0.020226265006456634,-0.04085793769129909,,
419,1,0.1,0.05,0.3974220837309085,0.3427994916594671,0.015565401803053547,-0.04540672370225108,,
419,1,0.1,0.06,0.2606115716504841,0.2819207646237542,0.009734769929101272,-0.03453016290620913,,
419,1,0.1,0.07,0.09035299629382162,0.06388205177871371,0.0032129631057280506,-0.050295239684187,,
419,1,0.1,0.08,0.32894235613617473,0.27417339989325173,0.011155230621963774,-0.0406867720439219,,
419,1,0.1,0.09,0.3119518514287719,0.21310461854826176,0.009996883233231335,-0.046910683125186904,,
419,1,0.1,0.1,0.15137336809177765,0.07523005107584549,0.004595970293814755,-0.0610922128602729,,
419,1,0.2,0.0,0.8199710568196684,1.0396384691577913,0.07791181733991803,-0.07494126049705933,,
419,1,0.2,0.01,0.6350484088588879,0.6747484614684223,0.05803898774628968,-0.08601573928747056,,
419,1,0.2,0.02,0.16437715474091869,0.14032490130837613,0.01437824133318677,-0.10246393333703004,,
419,1,0.2,0.03,0.26794466312508,0.25935742290888153,0.022579852037926562,-0.08706075108503605,,
419,1,0.2,0.04,0.4833834724280305,0.48562449034538846,0.03915547848339762,-0.08062912654085722,,
419,1,0.2,0.05,0.3803303354454518,0.3337058280576831,0.029791975491261224,-0.08927616177596844,,
419,1,0.2,0.06,0.24284446336911766,0.26202377029253726,0.018142210374487266,-0.06923879598493045,,
419,1,0.2,0.07,0.0726095712618857,0.052012003242884686,0.005164009676635883,-0.099284960291206,,
419,1,0.2,0.08,0.3134462198371444,0.2629043359051151,0.021259438346204362,-0.08086377987268006,,
419,1,0.2,0.09,0.297172837421188,0.20625237327810678,0.01904654286987606,-0.09234581191555097,,
419,1,0.2,0.1,0.13640633322791618,0.06958527304370886,0.008283087881397977,-0.11903507048388083,,
419,1,0.30000000000000004,0.0,0.8092000811721697,1.0440355190594408,0.11533257495745675,-0.11046805673944743,,
419,1,0.30000000000000004,0.01,0.6193472763576726,0.666915909195412,0.08490602089960131,-0.12731143421369953,,
419,1,0.30000000000000004,0.02,0.1426573216626699,0.12394015833939973,0.01871757728783696,-0.151021085809657,,
419,1,0.30000000000000004,0.03,0.24769530957591313,0.24277800228719748,0.03131014091947981,-0.12896613624178793,,
419,1,0.30000000000000004,0.04,0.4666555060095318,0.4752376384761509,0.056700696238954684,-0.11931019693803172,,
419,1,0.30000000000000004,0.05,0.3627023185568035,0.323759897851495,0.04261671070391526,-0.13163060337838092,,
419,1,0.30000000000000004,0.06,0.22476314327905486,0.24213767183385018,0.025187110547389535,-0.1040197931888616,,
419,1,0.30000000000000004,0.07,0.05479233576472087,0.03978873626858222,0.005845265586419179,-0.14690754556672583,,
419,1,0.30000000000000004,0.08,0.297613759834461,0.25136706229581046,0.030278406522832535,-0.12045494841802583,,
419,1,0.30000000000000004,0.09,0.2821096172634684,0.19897722416741448,0.02712165569626457,-0.13630532745519197,,
419,1,0.30000000000000004,0.1,0.12132637510842281,0.06353046874641285,0.011051067097544998,-0.17394908798259068,,
419,1,0.4,0.0,0.7969572150569255,1.0408122379986773,0.15145018705434765,-0.1455115356306371,,
419,1,0.4,0.01,0.6025318501553013,0.6577386728677372,0.1101344029213478,-0.1674440130472523,,
419,1,0.4,0.02,0.1207268313188196,0.10678024316604895,0.021120203945966143,-0.1977913078276391,,
419,1,0.4,0.03,0.22706524963256675,0.22544891500300948,0.038269840345839023,-0.16974949888460614,,
419,1,0.4,0.04,0.4492444356378432,0.46386423009395306,0.07278023282445867,-0.15689986013734547,,
419,1,0.4,0.05,0.3445737262928466,0.3129515644743235,0.05398218891283446,-0.17249374996258726,,
419,1,0.4,0.06,0.20640373869151712,0.2222348275305467,0.030839657593761727,-0.13877058756473595,,
419,1,0.4,0.07,0.03693483016967141,0.02720536975748056,0.005253627506301095,-0.193109946791167,,
419,1,0.4,0.08,0.28146999953929996,0.23954717956347119,0.03818131291945992,-0.15938953232109868,,
419,1,0.4,0.09,0.266783635374144,0.19126994570481945,0.0341976473504757,-0.17879258147148636,,
419,1,0.4,0.1,0.10615394784667534,0.0570565686370633,0.012892106373128431,-0.22595306169102264,,
419,1,0.5,0.0,0.7832501132970738,1.0301795037871937,0.18605668837678402,-0.18060608631097183,,
419,1,0.5,0.01,0.5846367986135649,0.6471814481598708,0.13357929693790704,-0.2064016162974274,,
419,1,0.5,0.02,0.09864817477676803,0.08885520006591133,0.021572147088418925,-0.24277866767974257,,
419,1,0.5,0.03,0.20610768677987235,0.20737661695025672,0.04342203551556034,-0.20938732704842974,,
419,1,0.5,0.04,0.43118581990088,0.4514933761799659,0.08731828898012628,-0.19339882617750984,,
419,1,0.5,0.05,0.3259824186747526,0.30127342715383676,0.06383700774463441,-0.21189060166278073,,
419,1,0.5,0.06,0.18780349107491295,0.20229031286886925,0.0350756446829652,-0.1733926068209816,,
419,1,0.5,0.07,0.019070722073441244,0.01425613208560135,0.0033907855264867504,-0.23784751053979314,,
419,1,0.5,0.08,0.26504098609404814,0.22743115581869605,0.04494090330720191,-0.19760222888295909,,
419,1,0.5,0.09,0.2512171053124911,0.1831220307466204,0.04025281556267313,-0.21981416107365886,,
419,1,0.5,0.1,0.09090974396306314,0.05015529138972295,0.013800924427446848,-0.2751638769319307,,
419,1,0.6,0.0,0.7680946386352715,1.0179584532998915,0.21894790805384257,-0.2150853085841415,,
419,1,0.6,0.01,0.56570282003738,0.6352139942274859,0.1551038562517839,-0.24417575440920994,,
419,1,0.6,0.02,0.0764845369532252,0.07017861519723644,0.020070546889021434,-0.2859923472786307,,
419,1,0.6,0.03,0.1848774231823241,0.1885706098294562,0.0467391827691821,-0.2478603787273804,,
419,1,0.6,0.04,0.4125181611061082,0.43811749685149237,0.10024554149566534,-0.22880971934714883,,
419,1,0.6,0.05,0.30696825011663476,0.288720957457552,0.07213616478968787,-0.24984734542622664,,
419,1,0.6,0.06,0.16900059019084285,0.18228179926854374,0.03787664192279072,-0.20779168339780082,,
419,1,0.6,0.07,0.0012336664223005303,0.0009364323711672322,0.0002632159327669026,-0.2810837609541547,,
419,1,0.6,0.08,0.2483536985231292,0.21500636866810946,0.05053364635771507,-0.2350332535299007,,
419,1,0.6,0.09,0.23543293930146658,0.1745257556644932,0.045268439844293074,-0.2593797097278681,,
419,1,0.6,0.1,0.07561463238696771,0.04281921712403015,0.013774785166338788,-0.32169633383157714,,
419,1,0.7000000000000001,0.0,0.7515149410649529,1.0041002754745587,0.2499254457254838,-0.2489048672029931,,
419,1,0.7000000000000001,0.01,0.5457764607972113,0.6218115480558866,0.1745805439001027,-0.28076117988791666,,
419,1,0.7000000000000001,0.02,0.05429939768360561,0.05076767224824603,0.016623687511822194,-0.32744632116546424,,
419,1,0.7000000000000001,0.03,0.16343054391096545,0.16904349659414525,0.048203353257037396,-0.28515355058448844,,
419,1,0.7000000000000001,0.04,0.39328272816474086,0.42373247656106333,0.11149968912091235,-0.26313699158918336,,
419,1,0.7000000000000001,0.05,0.2875728825290152,0.27529262244062586,0.07884139692348002,-0.28639124515762954,,
419,1,0.7000000000000001,0.06,0.15003400183755997,0.16218945398910165,0.03923012842932616,-0.24187841727343282,,
419,1,0.7000000000000001,0.07,-0.01654283422734002,-0.012757068163523115,-0.004117855826788697,-0.3227901406502691,,
419,1,0.7000000000000001,0.08,0.2314359507498247,0.20226115127425065,0.054939868632523536,-0.27162837888739827,,
419,1,0.7000000000000001,0.09,0.2194546743293962,0.16547424547575826,0.049228876858616655,-0.2975017454654514,,
419,1,0.7000000000000001,0.1,0.06028959569705061,0.03504185944488753,0.012813511124177612,-0.3656629906963186,,
419,1,0.8,0.0,0.7335434584889043,0.9885625381455656,0.27879864038297786,-0.2820242823544309,,
419,1,0.8,0.01,0.5249098781246124,0.6069552130342816,0.19189238212011883,-0.31615575251559874,,
419,1,0.8,0.02,0.032156130848063014,0.03064318300096478,0.011250921343752607,-0.3671590299022911,,
419,1,0.8,0.03,0.14182409060140314,0.14881101918173895,0.04780639321333702,-0.321255734126465,,
419,1,0.8,0.04,0.3735233582603307,0.40833780244190554,0.12102594856166782,-0.2963868342287174,,
419,1,0.8,0.05,0.26783958528017854,0.26098999281440516,0.08392147159033114,-0.32155053412338785,,
419,1,0.8,0.06,0.13094329040953656,0.1419958580964973,0.03912958424135926,-0.2755684902778477,,
419,1,0.8,0.07,-0.03422556840474992,-0.02682638560827233,-0.009736521693154088,-0.36294571454127167,,
419,1,0.8,0.08,0.21431629001849187,0.1891848420411575,0.058143868592227976,-0.307338938811909,,
419,1,0.8,0.09,0.2033063951996719,0.1559615385076768,0.052121640799926316,-0.33419547728660526,,
419,1,0.8,0.1,0.04495566689204816,0.026817735670822514,0.010919485358836134,-0.4071740244168507,,
419,1,0.9,0.0,0.7142208368285665,0.9713097150256917,0.3053865049558071,-0.31440692935695536,,
419,1,0.9,0.01,0.5031605492771161,0.5906323163330004,0.20693411472163858,-0.3503602986142202,,
419,1,0.9,0.02,0.010117605518218383,0.009829591131644246,0.003982488828079278,-0.4051530500855234,,
419,1,0.9,0.03,0.12011572751314639,0.12789207725957327,0.04554999884561606,-0.35615966072055055,,
419,1,0.9,0.04,0.3532862387679884,0.3919366839436693,0.12877749508034753,-0.3285670883995537,,
419,1,0.9,0.05,0.24781302351078827,0.2458178346339694,0.08735242697353618,-0.35535430984333066,,
419,1,0.9,0.06,0.11176843753276275,0.12168593969740338,0.03757454114732117,-0.3087829312142212,,
419,1,0.9,0.07,-0.05178175247750038,-0.041272144490507534,-0.01657228651800391,-0.4015368409512979,,
419,1,0.9,0.08,0.19702389129871864,0.17576783734206297,0.060134008710865494,-0.3421217989605134,,
419,1,0.9,0.09,0.1870126549199331,0.145982650118751,0.05393746820952039,-0.3694786206829677,,
419,1,0.9,0.1,0.02963386598976657,0.018142434604373158,0.008097641781185105,-0.44633710732699583,,
419,1,1.0,0.0,0.6935957687885712,0.9523136849260752,0.3295195994794713,-0.34602001913376973,,
419,1,1.0,0.01,0.4805909294864649,0.572836729739779,0.21961326631432376,-0.3833784652986321,,
419,1,1.0,0.02,-0.011754206947857292,-0.011645052210474323,-0.005140763764979628,-0.4414547631100948,,
419,1,1.0,0.03,0.09836340304599267,0.10630872683846056,0.04144570488587496,-0.38986173683420183,,
419,1,1.0,0.04,0.33261967110417257,0.3745361519990217,0.134715842782702,-0.3596871545341606,,
419,1,1.0,0.05,0.2275390364128807,0.2297841830920094,0.08911775848984282,-0.38783243167854853,,
419,1,1.0,0.06,0.09254965807324715,0.10124691990990811,0.0345705918833239,-0.34144833160441446,,
419,1,1.0,0.07,-0.06917916458076927,-0.05609351160147282,-0.02460019175903072,-0.43855681444598316,,
419,1,1.0,0.08,0.17958844827981085,0.16200164666803224,0.06090278494790624,-0.3759392956832468,,
419,1,1.0,0.09,0.17059839283953152,0.13553363497227447,0.0546703667627737,-0.40337121316016783,,
419,1,1.0,0.1,0.01434513675181131,0.009012681181978054,0.00435544397294918,-0.4832572999096447,,
425,1,0.1,0.0,0.2405826948953731,0.22284382795087163,0.011442687570906385,-0.051348460830735014,,
425,1,0.1,0.01,0.5417341171764032,0.48508844603909557,0.024818482622079863,-0.051162798917869144,,
425,1,0.1,0.02,0.4595972579613656,0.4284085552816109,0.020223766540425014,-0.047206728929890494,,
425,1,0.1,0.03,0.2881510384530956,0.22722843249693608,0.012182550036245576,-0.05361366930350956,,
425,1,0.1,0.04,0.42135017471726816,0.4279558815925167,0.017090250754890235,-0.03993460889307959,,
425,1,0.1,0.05,0.4082485989682676,0.4140873815985456,0.015993799177519863,-0.038624212879362074,,
425,1,0.1,0.06,0.11027665161157661,0.10325080438206707,0.004130173196517539,-0.04000136581245735,,
425,1,0.1,0.07,0.08889851609476823,0.06438709608065957,0.0031649676433065377,-0.04915530961889773,,
425,1,0.1,0.08,0.4037730964415732,0.284437857065906,0.013593463514686377,-0.04779062694012874,,
425,1,0.1,0.09,0.5148350809995947,0.4304542784314569,0.01644408748508952,-0.0382017052891437,,
425,1,0.1,0.1,0.16889190774937796,0.09121465028411097,0.0051440498450137095,-0.05639499607783698,,
425,1,0.2,0.0,0.21765695110758215,0.20468682435858246,0.020704568882173646,-0.10115242613712234,,
425,1,0.2,0.01,0.5244241497186211,0.47777411465703634,0.04805092104676301,-0.10057246630294257,,
425,1,0.2,0.02,0.4413671021571359,0.4170820043487037,0.038843161389793046,-0.0931307536282913,,
425,1,0.2,0.03,0.268268795003635,0.2155870528193826,0.022683923235814252,-0.10521932063711958,,
425,1,0.2,0.04,0.40398768953176234,0.414607026981841,0.032772033003757084,-0.07904360242594836,,
425,1,0.2,0.05,0.39130588978056946,0.40189275975314986,0.030660082282940593,-0.07628921282824949,,
425,1,0.2,0.06,0.09162906680050988,0.08643762390405761,0.006863536572625728,-0.07940450306968162,,
425,1,0.2,0.07,0.07113156890856046,0.05214294846648753,0.00506485651061328,-0.09713406432834312,,
425,1,0.2,0.08,0.38923160805155577,0.27753021340222933,0.026207816763627045,-0.09443230141448997,,
425,1,0.2,0.09,0.5025756640612362,0.4243317767350667,0.032105031271971285,-0.07566020984569391,,
425,1,0.2,0.1,0.1539453722453395,0.08509373924336157,0.009377627131956334,-0.11020349105986563,,
425,1,0.30000000000000004,0.0,0.19429464738451693,0.18559418755207924,0.02772335243423041,-0.1493761889846416,,
425,1,0.30000000000000004,0.01,0.5061349706353435,0.46929340614573684,0.06956273331249219,-0.14822866122028958,,
425,1,0.30000000000000004,0.02,0.422364237113801,0.4047890811421653,0.05575617942741684,-0.13774131275995266,,
425,1,0.30000000000000004,0.03,0.24795116085385724,0.2031186680279393,0.03144889679936713,-0.1548301645767059,,
425,1,0.30000000000000004,0.04,0.3860184015849582,0.40044734560933304,0.04697150974375863,-0.1172975929514162,,
425,1,0.30000000000000004,0.05,0.37381166510072555,0.385976618061971,0.043934029781937056,-0.11382562498872191,,
425,1,0.30000000000000004,0.06,0.07287356595135167,0.06930075275368347,0.008187964843738404,-0.11815116746048906,,
425,1,0.30000000000000004,0.07,0.05329273745372879,0.039563969992200715,0.00569198892424061,-0.14386799214949048,,
425,1,0.30000000000000004,0.08,0.3742828266970972,0.27026877798132676,0.03780192385564418,-0.13986789054211793,,
425,1,0.30000000000000004,0.09,0.48985321453105,0.41779551877993587,0.04693846288967585,-0.11234793285181117,,
425,1,0.30000000000000004,0.1,0.1388685349988334,0.0785667612453262,0.012688825808008453,-0.16150374034621784,,
425,1,0.4,0.0,0.17057303802022708,0.16557583591701136,0.03245144432245417,-0.1959914267847588,,
425,1,0.4,0.01,0.48691002887156526,0.4596126105471185,0.08922729956939635,-0.19413588209248875,,
425,1,0.4,0.02,0.40263504581317244,0.3915130589966462,0.07086897953776239,-0.181013066893305,,
425,1,0.4,0.03,0.22724996212795057,0.18981632496084813,0.03843101241933322,-0.202464210742991,,
425,1,0.4,0.04,0.36748067708471377,0.3854716965031992,0.05962106861039085,-0.15467041848011798,,
425,1,0.4,0.05,0.3558010258098776,0.3695026298683697,0.05575632267535169,-0.1508956044378199,,
425,1,0.4,0.06,0.05404928124317357,0.051842776248183176,0.008097195169395555,-0.1561875299778013,,
425,1,0.4,0.07,0.03541568612376335,0.026643186407161082,0.00504348128950638,-0.18929722640647842,,
425,1,0.4,0.08,0.35894874327066373,0.26263666547553177,0.04833761028947947,-0.18404745659544167,,
425,1,0.4,0.09,0.47668225212681375,0.41083259647640336,0.06090186893514349,-0.14824010912834532,,
425,1,0.4,0.1,0.1236818963535104,0.07162584173643716,0.015068237389144423,-0.21037431496569736,,
425,1,0.5,0.0,0.146571627272644,0.14464655090416978,0.034856483305451214,-0.24097694060153627,,
425,1,0.5,0.01,0.46679815196840335,0.4487023071028348,0.10692719412828078,-0.23830319665322094,,
425,1,0.5,0.02,0.38222982689593393,0.37724074713109895,0.0840967461187534,-0.222925934587676,,
425,1,0.5,0.03,0.20621895314773112,0.17567619972167234,0.04359298388496624,-0.24814393727796688,,
425,1,0.5,0.04,0.3484155049349657,0.3696776644932759,0.07065985376920536,-0.19113909374552057,,
425,1,0.5,0.05,0.3373113062524189,0.35255617315388554,0.06607357999687125,-0.1874129146734047,,
425,1,0.5,0.06,0.035195602220039424,0.03406767095401563,0.006590875348505776,-0.19346421883087064,,
425,1,0.5,0.07,0.017534198242530705,0.01337473846250724,0.0031212652655401296,-0.2333701906986684,,
425,1,0.5,0.08,0.3432525799969066,0.25461747676175284,0.05777987022452713,-0.22692813925963187,,
425,1,0.5,0.09,0.46307855060579783,0.4034306608604792,0.0739547913464369,-0.18331475150822293,,
425,1,0.5,0.1,0.10840624555903966,0.0642638690020067,0.016508994957117773,-0.25689388475197883,,
425,1,0.6,0.0,0.12237158100152543,0.12282607093221545,0.0349217079699089,-0.28431836746761435,,
425,1,0.6,0.01,0.44585328407643504,0.4365377731236675,0.12255534549519664,-0.2807439654494177,,
425,1,0.6,0.02,0.3612025157465589,0.36196272481687297,0.09536447695107864,-0.26346491064605115,,
425,1,0.6,0.03,0.18491350882264238,0.16069775998165353,0.046907026655944595,-0.29189595835872173,,
425,1,0.6,0.04,0.3288662992080902,0.3530656671243124,0.08003424973639173,-0.22668375089615306,,
425,1,0.6,0.05,0.31838190576457553,0.33512700394512845,0.07483875670986162,-0.22331461156175655,,
425,1,0.6,0.06,0.016351994182540637,0.01598081997732437,0.003674571204077992,-0.2299363367644428,,
425,1,0.6,0.07,-0.00031796463530423295,-0.0002460522887122303,-6.792111904641018e-05,-0.27604343532787506,,
425,1,0.6,0.08,0.32721871406782355,0.24619537834330008,0.06609705832613133,-0.2684740013029984,,
425,1,0.6,0.09,0.44905909873200367,0.39557798181343706,0.0860590201955993,-0.21755260442222124,,
425,1,0.6,0.1,0.0930625982740763,0.056474558300346464,0.017006805735371833,-0.3011410137096636,,
425,1,0.7000000000000001,0.0,0.09805512088463347,0.10013914780143336,0.03264615019167483,-0.3260078691343481,,
425,1,0.7000000000000001,0.01,0.42413417431414013,0.4230993738993288,0.13601610846770074,-0.3214755607274051,,
425,1,0.7000000000000001,0.02,0.33961037254360343,0.34567355996076826,0.10460768725308989,-0.3026198684821662,,
425,1,0.7000000000000001,0.03,0.16339030335583643,0.14488391054641317,0.04835510535478016,-0.3337506916566124,,
425,1,0.7000000000000001,0.04,0.30887868281097114,0.33563904940409256,0.08769831178865184,-0.26128757051467955,,
425,1,0.7000000000000001,0.05,0.2990541052055089,0.3172068764393902,0.08201149789050732,-0.25854262307008197,,
425,1,0.7000000000000001,0.06,-0.0024421838664665067,-0.002410975411403296,-0.0006402669594324228,-0.26556345469311887,,
425,1,0.7000000000000001,0.07,-0.018107203221595078,-0.014222617344442839,-0.004512572355226063,-0.31728142900429274,,
425,1,0.7000000000000001,0.08,0.3108725950972534,0.23735518686543114,0.0732610647288956,-0.30865584062601953,,
425,1,0.7000000000000001,0.09,0.4346420555701602,0.387263509037858,0.0971787777327151,-0.2509370892552005,,
425,1,0.7000000000000001,0.1,0.07767213306951855,0.04825251488266469,0.016559972030733894,-0.34319396763055077,,
425,1,0.8,0.0,0.0737049082889582,0.07661556276345566,0.028044651785437358,-0.3660438006834584,,
425,1,0.8,0.01,0.40170401819198154,0.4083729281607581,0.14722623336600305,-0.36051908246975345,,
425,1,0.8,0.02,0.3175136400665775,0.32837200896066676,0.1117730207284533,-0.34038534856313457,,
425,1,0.8,0.03,0.14170697817511593,0.1282411197560111,0.04792909611212859,-0.37374202754403185,,
425,1,0.8,0.04,0.28850025401180523,0.31740416500689944,0.09361413816372077,-0.2949367036871929,,
425,1,0.8,0.05,0.27937086980975157,0.29878960887015343,0.08755844549773495,-0.2930438104217529,,
425,1,0.8,0.06,-0.02114786041243434,-0.0210994883810256,-0.006336378550685806,-0.3003095826903557,,
425,1,0.8,0.07,-0.035800219878105013,-0.028557075608637038,-0.010196484037297004,-0.35705630986294323,,
425,1,0.8,0.08,0.29424065682381073,0.22808245828100615,0.07924747177702263,-0.34745097178576867,,
425,1,0.8,0.09,0.41984670027226845,0.3784769339793616,0.1072808924550932,-0.2834542420514938,,
425,1,0.8,0.1,0.06225612722839013,0.03959329537900669,0.015169400399956512,-0.3831305339640835,,
425,1,0.9,0.0,0.04940342502897955,0.0522900997569877,0.021147703994530476,-0.404430362397701,,
425,1,0.9,0.01,0.3786300554716166,0.3923500435754831,0.1561157187368647,-0.3978990732718755,,
425,1,0.9,0.02,0.2949751744447247,0.31006119470796817,0.11681875955237864,-0.3767603348829403,,
425,1,0.9,0.03,0.11992180213237039,0.11077952436309757,0.04563086173423381,-0.41190700173681355,,
425,1,0.9,0.04,0.2677803376883394,0.29837044261168294,0.09775217986451246,-0.32762018586315855,,
425,1,0.9,0.05,0.25937663982549075,0.2798711481489811,0.09145349449510598,-0.3267699979078351,,
425,1,0.9,0.06,-0.03972643045107139,-0.04007506391917594,-0.013390806871633187,-0.33414311948796865,,
425,1,0.9,0.07,-0.053364155981548006,-0.043250169154742946,-0.017098850573897484,-0.3953475999763199,,
425,1,0.9,0.08,0.2773502235371672,0.2183635811409115,0.08403569133015099,-0.384842980185062,,
425,1,0.9,0.09,0.4046933765669996,0.36920875236474493,0.1163349620306533,-0.3150926441627929,,
425,1,0.9,0.1,0.04683589214646586,0.03049346701366782,0.012838598974508564,-0.42102785389257413,,
425,1,1.0,0.0,0.02523235827308373,0.02720247374080463,0.012001112238003486,-0.44117723823041183,,
425,1,1.0,0.01,0.35498312843164975,0.37502841680634724,0.16262853537879773,-0.43364323366134133,,
425,1,1.0,0.02,0.2720600523782959,0.29074875966021746,0.11971522651549349,-0.41174802140307765,,
425,1,1.0,0.03,0.0980933271032796,0.09251301064102656,0.04147223872844141,-0.44828547294135734,,
425,1,1.0,0.04,0.2467697233220289,0.2785504361179317,0.100091484550072,-0.3593298432593214,,
425,1,1.0,0.05,0.2391171105248006,0.26044963204015054,0.09367799559649548,-0.3596779725227418,,
425,1,1.0,0.06,-0.058139931057980175,-0.059326621518693445,-0.021775052233979797,-0.36703678174423965,,
425,1,1.0,0.07,-0.07076672638372684,-0.05830120135915976,-0.02519439120766198,-0.43214188765089084,,
425,1,1.0,0.08,0.2602294117422779,0.2081858733963735,0.08760908156442326,-0.42082145217231326,,
425,1,1.0,0.09,0.3892034321933637,0.35945032699532914,0.12431350396827012,-0.3458433464434865,,
425,1,1.0,0.1,0.03143270863878091,0.02095066409862897,0.009573662951431583,-0.4569622665115466,,
431,1,0.1,0.0,0.18261449249434608,0.15379973863677326,0.00868323463592291,-0.05645805846543072,,
431,1,0.1,0.01,0.43965478144214964,0.4147200726277103,0.020160371735272298,-0.04861199895036198,,
431,1,0.1,0.02,0.5520058816263876,0.5280004551656111,0.024365079545842105,-0.046145944207945475,,
431,1,0.1,0.03,0.39347394630788707,0.32892919589171654,0.01668797343556605,-0.050734242031405835,,
431,1,0.1,0.04,0.4535229161640531,0.43407739441783283,0.018375157659877628,-0.042331524046585405,,
431,1,0.1,0.05,0.015826945190569923,0.013603397705664317,0.0006137477026144644,-0.045117235847549036,,
431,1,0.1,0.06,0.2993047083229539,0.29088585437383385,0.011229743375319456,-0.038605326475887956,,
431,1,0.1,0.07,0.2610468872482698,0.21532659800195345,0.009307963793148355,-0.04322719013590654,,
431,1,0.1,0.08,0.4060654575591539,0.2941066621778785,0.01374307054912105,-0.04672818509908188,,
431,1,0.1,0.09,0.3312378018677775,0.18550146815497673,0.010595265845926294,-0.05711688404037054,,
431,1,0.1,0.1,0.6365786879625193,0.44987573809103715,0.019357488310353554,-0.04302852248154881,,
431,1,0.2,0.0,0.1592450221311252,0.13669469417027394,0.015144054262945295,-0.11078743293489564,,
431,1,0.2,0.01,0.4202519272145475,0.40436379939455563,0.03854130755643648,-0.09531344698547067,,
431,1,0.2,0.02,0.5355962411643613,0.518900550802769,0.04728154338491697,-0.09111869954998064,,
431,1,0.2,0.03,0.37485702713483965,0.31876464154634926,0.03179678944265629,-0.09975005160047826,,
431,1,0.2,0.04,0.43669438565929986,0.424213564624994,0.03538664927251611,-0.08341706212010927,,
431,1,0.2,0.05,-0.003572572619647215,-0.0031066790203880157,-0.0002770791471544687,-0.08918821202193661,,
431,1,0.2,0.06,0.28180937310254545,0.2758477930447299,0.021146656585746326,-0.07666059732555956,,
431,1,0.2,0.07,0.24410678346557385,0.20374816212688857,0.017407885044026905,-0.08543824328184992,,
431,1,0.2,0.08,0.3914736420135633,0.28779594324099245,0.026498436545935533,-0.09207369724369766,,
431,1,0.2,0.09,0.31666481072979685,0.18142247997520788,0.02025824247602892,-0.11166335328894904,,
431,1,0.2,0.1,0.6269474079669791,0.45100805848355846,0.03812922848476452,-0.08454223326511698,,
431,1,0.30000000000000004,0.0,0.13556923010352478,0.11865297517323542,0.019338762520780373,-0.1629859048417913,,
431,1,0.30000000000000004,0.01,0.4000498533927793,0.39266240179719397,0.05503286281057429,-0.14015312532774193,,
431,1,0.30000000000000004,0.02,0.5182607707784996,0.508791067524318,0.06862679543360839,-0.13488207599149393,,
431,1,0.30000000000000004,0.03,0.3556246869927379,0.3077132529099948,0.04524814452331638,-0.14704645996040777,,
431,1,0.30000000000000004,0.04,0.419212643270478,0.41338400898965255,0.05095507727545101,-0.12326330038742855,,
431,1,0.30000000000000004,0.05,-0.02294247411649988,-0.02019423253064809,-0.002669035106600992,-0.13216818725595486,,
431,1,0.30000000000000004,0.06,0.26394557116155953,0.26035164115833775,0.02970926564240539,-0.11411207361791564,,
431,1,0.30000000000000004,0.07,0.2268786131091418,0.19169559995437926,0.024268949595838585,-0.12660149529574094,,
431,1,0.30000000000000004,0.08,0.37646827426515544,0.2810087383651483,0.03822410862400072,-0.13602462630301396,,
431,1,0.30000000000000004,0.09,0.3017899347036819,0.17690212200765268,0.028959960817696473,-0.16370612454520858,,
431,1,0.30000000000000004,0.1,0.61681282811337,0.45168127059181934,0.056269306539761255,-0.12457746247931402,,
431,1,0.4,0.0,0.11166649168778774,0.09968503854345655,0.021238760079798524,-0.21305865343613958,,
431,1,0.4,0.01,0.3791035148864202,0.3796001196765208,0.06953517267514786,-0.18318005993887146,,
431,1,0.4,0.02,0.5000367965223241,0.4976449638750615,0.08828482977187235,-0.17740525109390456,,
431,1,0.4,0.03,0.3358231619771534,0.295760823865676,0.05697157902025185,-0.19262719881429027,,
431,1,0.4,0.04,0.40111366530527415,0.4015777390048348,0.06500687464136568,-0.16187868083141688,,
431,1,0.4,0.05,-0.0422394539703179,-0.037651045925009514,-0.006551957442657574,-0.17401793978598268,,
431,1,0.4,0.06,0.2457486620272739,0.24439345150711803,0.036881403234280574,-0.15090994871933544,,
431,1,0.4,0.07,0.20939369756002602,0.1791642953738832,0.02986481050890366,-0.1666895206245265,,
431,1,0.4,0.08,0.36107163225153294,0.27373151980807553,0.048881113356914696,-0.17857319972207536,,
431,1,0.4,0.09,0.286634018367157,0.17192580391111034,0.03667411881085281,-0.21331363865434758,,
431,1,0.4,0.1,0.6061824309886764,0.4518753023858929,0.0737327186328669,-0.1631704991256649,,
431,1,0.5,0.0,0.0876175419435401,0.07980631050137484,0.020830867926381336,-0.26101780417505305,,
431,1,0.5,0.01,0.3574722351029978,0.36516755206324786,0.08195945374545377,-0.2244434185961249,,
431,1,0.5,0.02,0.4809663638603553,0.4854385433945457,0.10614727219757758,-0.21866263740682243,,
431,1,0.5,0.03,0.3155015674548117,0.28289624600240915,0.0669050876934747,-0.23650044367469242,,
431,1,0.5,0.04,0.38243626136453573,0.38878703159607003,0.0774748788535915,-0.19927331046906926,,
431,1,0.5,0.05,-0.061420574913035285,-0.05546732098186287,-0.01190903749657124,-0.21470367210389246,,
431,1,0.5,0.06,0.22725534855752552,0.22797085064623632,0.04263246073322913,-0.18700838555621263,,
431,1,0.5,0.07,0.19168429467041984,0.16615088681793772,0.03417375501609765,-0.20567904072365287,,
431,1,0.5,0.08,0.34530725647202365,0.2659515510695638,0.05843370691198402,-0.21971560863993517,,
431,1,0.5,0.09,0.27121872564626337,0.16647957804888547,0.04337721244996362,-0.2605557567981475,,
431,1,0.5,0.1,0.5950648980412117,0.4515704857983191,0.090475553341276,-0.2003575436984699,,
431,1,0.6,0.0,0.06350387332239893,0.059037287640804625,0.01811747878768344,-0.30688196412264096,,
431,1,0.6,0.01,0.3352193384357949,0.34936195169695267,0.09222890450843768,-0.2639924126266614,,
431,1,0.6,0.02,0.46109603475205285,0.47215174888404454,0.1221143680415715,-0.2586337302153285,,
431,1,0.6,0.03,0.2947116310455721,0.26911171357190405,0.07499566234851773,-0.27867855082599224,,
431,1,0.6,0.04,0.3632218944102988,0.3750075850039037,0.088298862140334,-0.23545886982369926,,
431,1,0.6,0.05,-0.08044347866102426,-0.0736316678766471,-0.018716941124407138,-0.25419689196451534,,
431,1,0.6,0.06,0.2085035146253775,0.21108308936210327,0.0469376036591187,-0.22236553293286046,,
431,1,0.6,0.07,0.1737834680665775,0.15265333044782808,0.037178843517250426,-0.2435508181065001,,
431,1,0.6,0.08,0.3291998718173157,0.25765697594159565,0.06684957283008353,-0.25945182576867876,,
431,1,0.6,0.09,0.2555664721099573,0.16055023509341093,0.04904865383193302,-0.3055034693869844,,
431,1,0.6,0.1,0.5834700998997302,0.45074764087373964,0.10645517217423572,-0.23617466298410472,,
431,1,0.7000000000000001,0.0,0.039407126003697696,0.03740359674139341,0.013116534275046998,-0.3506757482638383,,
431,1,0.7000000000000001,0.01,0.31241174315622555,0.3321874691754599,0.1002794919933303,-0.3018762033445733,,
431,1,0.7000000000000001,0.02,0.4404766442675401,0.4577684461725833,0.13609590373983838,-0.29730293749545345,,
431,1,0.7000000000000001,0.03,0.27350740337218954,0.25440291448118163,0.08119975991584427,-0.3191777896154986,,
431,1,0.7000000000000001,0.04,0.3435144803546086,0.3602386576512034,0.0974260121594055,-0.27044852097394007,,
431,1,0.7000000000000001,0.05,-0.09926659241428012,-0.09213110223988316,-0.02694597701257717,-0.29247427152686745,,
431,1,0.7000000000000001,0.06,0.1895320548021733,0.1937310899292915,0.04977794850357564,-0.25694352167090856,,
431,1,0.7000000000000001,0.07,0.15572495151142596,0.1386709606133616,0.03886801937943507,-0.2802895372435313,,
431,1,0.7000000000000001,0.08,0.3127753029987225,0.24883690854365675,0.07410000241538839,-0.2977854163559022,,
431,1,0.7000000000000001,0.09,0.23970035359925598,0.15412540096106195,0.053670875389165484,-0.34822861808953104,,
431,1,0.7000000000000001,0.1,0.5714090819094563,0.449388161369684,0.12163038730100229,-0.27065774703607387,,
431,1,0.8,0.0,0.015408478100558344,0.014936010219976944,0.005861328042571223,-0.39242930047889796,,
431,1,0.8,0.01,0.28911951878035763,0.3136553420066345,0.10606061338244777,-0.33814381321840953,,
431,1,0.8,0.02,0.4191630186380311,0.44227669385957946,0.14801205033106246,-0.3346593939631273,,
431,1,0.8,0.03,0.25194494909361137,0.23876920463698417,0.08548369023466296,-0.3580180717384773,,
431,1,0.8,0.04,0.3233601686578412,0.3444831881202093,0.10481135780778272,-0.30425681549140865,,
431,1,0.8,0.05,-0.11784932935966075,-0.11095105015452024,-0.03656031117981906,-0.32951748657540364,,
431,1,0.8,0.06,0.17038069722751906,0.17591748940573498,0.05114069916757957,-0.2907084414422775,,
431,1,0.8,0.07,0.13754300919182325,0.12420454693042413,0.03923418855680372,-0.31588367355650515,,
431,1,0.8,0.08,0.2960603840205333,0.2394815237372852,0.08016005633872636,-0.33472334352884414,,
431,1,0.8,0.09,0.223644071540606,0.14719363439284255,0.05722941957654837,-0.3888036314383661,,
431,1,0.8,0.1,0.5588940448847408,0.447474101395379,0.13596163547617324,-0.3038424683176028,,
431,1,0.9,0.0,-0.008411957128726243,-0.008329585468763655,-0.003599862028939693,-0.4321778127422245,,
431,1,0.9,0.01,0.2654154124818166,0.2937840243947089,0.10953562306582842,-0.37284404178037794,,
431,1,0.9,0.02,0.3972136571349591,0.42566899543258885,0.15779411791493736,-0.37069676111735145,,
431,1,0.9,0.03,0.2300820209789613,0.22221376297926346,0.08782391874008466,-0.3952226791113754,,
431,1,0.9,0.04,0.30280710563618707,0.3277478944729951,0.1104181353897693,-0.3368996025659205,,
431,1,0.9,0.05,-0.13615228166241294,-0.13007536164921268,-0.04751822550900797,-0.3653130378153793,,
431,1,0.9,0.06,0.15108982092354614,0.15764667821452266,0.05101924164812233,-0.3236302992613412,,
431,1,0.9,0.07,0.1192722928335167,0.10925634730511541,0.03827526830258221,-0.3503253517682826,,
431,1,0.9,0.08,0.27908286218823547,0.22958214726687606,0.08500870619339329,-0.37027576928521166,,
431,1,0.9,0.09,0.20742185532008023,0.13974452444271138,0.05971301337834323,-0.4273012743538494,,
431,1,0.9,0.1,0.545938321106327,0.44498826264972063,0.1494111471518631,-0.3357642429986392,,
431,1,1.0,0.0,-0.03197572005579169,-0.03235227066380658,-0.01520430695858499,-0.4699610459056429,,
431,1,1.0,0.01,0.2413743495534319,0.2725992542337263,0.11068221749789031,-0.4060253862726694,,
431,1,1.0,0.02,0.374690380634125,0.4079425301214498,0.16538521115598015,-0.4054130151782478,,
431,1,1.0,0.03,0.20797771998078143,0.20474372459392995,0.08820728027347169,-0.4308179918501237,,
431,1,1.0,0.04,0.2819051823644957,0.31004335127435456,0.11421809100403602,-0.3683939376044399,,
431,1,1.0,0.05,-0.15413740450931457,-0.14948633319744492,-0.05977241771261965,-0.3998520562657116,,
431,1,1.0,0.06,0.1317002688629711,0.13892483325877475,0.04941319600612237,-0.3556829606847942,,
431,1,1.0,0.07,0.10094769657279319,0.09383015621996992,0.03599420451268043,-0.3836101948748516,,
431,1,1.0,0.08,0.2618712971860456,0.21913134492428912,0.08862895488945632,-0.40445585235685033,,
431,1,1.0,0.09,0.19105838211346726,0.1317687870822108,0.06111362710324997,-0.4637944118368568,,
431,1,1.0,0.1,0.5325563456179058,0.441415431213649,0.1619431097811146,-0.3668723346074702,,
437,1,0.1,0.0,0.5028960349069362,0.5173733967034704,0.023898989944101112,-0.04619292390443237,,
437,1,0.1,0.01,0.45965376350132814,0.4510404536298835,0.021082534246787743,-0.04674200302238905,,
437,1,0.1,0.02,0.3964309318490906,0.36868102248876383,0.01753471193997025,-0.047560657778377105,,
437,1,0.1,0.03,-0.19481242923564163,-0.12485035955783053,-0.008260076489728596,-0.0661598133876622,,
437,1,0.1,0.04,0.3741330510726086,0.30769751212636726,0.015231993769361685,-0.04950314243394372,,
437,1,0.1,0.05,0.1399216700335895,0.09507581029359503,0.0054858212188750866,-0.057699442181295295,,
437,1,0.1,0.06,0.07571776786012648,0.05381944723818429,0.0028589246430708037,-0.05312066157830081,,
437,1,0.1,0.07,0.23435714017275647,0.1488965261461043,0.008339774835998126,-0.05601054001632479,,
437,1,0.1,0.08,0.1806732507091479,0.1138748830645742,0.006154472282697165,-0.0540459152806084,,
437,1,0.1,0.09,0.25577159535485355,0.1606915416570764,0.008236035493995875,-0.05125369642399708,,
437,1,0.1,0.1,0.5756635354970562,0.37132501902914383,0.01760972162454677,-0.04742401056246806,,
437,1,0.2,0.0,0.4840236248054045,0.5082556810997725,0.04600424317949692,-0.09051397729574244,,
437,1,0.2,0.01,0.4406150308345321,0.4405867795371103,0.040418602934778836,-0.09173812018881608,,
437,1,0.2,0.02,0.37703169448435997,0.3542158837606187,0.033353311378531814,-0.09416097049186024,,
437,1,0.2,0.03,-0.2148423775868985,-0.1414983964379851,-0.01821869866379411,-0.1287555132950137,,
437,1,0.2,0.04,0.35601624335280074,0.298515176560932,0.02898881659877195,-0.097110026139173,,
437,1,0.2,0.05,0.12049847167359513,0.08357569486509484,0.00944861610914649,-0.11305459229980844,,
437,1,0.2,0.06,0.0568473887773661,0.0411370921221526,0.004292847115357823,-0.10435465644024206,,
437,1,0.2,0.07,0.21725411753700444,0.14092488600810796,0.01546230186216202,-0.10972016582842872,,
437,1,0.2,0.08,0.16399518115174255,0.10508676744944845,0.011172697595607017,-0.10631878653020321,,
437,1,0.2,0.09,0.24046354319562105,0.15395360590964857,0.015486209670964257,-0.1005901068666928,,
437,1,0.2,0.1,0.5648987081109081,0.3706301017076061,0.034560844599301754,-0.09324888734096175,,
437,1,0.30000000000000004,0.0,0.4641722806476666,0.4974705905200411,0.06617619486450277,-0.1330253408454239,,
437,1,0.30000000000000004,0.01,0.4207396098653267,0.428745940237381,0.05789307912807007,-0.13502886836903175,,
437,1,0.30000000000000004,0.02,0.35696144834669125,0.339017659893039,0.04736675925795186,-0.13971767509956917,,
437,1,0.30000000000000004,0.03,-0.23446071923018566,-0.15870807695746206,-0.029823509962019323,-0.18791425448380178,,
437,1,0.30000000000000004,0.04,0.33735766265080913,0.28842479797088555,0.04120429724782282,-0.1428597594163249,,
437,1,0.30000000000000004,0.05,0.10091724054146856,0.07146850773777101,0.011869796995271908,-0.16608429881905504,,
437,1,0.30000000000000004,0.06,0.037918422180553066,0.027944819609565442,0.004295131037087785,-0.15370043883259035,,
437,1,0.30000000000000004,0.07,0.19989966964714886,0.13241774981284898,0.021340739609026382,-0.16116222816947168,,
437,1,0.30000000000000004,0.08,0.14714547104746964,0.09590834349661065,0.015037135594752726,-0.15678652186589095,,
437,1,0.30000000000000004,0.09,0.22492308587589505,0.14677796590959163,0.021728071674137928,-0.14803360667582358,,
437,1,0.30000000000000004,0.1,0.5536638989619833,0.36956124870599355,0.05081023827154452,-0.1374880035432689,,
437,1,0.4,0.0,0.4433961644609179,0.48499130323210565,0.084285575865918,-0.17378780877969863,,
437,1,0.4,0.01,0.4000804769699184,0.415501841967524,0.07340055517387367,-0.1766551859946044,,
437,1,0.4,0.02,0.3362727720814742,0.32307019688665095,0.05949531903780425,-0.18415601194770115,,
437,1,0.4,0.03,-0.2536190465962403,-0.17645753266446107,-0.04301394387116886,-0.2437637159585648,,
437,1,0.4,0.04,0.31819908043820283,0.2774148855237518,0.05181906700577166,-0.186792669427016,,
437,1,0.4,0.05,0.08122264917556934,0.058749877988331756,0.012737781994557995,-0.21681376082326215,,
437,1,0.4,0.06,0.01897107872655951,0.014243293673620294,0.002865213067410499,-0.20116225453647005,,
437,1,0.4,0.07,0.18232559979470833,0.12336474303304715,0.025952773583178157,-0.2103743172084903,,
437,1,0.4,0.08,0.13015281534396572,0.08632887528599706,0.01773415580680382,-0.2054255398098576,,
437,1,0.4,0.09,0.20917321573310133,0.13915556829255205,0.02694213212817398,-0.19361159929678495,,
437,1,0.4,0.1,0.5419693272478007,0.36810056579039824,0.06631602242192369,-0.1801573498794484,,
437,1,0.5,0.0,0.42175521005927,0.4707996525325528,0.10021478421423646,-0.21286078627109278,,
437,1,0.5,0.01,0.3786951993008614,0.400844922439692,0.08684639550799034,-0.21665834003686693,,
437,1,0.5,0.02,0.3150216410488006,0.3063603021593931,0.06966930790292336,-0.22740971141448943,,
437,1,0.5,0.03,-0.2722714226982127,-0.19472196462348054,-0.0577217476902907,-0.2964316213730843,,
437,1,0.5,0.04,0.29858461096866884,0.26547716104068975,0.06078103659731737,-0.2289501528457337,,
437,1,0.5,0.05,0.061459836335467685,0.04541751014185136,0.012048086411374337,-0.2652740402048649,,
437,1,0.5,0.06,4.561010522021241e-05,3.489628271292418e-05,8.610650939155917e-06,-0.24674980455631387,,
437,1,0.5,0.07,0.1645644979628683,0.11375678770302244,0.0292807562423254,-0.2573978822148775,,
437,1,0.5,0.08,0.11304637488045571,0.07633845881503681,0.019254116979972258,-0.2522204047454475,,
437,1,0.5,0.09,0.19323754800899753,0.1310781677852241,0.031111963429066414,-0.23735427458861333,,
437,1,0.5,0.1,0.5298263669969254,0.3662303035861379,0.08103774389761154,-0.22127536444714588,,
437,1,0.6,0.0,0.3993147497539387,0.45488657188208387,0.1138591501203623,-0.25030228887450423,,
437,1,0.6,0.01,0.35664558518078254,0.3847724483666925,0.09814769324978379,-0.25507983657979566,,
437,1,0.6,0.02,0.29326709490830843,0.2888779350965671,0.07782975975214734,-0.2694209224603123,,
437,1,0.6,0.03,-0.2903746222449332,-0.213473696740796,-0.07387156763549185,-0.34604529159013053,,
437,1,0.6,0.04,0.2785604887766913,0.2526067276295753,0.06804581873650273,-0.26937453081726986,,
437,1,0.6,0.05,0.04167417896873968,0.03147130340409969,0.0098033604892378,-0.31150157218975366,,
437,1,0.6,0.06,-0.018817879480661822,-0.014676204076835958,-0.0042631129441361715,-0.2904779002674686,,
437,1,0.6,0.07,0.14664960780781186,0.10358621361112977,0.03131181856895071,-0.3022778560716349,,
437,1,0.6,0.08,0.09585566627505474,0.06592811143304575,0.019591423929566476,-0.29716343307456683,,
437,1,0.6,0.09,0.17714024317834562,0.12253839950938457,0.03422428502761177,-0.2792943694763266,,
437,1,0.6,0.1,0.5172475265759278,0.36393292987075343,0.09493654948412855,-0.2608627625915692,,
437,1,0.7000000000000001,0.0,0.37614508414903763,0.4372524632138924,0.12512807562074202,-0.28616894391177544,,
437,1,0.7000000000000001,0.01,0.33399729259359845,0.3672887614110749,0.10723411713331932,-0.2919613350578439,,
437,1,0.7000000000000001,0.02,0.2710708768625509,0.2706163917416419,0.08392899119275965,-0.3101400866836139,,
437,1,0.7000000000000001,0.03,-0.3078883492307421,-0.23268225553122823,-0.09138158830236698,-0.3927312295204336,,
437,1,0.7000000000000001,0.04,0.2581748294735405,0.23880222071405602,0.07357709156865311,-0.30810890848772715,,
437,1,0.7000000000000001,0.05,0.021911062589738118,0.0169134622490116,0.0060133730849425415,-0.3555376774080632,,
437,1,0.7000000000000001,0.06,-0.03757962067877599,-0.029883991223448276,-0.00993242599068589,-0.3323661125590372,,
437,1,0.7000000000000001,0.07,0.12861468971115955,0.09284686716003437,0.03203795226386141,-0.3450622863627653,,
437,1,0.7000000000000001,0.08,0.07861044986580754,0.05508986311093625,0.01874456141411973,-0.3402542746634385,,
437,1,0.7000000000000001,0.09,0.16090592655814187,0.11352985074042744,0.03626903309345142,-0.319466931885397,,
437,1,0.7000000000000001,0.1,0.5042464234519372,0.3611912052773946,0.10797535399990865,-0.29894236742830893,,
437,1,0.8,0.0,0.35232099939003364,0.4179074810831417,0.1339460315780976,-0.32051599370974015,,
437,1,0.8,0.01,0.31081939961746796,0.3484054678248366,0.11404863673189247,-0.32734456621453273,,
437,1,0.8,0.02,0.24849704799536626,0.2515724807340661,0.08793106298154174,-0.3495257618200796,,
437,1,0.8,0.03,-0.3247754293260469,-0.25231447671875984,-0.11016421893585371,-0.436614737166458,,
437,1,0.8,0.04,0.2374773757641397,0.2240659393054496,0.07734689886677204,-0.3451970393471171,,
437,1,0.8,0.05,0.002215651884147299,0.0017485966276416546,0.0006949413978136754,-0.3974280785105642,,
437,1,0.8,0.06,-0.05620036382779277,-0.04558054850993645,-0.016975947351605236,-0.37243841740747197,,
437,1,0.8,0.07,0.11049388078084305,0.08153421677500909,0.031456061830710924,-0.38580197461775906,,
437,1,0.8,0.08,0.06134061636690494,0.0438168487579449,0.016716104758259576,-0.38149947410877194,,
437,1,0.8,0.09,0.14455960561396733,0.1040471315636438,0.03723941405402309,-0.35790908883676814,,
437,1,0.8,0.1,0.49083775426987497,0.3579882621389318,0.1201190026121346,-0.33553894168048887,,
437,1,0.9,0.0,0.32792123702014986,0.39445293755423483,0.14025339676235138,-0.3555643358418833,,
437,1,0.9,0.01,0.2871839411850637,0.3281415676244096,0.1185481155672008,-0.36127125382326086,,
437,1,0.9,0.02,0.22561158046813026,0.23174668748909316,0.08981213069928717,-0.38754439889680864,,
437,1,0.9,0.03,-0.3410019756865552,-0.2704795915887405,-0.13012681850095076,-0.48109662446846013,,
437,1,0.9,0.04,0.21651923077506785,0.20840395547678872,0.07933588353640242,-0.38068319459147004,,
437,1,0.9,0.05,-0.01736733664749619,-0.01401618994414457,-0.006128192544155531,-0.43722242410931766,,
437,1,0.9,0.06,-0.07464155993042637,-0.06175601550919189,-0.025364606089404496,-0.41072284020054983,,
437,1,0.9,0.07,0.092321552708379,0.0696454536944575,0.029567986082141395,-0.42455012515044416,,
437,1,0.9,0.08,0.04407607291461577,0.03210340071270953,0.013512707122752099,-0.42091201625884156,,
437,1,0.9,0.09,0.12812658539463573,0.09408594383952777,0.03713194161429856,-0.39465981951172746,,
437,1,0.9,0.1,0.47703726033278,0.35430768615782743,0.13133442639490744,-0.3706790214435374,,
437,1,1.0,0.0,0.30302792230508874,0.3693662284126283,0.14400712603135468,-0.3898762663014246,,
437,1,1.0,0.01,0.2631654170204605,0.3065235197926998,0.1207037635162973,-0.3937830401984441,,
437,1,1.0,0.02,0.20248193361126257,0.2111433235305168,0.08956067989854088,-0.4241700774668188,,
437,1,1.0,0.03,-0.35653752711145803,-0.2879713020047568,-0.1511724512113688,-0.5249566542185224,,
437,1,1.0,0.04,0.1953525809240731,0.19182620013942903,0.07953345172080839,-0.4146120376830664,,
437,1,1.0,0.05,-0.03679385821708399,-0.030371226146977157,-0.014425537379814446,-0.47497382259129556,,
437,1,1.0,0.06,-0.09286553645372073,-0.07839855517983725,-0.035063840121381085,-0.4472511010049698,,
437,1,1.0,0.07,0.07413216840592064,0.05717958693758415,0.02638048886216704,-0.46136200478263933,,
437,1,1.0,0.08,0.02684662918082434,0.01994514045170781,0.009145063507116413,-0.4585108602899492,,
437,1,1.0,0.09,0.11163238254168707,0.08364314786427791,0.03594645697920784,-0.4297597340255024,,
437,1,1.0,0.1,0.46286168859982746,0.35013360053962167,0.14159079018046117,-0.40439075245061645,,
443,1,0.1,0.0,0.5246352738658808,0.5043254234946122,0.024923793116871318,-0.04942006084913858,,
443,1,0.1,0.01,0.361066694824075,0.3201774333664384,0.01658898946840548,-0.05181186348451867,,
443,1,0.1,0.02,0.4408943001953062,0.3817091385141324,0.019593034175205082,-0.05132974874920284,,
443,1,0.1,0.03,0.2938238717507687,0.2622855407372536,0.012543002560250649,-0.0478219368288231,,
443,1,0.1,0.04,0.38145423590139343,0.33661785388307053,0.01556192912048071,-0.04623025469672916,,
443,1,0.1,0.05,0.18351994950736528,0.16370190966106626,0.007183057886991362,-0.04387888877938808,,
443,1,0.1,0.06,-0.017422866330106597,-0.011091687426221759,-0.000651423170147325,-0.05873075440327513,,
443,1,0.1,0.07,-0.01894353961617533,-0.011869287907154257,-0.000683183655404429,-0.057558942099014854,,
443,1,0.1,0.08,0.27656571060975976,0.1619549014577353,0.009462411064446341,-0.058426209884828384,,
443,1,0.1,0.09,0.530982545169345,0.3377569948397816,0.01716058166332557,-0.05080747971323543,,
443,1,0.1,0.1,0.5111081478393483,0.28203774745644633,0.01577913610443682,-0.055946894508769655,,
443,1,0.2,0.0,0.5062492602587028,0.49338068314145117,0.04810066138054858,-0.0974919834199472,,
443,1,0.2,0.01,0.3403467134415469,0.308384207736651,0.0312740450771245,-0.10141260250210805,,
443,1,0.2,0.02,0.4221385809018191,0.3735559384105332,0.03751908626905842,-0.10043766518262501,,
443,1,0.2,0.03,0.27380319968909256,0.2480895048623571,0.02337668627291256,-0.09422682465299052,,
443,1,0.2,0.04,0.3633994177351124,0.3255886921765035,0.029650717957577788,-0.09106802131046973,,
443,1,0.2,0.05,0.16433625924036505,0.14810648201343762,0.012864398298102042,-0.08685911732705164,,
443,1,0.2,0.06,-0.03607732648895985,-0.02347343855029566,-0.002697788750323782,-0.11492942308146847,,
443,1,0.2,0.07,-0.036936122923315357,-0.02364667711856211,-0.0026641436591576806,-0.11266461016065499,,
443,1,0.2,0.08,0.2604513557353051,0.1560163672801444,0.01782215000425169,-0.11423256620409626,,
443,1,0.2,0.09,0.5188271432723998,0.33615952634292773,0.033535473594283216,-0.0997605927135694,,
443,1,0.2,0.1,0.4992184541300733,0.2818016494265236,0.030824145405879744,-0.10938241656359352,,
443,1,0.30000000000000004,0.0,0.4868439342023946,0.4812701454665308,0.06938533168110705,-0.1441712774721289,,
443,1,0.30000000000000004,0.01,0.31897419774666047,0.2953310257255135,0.04396522595104457,-0.14886761674645968,,
443,1,0.30000000000000004,0.02,0.402627742688498,0.3641734248655972,0.053677485412400916,-0.1473953939176404,,
443,1,0.30000000000000004,0.03,0.2533289679313168,0.23307096381479364,0.03244296531539237,-0.13919779960738776,,
443,1,0.30000000000000004,0.04,0.3447895344386523,0.3137239015501353,0.04219843266706991,-0.1345081852500368,,
443,1,0.30000000000000004,0.05,0.14492707542936728,0.1320344949170022,0.017017543460468243,-0.12888710235280249,,
443,1,0.30000000000000004,0.06,-0.05465838669195491,-0.03635587881193522,-0.006130863692471511,-0.1686347268397984,,
443,1,0.30000000000000004,0.07,-0.054860511280960124,-0.035895006094824995,-0.005935501821784039,-0.1653573147781068,,
443,1,0.30000000000000004,0.08,0.24405533897944157,0.14957395609162663,0.025050306505510544,-0.16747772914534081,,
443,1,0.30000000000000004,0.09,0.5061842882696069,0.3341364715952513,0.04907741447191594,-0.14687835254142734,,
443,1,0.30000000000000004,0.1,0.4868973040876425,0.28118140370964334,0.045095067624497,-0.1603771338700036,,
443,1,0.4,0.0,0.466470573169544,0.46796541421105003,0.08864227504274336,-0.18942056902257767,,
443,1,0.4,0.01,0.2970113333229627,0.2810102652728843,0.05458401953015768,-0.19424208392227973,,
443,1,0.4,0.02,0.38241138608975855,0.35353972086323354,0.06797637758823494,-0.19227366424982703,,
443,1,0.4,0.03,0.23245430572933046,0.21722980316134913,0.03969282597130097,-0.1827227451926512,,
443,1,0.4,0.04,0.3256661911263375,0.30101501263224867,0.05314392874698681,-0.17654909727679588,,
443,1,0.4,0.05,0.12533617913276748,0.1154865262871048,0.01962287004680885,-0.16991480026012293,,
443,1,0.4,0.06,-0.07312762765124046,-0.049736886520827535,-0.010936669116862308,-0.21989050545579547,,
443,1,0.4,0.07,-0.07268224207273667,-0.048612872182058516,-0.010484908486657396,-0.21568173234839325,,
443,1,0.4,0.08,0.22740489471817085,0.14261387862753772,0.031121697438865947,-0.21822348384581813,,
443,1,0.4,0.09,0.4930683395005413,0.33166812089922587,0.06374099926694066,-0.19218307473785742,,
443,1,0.4,0.1,0.4741578102885808,0.28015728261267325,0.058553561747381355,-0.20900246176478515,,
443,1,0.5,0.0,0.4451864663611684,0.45344283219305426,0.10574713461654595,-0.2332094083505633,,
443,1,0.5,0.01,0.2745238092276937,0.26542054868770937,0.06306414639438951,-0.237600844042373,,
443,1,0.5,0.02,0.36154300134242184,0.34163831120898697,0.08033358990998929,-0.23514221700050386,,
443,1,0.5,0.03,0.21123439743249575,0.20056916270742425,0.04508676527917044,-0.22479410429079638,,
443,1,0.5,0.04,0.3060734071000423,0.28745636788400547,0.06243334348745,-0.21719241757289276,,
443,1,0.5,0.05,0.10560813349872022,0.09846496221537555,0.020667762232246423,-0.2098996614352948,,
443,1,0.5,0.06,-0.09144713398004244,-0.06361256823648631,-0.017095574513829703,-0.26874523365060715,,
443,1,0.5,0.07,-0.0903672801976009,-0.06179732684407626,-0.016295119619998966,-0.26368648050285326,,
443,1,0.5,0.08,0.21052810407316253,0.13512334561539677,0.036015011712166034,-0.2665343397777909,,
443,1,0.5,0.09,0.47949500497673225,0.3287350571863076,0.07748289717730406,-0.23570013445019142,,
443,1,0.5,0.1,0.4610141802374516,0.2787097327300588,0.0711630750438419,-0.25533042691683144,,
443,1,0.6,0.0,0.42305456999099234,0.4376838721393585,0.12058805541502315,-0.2755140481315883,,
443,1,0.6,0.01,0.25158038537354904,0.24856697161448504,0.06935224583013944,-0.2790082905210001,,
443,1,0.6,0.02,0.3400796593192163,0.32845835770642146,0.09067741249159078,-0.2760697371952366,,
443,1,0.6,0.03,0.18972616101255144,0.1830955466877982,0.04859514734076198,-0.26540867989336214,,
443,1,0.6,0.04,0.2860573940423931,0.273045263629763,0.07002053412710652,-0.25644295453537397,,
443,1,0.6,0.05,0.08578806047763414,0.08097404869478153,0.020146712313654946,-0.24880455699571963,,
443,1,0.6,0.06,-0.10957966597818378,-0.0779771930457531,-0.02458243048281139,-0.31525154372237607,,
443,1,0.6,0.07,-0.10788216143194106,-0.07544381657906664,-0.023344104922314868,-0.309423700719724,,
443,1,0.6,0.08,0.1934537908670892,0.12709068384133682,0.039712933764433966,-0.31247714280940203,,
443,1,0.6,0.09,0.46548130310988606,0.3253182520781579,0.09026206214240995,-0.27745772506094873,,
443,1,0.6,0.1,0.4474816838453624,0.27681946729781426,0.08288900605659588,-0.29943344254549964,,
443,1,0.7000000000000001,0.0,0.40014310310094836,0.4206755061325381,0.13306689601214927,-0.31631719477916354,,
443,1,0.7000000000000001,0.01,0.2282524292180014,0.23046127969164076,0.07340843226751259,-0.3185282680272093,,
443,1,0.7000000000000001,0.02,0.3180816692001107,0.31399497573684415,0.09894728756230986,-0.3151237924432158,,
443,1,0.7000000000000001,0.03,0.16798791163319954,0.16481891531129964,0.05019847281998824,-0.304567426166933,,
443,1,0.7000000000000001,0.04,0.26566631687857345,0.25778207885814614,0.07586745676675544,-0.2943084992673375,,
443,1,0.7000000000000001,0.05,0.06592141348106147,0.06301993720295959,0.01806136778091405,-0.28659767975880873,,
443,1,0.7000000000000001,0.06,-0.12748882664576158,-0.09282313568673646,-0.033366738759801784,-0.3594657572483793,,
443,1,0.7000000000000001,0.07,-0.12519413205821997,-0.08954613091726703,-0.0316051860187635,-0.3529486499864968,,
443,1,0.7000000000000001,0.08,0.17621141343596783,0.1185054521491453,0.04220224470891343,-0.35612070114546035,,
443,1,0.7000000000000001,0.09,0.45104551819730193,0.321399165983176,0.10203993452370952,-0.3174866188951184,,
443,1,0.7000000000000001,0.1,0.4335766162715647,0.2744675625993396,0.09369886056679388,-0.341384095371492,,
443,1,0.8,0.0,0.37652508788094946,0.40241054793022346,0.14310030394266837,-0.3556077361259463,,
443,1,0.8,0.01,0.2046134266356944,0.21112198885070596,0.07520671450924565,-0.3562239770411966,,
443,1,0.8,0.02,0.29561220607111366,0.29824946763306937,0.10509439661330888,-0.3523707768779809,,
443,1,0.8,0.03,0.14607901337106505,0.14575275579085267,0.04988755822444135,-0.34227523146133376,,
443,1,0.8,0.04,0.24495003922855654,0.2416703889957786,0.07994448171799351,-0.330799656715039,,
443,1,0.8,0.05,0.04605374777427022,0.04461072319564344,0.014420524289091796,-0.3232524213034965,,
443,1,0.8,0.06,-0.14513922275608301,-0.10814082966067733,-0.04341285793468308,-0.40144742805195127,,
443,1,0.8,0.07,-0.14227128385228452,-0.10409635843323223,-0.041047203524009146,-0.3943193032092181,,
443,1,0.8,0.08,0.158830952929447,0.10935855634694226,0.04347390030564746,-0.3975354261967909,,
443,1,0.8,0.09,0.43620714982996456,0.3169598517634452,0.11278063258213122,-0.3558199309933491,,
443,1,0.8,0.1,0.41931625625641455,0.2716355579646197,0.10356239956249036,-0.38125494445016395,,
443,1,0.9,0.0,0.3522778392929767,0.38288796236747424,0.15062063839796336,-0.39338044859557686,,
443,1,0.9,0.01,0.18073847221982345,0.19057444582665597,0.07473527161750804,-0.3921578850371485,,
443,1,0.9,0.02,0.27273691203657746,0.2812295086156812,0.10908213765532615,-0.38787586051076217,,
443,1,0.9,0.03,0.12405952233962037,0.1256012688787467,0.04766362267815749,-0.3794836079575846,,
443,1,0.9,0.04,0.22395985554728579,0.2247170629095969,0.08223064165644267,-0.36592967437245233,,
443,1,0.9,0.05,0.026230490416412244,0.02575647657177628,0.009240064549599802,-0.3587472270848173,,
443,1,0.9,0.06,-0.16249661887170458,-0.12391873143970752,-0.05468024292801987,-0.441258898414599,,
443,1,0.9,0.07,-0.15908268355878483,-0.11908485168401597,-0.051634711527296706,-0.4335959678927602,,
443,1,0.9,0.08,0.1413427987596338,0.09964236193062581,0.043523085125875216,-0.436792989272749,,
443,1,0.9,0.09,0.4209868564303027,0.3119830614374276,0.12245113243768468,-0.3924928868686158,,
443,1,0.9,0.1,0.4047188201043598,0.2683055588395315,0.11245177828029762,-0.419118331974452,,
443,1,1.0,0.0,0.3274824095516748,0.36211313608742,0.15557672599740302,-0.42963568700762145,,
443,1,1.0,0.01,0.15670374454104954,0.16885082614178132,0.07199658138277676,-0.4263916441979525,,
443,1,1.0,0.02,0.24952347477823766,0.2629492815166427,0.1108864860961063,-0.4217029438397154,,
443,1,1.0,0.03,0.10198982457149307,0.10480494584625469,0.043538281049024574,-0.4154220079736863,,
443,1,1.0,0.04,0.2027482121968164,0.20693234146657669,0.08271380969345565,-0.39971426944306543,,
443,1,1.0,0.05,0.0064967115643499804,0.006469263187659882,0.0025428437271850513,-0.393065431629915,,
443,1,1.0,0.06,-0.17952808325651318,-0.1401432968293754,-0.06712371598888067,-0.47896487029703505,,
443,1,1.0,0.07,-0.17559849603301994,-0.13421071478149907,-0.06332819780994003,-0.47185649754597553,,
443,1,1.0,0.08,0.12377763188091852,0.08935080347484134,0.0423492424588241,-0.47396599484131613,,
443,1,1.0,0.09,0.4054063931658765,0.30645235531342363,0.13102143526278276,-0.42754259509208475,,
443,1,1.0,0.1,0.3898034115016647,0.2644603423354949,0.12034167543718888,-0.4550462060754772,,
449,1,0.1,0.0,0.21806548219376887,0.20098787473651958,0.010363981653159104,-0.05156520843232721,,
449,1,0.1,0.01,0.24934837552449146,0.20310730942053642,0.01147708874246467,-0.056507512089095734,,
449,1,0.1,0.02,0.5100245853272581,0.48038497528339014,0.02268288175418176,-0.04721813320826824,,
449,1,0.1,0.03,0.1591803351952808,0.13499278777110607,0.006805690794753794,-0.05041521778403103,,
449,1,0.1,0.04,0.2689045506053564,0.2402637471188618,0.011076117447706979,-0.04609982812857518,,
449,1,0.1,0.05,-0.046825652639534726,-0.03493707967677322,-0.001840936678314864,-0.05269291810725528,,
449,1,0.1,0.06,0.0793885316661424,0.0544385792815043,0.002992971536629918,-0.05497886932634906,,
449,1,0.1,0.07,-0.0312256698748337,-0.018119884105980654,-0.001130682353385537,-0.06240008748247698,,
449,1,0.1,0.08,0.10986251648079166,0.062128101668665586,0.00376876429055506,-0.06066118534659563,,
449,1,0.1,0.09,0.4892895757808423,0.27858676492780127,0.01601382228268733,-0.05748235127694412,,
449,1,0.1,0.1,0.6094968081387508,0.3386085412891198,0.018916687045016367,-0.055865947660382304,,
449,1,0.2,0.0,0.19496513708380825,0.1824622989723715,0.018532186602066236,-0.10156720980958583,,
449,1,0.2,0.01,0.22725956715875975,0.18970152142107968,0.020920755664590285,-0.11028248749862458,,
449,1,0.2,0.02,0.49257598292423427,0.47304145145370297,0.04381374191383758,-0.09262135861285228,,
449,1,0.2,0.03,0.13807244268114383,0.11867547786739933,0.011806462789658578,-0.09948527700769313,,
449,1,0.2,0.04,0.24935589498874416,0.22611432675718868,0.020541825513594736,-0.09084707638031904,,
449,1,0.2,0.05,-0.06635881721618354,-0.050352500048382376,-0.005217754527983787,-0.10362453747023853,,
449,1,0.2,0.06,0.06055156346376258,0.04232786171035942,0.004565624332431684,-0.10786333511655473,,
449,1,0.2,0.07,-0.04926364401145532,-0.029296878673872578,-0.0035676757725612296,-0.12177665109911315,,
449,1,0.2,0.08,0.09279624177522508,0.053586645232040916,0.006366633015571388,-0.11881006896405981,,
449,1,0.2,0.09,0.47632334472524684,0.2773333476079812,0.031178908233850722,-0.11242394217201396,,
449,1,0.2,0.1,0.5991564008153698,0.3404207275367787,0.03719151265075227,-0.10925161026434307,,
449,1,0.30000000000000004,0.0,0.17148016154975604,0.1630304252826932,0.024449773943634456,-0.1499706199087611,,
449,1,0.30000000000000004,0.01,0.20474191514539317,0.17513644623402627,0.02827178389852847,-0.1614271872386303,,
449,1,0.30000000000000004,0.02,0.47425482875276553,0.4643911947848192,0.06327616262878477,-0.1362561636382974,,
449,1,0.30000000000000004,0.03,0.11675073190736317,0.10176410734961451,0.014974890845303346,-0.14715297205778588,,
449,1,0.30000000000000004,0.04,0.2294218818354239,0.21119769435087482,0.02834950582906748,-0.1342320801190605,,
449,1,0.30000000000000004,0.05,-0.0857648626353509,-0.06621025527167132,-0.010115460592817205,-0.15277785218183867,,
449,1,0.30000000000000004,0.06,0.04165029174427709,0.029689646866274944,0.004710685601562181,-0.15866425164231718,,
449,1,0.30000000000000004,0.07,-0.06721674705269257,-0.04097328245986442,-0.0073017607035272825,-0.17820785314624862,,
449,1,0.30000000000000004,0.08,0.07563900824955559,0.0446207411222043,0.007784245320298089,-0.17445351924969418,,
449,1,0.30000000000000004,0.09,0.46289411965157556,0.2756510748980167,0.04544979824660045,-0.1648816289340269,,
449,1,0.30000000000000004,0.1,0.588309199125383,0.3418814306667972,0.0547772893489491,-0.1602230610832323,,
449,1,0.4,0.0,0.1476886109903533,0.14270441622844254,0.028076741706869024,-0.19674753205901852,,
449,1,0.4,0.01,0.18186487005337243,0.15941459398927207,0.03348374335062543,-0.2100418946139821,,
449,1,0.4,0.02,0.45510405525422704,0.45440739911300926,0.08096136357471018,-0.17816911373526165,,
449,1,0.4,0.03,0.09527303626904526,0.08386084583351665,0.01629344039586389,-0.19429139110056404,,
449,1,0.4,0.04,0.20915108381270395,0.19551636160353356,0.034459542814127,-0.17624889564999052,,
449,1,0.4,0.05,-0.10499968285771424,-0.0825018064281194,-0.016512125853083703,-0.20014259769536166,,
449,1,0.4,0.06,0.022724746465470454,0.016523386917961368,0.003426919124001948,-0.20739810433639333,,
449,1,0.4,0.07,-0.0850502617769055,-0.05314928561991495,-0.012318689146133766,-0.23177525346677422,,
449,1,0.4,0.08,0.058420808831415504,0.03522008001116972,0.008016355903796457,-0.2276075438004157,,
449,1,0.4,0.09,0.4490187231807628,0.27351842041348773,0.05878323504555194,-0.2149150867304922,,
449,1,0.4,0.1,0.5769644412640548,0.34296764873051794,0.07162797655872377,-0.2088476182049592,,
449,1,0.5,0.0,0.12367042769951989,0.12150119776535831,0.029388375244488563,-0.24187724717943151,,
449,1,0.5,0.01,0.15869999459403808,0.14254463972127585,0.03652347679332557,-0.25622483500425985,,
449,1,0.5,0.02,0.43517111649533263,0.44306871828933153,0.09676920742913975,-0.2184067695023953,,
449,1,0.5,0.03,0.07369794050115795,0.06553833311929821,0.015754628065260956,-0.24038798845529222,,
449,1,0.5,0.04,0.1885936879646842,0.17907572779088282,0.038840656156442055,-0.21689514617971317,,
449,1,0.5,0.05,-0.12401999899079201,-0.09921679612344396,-0.02437904782067657,-0.2457149270406247,,
449,1,0.5,0.06,0.003815026104218664,0.002830287350591287,0.000719138161507038,-0.25408662528799414,,
449,1,0.5,0.07,-0.10272996757761481,-0.06582339464339323,-0.01859927456632282,-0.2825632841801429,,
449,1,0.5,0.08,0.04117182288231675,0.025375323280234684,0.007061866996422861,-0.27829663166985075,,
449,1,0.5,0.09,0.4347152961135441,0.27091413227717426,0.07113837939852408,-0.26258644685889576,,
449,1,0.5,0.1,0.565132635206379,0.3436562738767488,0.08769887763457174,-0.25519358818988025,,
449,1,0.6,0.0,0.09950684753158903,0.09944253202439074,0.028375526428287445,-0.2853459767227935,,
449,1,0.6,0.01,0.13532046940197462,0.12454156463352728,0.03737144946859838,-0.3000721050724441,,
449,1,0.6,0.02,0.4145077360067856,0.43035961526235605,0.11060913805952177,-0.2570156077309721,,
449,1,0.6,0.03,0.052084428039750254,0.04683968591730587,0.013361091821748605,-0.2852515246438081,,
449,1,0.6,0.04,0.16780122207294743,0.1618841566674038,0.04147016566357142,-0.2561718608991071,,
449,1,0.6,0.05,-0.14278357442451536,-0.1163430215892516,-0.03368096388222841,-0.28949707014778137,,
449,1,0.6,0.06,-0.015038889644740136,-0.011386614448832115,-0.003401823994315434,-0.2987564046892223,,
449,1,0.6,0.07,-0.12022228530986562,-0.07881494541726743,-0.026119513277715445,-0.3314030497570194,,
449,1,0.6,0.08,0.023922299693555592,0.015078211170004577,0.0049238363577148725,-0.32655308393013954,,
449,1,0.6,0.09,0.4200032474015058,0.2678173483496331,0.08247701600393609,-0.3079599455083212,,
449,1,0.6,0.1,0.5528255426004668,0.34392418617264636,0.10294683391500614,-0.2993300211324129,,
449,1,0.7000000000000001,0.0,0.07527979336555951,0.07655505276273898,0.02504471925642493,-0.32714652204661193,,
449,1,0.7000000000000001,0.01,0.11180058288976454,0.10542674118663807,0.03602195707151701,-0.3416776110697281,,
449,1,0.7000000000000001,0.02,0.393169615379638,0.4162706740017536,0.12240103920656575,-0.29404194638522657,,
449,1,0.7000000000000001,0.03,0.030491525335702548,0.027755496340980748,0.00912556975887946,-0.3287842395888138,,
449,1,0.7000000000000001,0.04,0.1468262702125759,0.14395303705928378,0.042334185373045896,-0.29408330826401063,,
449,1,0.7000000000000001,0.05,-0.1612494219465807,-0.13386641790916862,-0.04437631318298607,-0.33149697942240003,,
449,1,0.7000000000000001,0.06,-0.033797326234526755,-0.026122378041621774,-0.008919185594925438,-0.34143850076414034,,
449,1,0.7000000000000001,0.07,-0.13749441792359127,-0.09220589673132017,-0.03485073622467294,-0.37796645832993636,,
449,1,0.7000000000000001,0.08,0.006702441660898374,0.004321671881270092,0.0016094612175461265,-0.3724163383438364,,
449,1,0.7000000000000001,0.09,0.4049031978539921,0.2642077166763867,0.09276374811878108,-0.3511015850926194,,
449,1,0.7000000000000001,0.1,0.5400561573340739,0.3437483534429547,0.11733041461454197,-0.341326477463442,,
449,1,0.8,0.0,0.05107126245801427,0.05287026089285768,0.019418080176419883,-0.36727793372858314,,
449,1,0.8,0.01,0.08821521074056965,0.08522795894577118,0.03248318903141345,-0.3811330158930809,,
449,1,0.8,0.02,0.3712161061319888,0.4007988694057975,0.13207600233995498,-0.329531873519912,,
449,1,0.8,0.03,0.00897794647303981,0.008279246785260586,0.003070787737311953,-0.3709018244001167,,
449,1,0.8,0.04,0.12572217995282653,0.1252968258176807,0.04142774461211429,-0.3306368245305413,,
449,1,0.8,0.05,-0.17937800124835154,-0.15177105224956816,-0.05641754434441659,-0.3717279646427247,,
449,1,0.8,0.06,-0.05242109834221624,-0.04137009739461883,-0.01581032947347416,-0.38216805057680797,,
449,1,0.8,0.07,-0.1545144859667428,-0.1060333423152646,-0.044759789833258457,-0.4221293873786984,,
449,1,0.8,0.08,-0.01045771215898868,-0.006900069476781556,-0.002869961723666936,-0.41593229362751155,,
449,1,0.8,0.09,0.3894369178251538,0.26006552051280335,0.10196617955601583,-0.3920788090437998,,
449,1,0.8,0.1,0.5268386788047147,0.3431059367744718,0.1308101014092915,-0.38125280675418555,,
449,1,0.9,0.0,0.02696271486236146,0.02842447787344402,0.01153309416086823,-0.40574515430741437,,
449,1,0.9,0.01,0.06463929074822936,0.06397938885849135,0.0267771461172035,-0.4185276945428283,,
449,1,0.9,0.02,0.3487098478396376,0.3839477906741523,0.13957699345004948,-0.3635311801247094,,
449,1,0.9,0.03,-0.012398258558018465,-0.011592606120138989,-0.004770742732272293,-0.4115332378958714,,
449,1,0.9,0.04,0.10454276375175109,0.10593307191815632,0.03875483454311213,-0.3658426385770634,,
449,1,0.9,0.05,-0.19713140533169388,-0.1700391299171112,-0.06975146584392122,-0.4102083201550308,,
449,1,0.9,0.06,-0.07087169031723246,-0.05712084810532861,-0.02404695649088462,-0.42098388396725084,,
449,1,0.9,0.07,-0.17125165708094697,-0.1202944413179343,-0.05580924434385426,-0.4639386802283926,,
449,1,0.9,0.08,-0.027528401408485663,-0.018591383299289704,-0.008499099927340104,-0.457152638430343,,
449,1,0.9,0.09,0.3736272591663147,0.2553718071865319,0.11005508275621168,-0.4309601908241337,,
449,1,0.9,0.1,0.5131884799583769,0.34197440125400425,0.14334846658365552,-0.4191789387100419,,
449,1,1.0,0.0,0.0030344700540037594,0.0032587551747766752,0.0014421902838712697,-0.4425586478647031,,
449,1,1.0,0.01,0.04114729877045643,0.041721484434150996,0.0189394135216594,-0.4539486976200827,,
449,1,1.0,0.02,0.3257163759641529,0.36572781404178356,0.14485940979991874,-0.39608529687427296,,
449,1,1.0,0.03,-0.0335800486375972,-0.03186054950910224,-0.014357013862291157,-0.45062040936203884,,
449,1,1.0,0.04,0.0833419971560141,0.08588242061735647,0.03432837959597124,-0.39971369401567164,,
449,1,1.0,0.05,-0.21447353444271214,-0.18865101299100978,-0.08431963546196464,-0.4469609472279002,,
449,1,1.0,0.06,-0.08911143170216944,-0.07336364553451058,-0.03359527794197503,-0.45792814270893434,,
449,1,1.0,0.07,-0.18767626866857914,-0.13498449563374568,-0.06795762780539405,-0.5034476551276225,,
449,1,1.0,0.08,-0.044480258013422036,-0.030755130565219894,-0.015258671784108446,-0.4961341897655296,,
449,1,1.0,0.09,0.35749808177086256,0.25010851995947697,0.11700455172673574,-0.4678151377877612,,
449,1,1.0,0.1,0.4991220701918542,0.34033163142485173,0.1549103436310466,-0.455174686474161,,
455,1,0.1,0.0,0.40405782839661736,0.35874578060545886,0.019207822568504396,-0.05354159855507474,,
455,1,0.1,0.01,0.3902180309668279,0.3140647213699087,0.017991165406698872,-0.05728489761035175,,
455,1,0.1,0.02,0.16491254773075625,0.13894181386383767,0.007327368496421682,-0.05273695723882279,,
455,1,0.1,0.03,0.23501958832797046,0.19653107907716555,0.010107012211103328,-0.05142704277899442,,
455,1,0.1,0.04,0.14500431498525776,0.11594432609739164,0.005991161945507972,-0.05167274800903564,,
455,1,0.1,0.05,0.03189706218104272,0.02188726417941214,0.001257692248545883,-0.05746228666298589,,
455,1,0.1,0.06,-0.16376983479248194,-0.08478302992474536,-0.006199215271238678,-0.0731185860748453,,
455,1,0.1,0.07,0.34780324559027304,0.2330294511211611,0.012571307774447593,-0.05394729170052964,,
455,1,0.1,0.08,0.0803431905208002,0.04742129797715221,0.002778916628241701,-0.058600602404020985,,
455,1,0.1,0.09,0.4859449315663758,0.2755760359673812,0.015803880009971127,-0.05734852798246131,,
455,1,0.1,0.1,0.5847677229338676,0.3653066319663343,0.01814960022226808,-0.04968319388173796,,
455,1,0.2,0.0,0.3832761674176172,0.3460327432214619,0.036439836583330054,-0.10530748114784172,,
455,1,0.2,0.01,0.3698645198017775,0.30373625203468685,0.0341055165356452,-0.11228661810099087,,
455,1,0.2,0.02,0.14299651857620305,0.12272565837851497,0.012707197841899998,-0.10354149254353961,,
455,1,0.2,0.03,0.2142885853532353,0.18171810506130698,0.018430951771073678,-0.10142606189325798,,
455,1,0.2,0.04,0.12454758897332725,0.10108663561774829,0.010291897527844318,-0.10181264283799468,,
455,1,0.2,0.05,0.012163268523785138,0.008513769052331546,0.000959188558025792,-0.1126632108681774,,
455,1,0.2,0.06,-0.1819475536045238,-0.09713394019378453,-0.013774600851236385,-0.14181037877960811,,
455,1,0.2,0.07,0.3314687015083397,0.22546104184630203,0.02396179516488317,-0.10627909357936016,,
455,1,0.2,0.08,0.06307267821277014,0.03795954601178988,0.004363125565142401,-0.11494145804028463,,
455,1,0.2,0.09,0.4730149896127843,0.27433627879590233,0.030766745995938427,-0.1121497533282061,,
455,1,0.2,0.1,0.5739924439337291,0.3652913858056547,0.0356303297170113,-0.09753947424308451,,
455,1,0.30000000000000004,0.0,0.36170952362030595,0.3322155169086963,0.05158409412786358,-0.15527298245385865,,
455,1,0.30000000000000004,0.01,0.34879694575527037,0.2923555275547293,0.048244286884077114,-0.16501923971677163,,
455,1,0.30000000000000004,0.02,0.12084185655518737,0.10520574527054698,0.016107679341972547,-0.1531064610639852,,
455,1,0.30000000000000004,0.03,0.19320347937107843,0.1662397221479715,0.02492613410384492,-0.14994090330383217,,
455,1,0.30000000000000004,0.04,0.103911456666942,0.08565092399026679,0.012879969088131826,-0.15037746807723268,,
455,1,0.30000000000000004,0.05,-0.007562961962188134,-0.005401948145074366,-0.000894616430369366,-0.16560996261785668,,
455,1,0.30000000000000004,0.06,-0.19984750054376382,-0.11002790133968629,-0.022694613062160585,-0.20626234605798846,,
455,1,0.30000000000000004,0.07,0.31473286217295576,0.21746134886114937,0.03412794786081497,-0.15693799399085814,,
455,1,0.30000000000000004,0.08,0.04574502674498522,0.0280847378051735,0.004746697809371536,-0.16901342794438143,,
455,1,0.30000000000000004,0.09,0.45963106998960407,0.2726704881575436,0.04484430523159899,-0.16446336211379373,,
455,1,0.30000000000000004,0.1,0.5627269568020501,0.3648910737919289,0.05239654430143248,-0.14359502894091197,,
455,1,0.4,0.0,0.3394231833243376,0.3172781237514295,0.06454106142976435,-0.20342108893813565,,
455,1,0.4,0.01,0.32707578491588446,0.27990224670607944,0.06031986305059056,-0.21550331860655417,,
455,1,0.4,0.02,0.09851347669948024,0.08705628679947176,0.017508541480282247,-0.20111748529559942,,
455,1,0.4,0.03,0.1718211236426615,0.15009148864038793,0.029556654526318837,-0.1969242546266909,,
455,1,0.4,0.04,0.08314824401815388,0.06963752547718334,0.013741786799876143,-0.1973330715833466,,
455,1,0.4,0.05,-0.0272359736381867,-0.019858023280733102,-0.0042956273191461225,-0.2163169646051266,,
455,1,0.4,0.06,-0.21743359306420626,-0.12346126561935016,-0.032922244864248995,-0.26666051655223816,,
455,1,0.4,0.07,0.2976255443989291,0.20901122588812573,0.04303056245293524,-0.20587680049284796,,
455,1,0.4,0.08,0.02839108619233491,0.017788392516368403,0.003927972538919633,-0.2208166103432459,,
455,1,0.4,0.09,0.44580981194655267,0.2705575630154027,0.05799442955448342,-0.21435153727778747,,
455,1,0.4,0.1,0.5509815828948262,0.364085922119827,0.06840388118004581,-0.18787840183925844,,
455,1,0.5,0.0,0.31648699400706737,0.30120954677079015,0.07522470298682071,-0.24974209414439333,,
455,1,0.5,0.01,0.3047654150436878,0.26636048249473493,0.07025668417611297,-0.2637654186465206,,
455,1,0.5,0.02,0.0760771950150084,0.06828108901207787,0.016901250078290353,-0.24752461219973781,,
455,1,0.5,0.03,0.1501998997741843,0.13327169101777214,0.03229671688058833,-0.24233741339923023,,
455,1,0.5,0.04,0.06231084790696079,0.053049093260083946,0.012872526614482904,-0.2426530940193969,,
455,1,0.5,0.05,-0.04681040704564477,-0.034850525177913295,-0.009228606346006196,-0.2648053737753965,,
455,1,0.5,0.06,-0.23467109178241438,-0.13742806799272544,-0.04441528007093587,-0.32318929254893497,,
455,1,0.5,0.07,0.280177945285845,0.20009227495003262,0.05063499588428222,-0.2530582247461921,,
455,1,0.5,0.08,0.011041773118235393,0.007063064756890696,0.0019095686096504139,-0.27035977658104393,,
455,1,0.5,0.09,0.43156913050328627,0.2679766862374705,0.0701773628186293,-0.26187861266573337,,
455,1,0.5,0.1,0.5387678813469394,0.3628562782812863,0.08360945103113337,-0.2304202959561838,,
455,1,0.6,0.0,0.2929748833474649,0.2840040474189258,0.0835634285126523,-0.29423323108276134,,
455,1,0.6,0.01,0.28193369619900926,0.25171901654570816,0.07799202537316208,-0.30983763739200837,,
455,1,0.6,0.02,0.053599300191663785,0.0488870951629367,0.014289094276653369,-0.29228765237592835,,
455,1,0.6,0.03,0.12839936609945837,0.11578147841010679,0.033130871438362686,-0.28615001201669427,,
455,1,0.6,0.04,0.041452438890382214,0.0358906902596132,0.010276174517446668,-0.28631866489929736,,
455,1,0.6,0.05,-0.06624142973575314,-0.050373374032400935,-0.015671286384631555,-0.3111025752325334,,
455,1,0.6,0.06,-0.2515267516263708,-0.15191994483742938,-0.05712658189280295,-0.3760308230360044,,
455,1,0.6,0.07,0.26242251777421866,0.19068697144923194,0.05691138791335204,-0.2984545167444961,,
455,1,0.6,0.08,-0.006272050760113733,-0.004097557136105001,-0.0013016291265612878,-0.3176597868745211,,
455,1,0.6,0.09,0.41692816732842475,0.264907436993248,0.08135591876219306,-0.30711073907776576,,
455,1,0.6,0.1,0.5260986284566597,0.36118269373655193,0.0979720262541075,-0.27125337939244865,,
455,1,0.7000000000000001,0.0,0.2689643346576128,0.265661453420397,0.08950088818974011,-0.3368982855337657,,
455,1,0.7000000000000001,0.01,0.25865151634038963,0.2359716495628737,0.08347665383761593,-0.353757131385285,,
455,1,0.7000000000000001,0.02,0.031146121446956155,0.02877948288139439,0.009687157135800595,-0.33659941617864275,,
455,1,0.7000000000000001,0.03,0.10647989592808134,0.09762498609739524,0.03205415902678754,-0.32833970388286476,,
455,1,0.7000000000000001,0.04,0.02062616201813858,0.018169869642583998,0.005965496536034953,-0.32831807015576253,,
455,1,0.7000000000000001,0.05,-0.08548496287404654,-0.06641827022245944,-0.023594537388610504,-0.3552416723528577,,
455,1,0.7000000000000001,0.06,-0.26796896262777253,-0.16692606865884063,-0.07100441306614991,-0.4253644361041472,,
455,1,0.7000000000000001,0.07,0.2443928383771367,0.18077879585834444,0.06183485460944804,-0.34204705433429766,,
455,1,0.7000000000000001,0.08,-0.023519699500816536,-0.01569855273648025,-0.005694508585889713,-0.36274099157286205,,
455,1,0.7000000000000001,0.09,0.4019072356384404,0.26132990803558526,0.09149566792860075,-0.3501155631836131,,
455,1,0.7000000000000001,0.1,0.5129877918412342,0.35904601061870617,0.1114522242417404,-0.31041209467746633,,
455,1,0.8,0.0,0.2445358245120949,0.24618741157668322,0.09299660392691589,-0.3777471940231559,,
455,1,0.8,0.01,0.23499230663866857,0.21911748260742725,0.08667534808810284,-0.39556564385777987,,
455,1,0.8,0.02,0.008783596908567412,0.008229325995826176,0.003122171219047898,-0.37939573916884917,,
455,1,0.8,0.03,0.08450230909302463,0.07880944572709037,0.02907215950622044,-0.3688918154163217,,
455,1,0.8,0.04,-0.00011516165574057243,-0.00010325664948506264,-3.806519161997368e-05,-0.36864639526658555,,
455,1,0.8,0.05,-0.10449790183144671,-0.0828865870642689,-0.032962584548198115,-0.3976829752036897,,
455,1,0.8,0.06,-0.2839678794332699,-0.18243310061521376,-0.08599278454201886,-0.4713661295676494,,
455,1,0.8,0.07,0.22612346791954147,0.17035237109138535,0.06538565114118033,-0.38382589407049855,,
455,1,0.8,0.08,-0.04067078272254354,-0.027743672132468564,-0.011253793996345851,-0.4056346233696828,,
455,1,0.8,0.09,0.38652775935067396,0.2572248272375161,0.10056511234078647,-0.39096192004796926,,
455,1,0.8,0.1,0.49945049942002995,0.35642745214229726,0.12401268455524295,-0.34793247211983297,,
455,1,0.9,0.0,0.21977222895855475,0.22559360026033148,0.09402642677323225,-0.41679563012748244,,
455,1,0.9,0.01,0.21103153169056807,0.20116116398735256,0.08756727271008913,-0.4353090376609407,,
455,1,0.9,0.02,-0.013423153066290773,-0.012762073708907432,-0.005367738915479592,-0.4206008394805868,,
455,1,0.9,0.03,0.06252750031611069,0.059345279925586296,0.02420094394465999,-0.40779896859541015,,
455,1,0.9,0.04,-0.020719330241372593,-0.018915963001715205,-0.007704569108997195,-0.4073051479482479,,
455,1,0.9,0.05,-0.12323832903225773,-0.09962523007874227,-0.043733275886379985,-0.4389779160541348,,
455,1,0.9,0.06,-0.2994955387124341,-0.19842516254428744,-0.10203182946639244,-0.5142081183560552,,
455,1,0.9,0.07,0.2076498061854018,0.15939360446646963,0.06754930238180257,-0.4237892894630686,,
455,1,0.9,0.08,-0.057695323515270854,-0.04023524064220357,-0.017960133716892424,-0.44637818564588555,,
455,1,0.9,0.09,0.3708122067695607,0.2525736826634439,0.10853584670213712,-0.4297195398887297,,
455,1,0.9,0.1,0.48550300331521234,0.3533087163319403,0.13561823890355718,-0.383851947700439,,
455,1,1.0,0.0,0.19475820516026743,0.2038978965281043,0.0925828132899531,-0.45406458264856076,,
455,1,1.0,0.01,0.18684616016442904,0.1821130966771584,0.08614620305463427,-0.47303683604562635,,
455,1,1.0,0.02,-0.03541024331352394,-0.03419118835821722,-0.015733423858671713,-0.46016019372694533,,
455,1,1.0,0.03,0.040616067942653905,0.039246178989511944,0.017466931058127022,-0.4450606787171521,,
455,1,1.0,0.04,-0.04113505028122292,-0.03825287047411476,-0.01699582166892588,-0.44430186436405444,,
455,1,1.0,0.05,-0.14166571741458228,-0.11677786814524833,-0.055858396508661534,-0.478330332586521,,
455,1,1.0,0.06,-0.31452596375597575,-0.2148838300055642,-0.1190581989771059,-0.5540584369425238,,
455,1,1.0,0.07,0.18900794142463836,0.14788983300331365,0.06831670013404678,-0.4619431826156438,,
455,1,1.0,0.08,-0.07456387376102139,-0.05317406686740513,-0.025790211630564164,-0.48501484181893856,,
455,1,1.0,0.09,0.354784019120972,0.247358850359723,0.11538270498202086,-0.4664587695739405,,
455,1,1.0,0.1,0.47116263879136466,0.34967207263009586,0.14623607286032203,-0.4182091859964445,,
461,1,0.1,0.0,0.48742990590149526,0.5209540265985582,0.023159726098182176,-0.04445637218584899,,
461,1,0.1,0.01,0.34980891166892236,0.2886959426172159,0.016045022565415623,-0.05557758249027365,,
461,1,0.1,0.02,0.2581823992266514,0.2063780860840518,0.01144732428374362,-0.055467731584066815,,
461,1,0.1,0.03,0.21666625552435262,0.12982835729443892,0.009286774512949458,-0.07153117166758798,,
461,1,0.1,0.04,0.01886372067937162,0.012201016011574644,0.0007762547196261682,-0.06362213760638988,,
461,1,0.1,0.05,-0.28386086359855034,-0.1352932713710796,-0.011191523723710572,-0.08272047538132692,,
461,1,0.1,0.06,-0.1855758399676599,-0.09230847361771671,-0.007049514083588004,-0.07636908950290557,,
461,1,0.1,0.07,0.3807564607439174,0.2295895692470721,0.013747011888548988,-0.059876465353507345,,
461,1,0.1,0.08,0.35345694495710034,0.2649361740727412,0.012213646387799981,-0.046100335035587046,,
461,1,0.1,0.09,0.2986914434421261,0.172772361683959,0.009800989329604048,-0.05672776151276062,,
461,1,0.1,0.1,0.33392594790732905,0.171012019373742,0.010451025562077998,-0.06111281300782475,,
461,1,0.2,0.0,0.4682338631913992,0.5053504781115677,0.04449529210297576,-0.0880483823212143,,
461,1,0.2,0.01,0.3289639527827421,0.2766672951677654,0.03017781348351134,-0.1090761864903914,,
461,1,0.2,0.02,0.23700122439752483,0.19252554614171385,0.02101638128276173,-0.1091615201407715,,
461,1,0.2,0.03,0.19585878179544372,0.12069862051631992,0.016789844256211994,-0.13910551905555377,,
461,1,0.2,0.04,-0.0017224179420050841,-0.0011407049871137412,-0.000141757300097467,-0.12427165805257603,,
461,1,0.2,0.05,-0.30153783391160416,-0.14900462212689736,-0.023776915063505433,-0.15957166109421903,,
461,1,0.2,0.06,-0.20364135941632025,-0.10467198114141398,-0.015471546635128064,-0.14780981946090893,,
461,1,0.2,0.07,0.3648304528354274,0.2250875684095993,0.026344023487530288,-0.11703899808269819,,
461,1,0.2,0.08,0.33792079373554657,0.25695112108004736,0.023353594493788155,-0.09088730337359714,,
461,1,0.2,0.09,0.28343388590646185,0.16762704872262077,0.01860068343039556,-0.11096468960194401,,
461,1,0.2,0.1,0.3196989992162123,0.16796357820411592,0.020011517127783263,-0.11914200293747305,,
461,1,0.30000000000000004,0.0,0.44808922944534885,0.4886415754864133,0.06387148405865561,-0.13071234062528428,,
461,1,0.30000000000000004,0.01,0.3074897559832503,0.26363020079889526,0.04231178716843176,-0.16049673762797917,,
461,1,0.30000000000000004,0.02,0.21540034710105865,0.17792515358444408,0.028651344531802847,-0.16103032064100364,,
461,1,0.30000000000000004,0.03,0.17473034445585695,0.11076882050177407,0.022467937689759188,-0.2028362998538866,,
461,1,0.30000000000000004,0.04,-0.022274299509172025,-0.015109028315048798,-0.0027498069571083583,-0.18199760433101533,,
461,1,0.30000000000000004,0.05,-0.3187411831411492,-0.16329222255556125,-0.03770015493815293,-0.2308753861521188,,
461,1,0.30000000000000004,0.06,-0.22139758639269533,-0.11759434883922569,-0.025230850151932827,-0.21455835591579572,,
461,1,0.30000000000000004,0.07,0.34846460398568135,0.2200218589214605,0.03774339411893646,-0.17154383798025005,,
461,1,0.30000000000000004,0.08,0.32200980589397504,0.24847225484819221,0.0333809870653734,-0.13434492750817595,,
461,1,0.30000000000000004,0.09,0.267893305120911,0.16201689030866523,0.02637122169993944,-0.16276834871783127,,
461,1,0.30000000000000004,0.1,0.30517979575763926,0.16449349034422722,0.02865403422358148,-0.1741955512258791,,
461,1,0.4,0.0,0.42705207445074017,0.47081260995425045,0.08116374440052021,-0.17239076159919975,,
461,1,0.4,0.01,0.28544902328304633,0.2495718326804112,0.05237186208894662,-0.20984684660312336,,
461,1,0.4,0.02,0.1934412700102896,0.1625678292207324,0.03430729521919185,-0.2110337290203332,,
461,1,0.4,0.03,0.15333783225293965,0.10001980658938117,0.02628953676226642,-0.2628433073280658,,
461,1,0.4,0.04,-0.04274017466082761,-0.029702192857312987,-0.00703514706606001,-0.23685615065043536,,
461,1,0.4,0.05,-0.3354365498495971,-0.1781470021142293,-0.052899805318010196,-0.29694468439098637,,
461,1,0.4,0.06,-0.2388089110769777,-0.13107168910045883,-0.03628676625614302,-0.27684671270491773,,
461,1,0.4,0.07,0.33168728364419564,0.21437143224064317,0.04790158016101498,-0.2234513230626875,,
461,1,0.4,0.08,0.3057496882171771,0.23948872103447755,0.04226052002478475,-0.1764614209898461,,
461,1,0.4,0.09,0.25209312079099006,0.15592846312546021,0.03308781742745581,-0.2121987016625266,,
461,1,0.4,0.1,0.29038774148701696,0.1605857331810214,0.03635356555205038,-0.22638104165250203,,
461,1,0.5,0.0,0.4051840498935104,0.4518539123783889,0.09625949804547163,-0.21303234388034367,,
461,1,0.5,0.01,0.2629078133447223,0.23448369810871827,0.06029523058195596,-0.25714039427167384,,
461,1,0.5,0.02,0.17118747041345964,0.14644758360760696,0.037950659940539255,-0.2591415918628239,,
461,1,0.5,0.03,0.1317394852351445,0.08843542591620736,0.02823316650924701,-0.31925177288112977,,
461,1,0.5,0.04,-0.0630687954952957,-0.04491579182328655,-0.012976615535316482,-0.288909869080584,,
461,1,0.5,0.05,-0.35159185023729167,-0.1935568744406724,-0.06930945821680434,-0.35808316504949844,,
461,1,0.5,0.06,-0.2558412003901891,-0.1450976270435981,-0.04859350618127345,-0.3349021425875721,,
461,1,0.5,0.07,0.31452838105811953,0.20811627976456862,0.05677940940574189,-0.2728254102464908,,
461,1,0.5,0.08,0.2891673330711211,0.22999065784429004,0.04996064730688077,-0.21722902910563216,,
461,1,0.5,0.09,0.23605754753560293,0.14934914137162697,0.03872888821164411,-0.2593177828540348,,
461,1,0.5,0.1,0.27534300209387713,0.15622482681920538,0.04308764819350008,-0.2758053829905295,,
461,1,0.6,0.0,0.38255199724441136,0.43176111417358914,0.10905936669733496,-0.2525919151058327,,
461,1,0.6,0.01,0.23993510542530957,0.21836190594934338,0.0660320086601125,-0.30239710710086454,,
461,1,0.6,0.02,0.14870399543882645,0.12956171551179782,0.03955954077060553,-0.3053335672064581,,
461,1,0.6,0.03,0.10999454503265327,0.07600283384011676,0.028287594712908204,-0.37219131555561935,,
461,1,0.6,0.04,-0.08320969895066846,-0.060742661167847684,-0.02054480851164109,-0.33822700745478484,,
461,1,0.6,0.05,-0.36717741093279,-0.20950667102086637,-0.08685821609582245,-0.4145844887544014,,
461,1,0.6,0.06,-0.27246194517606365,-0.1596632154093276,-0.062100464804960565,-0.3889466001655672,,
461,1,0.6,0.07,0.29701918920961606,0.20123755840880114,0.06434233027401626,-0.31973320876468275,,
461,1,0.6,0.08,0.2722907213355546,0.2199692818209552,0.05645376557207138,-0.2566438600187008,,
461,1,0.6,0.09,0.21981151349943895,0.14226719543270883,0.04327617035503484,-0.30418938268523116,,
461,1,0.6,0.1,0.2600664449801207,0.15139593413280153,0.048836475536431445,-0.32257455139840846,,
461,1,0.7000000000000001,0.0,0.35922750083267885,0.4105353811676219,0.11947825313636917,-0.29103034383189036,,
461,1,0.7000000000000001,0.01,0.21660233417477548,0.20120740838956513,0.06954575645550398,-0.34564212626233853,,
461,1,0.7000000000000001,0.02,0.12605704273468335,0.11191099827627743,0.039123933139098455,-0.3495986430441112,,
461,1,0.7000000000000001,0.03,0.08816289653956445,0.0627127932273981,0.026451939043898864,-0.4217949429868878,,
461,1,0.7000000000000001,0.04,-0.10311348333727569,-0.07717278400301707,-0.029702321520074904,-0.384880782827709,,
461,1,0.7000000000000001,0.05,-0.38216608426440646,-0.22597810234614313,-0.10547119884564338,-0.4667319432751379,,
461,1,0.7000000000000001,0.06,-0.2886403961133707,-0.17475686783402866,-0.07675256523121532,-0.43919627412931955,,
461,1,0.7000000000000001,0.07,0.2791922800603746,0.1937177589238807,0.07056063369161536,-0.3642445281402486,,
461,1,0.7000000000000001,0.08,0.2551488191464048,0.20941697322746902,0.0617163772970426,-0.29470570768877546,,
461,1,0.7000000000000001,0.09,0.20338057530881293,0.13465788485527122,0.04671481639498798,-0.3469148237787675,,
461,1,0.7000000000000001,0.1,0.24457957596422011,0.14608496275011873,0.05358299321954885,-0.3667933523808582,,
461,1,0.8,0.0,0.33528639073441774,0.3881836159998335,0.12744627902131977,-0.32831442072345074,,
461,1,0.8,0.01,0.1929829001884713,0.18302621257519933,0.07081386173932547,-0.38690557348571275,,
461,1,0.8,0.02,0.10331353082932876,0.09349985077635466,0.03664582849471909,-0.3919346201137095,,
461,1,0.8,0.03,0.06630470438586653,0.048559957636984945,0.022735680266929403,-0.46819810752085833,,
461,1,0.8,0.04,-0.12273207565272541,-0.0941230586702855,-0.04040405584636453,-0.4292684111329249,,
461,1,0.8,0.05,-0.39653334536208085,-0.24294974886784315,-0.12507007230523226,-0.5147981131409457,,
461,1,0.8,0.06,-0.3043476874791126,-0.19036431250103333,-0.09249063065818652,-0.4858611860754335,,
461,1,0.8,0.07,0.26108137186993974,0.18554087552647228,0.07540964565039654,-0.406431442324618,,
461,1,0.8,0.08,0.2377714690364418,0.19832736034797244,0.06572923090864835,-0.33141786787926825,,
461,1,0.8,0.09,0.1867908298196167,0.12623808520374274,0.04903347504923539,-0.388420617835715,,
461,1,0.8,0.1,0.22890447300658054,0.14027866825713142,0.057312982441955596,-0.40856520206551034,,
461,1,0.9,0.0,0.3108082008540901,0.36471862476906924,0.13290956181243807,-0.3644167113664489,,
461,1,0.9,0.01,0.16915166156178033,0.16382955781539307,0.069827780899262,-0.4262221166338345,,
461,1,0.9,0.02,0.08054066353602694,0.07433648957411709,0.03213920029629391,-0.43234756551490866,,
461,1,0.9,0.03,0.0444800476516377,0.03354313326094489,0.017158581278828633,-0.5115378204339306,,
461,1,0.9,0.04,-0.14201898741390515,-0.11137541935335711,-0.052597586667733176,-0.4722548922653979,,
461,1,0.9,0.05,-0.41025737061369805,-0.26039708369591863,-0.1455735931350275,-0.559044637016836,,
461,1,0.9,0.06,-0.31955694799597045,-0.20646856799214544,-0.1092517800387548,-0.5291448529003746,,
461,1,0.9,0.07,0.24272118942769766,0.17669257528935786,0.078869888724449,-0.446367871402004,,
461,1,0.9,0.08,0.22018927610950456,0.18669540199690218,0.06847743680357432,-0.3667869485329401,,
461,1,0.9,0.09,0.17006882313276983,0.11735309485848698,0.050224352979532316,-0.427976382217244,,
461,1,0.9,0.1,0.2130637172740212,0.13396475784338596,0.060015130078483914,-0.4479919274638315,,
461,1,1.0,0.0,0.28587558824529274,0.34015924382587237,0.135830818785577,-0.39931538316538845,,
461,1,1.0,0.01,0.14518441195457393,0.14363405421751116,0.06659313380107612,-0.46363053778480207,,
461,1,1.0,0.02,0.057805492839199384,0.054433058848128435,0.025629873449701357,-0.47085124356524355,,
461,1,1.0,0.03,0.022748556294171125,0.017665514401886434,0.009750512939259215,-0.5519518264476915,,
461,1,1.0,0.04,-0.16092955687623964,-0.12911767369037228,-0.06622358874786427,-0.5128932922588914,,
461,1,1.0,0.05,-0.4233190971836239,-0.27829252855845865,-0.16689816478295472,-0.5997220466085771,,
461,1,1.0,0.06,-0.33424339811997816,-0.22304994293968938,-0.12696984385487464,-0.5692440095768422,,
461,1,1.0,0.07,0.22414731809987465,0.1671603656115046,0.08092721107568424,-0.48412918205602756,,
461,1,1.0,0.08,0.20243348992395624,0.17451746748644295,0.06995055828594787,-0.4008226757667214,,
461,1,1.0,0.09,0.15324145737131964,0.1079928147655028,0.05028325790793153,-0.4656166988249852,,
461,1,1.0,0.1,0.19708032187715915,0.12713199355574575,0.061681085121673584,-0.485173585314913,,
467,1,0.1,0.0,0.6365318552196791,0.7404512528253331,0.030240481145398235,-0.04084061041156985,,
467,1,0.1,0.01,0.41114880501084383,0.35461816605752344,0.018830413819054037,-0.05310053353555359,,
467,1,0.1,0.02,0.5665654236807175,0.503544960653045,0.02510264031518239,-0.04985183504294611,,
467,1,0.1,0.03,0.4392421871591709,0.353246356413138,0.018849306997779758,-0.05336023048949617,,
467,1,0.1,0.04,0.07022687583389223,0.04191709781179919,0.002891409000374212,-0.06897922688627343,,
467,1,0.1,0.05,0.08284765838699462,0.05110765214003615,0.0032708687586417984,-0.06399958952681963,,
467,1,0.1,0.06,0.36621577085315155,0.20519923268550308,0.013881504482134766,-0.06764891028325695,,
467,1,0.1,0.07,0.367930435862245,0.22189015968744133,0.013334225970023539,-0.06009381393391389,,
467,1,0.1,0.08,0.18384685452044125,0.11084332242328258,0.0063892245352690225,-0.05764194356129268,,
467,1,0.1,0.09,0.29592812385488465,0.1618883563785095,0.009678392323605012,-0.05978436337308942,,
467,1,0.1,0.1,0.09455882254209208,0.03810012902129648,0.0029581330606864853,-0.07764102475960133,,
467,1,0.2,0.0,0.6209705815900816,0.7357658376861372,0.05900238616633269,-0.08019179899937391,,
467,1,0.2,0.01,0.39127462068840757,0.3432367446409594,0.035840371829667816,-0.10441880826937223,,
467,1,0.2,0.02,0.5504182026417398,0.4969790331120761,0.04877442069825699,-0.098141807699275,,
467,1,0.2,0.03,0.42112662685650354,0.3439240649771152,0.03614381908940434,-0.10509243978553626,,
467,1,0.2,0.04,0.04963658325800116,0.030435996230622955,0.004087314489668481,-0.1342921210364739,,
467,1,0.2,0.05,0.06312363688353476,0.03989907759800008,0.004984308206992472,-0.12492289313581294,,
467,1,0.2,0.06,0.34928302948564743,0.20112652227717442,0.02647932899254002,-0.13165508304294446,,
467,1,0.2,0.07,0.35178496819914384,0.21712481155686347,0.02549819097097572,-0.11743563892189227,,
467,1,0.2,0.08,0.1668416440650493,0.10285334600720394,0.011596485874568074,-0.11274777462033997,,
467,1,0.2,0.09,0.28069626041636925,0.15733110972662162,0.018360461970898134,-0.11669950083490326,,
467,1,0.2,0.1,0.07896942343223252,0.03296773298661129,0.004940883483066871,-0.14987028331834162,,
467,1,0.30000000000000004,0.0,0.6041953174041069,0.7291515150598301,0.08611269155315604,-0.11809985959652036,,
467,1,0.30000000000000004,0.01,0.37065527774555496,0.3308342452481348,0.05092749033271149,-0.15393657417331288,,
467,1,0.30000000000000004,0.02,0.5333139910983278,0.4893766799077926,0.07088813789565185,-0.14485393523248483,,
467,1,0.30000000000000004,0.03,0.4023048805721689,0.3338247983088757,0.05179262208159874,-0.15514911517650928,,
467,1,0.30000000000000004,0.04,0.028993387075036216,0.01826782549888457,0.0035811819625173325,-0.19603767086213947,,
467,1,0.30000000000000004,0.05,0.043327412723157106,0.02806798786056945,0.005131766549404393,-0.182833431982975,,
467,1,0.30000000000000004,0.06,0.33188488518384196,0.19642589849049316,0.03774054987172848,-0.19213632296840474,,
467,1,0.30000000000000004,0.07,0.33521151629643575,0.2117860791463499,0.036445363066330394,-0.1720857348756415,,
467,1,0.30000000000000004,0.08,0.14965335096480228,0.09434933262151242,0.015602696019962004,-0.16537155681379415,,
467,1,0.30000000000000004,0.09,0.26518484974081913,0.15230662126274544,0.026018780986086343,-0.17083158151871233,,
467,1,0.30000000000000004,0.1,0.06331561450630195,0.027381987325386666,0.005942206369333736,-0.21701150828539523,,
467,1,0.4,0.0,0.586240821883199,0.720554861691222,0.11140497918806158,-0.1546099889279517,,
467,1,0.4,0.01,0.34934817141242114,0.31739278734277393,0.06399990032272829,-0.20164257939992336,,
467,1,0.4,0.02,0.5152888153379078,0.4807037379229793,0.0913229734764287,-0.18997766456116244,,
467,1,0.4,0.03,0.38282138602543087,0.3229239505480967,0.06571242964778357,-0.20349196625474913,,
467,1,0.4,0.04,0.008349503907249515,0.005406858753816174,0.001375076448121293,-0.2543207638170242,,
467,1,0.4,0.05,0.023505006425295835,0.01560954359202383,0.0037119596466588245,-0.23780065219559418,,
467,1,0.4,0.06,0.3140550313921578,0.19107077317657192,0.04761735209547102,-0.24921316485942607,,
467,1,0.4,0.07,0.3182393272417975,0.20585347465248124,0.046133450113153174,-0.2241081924462775,,
467,1,0.4,0.08,0.13231241320878284,0.08532242896007856,0.01839299821581042,-0.2155704946517205,,
467,1,0.4,0.09,0.24941713806907054,0.1468001548315304,0.032628962506408676,-0.22226790253630227,,
467,1,0.4,0.1,0.047620135131871605,0.021329519514172755,0.005958902291755663,-0.279373489299474,,
467,1,0.5,0.0,0.5671489453818556,0.7034323972724716,0.13472112077983445,-0.19151964183368536,,
467,1,0.5,0.01,0.32741474336497484,0.30289862793682826,0.0749771741141172,-0.24753223421584541,,
467,1,0.5,0.02,0.4963836205068941,0.4709292833946409,0.10996558352415953,-0.23350763565069677,,
467,1,0.5,0.03,0.36272399681665773,0.31119922730288996,0.07782831626076558,-0.25009161152259335,,
467,1,0.5,0.04,-0.012242913953725022,-0.008149847801570886,-0.0025203507329827346,-0.3092512638698524,,
467,1,0.5,0.05,0.0037025113509845556,0.0025211705729316853,0.0007308853950875882,-0.2898992249610842,,
467,1,0.5,0.06,0.2958289281694412,0.18503580386607776,0.056067364094703365,-0.3030081904326089,,
467,1,0.5,0.07,0.3008991355898019,0.19930759166180276,0.054524669299733874,-0.27357045883257,,
467,1,0.5,0.08,0.11484979145193214,0.07576504427015951,0.019956857769726666,-0.26340455498930904,,
467,1,0.5,0.09,0.2334171548784686,0.14079776402925756,0.03816978884172051,-0.2710965554381168,,
467,1,0.5,0.1,0.03190583152848713,0.014798007378225493,0.004990634006208028,-0.3372504066697175,,
467,1,0.6,0.0,0.5469684476519813,0.6808937918217046,0.15591291049500433,-0.22898271708112578,,
467,1,0.6,0.01,0.30492009307980655,0.2873424551120786,0.08379114516875408,-0.29160725704828805,,
467,1,0.6,0.02,0.47664407920436247,0.4600259897123804,0.12671113744531493,-0.2754434320646489,,
467,1,0.6,0.03,0.3420637266518963,0.2986309060358838,0.08807438426850922,-0.29492722450477415,,
467,1,0.6,0.04,-0.03273206938871815,-0.02240227474792424,-0.00808594706009158,-0.3609431252440475,,
467,1,0.6,0.05,-0.016034142775989323,-0.011197300281856044,-0.003798217912154178,-0.3392083642080011,,
467,1,0.6,0.06,0.27724364831164267,0.17829713237843928,0.06305395757887267,-0.35364538250138183,,
467,1,0.6,0.07,0.28322304189031955,0.19213027206562974,0.061585990269588775,-0.32054287753546523,,
467,1,0.6,0.08,0.09729684746310847,0.06567095127019236,0.020288127527789745,-0.308936099376992,,
467,1,0.6,0.09,0.21720963259845313,0.134286399778768,0.042623323799764634,-0.3174061101495388,,
467,1,0.6,0.1,0.016195583614295277,0.007776303124281691,0.0030399294347325245,-0.3909221883648379,,
467,1,0.7000000000000001,0.0,0.5257547458206646,0.6575111887360174,0.17484362241108053,-0.2659173340414106,,
467,1,0.7000000000000001,0.01,0.28193255291306957,0.2707196605442195,0.09038660949513888,-0.33387530596572645,,
467,1,0.7000000000000001,0.02,0.45612035747514806,0.44797047707611154,0.14146429268173,-0.31578932077190164,,
467,1,0.7000000000000001,0.03,0.32089446609911354,0.28520209614994724,0.09639435686170228,-0.33798614443220004,,
467,1,0.7000000000000001,0.04,-0.05306680801284337,-0.03734727446741689,-0.015294214806119921,-0.40951354614814384,,
467,1,0.7000000000000001,0.05,-0.03565942490336183,-0.02554350348266471,-0.009854968842437972,-0.38581116521960745,,
467,1,0.7000000000000001,0.06,0.2583377123961933,0.1708326275227107,0.06854650942324203,-0.40124951783071633,,
467,1,0.7000000000000001,0.07,0.26524438267051315,0.18430477500250558,0.0672893496637108,-0.36509824372589383,,
467,1,0.7000000000000001,0.08,0.07968522025995041,0.05503538424160815,0.019385087441276205,-0.35222952848252465,,
467,1,0.7000000000000001,0.09,0.2008199227278274,0.12725401865171115,0.04597500843334301,-0.36128531672681125,,
467,1,0.7000000000000001,0.1,0.0005122317229184363,0.0002545549635597505,0.00011217088871173786,-0.4406548870354615,,
467,1,0.8,0.0,0.5035695937873256,0.6332557170638796,0.19138947006592066,-0.30223093911146526,,
467,1,0.8,0.01,0.25852323122333465,0.25303058655819843,0.09472189857190005,-0.374349598838374,,
467,1,0.8,0.02,0.4348668399621859,0.43474364980296415,0.15414009273848683,-0.35455398326886817,,
467,1,0.8,0.03,0.2992726743062044,0.27089899575019283,0.10274208951609665,-0.37926345659412997,,
467,1,0.8,0.04,-0.07319689995959386,-0.052978424529607195,-0.02410953616598388,-0.45508216561838627,,
467,1,0.8,0.05,-0.055128434361304934,-0.040512422319644616,-0.0174119947070015,-0.42979396713482526,,
467,1,0.8,0.06,0.23915091388261472,0.16262212944652624,0.0725206230247104,-0.4459455996027699,,
467,1,0.8,0.07,0.24699759268403038,0.1758159463432297,0.07161183514883351,-0.40731137668839296,,
467,1,0.8,0.08,0.062046700691925104,0.04385513325524869,0.017250457873861036,-0.39335093963707113,,
467,1,0.8,0.09,0.18427390879479638,0.11968969107342585,0.04821373950100982,-0.4028228251623794,,
467,1,0.8,0.1,-0.015121496445190646,-0.007775675064925081,-0.003784429404599221,-0.4867010739260726,,
467,1,0.9,0.0,0.48048069573743085,0.6081041687878359,0.20544094644948974,-0.33783841156525096,,
467,1,0.9,0.01,0.2347655283131542,0.23428074326937276,0.09676931551879497,-0.41304852532216424,,
467,1,0.9,0.02,0.4129418165052099,0.4203310169312456,0.16466477677259306,-0.3917502400245843,,
467,1,0.9,0.03,0.27725704842691584,0.25571114183196403,0.10708199344893687,-0.4187615474311396,,
467,1,0.9,0.04,-0.09307331345702845,-0.06928590262966497,-0.034488464953894904,-0.4977703060063558,,
467,1,0.9,0.05,-0.07439712740365943,-0.05609628723418958,-0.026435136495779443,-0.4712457419047824,,
467,1,0.9,0.06,0.21972413550380768,0.15364769296096664,0.07495830690882821,-0.487858330081604,,
467,1,0.9,0.07,0.22851806031271737,0.1666503871075015,0.07453583725875523,-0.4472587106003796,,
467,1,0.9,0.08,0.04441310524747189,0.03212863345819649,0.013891386514462978,-0.4323677984168692,,
467,1,0.9,0.09,0.1675979166255897,0.11158370848524742,0.04933193005559189,-0.4421069233607172,,
467,1,0.9,0.1,-0.0306830582722688,-0.016321298491587397,-0.008638867318169985,-0.5293002467066439,,
467,1,1.0,0.0,0.45656125743115633,0.5820391802151275,0.21690402426601674,-0.3726622393115303,,
467,1,1.0,0.01,0.21073463034012313,0.21448099145261385,0.09651542816001224,-0.4499952536881842,,
467,1,1.0,0.02,0.39040713296604673,0.40472299167079295,0.17297649001699567,-0.42739477019308314,,
467,1,1.0,0.03,0.25490817377125274,0.2396316504342702,0.10938936568760349,-0.4564896393667683,,
467,1,1.0,0.04,-0.1126484778625435,-0.08625638618419558,-0.046380081543228924,-0.5377002630760221,,
467,1,1.0,0.05,-0.09342253678959311,-0.07228449139659636,-0.036883704728353894,-0.51025751189128,,
467,1,1.0,0.06,0.2000991582669057,0.14389382696422673,0.07584810877703196,-0.527111623738303,,
467,1,1.0,0.07,0.20984197706523577,0.1567966190848097,0.07604916765385417,-0.4850179047082638,,
467,1,1.0,0.08,0.02681614986746514,0.01985604832260834,0.009319408978825328,-0.4693486250340222,,
467,1,1.0,0.09,0.15081862240575505,0.10292768848388122,0.04932555170269426,-0.47922529330306285,,
467,1,1.0,0.1,-0.0461501677131376,-0.025387594465253415,-0.014437398139944935,-0.5686792484299604,,
473,1,0.1,0.0,0.8888698735829836,1.0292608293589771,0.042220207514610975,-0.04101993033282505,,
473,1,0.1,0.01,0.4877669687516899,0.4584485764217125,0.02239973640151871,-0.04885986684996028,,
473,1,0.1,0.02,0.6184550144730778,0.5342599955870624,0.027471178194466317,-0.051419118821127686,,
473,1,0.1,0.03,0.38073510097412555,0.24954915130716757,0.016408007891505205,-0.06575060586484925,,
473,1,0.1,0.04,0.4629721637347755,0.3317389348669478,0.019047010074493942,-0.05741566054684905,,
473,1,0.1,0.05,0.5692157941335508,0.37354404375512945,0.022573125181318154,-0.0604296215096809,,
473,1,0.1,0.06,0.3452633042727445,0.18515020474322408,0.013026568499308055,-0.070356759893266,,
473,1,0.1,0.07,0.1878709782505831,0.09756192299001926,0.0068401809745732844,-0.0701111741644642,,
473,1,0.1,0.08,-0.030142466836494772,-0.01433091128934316,-0.0010547360893177204,-0.07359867548004778,,
473,1,0.1,0.09,-0.0007779510276991294,-0.00032771584888566794,-2.5759060121366417e-05,-0.07860181376321877,,
473,1,0.1,0.1,-0.0750490643661704,-0.029344337705477806,-0.0023727532849725508,-0.0808589823627071,,
473,1,0.2,0.0,0.8818636510955962,1.0248328513576803,0.0837748414146755,-0.08174488288865066,,
473,1,0.2,0.01,0.4692533637209801,0.4456627187211214,0.04309907118055345,-0.09670782268759437,,
473,1,0.2,0.02,0.6035249011717674,0.5287666854136732,0.05361599378093174,-0.10139820692180335,,
473,1,0.2,0.03,0.36161666643704354,0.24276381501483235,0.03116817494062385,-0.12838888258004819,,
473,1,0.2,0.04,0.4460343467133385,0.3257401410552307,0.03670035203363198,-0.11266757580058047,,
473,1,0.2,0.05,0.5549190803005742,0.3722218157769419,0.04401233414190142,-0.11824222083822272,,
473,1,0.2,0.06,0.3281630423075955,0.18116496757434367,0.02476277262401605,-0.1366863194113635,,
473,1,0.2,0.07,0.17006765108050964,0.09094898772226914,0.012383961824690815,-0.13616382254311296,,
473,1,0.2,0.08,-0.04757987553169893,-0.02335682828930796,-0.0033298012482354533,-0.14256221807991518,,
473,1,0.2,0.09,-0.017327489835321435,-0.007563145890717891,-0.0011474754490408134,-0.1517193328835675,,
473,1,0.2,0.1,-0.09068901767207285,-0.03680692246887106,-0.005734452958465974,-0.15579821875398053,,
473,1,0.30000000000000004,0.0,0.8733291387381583,1.0194844148276798,0.12444612612682682,-0.12206770826198607,,
473,1,0.30000000000000004,0.01,0.4498495441140216,0.43202449435231877,0.06197536028906758,-0.1434533483616007,,
473,1,0.30000000000000004,0.02,0.587556590756434,0.5223803289604684,0.07829609960114126,-0.1498833230511373,,
473,1,0.30000000000000004,0.03,0.34188413643890014,0.2351673223034425,0.044201106708975146,-0.1879559892761857,,
473,1,0.30000000000000004,0.04,0.42840968160355974,0.3190131798859061,0.05287525359422052,-0.16574629804678026,,
473,1,0.30000000000000004,0.05,0.5398468515511312,0.37024338204927537,0.06422536418206826,-0.17346795998509046,,
473,1,0.30000000000000004,0.06,0.310630794500209,0.1765578180045837,0.03515971670729523,-0.1991399593892944,,
473,1,0.30000000000000004,0.07,0.1520606819021773,0.08374877060916831,0.01660909938852706,-0.19832051584419075,,
473,1,0.30000000000000004,0.08,-0.064942083911369,-0.03291547894221889,-0.006817301316615065,-0.20711536139523962,,
473,1,0.30000000000000004,0.09,-0.03384327705134681,-0.015303604653862093,-0.0033617964777862275,-0.21967350528346458,,
473,1,0.30000000000000004,0.1,-0.10622644129245566,-0.04474053585832787,-0.010075374276400706,-0.22519565497169397,,
473,1,0.4,0.0,0.8632535543564849,1.013134086940439,0.16401385753233622,-0.16188761156742956,,
473,1,0.4,0.01,0.42960565750788804,0.4175065644578826,0.0789151713934666,-0.18901540265824357,,
473,1,0.4,0.02,0.570579979907993,0.5150580462468154,0.10137846042433418,-0.19682919461810272,,
473,1,0.4,0.03,0.32158701888869534,0.2267294877880729,0.05543594305049315,-0.2445025726089492,,
473,1,0.4,0.04,0.41013521324420393,0.3115289479912038,0.06749303867903622,-0.21665093762311274,,
473,1,0.4,0.05,0.5240237243854083,0.3675706896866633,0.08312385742238959,-0.22614386770949765,,
473,1,0.4,0.06,0.2927007715553094,0.1713021102179493,0.04417366807627521,-0.2578699586366603,,
473,1,0.4,0.07,0.13388510459017366,0.07594533276600303,0.01949845268756656,-0.25674326489086174,,
473,1,0.4,0.08,-0.08219771769139791,-0.04301278188200101,-0.01150495077645064,-0.26747748629727586,,
473,1,0.4,0.09,-0.05029846408278235,-0.023558979744810735,-0.0066618134776569304,-0.2827717307717584,,
473,1,0.4,0.1,-0.12163865775080297,-0.05315273425266411,-0.015382924607809989,-0.2894098454970634,,
473,1,0.5,0.0,0.8516322060947773,1.0057026336588026,0.20225732436239796,-0.2011104650552365,,
473,1,0.5,0.01,0.408576764431738,0.4020848751341079,0.0938154119627912,-0.23332240968154003,,
473,1,0.5,0.02,0.5526302867219075,0.5067590805969957,0.12273653480787972,-0.24219898469956957,,
473,1,0.5,0.03,0.3007777801012639,0.21742246615502475,0.06481099558281,-0.298087850482751,,
473,1,0.5,0.04,0.39125105825186524,0.3032599814845191,0.08048175929264767,-0.2653886572790552,,
473,1,0.5,0.05,0.5074775199730484,0.3641663876397843,0.10062399623409624,-0.2763132448501222,,
473,1,0.5,0.06,0.2744087949325046,0.1653724632198036,0.05176636091591491,-0.3130289040147514,,
473,1,0.5,0.07,0.11557658361922557,0.0675243057273134,0.02104009772398019,-0.31159295156543204,,
473,1,0.5,0.08,-0.0993158113051178,-0.053652882556693995,-0.017376144260453974,-0.3238622685760253,,
473,1,0.5,0.09,-0.0666664172200618,-0.03233764671182385,-0.011037097375696359,-0.3413079954164007,,
473,1,0.5,0.1,-0.13690337111055847,-0.06204962787986243,-0.021641703748729202,-0.34878055659948276,,
473,1,0.6,0.0,0.8384687619483443,0.9971134789679523,0.23895730641391655,-0.23964905846147602,,
473,1,0.6,0.01,0.3868225143984301,0.3857389457968643,0.10658436809125349,-0.2763121775818363,,
473,1,0.6,0.02,0.5337479119022872,0.4974451723000716,0.1422514199641629,-0.28596401751458395,,
473,1,0.6,0.03,0.27951154731193006,0.20722110552193576,0.07227430823678094,-0.3487787021246743,,
473,1,0.6,0.04,0.3718002150296144,0.2941807233945966,0.09177678049894578,-0.31197414786366484,,
473,1,0.6,0.05,0.4902391665289159,0.35999410391120323,0.11664711544085415,-0.32402507200403075,,
473,1,0.6,0.06,0.25579214005012557,0.1587450053509114,0.05790526463794721,-0.3647690490163491,,
473,1,0.6,0.07,0.09717126002478796,0.05847306955325764,0.021227408627542133,-0.36302880607641225,,
473,1,0.6,0.08,-0.11626593048085533,-0.0648380361110586,-0.02441005379582073,-0.376477377476543,,
473,1,0.6,0.09,-0.08292081266762237,-0.04164634003963089,-0.01647375314974653,-0.3955630466943797,,
473,1,0.6,0.1,-0.15199873803102332,-0.07143577460631444,-0.02883357771511652,-0.40362938421287625,,
473,1,0.7000000000000001,0.0,0.8237754456479403,0.9872931986837754,0.2738981250917052,-0.2774232876888614,,
473,1,0.7000000000000001,0.01,0.3644067766481396,0.36845215490683053,0.11714263949678339,-0.3179317529745617,,
473,1,0.7000000000000001,0.02,0.5139782537932567,0.48708094083647335,0.15981294528019196,-0.32810346675799335,,
473,1,0.7000000000000001,0.03,0.25784578771982103,0.196103302058477,0.07778413380357074,-0.39664877127043946,,
473,1,0.7000000000000001,0.04,0.35182835085878617,0.2842677959222927,0.10132131190066995,-0.35642909029472725,,
473,1,0.7000000000000001,0.05,0.47234257941309954,0.35501873594654804,0.13112028510825025,-0.36933342337175085,,
473,1,0.7000000000000001,0.06,0.2368893695994368,0.15139762259291792,0.0625638141429905,-0.4132417211808788,,
473,1,0.7000000000000001,0.07,0.07870559436308938,0.048780927891888586,0.020059104387361693,-0.4112079301119069,,
473,1,0.7000000000000001,0.08,-0.13301829158782505,-0.07656849891088069,-0.03258175099160776,-0.42552422282079977,,
473,1,0.7000000000000001,0.09,-0.09903572987032365,-0.05149003059684666,-0.022954492768094692,-0.44580460531908217,,
473,1,0.7000000000000001,0.1,-0.16690343660529244,-0.08131408091154549,-0.03693776552394301,-0.4542603828250164,,
473,1,0.8,0.0,0.807573154434232,0.9761720442377955,0.306869720095281,-0.314360283012292,,
473,1,0.8,0.01,0.34139722912744486,0.3502120190058599,0.1254239574317162,-0.3581372158150219,,
473,1,0.8,0.02,0.49337147836984785,0.47563427193541397,0.1753207005351931,-0.3686040112748641,,
473,1,0.8,0.03,0.23583996696761564,0.18405035133907538,0.08130932040121919,-0.44177758863075073,,
473,1,0.8,0.04,0.3313835676923116,0.2735002748577019,0.10906687955387495,-0.3987816085765209,,
473,1,0.8,0.05,0.4538245196035795,0.34920675206461627,0.14397685794304782,-0.4122968902858062,,
473,1,0.8,0.06,0.2177401581269901,0.14331020805538944,0.0657215997133771,-0.45859677831167256,,
473,1,0.8,0.07,0.06021620773345799,0.038439277854339246,0.017539260713274052,-0.4562848651771464,,
473,1,0.8,0.08,-0.1495438770219368,-0.08884243043537818,-0.04186235317424203,-0.4711977482954126,,
473,1,0.8,0.09,-0.11498574262003748,-0.06187181126812432,-0.030458726082125853,-0.49228760978293606,,
473,1,0.8,0.1,-0.18159673264249984,-0.09168571150109894,-0.045930938386168796,-0.5009607018823022,,
473,1,0.9,0.0,0.7898914952630732,0.9636844912313557,0.3376697248005882,-0.350394478559189,,
473,1,0.9,0.01,0.3178649098187477,0.33101046077747776,0.13137587378064985,-0.3968934198395847,,
473,1,0.9,0.02,0.4719822458868617,0.46307670532235296,0.1886849854906001,-0.4074594625943327,,
473,1,0.9,0.03,0.2135551902264954,0.1710472915194236,0.08282960288633134,-0.4842497191890669,,
473,1,0.9,0.04,0.31051614850884296,0.2618599632145417,0.11497373287211876,-0.439065718411947,,
473,1,0.9,0.05,0.43472443141586575,0.34252650144141183,0.15515697561060282,-0.45297801763564266,,
473,1,0.9,0.06,0.1983851091283444,0.1344649098008089,0.06736451465271975,-0.5009821131216384,,
473,1,0.9,0.07,0.041739721945792736,0.02744177246807046,0.01367728688787162,-0.4984112051721754,,
473,1,0.9,0.08,-0.16581454593080364,-0.1016558072370596,-0.05221919228049765,-0.5136862683970763,,
473,1,0.9,0.09,-0.1307460074413472,-0.07279279249479938,-0.038962669008151596,-0.5352544898031664,,
473,1,0.9,0.1,-0.19605854307271747,-0.1025500089705559,-0.05578733065447472,-0.5440012264698324,,
473,1,1.0,0.0,0.7707687370334283,0.9497698069011187,0.3661055120717609,-0.3854676253252136,,
473,1,1.0,0.01,0.29388373505663284,0.3108440616298811,0.1349603113718334,-0.43417368395002276,,
473,1,1.0,0.02,0.449869396433344,0.4493838186243163,0.1998276683743403,-0.4446703688309607,,
473,1,1.0,0.03,0.1910538292700638,0.15708323310391073,0.08233579542167124,-0.5241539392508303,,
473,1,1.0,0.04,0.28927828630608965,0.24933166087688305,0.11901118177724612,-0.47732077570370174,,
473,1,1.0,0.05,0.41508426055305,0.3349485298117017,0.16460802863914425,-0.4914427560905614,,
473,1,1.0,0.06,0.17886556596834688,0.12484637395993117,0.0674848591906414,-0.5405432056224583,,
473,1,1.0,0.07,0.023312599922883797,0.01578447341085973,0.008487867788054881,-0.5377352520493476,,
473,1,1.0,0.08,-0.1818031396173876,-0.11500235061324017,-0.06361600513517418,-0.5531713464633313,,
473,1,1.0,0.09,-0.14629234877621364,-0.08425200940969566,-0.04843946820878542,-0.5749354650194378,,
473,1,1.0,0.1,-0.21026949617215537,-0.11390442486749949,-0.0664788617933657,-0.5836372192800933,,
479,1,0.1,0.0,0.8080597059228024,0.8391672677084763,0.03838336405746867,-0.04573982510338203,,
479,1,0.1,0.01,0.34877761246386646,0.26970603191887704,0.01608853749820005,-0.05965212340167167,,
479,1,0.1,0.02,0.36542007266296567,0.25539181169471326,0.016218800685189327,-0.06350556260032618,,
479,1,0.1,0.03,0.13198167272775516,0.0760567321299984,0.005657859788063213,-0.07438999322759007,,
479,1,0.1,0.04,0.22353086797221267,0.13233321067610837,0.009179591290996214,-0.0693672528921231,,
479,1,0.1,0.05,0.36474334691676114,0.20866044817391896,0.014368090238247921,-0.06885871454791512,,
479,1,0.1,0.06,0.4271515600952137,0.2507853681787365,0.01629013169726612,-0.06495646781775574,,
479,1,0.1,0.07,0.3773786144787342,0.22511389269519128,0.013859159322673342,-0.061565100033337,,
479,1,0.1,0.08,0.06508570186184305,0.032908426923351185,0.0022896711894160315,-0.06957704768900166,,
479,1,0.1,0.09,0.21310793205924444,0.09027982678331556,0.007173423225171227,-0.07945765383875253,,
479,1,0.1,0.1,-0.02636168361627046,-0.00982162576024796,-0.0008387270704061089,-0.08539595082117384,,
479,1,0.2,0.0,0.7979844357240188,0.8341607030017826,0.07580956427869423,-0.09088124627051897,,
479,1,0.2,0.01,0.32779420381158214,0.2583790435845963,0.030241214752633416,-0.11704205702244613,,
479,1,0.2,0.02,0.34548620391800605,0.24692481752877826,0.030668112126379654,-0.12420020163751012,,
479,1,0.2,0.03,0.11069411513992766,0.06571864587285467,0.009490587138069051,-0.1444123963909788,,
479,1,0.2,0.04,0.20365933240014444,0.12390363880674236,0.016727080702454655,-0.13500072204129998,,
479,1,0.2,0.05,0.34710793242801974,0.20410412838675485,0.027346780346760413,-0.13398445471392562,,
479,1,0.2,0.06,0.4109452448064597,0.2475089590257812,0.031344154083249975,-0.12663846273130291,,
479,1,0.2,0.07,0.36112892883196535,0.22064621671436288,0.026524785288227326,-0.12021409513930137,,
479,1,0.2,0.08,0.047496395325935116,0.02473383783995835,0.00334178244585126,-0.1351097418635331,,
479,1,0.2,0.09,0.19680719990441942,0.08639955749328591,0.013249449000169555,-0.1533508895713866,,
479,1,0.2,0.1,-0.0422252834222632,-0.01637275939465893,-0.002686891230267552,-0.16410741558591893,,
479,1,0.30000000000000004,0.0,0.7864592136803672,0.828268978756573,0.11207197968337246,-0.1353086769609782,,
479,1,0.30000000000000004,0.01,0.3061757017503984,0.24612996180580296,0.042370144320768244,-0.17214541460091873,,
479,1,0.30000000000000004,0.02,0.3249308355342715,0.23758643417642142,0.04326518042315919,-0.18210290740351082,,
479,1,0.30000000000000004,0.03,0.08923948089667319,0.05459510949271524,0.01147669506010307,-0.2102147090965068,,
479,1,0.30000000000000004,0.04,0.18347825435370824,0.11473896000321397,0.022604332918733983,-0.19700660454043517,,
479,1,0.30000000000000004,0.05,0.32897485217489947,0.19886818934870276,0.03887725768367689,-0.1954925914043904,,
479,1,0.30000000000000004,0.06,0.3941892247159576,0.24360345512511053,0.04509917545075681,-0.18513356236098807,,
479,1,0.30000000000000004,0.07,0.34442952386252507,0.2155890608857322,0.037947330321593364,-0.17601695635988893,,
479,1,0.30000000000000004,0.08,0.02986620367094843,0.016019034479940596,0.0031520188363840518,-0.19676709231952041,,
479,1,0.30000000000000004,0.09,0.18030207125749423,0.08201492572913281,0.018207436762308182,-0.2220015027806171,,
479,1,0.30000000000000004,0.1,-0.058031872629726255,-0.023410958992179327,-0.0055390509076821415,-0.2366007693034924,,
479,1,0.4,0.0,0.773487713793669,0.821419808453848,0.14696468736114832,-0.17891544110407903,,
479,1,0.4,0.01,0.283985975805499,0.23293828246452716,0.052399223544579376,-0.22494895639388496,,
479,1,0.4,0.02,0.3038094238467385,0.2273499293284872,0.05393709716868367,-0.23724263881671367,,
479,1,0.4,0.03,0.06767649247186751,0.04267247963190321,0.011604765947877516,-0.27194965110959823,,
479,1,0.4,0.04,0.16303731839410046,0.10482089627687172,0.026781374073560293,-0.2554965185836661,,
479,1,0.4,0.05,0.3103822296394225,0.19292403708066352,0.04890671669825464,-0.2535024532884217,,
479,1,0.4,0.06,0.3769146594693227,0.23903977791081893,0.05749705739121591,-0.2405334287612455,,
479,1,0.4,0.07,0.32731049303109566,0.2099201851962311,0.04808166755465515,-0.22904737583814977,,
479,1,0.4,0.08,0.012227612141155707,0.006755108625060561,0.001720636664217734,-0.25471635760739647,,
479,1,0.4,0.09,0.16361972009629105,0.07710526470877911,0.02203040476050333,-0.28571855428692894,,
479,1,0.4,0.1,-0.07375785463587177,-0.03094724588284983,-0.009386761519283637,-0.30331492355788403,,
479,1,0.5,0.0,0.7590816286039396,0.8135428602017564,0.18028436690063554,-0.22160401832538426,,
479,1,0.5,0.01,0.2612923251510935,0.2187871900936427,0.06026492557088603,-0.2754499728484659,,
479,1,0.5,0.02,0.28218057359691673,0.21619152139761144,0.06262149814388973,-0.2896575117241466,,
479,1,0.5,0.03,0.046064378187118324,0.029940386113629765,0.009873560003464954,-0.3297739703821058,,
479,1,0.5,0.04,0.14238744043313292,0.09413363584309549,0.02923664458525055,-0.3105865860103713,,
479,1,0.5,0.05,0.2913702157930914,0.18624458667939708,0.05738875826854084,-0.3081365171022678,,
479,1,0.5,0.06,0.3591548332789343,0.23378992154878556,0.06848481991402955,-0.2929331575131165,,
479,1,0.5,0.07,0.3098035322824572,0.20361846372662917,0.056887385080898634,-0.2793822526687638,,
479,1,0.5,0.08,-0.005386887727683747,-0.0030652416611963653,-0.0009475354246680778,-0.30912258457894454,,
479,1,0.5,0.09,0.14678789052655508,0.07165093665245588,0.02470512601061592,-0.3447983678210456,,
479,1,0.5,0.1,-0.08937989216450938,-0.03899116691024379,-0.014218616724101074,-0.36466250822479357,,
479,1,0.6,0.0,0.7432607876968613,0.8045702154521275,0.21183223859353073,-0.2632862048895158,,
479,1,0.6,0.01,0.23816502930691408,0.20366389228744272,0.06591696601790065,-0.323655633198192,,
479,1,0.6,0.02,0.2601056805361036,0.20409073483604032,0.06926716683554757,-0.3393939802862413,,
479,1,0.6,0.03,0.024462513093784954,0.016392015811300262,0.006292031292880695,-0.3838473172130007,,
479,1,0.6,0.04,0.1215804882243727,0.08266409480785233,0.02995718312152551,-0.3623965542858621,,
479,1,0.6,0.05,0.2719807994510444,0.1788045418407042,0.06428374421549465,-0.35951963833650613,,
479,1,0.6,0.06,0.3409450161728683,0.22782719403152474,0.07801501481691231,-0.3424306529716434,,
479,1,0.6,0.07,0.2919418119198758,0.19666406817316426,0.06432905197772665,-0.3271011963460677,,
479,1,0.6,0.08,-0.02294492998725816,-0.013447584351285886,-0.004843123171339059,-0.36014819054665004,,
479,1,0.6,0.09,0.1298347953664807,0.06563351797889962,0.026222203768323737,-0.3995245809733048,,
479,1,0.6,0.1,-0.10487498349453757,-0.04755066099052694,-0.020020304229197095,-0.42103103957241617,,
479,1,0.7000000000000001,0.0,0.7260532000883713,0.7944368614385373,0.24141601010261415,-0.30388319301481914,,
479,1,0.7000000000000001,0.01,0.21467686868354113,0.1875599407936141,0.06931883555222162,-0.36958230664243064,,
479,1,0.7000000000000001,0.02,0.2376485478796202,0.19103075019490845,0.07383453465396905,-0.38650601842182875,,
479,1,0.7000000000000001,0.03,0.0029300589824447325,0.0020243795398314376,0.0008792511706785522,-0.43433118808924737,,
479,1,0.7000000000000001,0.04,0.10066899427277434,0.07040217161763981,0.02893873951449999,-0.4110489612688192,,
479,1,0.7000000000000001,0.05,0.2522576039987234,0.1705806784198824,0.06955910323582981,-0.40777832448649826,,
479,1,0.7000000000000001,0.06,0.3223223115892043,0.22112646455257484,0.08604606366202883,-0.3891260317309084,,
479,1,0.7000000000000001,0.07,0.273759839035109,0.18903865392577612,0.07037645366853584,-0.3722860494773114,,
479,1,0.7000000000000001,0.08,-0.04041440532566158,-0.02439563169626989,-0.009952261065814705,-0.4079525871566758,,
479,1,0.7000000000000001,0.09,0.11278901220100787,0.05903598539085223,0.026576125923334137,-0.4501682447982341,,
479,1,0.7000000000000001,0.1,-0.12022053698613637,-0.0566319328389067,-0.02677467576796133,-0.4727840712080882,,
479,1,0.8,0.0,0.7074950180443621,0.7830812129846307,0.26885180535445685,-0.3433255719796377,,
479,1,0.8,0.01,0.1909026200822313,0.1704715340061566,0.07044819052463258,-0.41325486354858715,,
479,1,0.8,0.02,0.21487498034798233,0.17699874393722598,0.07629607105271852,-0.4310543078191421,,
479,1,0.8,0.03,-0.018474393066102202,-0.013161443124376124,-0.006335760017418979,-0.48138794184997896,,
479,1,0.8,0.04,0.07970586364171299,0.05734099049722818,0.026185815260834744,-0.4566683455197822,,
479,1,0.8,0.05,0.23224567201609111,0.16155212891764018,0.07318958497644656,-0.45304005256259333,,
479,1,0.8,0.06,0.303325491326177,0.21366441490884885,0.09254255702102476,-0.43312105602846523,,
479,1,0.8,0.07,0.2552933113744098,0.1807255470268932,0.07500479445530805,-0.4150204311964087,,
479,1,0.8,0.08,-0.05776359046117101,-0.035911126051659865,-0.016256673904436525,-0.45269184489092673,,
479,1,0.8,0.09,0.09567937749946445,0.05184290075560736,0.02576529787858961,-0.49698796755316244,,
479,1,0.8,0.1,-0.13539444353090005,-0.06623933569496314,-0.03446183077680165,-0.5202623247234972,,
479,1,0.9,0.0,0.6876304209431475,0.7704456586121722,0.29396604893841194,-0.38155325512242116,,
479,1,0.9,0.01,0.1669185326191359,0.15239979538675824,0.06929709584840804,-0.45470596382722667,,
479,1,0.9,0.02,0.1918523598320375,0.1619862127160593,0.0766365581994739,-0.47310543850918835,,
479,1,0.9,0.03,-0.0396931742059705,-0.029160086246803385,-0.015314290886236703,-0.5251798899571328,,
479,1,0.9,0.04,0.05874407920071894,0.043477129948332534,0.02171163108023144,-0.4993805043256804,,
479,1,0.9,0.05,0.21199123945680343,0.1517006644949561,0.0751574595008484,-0.49543263209204547,,
479,1,0.9,0.06,0.2839948189855052,0.20541979243075426,0.09747551200387794,-0.4745185984779745,,
479,1,0.9,0.07,0.23657896360485306,0.1717099301901331,0.07819486533886844,-0.4553893024840431,,
479,1,0.9,0.08,-0.07496127506385379,-0.04799373496097342,-0.023733784876428854,-0.4945183969476061,,
479,1,0.9,0.09,0.07853487940985597,0.04404059256327242,0.02379205364393755,-0.5402300981703615,,
479,1,0.9,0.1,-0.15037514656232692,-0.0763752648399915,-0.043059213203757385,-0.5637847972634562,,
479,1,1.0,0.0,0.666511418873353,0.7564771251184501,0.316597279279756,-0.41851533743361086,,
479,1,1.0,0.01,0.14280178981864897,0.1332924821019162,0.06587211644914381,-0.4941922860944072,,
479,1,1.0,0.02,0.16864920695930524,0.1459892765979294,0.07485324638723467,-0.5127311274607435,,
479,1,1.0,0.03,-0.06066988012518201,-0.04596171226627026,-0.026008283423937573,-0.5658684618463218,,
479,1,1.0,0.04,0.03783640688095278,0.02881083228701812,0.015538021850752148,-0.5393118010600975,,
479,1,1.0,0.05,0.19154150114593568,0.14101097086683298,0.07545265996208372,-0.535083614404295,,
479,1,1.0,0.06,0.26437186315618055,0.19637366170614554,0.10082258547541834,-0.5134221391985333,,
479,1,1.0,0.07,0.21765440701070568,0.1619790259216906,0.0799331755512962,-0.4934785543774056,,
479,1,1.0,0.08,-0.09197688541176273,-0.06064095716642023,-0.03235684929180993,-0.5335807811049436,,
479,1,1.0,0.09,0.06138454985033156,0.03561733165048523,0.020662645041322758,-0.5801289452024759,,
479,1,1.0,0.1,-0.1651417092810374,-0.08704006362788688,-0.05254172079572872,-0.6036498435979406,,
485,1,0.1,0.0,0.5644077752071054,0.482879446146566,0.026814045859095748,-0.05552948271680425,,
485,1,0.1,0.01,0.4219277256427005,0.36888840534602113,0.019483566934902052,-0.052816967550460864,,
485,1,0.1,0.02,0.21489786551699064,0.15597588618907127,0.009558199631315656,-0.06127998285407638,,
485,1,0.1,0.03,-0.10410101252744242,-0.05815108234141778,-0.004452255763122026,-0.07656359235038575,,
485,1,0.1,0.04,-0.1631925183227072,-0.09016575527929488,-0.006724545305417329,-0.07457981452700715,,
485,1,0.1,0.05,0.12700996516647162,0.06544588443201405,0.005045367186411909,-0.07709219961192663,,
485,1,0.1,0.06,-0.2052905697722592,-0.08991729474841863,-0.00784302383830593,-0.0872248643628579,,
485,1,0.1,0.07,-0.150776918381913,-0.06143912234200067,-0.005521959885780525,-0.08987693305647425,,
485,1,0.1,0.08,-0.02194994224033488,-0.00973573488228077,-0.0007715482496913895,-0.07924910230409236,,
485,1,0.1,0.09,-0.2950546128191489,-0.09802932951501202,-0.009875687489523166,-0.10074217112757894,,
485,1,0.1,0.1,-0.04819931513925683,-0.01781849249253443,-0.0015417356751303846,-0.08652447314363652,,
485,1,0.2,0.0,0.5469549657653162,0.47487461799975494,0.051969785602296925,-0.10943896269125031,,
485,1,0.2,0.01,0.4020642390383869,0.35623472951314067,0.03713264162245933,-0.10423644452972851,,
485,1,0.2,0.02,0.1932776763416613,0.14317874712231357,0.017193159274114356,-0.12008178322322324,,
485,1,0.2,0.03,-0.12504760577332721,-0.07206938187635908,-0.010696224944443111,-0.1484156609361984,,
485,1,0.2,0.04,-0.18295741930532283,-0.10422750539310219,-0.015077963962146779,-0.1446639627925379,,
485,1,0.2,0.05,0.1072791702005486,0.05711231975472221,0.008523154925771603,-0.14923496300580374,,
485,1,0.2,0.06,-0.2232817534687902,-0.10170921470144201,-0.017060736078205463,-0.16774031859636,,
485,1,0.2,0.07,-0.16846194248473223,-0.07153432225982582,-0.012339290372351153,-0.17249468482461577,,
485,1,0.2,0.08,-0.03948320979767897,-0.018142765334453498,-0.0027756976376565046,-0.15299198256097132,,
485,1,0.2,0.09,-0.30999857856935165,-0.10806497877320104,-0.020751745277907574,-0.19203025358899886,,
485,1,0.2,0.1,-0.06410154113333981,-0.02467611144637306,-0.004100789918303871,-0.16618460843053992,,
485,1,0.30000000000000004,0.0,0.5284087394991737,0.4658924106339184,0.07531138015282668,-0.16164972520233575,,
485,1,0.30000000000000004,0.01,0.38142163879588414,0.34271238119790515,0.05283929150600164,-0.15417969821022803,,
485,1,0.30000000000000004,0.02,0.17131797788589534,0.129592262207667,0.02285957697803065,-0.17639615659613217,,
485,1,0.30000000000000004,0.03,-0.14573261116906308,-0.08667192987562924,-0.018698344296542935,-0.2157370249326894,,
485,1,0.30000000000000004,0.04,-0.2023867543739794,-0.11889612907705605,-0.025018773770859037,-0.2104254693998026,,
485,1,0.30000000000000004,0.05,0.08740693189972466,0.04807901165473407,0.010416507055028168,-0.21665393477368858,,
485,1,0.30000000000000004,0.06,-0.2409329350430976,-0.11412102684794648,-0.02761416788514426,-0.24197265524027445,,
485,1,0.30000000000000004,0.07,-0.1859035445729874,-0.08224151257336441,-0.020425246651272433,-0.24835689437316558,,
485,1,0.30000000000000004,0.08,-0.056950060481382084,-0.027107607570953623,-0.00600544443394746,-0.22154092419363564,,
485,1,0.30000000000000004,0.09,-0.32459499854317425,-0.1186609335723857,-0.032593275553086776,-0.27467570473144964,,
485,1,0.30000000000000004,0.1,-0.07992527027552641,-0.03202804897172388,-0.007669630170399788,-0.2394660435660929,,
485,1,0.4,0.0,0.5088147980152544,0.45588715432213883,0.09669167525384448,-0.2120956344944965,,
485,1,0.4,0.01,0.36005776903908326,0.3282980606132656,0.06650626841664486,-0.2025789256641059,,
485,1,0.4,0.02,0.14908256073180104,0.11520695394305902,0.026523499869934852,-0.23022481683739401,,
485,1,0.4,0.03,-0.1661015235173442,-0.10195378825930494,-0.028415726125564644,-0.27871182239244796,,
485,1,0.4,0.04,-0.22143426321003076,-0.13416381074837896,-0.03649786768246388,-0.27203958712021653,,
485,1,0.4,0.05,0.06743988356426063,0.038329831346497915,0.010715977290272738,-0.2795727743595153,,
485,1,0.4,0.06,-0.25820876204988097,-0.12715171255364832,-0.03945894793439919,-0.3103296616453398,,
485,1,0.4,0.07,-0.20306859818123063,-0.09356548403541802,-0.029748231102008083,-0.31794022559373786,,
485,1,0.4,0.08,-0.07431860109403446,-0.03663893881538793,-0.01044930067984362,-0.28519659732762337,,
485,1,0.4,0.09,-0.3388229376892343,-0.12981943492263198,-0.04536257765882856,-0.34942824767233915,,
485,1,0.4,0.1,-0.09564671651544165,-0.03988483692794089,-0.012237680525948869,-0.3068253870025452,,
485,1,0.5,0.0,0.4882252957419506,0.44481620266006777,0.11597373428095925,-0.26072281896976524,,
485,1,0.5,0.01,0.33803479158462757,0.31297188021466366,0.07804800547454493,-0.24937705400565938,,
485,1,0.5,0.02,0.12663673037576167,0.10001664922655436,0.028162661054744742,-0.28157972970031847,,
485,1,0.5,0.03,-0.18610161979498746,-0.11790648261979983,-0.03979653939677841,-0.3375263048521765,,
485,1,0.5,0.04,-0.24005563670926175,-0.15001970527701022,-0.049458915808875625,-0.3296827954537714,,
485,1,0.5,0.05,0.04742504940204385,0.02785116406122486,0.009419606869170316,-0.3382123220581845,,
485,1,0.5,0.06,-0.27507549928984787,-0.14079722952213264,-0.052545611341464404,-0.37320060572075736,,
485,1,0.5,0.07,-0.2199250927937707,-0.10550830100983011,-0.040271997641166846,-0.38169506338098214,,
485,1,0.5,0.08,-0.09155732261781473,-0.04674352086680992,-0.01609136170809511,-0.3442479601385938,,
485,1,0.5,0.09,-0.35266264562929023,-0.14154006978376182,-0.05901934635399286,-0.41697977430815036,,
485,1,0.5,0.1,-0.11124241709253273,-0.04825544910859558,-0.017791373437960445,-0.3686914901138352,,
485,1,0.6,0.0,0.4666985511649552,0.4326404139207375,0.1330322887425004,-0.3074892785371474,,
485,1,0.6,0.01,0.31541879010672474,0.29671766685348666,0.08739150431807863,-0.29452747200668317,,
485,1,0.6,0.02,0.10404688400829376,0.08401871077974506,0.027766703572650986,-0.33048238082873427,,
485,1,0.6,0.03,-0.20568226031107856,-0.1345178673557271,-0.052780468120839474,-0.39236771410643645,,
485,1,0.6,0.04,-0.25820874374575953,-0.1664498535975852,-0.06383882349825787,-0.3835318693196136,,
485,1,0.6,0.05,0.027409600337063147,0.016632161044705503,0.0065329439915375875,-0.39278984697043995,,
485,1,0.6,0.06,-0.2915011733898578,-0.15505038231891505,-0.0668199417341111,-0.43095631713227667,,
485,1,0.6,0.07,-0.236442265273849,-0.11806914132638763,-0.05195588495202563,-0.44004626753742515,,
485,1,0.6,0.08,-0.10863522628771433,-0.05742605422737023,-0.022911400252277447,-0.39897221845615655,,
485,1,0.6,0.09,-0.3660956156031794,-0.1538196485288515,-0.07352088190936346,-0.47796807893221366,,
485,1,0.6,0.1,-0.1266893096541636,-0.05714716571993572,-0.0243142162232568,-0.4254667036754688,,
485,1,0.7000000000000001,0.0,0.44429869388950793,0.4193246415278846,0.1477550851262217,-0.35236442243854194,,
485,1,0.7000000000000001,0.01,0.29227933470984674,0.27952325751941176,0.09447709986309882,-0.3379936993491061,,
485,1,0.7000000000000001,0.02,0.08138007723725549,0.06721425322218248,0.02533728828166759,-0.3769630259509544,,
485,1,0.7000000000000001,0.03,-0.22479517100079263,-0.15177202009680246,-0.0672992413731337,-0.4434232431656984,,
485,1,0.7000000000000001,0.04,-0.2758538399535931,-0.18343712304411433,-0.07956824028790155,-0.43376301899788505,,
485,1,0.7000000000000001,0.05,0.007440608903892244,0.00466498102239724,0.00206900480391381,-0.4435183753117585,,
485,1,0.7000000000000001,0.06,-0.3074557050744628,-0.16990071864109976,-0.08222334317441271,-0.48394935484706364,,
485,1,0.7000000000000001,0.07,-0.25259072315153047,-0.13124415741263154,-0.06475507650720458,-0.49339397489226633,,
485,1,0.7000000000000001,0.08,-0.12552194651919218,-0.06868904205562468,-0.03088498637128212,-0.44963483908061097,,
485,1,0.7000000000000001,0.09,-0.37910463692565805,-0.16665210735734376,-0.08882231052192435,-0.532980422092516,,
485,1,0.7000000000000001,0.1,-0.14196480735200898,-0.06656544594565172,-0.03178687191564222,-0.4775281148359624,,
485,1,0.8,0.0,0.42109525071295856,0.40483822766448163,0.1600441079610775,-0.39532854613156115,,
485,1,0.8,0.01,0.2686890113710963,0.2613807842148703,0.09925909144268119,-0.37974900006836154,,
485,1,0.8,0.02,0.05870358517546136,0.04960833978163891,0.020888084107532068,-0.4210599306381785,,
485,1,0.8,0.03,-0.24339470440236868,-0.1696491690668816,-0.08327722845947627,-0.4908790825061188,,
485,1,0.8,0.04,-0.2929537569257557,-0.20096117491814436,-0.09657211402027122,-0.4805511017718076,,
485,1,0.8,0.05,-0.012435194783716776,-0.008054982843663015,-0.003951823694222534,-0.4906060969864755,,
485,1,0.8,0.06,-0.32291102828726137,-0.1853344544030071,-0.09869323838180899,-0.532514252137932,,
485,1,0.8,0.07,-0.2683425590028791,-0.14502636190889373,-0.07862088507251752,-0.5421144406967028,,
485,1,0.8,0.08,-0.1421878699308545,-0.08053266616074785,-0.03998363220142087,-0.49648961232217537,,
485,1,0.8,0.09,-0.3916738407392634,-0.18002843827635995,-0.10487681346864741,-0.5825569252989464,,
485,1,0.8,0.1,-0.1570468715386479,-0.07651381052666484,-0.04018725391748135,-0.5252287611982964,,
485,1,0.9,0.0,0.39716267479758427,0.3891554933792892,0.1698166605602165,-0.4363722559473296,,
485,1,0.9,0.01,0.24472292122083725,0.24228694325987668,0.10170623103668253,-0.41977594693409687,,
485,1,0.9,0.02,0.036084462390284316,0.031210155556565197,0.014444640706726464,-0.4628186066085777,,
485,1,0.9,0.03,-0.26143807712219835,-0.18812565674533088,-0.1006320920014111,-0.5349195518697303,,
485,1,0.9,0.04,-0.3094740704448994,-0.21899846154627245,-0.11477028395989675,-0.5240689050943255,,
485,1,0.9,0.05,-0.032171664009949655,-0.021528894556777315,-0.011501937815964869,-0.5342558479085517,,
485,1,0.9,0.06,-0.33784119544283026,-0.2013344303914349,-0.11616348949313249,-0.5769678304266546,,
485,1,0.9,0.07,-0.28367145523100823,-0.1594055407316237,-0.09350105918089036,-0.5865609109429226,,
485,1,0.9,0.08,-0.15860424973101356,-0.09295467721695631,-0.050174960344014696,-0.5397787593507133,,
485,1,0.9,0.09,-0.40378873889151257,-0.19393664885287276,-0.12163586337736465,-0.6271937980615615,,
485,1,0.9,0.1,-0.1719140816976413,-0.08699373623275926,-0.0494906338067852,-0.5688988190410483,,
485,1,1.0,0.0,0.37257982287263464,0.3722562179392391,0.17700628686439868,-0.47549585026217145,,
485,1,1.0,0.01,0.22045815505773184,0.22224324412604943,0.10180206133336012,-0.4580659436181609,,
485,1,1.0,0.02,0.013589106221156376,0.012033153246493197,0.006044145192437789,-0.5022910511173972,,
485,1,1.0,0.03,-0.27888558188420653,-0.2071739428033872,-0.1192754910878775,-0.5757263170932295,,
485,1,1.0,0.04,-0.32538324659703427,-0.23752225476313754,-0.13407810638957962,-0.5644865005314356,,
485,1,1.0,0.05,-0.05172347143549059,-0.035754289497178224,-0.020546726802569637,-0.5746646651779002,,
485,1,1.0,0.06,-0.35222246822145326,-0.21788010284372925,-0.13456483742591785,-0.6176095736581884,,
485,1,1.0,0.07,-0.2985527786441712,-0.17436819622648417,-0.1093401088942264,-0.6270645178447922,,
485,1,1.0,0.08,-0.17474331477815105,-0.1059503013013347,-0.06142289450520988,-0.5797330800458621,,
485,1,1.0,0.09,-0.4154362558134683,-0.20836175345210448,-0.13904946596263312,-0.6673463995137477,,
485,1,1.0,0.1,-0.18654570226108444,-0.09800456401526048,-0.05966976156968673,-0.6088467630996801,,
491,1,0.1,0.0,0.4506664178258261,0.39059320817134474,0.021420346863687545,-0.05484055128344911,,
491,1,0.1,0.01,0.3978204945140153,0.32373899728723343,0.018331800821063116,-0.05662524742052763,,
491,1,0.1,0.02,0.12860283499099676,0.08476429085654048,0.005743086322494539,-0.06775360549189799,,
491,1,0.1,0.03,-0.028123945030989944,-0.016288142803585544,-0.0012134107054823096,-0.0744965660059905,,
491,1,0.1,0.04,-0.015014385065325927,-0.008088364397025876,-0.00062273567543214,-0.07699154549232752,,
491,1,0.1,0.05,-0.3045114014678198,-0.1487955832310736,-0.012075416886788704,-0.08115440407956237,,
491,1,0.1,0.06,-0.43597729518417777,-0.17517088002742995,-0.016552820305596794,-0.09449527400333202,,
491,1,0.1,0.07,-0.3328447697965638,-0.14162620392407285,-0.012182818225595193,-0.0860209331892177,,
491,1,0.1,0.08,-0.13462586985972944,-0.05452951737863808,-0.0047073931568294425,-0.08632743114417445,,
491,1,0.1,0.09,-0.20527750239091982,-0.08027676438151467,-0.00683356626451237,-0.08512508341810965,,
491,1,0.1,0.1,-0.15802549691867163,-0.06686517422030067,-0.0050202233704980115,-0.07507979197000046,,
491,1,0.2,0.0,0.4307238328169525,0.37862312021059846,0.040944936371814844,-0.10814166960813268,,
491,1,0.2,0.01,0.37759580927010267,0.31234773121242937,0.034799671016767064,-0.11141323447968195,,
491,1,0.2,0.02,0.10640429033251504,0.07187702102525768,0.009503507827120394,-0.13221899977992757,,
491,1,0.2,0.03,-0.04961176989786895,-0.029597189076359283,-0.0042810105513764185,-0.14464247061880178,,
491,1,0.2,0.04,-0.03570721423722404,-0.019858936504025964,-0.002961980271462439,-0.14915100165922593,,
491,1,0.2,0.05,-0.32201560821166597,-0.16296296523200196,-0.02553909439492441,-0.15671716796859778,,
491,1,0.2,0.06,-0.45072011852730093,-0.18912009182156664,-0.03422512691606083,-0.18097033787585076,,
491,1,0.2,0.07,-0.3486672869323301,-0.15421383878924239,-0.025523911224468177,-0.16550986231106432,,
491,1,0.2,0.08,-0.1516221599761139,-0.06388075079101901,-0.010603387284166543,-0.16598720511057724,,
491,1,0.2,0.09,-0.2209899719390604,-0.0897171592744272,-0.014713250107285969,-0.16399594265218567,,
491,1,0.2,0.1,-0.1733506072895653,-0.07588072929753059,-0.011014156411138898,-0.14515090343889636,,
491,1,0.30000000000000004,0.0,0.409900192509837,0.36571088206908353,0.05844813784047953,-0.15982061433282305,,
491,1,0.30000000000000004,0.01,0.3566401648312842,0.3000624635385304,0.049302561506779474,-0.1643076608962408,,
491,1,0.30000000000000004,0.02,0.08403428869464294,0.058201108597746035,0.01125829397283229,-0.19343779257957797,,
491,1,0.30000000000000004,0.03,-0.07097178593962698,-0.04362376698364209,-0.009186256560178352,-0.2105791680856673,,
491,1,0.30000000000000004,0.04,-0.05630638354616093,-0.032334024773873496,-0.007006079896619166,-0.21667824978844613,,
491,1,0.30000000000000004,0.05,-0.3390125225839858,-0.1776854808037826,-0.04033068240115911,-0.22697792874644682,,
491,1,0.30000000000000004,0.06,-0.4648466020498936,-0.20363419267147115,-0.05294671781117832,-0.26000897548968493,,
491,1,0.30000000000000004,0.07,-0.3640276370418718,-0.16733484577401012,-0.039972530142666995,-0.2388775031152262,,
491,1,0.30000000000000004,0.08,-0.16841835445172926,-0.07379141684710627,-0.017666992459694386,-0.23941798673279163,,
491,1,0.30000000000000004,0.09,-0.2364492730294951,-0.09964725961243578,-0.023613768045060324,-0.23697358198211174,,
491,1,0.30000000000000004,0.1,-0.1884914581624364,-0.08534311305306229,-0.017964238212014205,-0.21049429261907632,,
491,1,0.4,0.0,0.3882557993979669,0.35182700753431145,0.07381578538791356,-0.20980704666544048,,
491,1,0.4,0.01,0.33501320670374196,0.286859113535265,0.061750417209863295,-0.21526391979968248,,
491,1,0.4,0.02,0.061559356791223555,0.043729590463139456,0.01099635789627773,-0.25146263159145704,,
491,1,0.4,0.03,-0.09214533400618972,-0.05836755072604984,-0.015902482332425194,-0.27245416562130653,,
491,1,0.4,0.04,-0.07675948080656032,-0.04551767706217765,-0.012734685281592939,-0.27977449868975557,,
491,1,0.4,0.05,-0.35546853092052616,-0.192952092055407,-0.05638449897519926,-0.29222020022984885,,
491,1,0.4,0.06,-0.4783358903903319,-0.21870095635991663,-0.07264422369521739,-0.3321623503816172,,
491,1,0.4,0.07,-0.37890068625655593,-0.18098275110041265,-0.05547424631654285,-0.30651675907923787,,
491,1,0.4,0.08,-0.1849851088610354,-0.0842671823519285,-0.025873114475697623,-0.30703666307059696,,
491,1,0.4,0.09,-0.25163178088095955,-0.11007181134012009,-0.033506690774767645,-0.3044075532765834,,
491,1,0.4,0.1,-0.20342641066894432,-0.095254663935425,-0.02585015813093372,-0.2713794481334588,,
491,1,0.5,0.0,0.36585614368277447,0.33694574630060276,0.08694641080317744,-0.2580427613578154,,
491,1,0.5,0.01,0.31277859899734717,0.27271699331801574,0.0720651029419066,-0.26424867062783786,,
491,1,0.5,0.02,0.03904653914086666,0.028459074881731123,0.008718612031233919,-0.3063561295462454,,
491,1,0.5,0.03,-0.11307486898183398,-0.07382469274139887,-0.024393138372368894,-0.330419775099042,,
491,1,0.5,0.04,-0.0970149120281178,-0.059410732679692484,-0.02011892145631078,-0.33864119408828197,,
491,1,0.5,0.05,-0.3713524559345442,-0.20874882369753608,-0.07363001345314713,-0.35272061489473294,,
491,1,0.5,0.06,-0.4911696281931038,-0.23430485931628373,-0.09324158258760507,-0.39794984559726954,,
491,1,0.5,0.07,-0.3932631532017425,-0.19514846691727095,-0.07197129029862082,-0.3688027450870599,,
491,1,0.5,0.08,-0.20129392220289685,-0.09531150041573477,-0.03519270229698701,-0.36923878171554964,,
491,1,0.5,0.09,-0.2665147730287692,-0.12099375563520123,-0.04436059336145082,-0.36663539476532125,,
491,1,0.5,0.1,-0.21813444323756248,-0.10561627993578708,-0.03464895384620659,-0.3280645168270703,,
491,1,0.6,0.0,0.34277147119721496,0.32104546597101113,0.09775235319431075,-0.3044813384878555,,
491,1,0.6,0.01,0.2900036134724332,0.25761914262195723,0.0801812156921633,-0.3112393546384287,,
491,1,0.6,0.02,0.01656295638951758,0.012389982715330705,0.004437965382677822,-0.35818979611541507,,
491,1,0.6,0.03,-0.13370430541501238,-0.08998764596047487,-0.03461212188707119,-0.3846319293903278,,
491,1,0.6,0.04,-0.11702218885327317,-0.0740106281215081,-0.029121628957439527,-0.393479013711769,,
491,1,0.6,0.05,-0.38663568277851135,-0.22505871407734132,-0.09199235950484641,-0.4087482676775327,,
491,1,0.6,0.06,-0.5033320023649974,-0.25042704547151207,-0.1146605240396893,-0.45785998802087363,,
491,1,0.6,0.07,-0.4070936855018771,-0.20982022596032915,-0.08940290768495385,-0.4260928958386372,,
491,1,0.6,0.08,-0.21731724498073549,-0.1069254699047619,-0.04559291819392064,-0.42639904444217147,,
491,1,0.6,0.09,-0.28107650402183143,-0.13241410202377862,-0.05614122034589675,-0.4239821853401614,,
491,1,0.6,0.1,-0.2325952167277681,-0.11642734734464827,-0.04433512182469168,-0.3807964609332792,,
491,1,0.7000000000000001,0.0,0.31907630058611547,0.3041090288980259,0.10616072853302372,-0.34908772330012483,,
491,1,0.7000000000000001,0.01,0.266758682167619,0.24155265640848037,0.08604677153025997,-0.3562236607522527,,
491,1,0.7000000000000001,0.02,-0.005824636515370679,-0.004473231734829655,-0.0018207975908998142,-0.4070429834257518,,
491,1,0.7000000000000001,0.03,-0.1539793494193407,-0.1068450121182,-0.04650419191259414,-0.4352490676976825,,
491,1,0.7000000000000001,0.04,-0.1367322063299803,-0.08931122475817324,-0.039697673760350605,-0.4444869485088738,,
491,1,0.7000000000000001,0.05,-0.4012922664014267,-0.2418617932047537,-0.111392873003066,-0.4605641574350016,,
491,1,0.7000000000000001,0.06,-0.5148097682746986,-0.26704532706514444,-0.1368210587102241,-0.5123514431572407,,
491,1,0.7000000000000001,0.07,-0.42037292440686,-0.2249835391831721,-0.10770572870045625,-0.4787271508462083,,
491,1,0.7000000000000001,0.08,-0.23302858162350212,-0.11910770975696051,-0.057037329165350426,-0.47887184869674004,,
491,1,0.7000000000000001,0.09,-0.2952962749442544,-0.14433181193454075,-0.0688116645659822,-0.47676020721745366,,
491,1,0.7000000000000001,0.1,-0.24678913624496793,-0.1276856772103867,-0.05488073946698235,-0.4298112416834018,,
491,1,0.8,0.0,0.2948488948934286,0.2861241581446245,0.11211424417131721,-0.3918377423924053,,
491,1,0.8,0.01,0.24311691824222847,0.2245090003873292,0.08962375710465476,-0.3991989494854698,,
491,1,0.8,0.02,-0.028050287748070446,-0.022121885015754787,-0.010021254907436994,-0.4530018531558249,,
491,1,0.8,0.03,-0.17384781377425185,-0.12438142026968359,-0.0600054645608008,-0.48243109325088146,,
491,1,0.8,0.04,-0.15609750862990762,-0.10530266249831209,-0.051794322336602305,-0.4918614696701759,,
491,1,0.8,0.05,-0.41529901963565113,-0.2591350898299838,-0.13174964932287048,-0.5084207214442098,,
491,1,0.8,0.06,-0.5255922600182216,-0.2841342234378518,-0.15964196906939965,-0.5618540672004543,,
491,1,0.8,0.07,-0.43308355728057735,-0.2406211782950496,-0.12681414842283967,-0.5270282080795906,,
491,1,0.8,0.08,-0.24840258665486306,-0.1318542506698535,-0.06948611810055183,-0.5269918697921718,,
491,1,0.8,0.09,-0.3091544974198336,-0.1567436949725164,-0.08233255839472453,-0.5252687095909077,,
491,1,0.8,0.1,-0.2606974093458965,-0.13938745054495244,-0.06625559811782089,-0.47533402654820395,,
491,1,0.9,0.0,0.2701706933995816,0.26708378647144265,0.11557184566019241,-0.4327175647277626,,
491,1,0.9,0.01,0.21915361012466747,0.20648430925481748,0.09088853759123539,-0.4401716426746594,,
491,1,0.9,0.02,-0.05004927713360215,-0.0405428986813485,-0.02011569862197571,-0.49615837239654026,,
491,1,0.9,0.03,-0.19325991336065834,-0.1425774394824463,-0.07504398220043629,-0.5263384058013993,,
491,1,0.9,0.04,-0.1750725404615688,-0.12197124330748754,-0.06535167749704318,-0.5357957804225432,,
491,1,0.9,0.05,-0.42863558163522725,-0.2768526692770842,-0.15297811458705446,-0.5525614580004227,,
491,1,0.9,0.06,-0.5356713850040284,-0.3016650392115531,-0.1830412970833365,-0.6067700041136436,,
491,1,0.9,0.07,-0.4452103577916582,-0.2567131848363815,-0.14666071448257345,-0.5713018385715132,,
491,1,0.9,0.08,-0.2634151540673434,-0.1451584465351203,-0.08289631297895406,-0.5710746770694997,,
491,1,0.9,0.09,-0.3226327517942866,-0.16964432014336084,-0.09666227601798694,-0.5697937657818477,,
491,1,0.9,0.1,-0.27430210036435265,-0.15152717326915446,-0.07842734606182378,-0.5175794174059788,,
491,1,1.0,0.0,0.24512571014770415,0.24698638194084038,0.11650918570553093,-0.4717231160276597,,
491,1,1.0,0.01,0.1949456944345735,0.18747966222554413,0.08983211500111721,-0.47915658655841964,,
491,1,1.0,0.02,-0.07175853142041659,-0.059718667984073305,-0.03204559528969486,-0.5366093446397913,,
491,1,1.0,0.03,-0.21216853832124752,-0.16140952939968262,-0.09154034950710233,-0.5671310104648773,,
491,1,1.0,0.04,-0.19361388209759983,-0.13929934824891063,-0.08030317000429898,-0.576479150934771,,
491,1,1.0,0.05,-0.44128446648042025,-0.294985703319332,-0.17499160533003344,-0.5932206319185548,,
491,1,1.0,0.06,-0.5450416032440641,-0.3196059825548912,-0.20693682485832343,-0.6474748163476032,,
491,1,1.0,0.07,-0.45674021374914664,-0.27323690706243364,-0.16717651906702102,-0.6118372545800402,,
491,1,1.0,0.08,-0.278043499413123,-0.15901090780421173,-0.09722203227373649,-0.6114173776898679,,
491,1,1.0,0.09,-0.33571383923303516,-0.18302594415784038,-0.111757145307818,-0.6106082163490405,,
491,1,1.0,0.1,-0.28758618061589086,-0.16409764182125097,-0.09136164056507834,-0.5567516970450871,,
497,1,0.1,0.0,0.21522667995184755,0.1509013336655677,0.010225582878456985,-0.06776336981301466,,
497,1,0.1,0.01,0.32895277977649284,0.2551838414318111,0.015200370412467468,-0.059566351565129294,,
497,1,0.1,0.02,0.2791132630861729,0.20361477341738715,0.012559522470782847,-0.06168276623542071,,
497,1,0.1,0.03,0.040462920097047064,0.02258534844557884,0.0017598118827846232,-0.0779182967677044,,
497,1,0.1,0.04,-0.19392538996380654,-0.08071051262726966,-0.008108554685218872,-0.10046466589383592,,
497,1,0.1,0.05,-0.3997908898003438,-0.1721145756425208,-0.015986401758046664,-0.09288232387273326,,
497,1,0.1,0.06,-0.3234951988497228,-0.1392851037176147,-0.012383393194729142,-0.08890680240892891,,
497,1,0.1,0.07,-0.49467880104019013,-0.19688694552346123,-0.018147576921950903,-0.09217257585921776,,
497,1,0.1,0.08,-0.04905619940840042,-0.021198014859231874,-0.0017115938581977463,-0.08074312003099365,,
497,1,0.1,0.09,-0.2733242618747517,-0.11592828434259912,-0.009099832610486969,-0.07849536169787975,,
497,1,0.1,0.1,-0.463741445300662,-0.16764004899299706,-0.014774813438158008,-0.0881341512777487,,
497,1,0.2,0.0,0.19210605982824847,0.13857807317862447,0.018254209344929384,-0.1317250913237916,,
497,1,0.2,0.01,0.30766246318951584,0.24446093276613765,0.028433159346884285,-0.11630962471244731,,
497,1,0.2,0.02,0.2578176757352226,0.1919509054811388,0.023202529725445675,-0.12087741741716122,,
497,1,0.2,0.03,0.018692006973181827,0.010769133939249956,0.0016259042059052486,-0.15097817661821086,,
497,1,0.2,0.04,-0.2136947320152521,-0.09312401726220712,-0.017870330654611633,-0.19189819318355392,,
497,1,0.2,0.05,-0.4159455180354339,-0.18674742130956548,-0.03326475080057001,-0.17812696190020236,,
497,1,0.2,0.06,-0.34015421841757626,-0.15244243497201196,-0.026042200616815947,-0.1708330139281574,,
497,1,0.2,0.07,-0.5078664859747266,-0.21090905853137557,-0.03726274948886865,-0.176676856595637,,
497,1,0.2,0.08,-0.06639213979260072,-0.029743270213941103,-0.0046329059353164,-0.15576316598653264,,
497,1,0.2,0.09,-0.28842138672439155,-0.1267203920210805,-0.019204927674361993,-0.15155356898806915,,
497,1,0.2,0.1,-0.47577635799692364,-0.17901189007923268,-0.030316492083787394,-0.16935462817787675,,
497,1,0.30000000000000004,0.0,0.16860358193282904,0.12514115032879258,0.02403145234193893,-0.19203477256521392,,
497,1,0.30000000000000004,0.01,0.2857735527623872,0.2326063052166417,0.039615386673672814,-0.17031088919441104,,
497,1,0.30000000000000004,0.02,0.23604842533761627,0.17945065978766234,0.031865080176846305,-0.17757014777516636,,
497,1,0.30000000000000004,0.03,-0.0030772566444102582,-0.0018303173971427585,-0.0004015078098335012,-0.21936512785174875,,
497,1,0.30000000000000004,0.04,-0.23306798153240785,-0.10631475222681426,-0.029235642748716262,-0.27499140181735354,,
497,1,0.30000000000000004,0.05,-0.4314596637391954,-0.2019779283916009,-0.05175821437830497,-0.25625678404798063,,
497,1,0.30000000000000004,0.06,-0.356318913337438,-0.1661828850280469,-0.04091965403751674,-0.24623266126719776,,
497,1,0.30000000000000004,0.07,-0.5204241836676089,-0.22543876844554647,-0.05727618336560247,-0.2540653666649054,,
497,1,0.30000000000000004,0.08,-0.0836292852309884,-0.03883717873422525,-0.008753595225050148,-0.22539215026286255,,
497,1,0.30000000000000004,0.09,-0.3031966930248161,-0.13797267454221326,-0.03028314210734062,-0.21948651939826955,,
497,1,0.30000000000000004,0.1,-0.4873616400007795,-0.1908173564060147,-0.04658206020333866,-0.2441185701379435,,
497,1,0.4,0.0,0.14479732810189835,0.11058351273627848,0.027517723721173448,-0.24884110696318903,,
497,1,0.4,0.01,0.26335168707370255,0.21960575987049072,0.048676204469083606,-0.22165267658639592,,
497,1,0.4,0.02,0.21386883858150083,0.16609782638277973,0.03849463052044633,-0.23175878552277837,,
497,1,0.4,0.03,-0.024783481814202386,-0.015220625504310178,-0.004311529240974665,-0.2832688603864359,,
497,1,0.4,0.04,-0.25199852027117253,-0.12028412087294123,-0.042147008859322654,-0.3503954516477156,,
497,1,0.4,0.05,-0.44630610181451086,-0.2177920533567134,-0.07138560515210934,-0.32776955840160776,,
497,1,0.4,0.06,-0.3719600475941084,-0.18049888111178605,-0.056954508610531196,-0.3155393997997045,,
497,1,0.4,0.07,-0.5323370037908843,-0.2404621727561307,-0.07811635917594995,-0.32485924201963,,
497,1,0.4,0.08,-0.10073679452651219,-0.048487839112074584,-0.014059016465640117,-0.2899493300401399,,
497,1,0.4,0.09,-0.3176287304560959,-0.14968299174121547,-0.04229947622807728,-0.28259373851377967,,
497,1,0.4,0.1,-0.49848567056017806,-0.20305202930587488,-0.06352706111351925,-0.312861000851279,,
497,1,0.5,0.0,0.12076727244433352,0.09490419008433265,0.028688723760014634,-0.30229143449326734,,
497,1,0.5,0.01,0.24046572310392725,0.20545048406971633,0.05555764060065149,-0.27041864054113834,,
497,1,0.5,0.02,0.19134458808227117,0.1518795222426886,0.04305056354380432,-0.2834520606077081,,
497,1,0.5,0.03,-0.04636572515150307,-0.029405696485871782,-0.010082682352119177,-0.3428819431963969,,
497,1,0.5,0.04,-0.2704420348280557,-0.13502881612907564,-0.056539631788143585,-0.4187227097814194,,
497,1,0.5,0.05,-0.46046055541630215,-0.2341721044790363,-0.09206197065038757,-0.39313807618203817,,
497,1,0.5,0.06,-0.38705056552941036,-0.19537974085635232,-0.07408146019223483,-0.3791665393122884,,
497,1,0.5,0.07,-0.543592350026673,-0.2559625118897782,-0.09970999328806529,-0.3895492060610895,,
497,1,0.5,0.08,-0.11768431987681138,-0.058701436370396036,-0.02053030621373786,-0.3497411219070541,,
497,1,0.5,0.09,-0.331697147083722,-0.1617966595320739,-0.05521625660185803,-0.34126944747528726,,
497,1,0.5,0.1,-0.5091380851407181,-0.21570959004503493,-0.08110575729691394,-0.375995139019925,,
497,1,0.6,0.0,0.09659468821364522,0.07810857811678663,0.02753572159831652,-0.3525313385828836,,
497,1,0.6,0.01,0.21718727056605844,0.19013735340515914,0.06021521320573675,-0.3166932332198061,,
497,1,0.6,0.02,0.16854326375285883,0.13678648089352632,0.045504600211339286,-0.33266884208213354,,
497,1,0.6,0.03,-0.06776386687404436,-0.04438546003514315,-0.017683102138307816,-0.3983985324091907,,
497,1,0.6,0.04,-0.28835674423274466,-0.15054057742631108,-0.07234193820311818,-0.4805477661896788,,
497,1,0.6,0.05,-0.47390177138526174,-0.2510967046553084,-0.11369920082468465,-0.4528104061770328,,
497,1,0.6,0.06,-0.40156569089425975,-0.21081159543600103,-0.09223158541218535,-0.43750717422080965,,
497,1,0.6,0.07,-0.5541799326593105,-0.27192016660152396,-0.12198246137156776,-0.4485965969207527,,
497,1,0.6,0.08,-0.1344421256303328,-0.0694820982447523,-0.028144493779009294,-0.40506108033568106,,
497,1,0.6,0.09,-0.3453827516611417,-0.17414079476066116,-0.06899333132978869,-0.3961928129741972,,
497,1,0.6,0.1,-0.5193097911679451,-0.2287817664702828,-0.0992713335269052,-0.43391278535214856,,
497,1,0.7000000000000001,0.0,0.07236154114512583,0.06020866775632698,0.02406566209405514,-0.3997042783184024,,
497,1,0.7000000000000001,0.01,0.19359019821532877,0.1736691927626533,0.06261840699953236,-0.3605613983886619,,
497,1,0.7000000000000001,0.02,0.14553392571217313,0.12081332999432594,0.04584109020914817,-0.3794373535710101,,
497,1,0.7000000000000001,0.03,-0.08891898070212594,-0.060155632021310086,-0.02707082803924532,-0.4500131929401972,,
497,1,0.7000000000000001,0.04,-0.3057036062121133,-0.16680599949252028,-0.0894761684497074,-0.5364085747630414,,
497,1,0.7000000000000001,0.05,-0.4866115741384722,-0.26854079506549317,-0.13620664767335344,-0.5072102644223372,,
497,1,0.7000000000000001,0.06,-0.41548301051381736,-0.22677734254803436,-0.11133280037082549,-0.4909344078200571,,
497,1,0.7000000000000001,0.07,-0.5640917680165661,-0.28831268548242234,-0.14485822134920545,-0.5024344354006479,,
497,1,0.7000000000000001,0.08,-0.15098120332818246,-0.0808317617240275,-0.03687463611233188,-0.45618993482076703,,
497,1,0.7000000000000001,0.09,-0.358667569897097,-0.18691619176843008,-0.08358827637696253,-0.4471965514925524,,
497,1,0.7000000000000001,0.1,-0.5289929781786185,-0.24225829511606065,-0.11797610175498074,-0.48698477671718515,,
497,1,0.8,0.0,0.048149876345779094,0.041223213292393285,0.018301097290405632,-0.443951255342403,,
497,1,0.8,0.01,0.16975011745393997,0.15605499113698487,0.06275100431406377,-0.4021082815542953,,
497,1,0.8,0.02,0.12238664335194495,0.10395885221484359,0.044057176797875686,-0.4237943749785365,,
497,1,0.8,0.03,-0.10977369205183157,-0.0767075077605971,-0.038194188106369764,-0.4979198154315379,,
497,1,0.8,0.04,-0.32244650056281604,-0.18380639988792435,-0.10785901045176294,-0.5868076983039208,,
497,1,0.8,0.05,-0.49857489799415516,-0.2864756821121444,-0.15949175089591738,-0.5567374854298537,,
497,1,0.8,0.06,-0.4287825421831632,-0.24325663174807355,-0.13131033372414935,-0.5398016604132695,,
497,1,0.8,0.07,-0.5733221650351227,-0.30511484378421005,-0.16826123244669244,-0.5514685236543058,,
497,1,0.8,0.08,-0.16727338233886724,-0.09275005199510838,-0.04668997554704846,-0.503395680570733,,
497,1,0.8,0.09,-0.3715348944403169,-0.2001161782707492,-0.09895661146718393,-0.4944958089960102,,
497,1,0.8,0.1,-0.5381811224199364,-0.2561269001678593,-0.1371717065234529,-0.5355614987475112,,
497,1,0.9,0.0,0.024041205922062766,0.021177834248996913,0.01027994342235794,-0.48541051466794105,,
497,1,0.9,0.01,0.14574384887821376,0.13731006531761752,0.06061126587267274,-0.44141895739740816,,
497,1,0.9,0.02,0.09917202537623639,0.08622622456394574,0.040162833563419875,-0.4657844381628346,,
497,1,0.9,0.03,-0.13027252110798784,-0.09402779140717941,-0.05099227072259438,-0.5423106292242541,,
497,1,0.9,0.04,-0.3385523883252714,-0.20151775125917368,-0.1274022705099801,-0.632213637329284,,
497,1,0.9,0.05,-0.5097797981125176,-0.30486912935597665,-0.18346066360714897,-0.601768581800007,,
497,1,0.9,0.06,-0.4414467865491233,-0.2602258842050807,-0.15208720984555446,-0.5844430515055776,,
497,1,0.9,0.07,-0.5818676993174557,-0.32229873424941763,-0.19211536715546051,-0.5960785654429162,,
497,1,0.9,0.08,-0.1832914354250981,-0.10523417599371952,-0.05755611910940506,-0.5469337177386181,,
497,1,0.9,0.09,-0.3839693283767926,-0.21373216380293597,-0.11505202401870684,-0.5383000011396807,,
497,1,0.9,0.1,-0.5468689859656297,-0.2703732904792891,-0.15680932968513273,-0.5799734485871655,,
497,1,1.0,0.0,0.00011590450215744274,0.0001050463437911887,5.506710845804008e-05,-0.524217278494743,,
497,1,1.0,0.01,0.12164887765415457,0.1174561680387112,0.05621195850238636,-0.47857817465882274,,
497,1,1.0,0.02,0.07596074574430484,0.06762323121863835,0.03418077244070172,-0.5054590238403278,,
497,1,1.0,0.03,-0.150362207565533,-0.11209846667623656,-0.06539547787478239,-0.5833753111330059,,
497,1,1.0,0.04,-0.3539914457302337,-0.21991068315905282,-0.14801357348509137,-0.6730622239849936,,
497,1,1.0,0.05,-0.5202174404367705,-0.32368549535473035,-0.20801887227890936,-0.6426573796608936,,
497,1,1.0,0.06,-0.45346076288197285,-0.27765834842858117,-0.1735847377369545,-0.6251738466333335,,
497,1,1.0,0.07,-0.5897271751424152,-0.3398338900789894,-0.21634481306572706,-0.6366192995508508,,
497,1,1.0,0.08,-0.19900917862517845,-0.11827883267753816,-0.0694352379449732,-0.5870470343097945,,
497,1,1.0,0.09,-0.39595682208174976,-0.2277535999885749,-0.131826599556515,-0.5788123637260969,,
497,1,1.0,0.1,-0.5550526104508293,-0.28498117560383773,-0.17683989323957638,-0.6205318399184643,,
