timestamp,open,high,low,close,volume
2021-06-02 00:00:00,0.4241,0.445,0.392,0.424,130216677.0
2021-06-03 00:00:00,0.424,0.4415,0.376,0.4008,251416845.0
2021-06-04 00:00:00,0.4008,0.402,0.3505,0.3767,228716189.0
2021-06-05 00:00:00,0.3767,0.3949,0.3604,0.3716,168467599.0
2021-06-06 00:00:00,0.3716,0.379,0.365,0.3716,74805104.0
2021-06-07 00:00:00,0.3716,0.3794,0.3266,0.3312,155778366.0
2021-06-08 00:00:00,0.3312,0.341,0.2943,0.3257,282704185.0
2021-06-09 00:00:00,0.3257,0.3573,0.3121,0.3434,231716569.0
2021-06-10 00:00:00,0.3434,0.345,0.3222,0.3263,148605959.0
2021-06-11 00:00:00,0.3263,0.3349,0.3106,0.3188,156873222.0
2021-06-12 00:00:00,0.3188,0.3189,0.3004,0.3119,134005102.0
2021-06-13 00:00:00,0.3119,0.3302,0.3075,0.3243,102492255.0
2021-06-14 00:00:00,0.3243,0.3388,0.3192,0.3278,104086429.0
2021-06-15 00:00:00,0.3278,0.3307,0.3161,0.3205,85963808.0
2021-06-16 00:00:00,0.3205,0.3215,0.305,0.3082,86129877.0
2021-06-17 00:00:00,0.3082,0.3141,0.3027,0.3062,76428463.0
2021-06-18 00:00:00,0.3062,0.3077,0.2798,0.2929,156495164.0
2021-06-19 00:00:00,0.2929,0.2975,0.2854,0.2855,93693148.0
2021-06-20 00:00:00,0.2855,0.29,0.2548,0.2803,181217519.0
2021-06-21 00:00:00,0.2803,0.2811,0.1646,0.1783,710742584.0
2021-06-22 00:00:00,0.1783,0.217,0.1624,0.1904,1301442558.0
2021-06-23 00:00:00,0.1904,0.249,0.1799,0.2346,786688722.0
2021-06-24 00:00:00,0.2346,0.2697,0.2217,0.2635,627068033.0
2021-06-25 00:00:00,0.2635,0.2892,0.2284,0.2374,1123742164.0
2021-06-26 00:00:00,0.2374,0.2563,0.2304,0.2455,516753609.0
2021-06-27 00:00:00,0.2455,0.2682,0.2401,0.2652,316755637.0
2021-06-28 00:00:00,0.2652,0.2682,0.2487,0.257,253077180.0
2021-06-29 00:00:00,0.257,0.2759,0.2534,0.2637,335499135.0
2021-06-30 00:00:00,0.2637,0.264,0.2369,0.2537,266285771.0
2021-07-01 00:00:00,0.2537,0.2646,0.2378,0.244,336958709.0
2021-07-02 00:00:00,0.244,0.2491,0.2383,0.2448,174188443.0
2021-07-03 00:00:00,0.2448,0.2501,0.2421,0.2463,107903207.0
2021-07-04 00:00:00,0.2463,0.253,0.2436,0.2465,116922249.0
2021-07-05 00:00:00,0.2465,0.2465,0.224,0.2311,208252964.0
2021-07-06 00:00:00,0.2311,0.2418,0.2283,0.2342,159676757.0
2021-07-07 00:00:00,0.2342,0.2385,0.22,0.2239,155023490.0
2021-07-08 00:00:00,0.2239,0.2248,0.2001,0.2067,280778165.0
2021-07-09 00:00:00,0.2067,0.2299,0.1949,0.2197,649002088.0
2021-07-10 00:00:00,0.2197,0.228,0.2098,0.214,228623054.0
2021-07-11 00:00:00,0.214,0.2193,0.2106,0.216,145371661.0
2021-07-12 00:00:00,0.216,0.2189,0.2041,0.208,162455357.0
2021-07-13 00:00:00,0.208,0.209,0.1973,0.2001,169039822.0
2021-07-14 00:00:00,0.2001,0.2043,0.1873,0.1978,282145597.0
2021-07-15 00:00:00,0.1978,0.2008,0.1804,0.1851,218975162.0
2021-07-16 00:00:00,0.1851,0.1884,0.1711,0.172,307538700.0
2021-07-17 00:00:00,0.172,0.2054,0.1688,0.1877,595743552.0
2021-07-18 00:00:00,0.1877,0.1962,0.1802,0.1815,358199691.0
2021-07-19 00:00:00,0.1815,0.1845,0.1705,0.1737,315267126.0
2021-07-20 00:00:00,0.1737,0.1799,0.1595,0.1702,500161584.0
2021-07-21 00:00:00,0.1702,0.2146,0.1681,0.1904,1107460444.0
2021-07-22 00:00:00,0.1904,0.1968,0.1865,0.1913,362966598.0
2021-07-23 00:00:00,0.1913,0.1998,0.1822,0.1949,325523169.0
2021-07-24 00:00:00,0.1949,0.2046,0.1912,0.197,332153356.0
2021-07-25 00:00:00,0.197,0.2008,0.1912,0.1981,283125923.0
2021-07-26 00:00:00,0.1981,0.2353,0.1969,0.2037,1015063492.0
2021-07-27 00:00:00,0.2037,0.2095,0.1951,0.206,367503522.0
2021-07-28 00:00:00,0.206,0.2141,0.2016,0.2058,273389799.0
2021-07-29 00:00:00,0.2058,0.2067,0.2,0.2051,136778460.0
2021-07-30 00:00:00,0.2051,0.211,0.1955,0.2088,219165685.0
2021-07-31 00:00:00,0.2088,0.2146,0.205,0.2076,189502556.0
2021-08-01 00:00:00,0.2076,0.218,0.2001,0.2042,257649471.0
2021-08-02 00:00:00,0.2042,0.2098,0.2021,0.2035,121103017.0
2021-08-03 00:00:00,0.2035,0.2052,0.19,0.1961,149348617.0
2021-08-04 00:00:00,0.1961,0.2032,0.1943,0.2016,121358789.0
2021-08-05 00:00:00,0.2016,0.2025,0.1946,0.2009,130578138.0
2021-08-06 00:00:00,0.2009,0.2123,0.1987,0.205,156825387.0
2021-08-07 00:00:00,0.205,0.2634,0.2038,0.2618,860609879.0
2021-08-08 00:00:00,0.2618,0.2855,0.2347,0.2402,1050337707.0
2021-08-09 00:00:00,0.2402,0.267,0.2305,0.2565,633475455.0
2021-08-10 00:00:00,0.2565,0.2639,0.2451,0.2574,491205552.0
2021-08-11 00:00:00,0.2574,0.2834,0.2564,0.2645,673863651.0
2021-08-12 00:00:00,0.2645,0.2956,0.2514,0.2644,928466959.0
2021-08-13 00:00:00,0.2644,0.2881,0.2611,0.2873,535982671.0
2021-08-14 00:00:00,0.2873,0.2989,0.275,0.2948,756404503.0
2021-08-15 00:00:00,0.2948,0.3498,0.284,0.3406,1179940728.0
2021-08-16 00:00:00,0.3406,0.3529,0.307,0.3194,1164369321.0
2021-08-17 00:00:00,0.3194,0.341,0.2942,0.2996,1047561834.0
2021-08-18 00:00:00,0.2996,0.3261,0.2714,0.303,1084760176.0
2021-08-19 00:00:00,0.303,0.3195,0.2939,0.3183,544171550.0
2021-08-20 00:00:00,0.3183,0.3347,0.3137,0.3273,475967964.0
2021-08-21 00:00:00,0.3273,0.3295,0.3125,0.3172,352490665.0
2021-08-22 00:00:00,0.3172,0.3219,0.3049,0.3148,284097406.0
2021-08-23 00:00:00,0.3148,0.329,0.3111,0.3182,392145618.0
2021-08-24 00:00:00,0.3182,0.3197,0.2691,0.2886,484415336.0
2021-08-25 00:00:00,0.2886,0.2971,0.2795,0.293,397417557.0
2021-08-26 00:00:00,0.293,0.2966,0.2637,0.2687,379472149.0
2021-08-27 00:00:00,0.2687,0.2954,0.2655,0.2947,366608106.0
2021-08-28 00:00:00,0.2947,0.2996,0.2833,0.2863,237454940.0
2021-08-29 00:00:00,0.2863,0.2918,0.2769,0.281,188789351.0
2021-08-30 00:00:00,0.281,0.2904,0.2701,0.272,288351893.0
2021-08-31 00:00:00,0.272,0.2864,0.2697,0.2786,275373613.0
2021-09-01 00:00:00,0.2786,0.295,0.2734,0.2943,262099927.0
2021-09-02 00:00:00,0.2943,0.31,0.2872,0.2946,497259883.0
2021-09-03 00:00:00,0.2946,0.305,0.2859,0.2963,398379319.0
2021-09-04 00:00:00,0.2963,0.309,0.2938,0.2997,349938552.0
2021-09-05 00:00:00,0.2997,0.3156,0.2954,0.3145,362232655.0
2021-09-06 00:00:00,0.3145,0.3208,0.2986,0.3091,402040289.0
2021-09-07 00:00:00,0.3091,0.3117,0.2098,0.2552,896954456.0
2021-09-08 00:00:00,0.2552,0.2632,0.2329,0.2566,371465992.0
2021-09-09 00:00:00,0.2566,0.2596,0.2482,0.2525,224602245.0
2021-09-10 00:00:00,0.2525,0.2619,0.2353,0.2396,271184760.0
2021-09-11 00:00:00,0.2396,0.2477,0.2377,0.2411,148448853.0
2021-09-12 00:00:00,0.2411,0.255,0.2391,0.2504,175133080.0
2021-09-13 00:00:00,0.2504,0.2521,0.2279,0.236,242797699.0
2021-09-14 00:00:00,0.236,0.2416,0.2331,0.2407,125055255.0
2021-09-15 00:00:00,0.2407,0.2481,0.2391,0.2475,114970983.0
2021-09-16 00:00:00,0.2475,0.2477,0.2331,0.2421,143965106.0
2021-09-17 00:00:00,0.2421,0.2599,0.2376,0.2401,369031311.0
2021-09-18 00:00:00,0.2401,0.2473,0.2383,0.2416,116852503.0
2021-09-19 00:00:00,0.2416,0.2417,0.2308,0.2332,116260975.0
2021-09-20 00:00:00,0.2332,0.2336,0.1986,0.2086,305296603.0
2021-09-21 00:00:00,0.2086,0.2183,0.1975,0.2007,248732164.0
2021-09-22 00:00:00,0.2007,0.2305,0.1998,0.2245,248690173.0
2021-09-23 00:00:00,0.2245,0.2278,0.2176,0.2247,128560594.0
2021-09-24 00:00:00,0.2247,0.229,0.1964,0.2092,219258751.0
2021-09-25 00:00:00,0.2092,0.2125,0.2044,0.2084,100780919.0
2021-09-26 00:00:00,0.2084,0.2089,0.194,0.205,128205756.0
2021-09-27 00:00:00,0.205,0.2095,0.1997,0.1998,86966818.0
2021-09-28 00:00:00,0.1998,0.2027,0.1961,0.1966,93080317.0
2021-09-29 00:00:00,0.1966,0.2044,0.1946,0.1987,88756892.0
2021-09-30 00:00:00,0.1987,0.2059,0.1978,0.2043,79569008.0
2021-10-01 00:00:00,0.2043,0.2253,0.202,0.2227,162877080.0
2021-10-02 00:00:00,0.2227,0.2249,0.2151,0.2187,134701309.0
2021-10-03 00:00:00,0.2187,0.2266,0.2155,0.2218,125731557.0
2021-10-04 00:00:00,0.2218,0.2489,0.2125,0.2416,484062180.0
2021-10-05 00:00:00,0.2416,0.2675,0.2324,0.2521,652010941.0
2021-10-06 00:00:00,0.2521,0.272,0.2392,0.2541,637975850.0
2021-10-07 00:00:00,0.2541,0.2571,0.233,0.2429,360881684.0
2021-10-08 00:00:00,0.2429,0.2551,0.2415,0.2442,249612226.0
2021-10-09 00:00:00,0.2442,0.2524,0.2405,0.2471,182367800.0
2021-10-10 00:00:00,0.2471,0.2487,0.2218,0.2288,200741462.0
2021-10-11 00:00:00,0.2288,0.2394,0.2246,0.2314,154828140.0
2021-10-12 00:00:00,0.2314,0.2318,0.215,0.226,211627220.0
2021-10-13 00:00:00,0.226,0.2342,0.2205,0.2327,131816380.0
2021-10-14 00:00:00,0.2327,0.2401,0.2315,0.2328,137284560.0
2021-10-15 00:00:00,0.2328,0.2435,0.2239,0.2341,217808760.0
2021-10-16 00:00:00,0.2341,0.2455,0.2341,0.2376,202416817.0
2021-10-17 00:00:00,0.2376,0.2418,0.2246,0.2378,156909134.0
2021-10-18 00:00:00,0.2378,0.2727,0.2374,0.2475,712948960.0
2021-10-19 00:00:00,0.2475,0.2549,0.2398,0.2458,257098265.0
2021-10-20 00:00:00,0.2458,0.2622,0.2425,0.255,246611159.0
2021-10-21 00:00:00,0.255,0.259,0.2401,0.2427,258827241.0
2021-10-22 00:00:00,0.2427,0.253,0.233,0.2448,271355493.0
2021-10-23 00:00:00,0.2448,0.2539,0.2412,0.2515,161350110.0
2021-10-24 00:00:00,0.2515,0.2838,0.2463,0.2763,558905094.0
2021-10-25 00:00:00,0.2763,0.2811,0.2566,0.2651,433355881.0
2021-10-26 00:00:00,0.2651,0.2743,0.2473,0.2558,355086957.0
2021-10-27 00:00:00,0.2558,0.2636,0.2123,0.2379,640119238.0
2021-10-28 00:00:00,0.2379,0.3406,0.2324,0.3,1924809945.0
2021-10-29 00:00:00,0.3,0.3073,0.2731,0.2886,764722682.0
2021-10-30 00:00:00,0.2886,0.2954,0.2573,0.2688,496538557.0
2021-10-31 00:00:00,0.2688,0.2849,0.252,0.2801,580968393.0
2021-11-01 00:00:00,0.2801,0.2886,0.2634,0.2721,386518277.0
2021-11-02 00:00:00,0.2721,0.2815,0.2673,0.2741,267141024.0
2021-11-03 00:00:00,0.2741,0.2777,0.2601,0.2694,293147073.0
2021-11-04 00:00:00,0.2694,0.2712,0.2536,0.2628,261138271.0
2021-11-05 00:00:00,0.2628,0.2711,0.2565,0.261,189980093.0
2021-11-06 00:00:00,0.261,0.2676,0.2482,0.2617,154720132.0
2021-11-07 00:00:00,0.2617,0.27,0.2588,0.2665,163588468.0
2021-11-08 00:00:00,0.2665,0.2972,0.2648,0.2825,560026174.0
2021-11-09 00:00:00,0.2825,0.2907,0.2689,0.2735,293599217.0
2021-11-10 00:00:00,0.2735,0.2775,0.23,0.2551,372767903.0
2021-11-11 00:00:00,0.2551,0.2716,0.2531,0.2608,205286012.0
2021-11-12 00:00:00,0.2608,0.2686,0.2479,0.2597,185741598.0
2021-11-13 00:00:00,0.2597,0.2625,0.2546,0.2615,85783243.0
2021-11-14 00:00:00,0.2615,0.2719,0.259,0.2629,136218078.0
2021-11-15 00:00:00,0.2629,0.2653,0.2556,0.2569,99999884.0
2021-11-16 00:00:00,0.2569,0.257,0.2211,0.2367,295266941.0
2021-11-17 00:00:00,0.2367,0.2412,0.2295,0.2375,98362270.0
2021-11-18 00:00:00,0.2375,0.2414,0.2153,0.2214,156401869.0
2021-11-19 00:00:00,0.2214,0.2375,0.2161,0.2331,95684710.0
2021-11-20 00:00:00,0.2331,0.2359,0.2254,0.2333,60493131.0
2021-11-21 00:00:00,0.2333,0.2337,0.2255,0.226,50125916.0
2021-11-22 00:00:00,0.226,0.2275,0.2166,0.2197,85331038.0
2021-11-23 00:00:00,0.2197,0.2371,0.213,0.2271,162606197.0
2021-11-24 00:00:00,0.2271,0.2309,0.2111,0.2175,105568959.0
2021-11-25 00:00:00,0.2175,0.2295,0.2143,0.2215,127133048.0
2021-11-26 00:00:00,0.2215,0.2222,0.1827,0.2021,342118591.0
2021-11-27 00:00:00,0.2021,0.2093,0.201,0.2052,73230201.0
2021-11-28 00:00:00,0.2052,0.2076,0.1911,0.2075,110977753.0
2021-11-29 00:00:00,0.2075,0.2254,0.2028,0.2151,194120755.0
2021-11-30 00:00:00,0.2151,0.2276,0.2125,0.2147,121987881.0
2021-12-01 00:00:00,0.2147,0.219,0.2061,0.2095,42898044.0
2021-12-02 00:00:00,0.2095,0.2233,0.2015,0.2095,207103561.0
2021-12-03 00:00:00,0.2095,0.2123,0.1867,0.1999,160616121.0
2021-12-04 00:00:00,0.1999,0.2004,0.1226,0.1782,573708772.0
2021-12-05 00:00:00,0.1782,0.1812,0.1617,0.1712,160501986.0
2021-12-06 00:00:00,0.1712,0.1805,0.1591,0.1778,194769093.0
2021-12-07 00:00:00,0.1778,0.1845,0.1747,0.1763,96282461.0
2021-12-08 00:00:00,0.1763,0.1822,0.172,0.1791,80935566.0
2021-12-09 00:00:00,0.1791,0.1827,0.1685,0.1691,105619231.0
2021-12-10 00:00:00,0.1691,0.1749,0.1634,0.164,96148550.0
2021-12-11 00:00:00,0.164,0.1699,0.1612,0.1688,61498060.0
2021-12-12 00:00:00,0.1688,0.1736,0.1656,0.1697,55269030.0
2021-12-13 00:00:00,0.1697,0.1703,0.1513,0.1572,135972544.0
2021-12-14 00:00:00,0.1572,0.2203,0.1548,0.1911,1442433582.0
2021-12-15 00:00:00,0.1911,0.1912,0.1703,0.1812,506384587.0
2021-12-16 00:00:00,0.1812,0.1855,0.1723,0.1732,165848548.0
2021-12-17 00:00:00,0.1732,0.1766,0.1602,0.1685,175775101.0
2021-12-18 00:00:00,0.1685,0.1759,0.166,0.1723,88189234.0
2021-12-19 00:00:00,0.1723,0.1746,0.169,0.1695,74702279.0
2021-12-20 00:00:00,0.1695,0.1706,0.1611,0.1671,108856358.0
2021-12-21 00:00:00,0.1671,0.1723,0.1656,0.1708,73536146.0
2021-12-22 00:00:00,0.1708,0.1799,0.1697,0.1731,126826034.0
2021-12-23 00:00:00,0.1731,0.1849,0.1712,0.1849,168251035.0
2021-12-24 00:00:00,0.1849,0.1959,0.1793,0.1864,215133833.0
2021-12-25 00:00:00,0.1864,0.1987,0.1849,0.1909,150473282.0
2021-12-26 00:00:00,0.1909,0.1926,0.1851,0.1901,77588235.0
2021-12-27 00:00:00,0.1901,0.1928,0.1861,0.1879,72054378.0
2021-12-28 00:00:00,0.1879,0.1879,0.1715,0.1738,123310638.0
2021-12-29 00:00:00,0.1738,0.1774,0.165,0.1679,103545682.0
2021-12-30 00:00:00,0.1679,0.1757,0.165,0.1712,65487331.0
2021-12-31 00:00:00,0.1712,0.1758,0.1662,0.1703,84708297.0
2022-01-01 00:00:00,0.1703,0.1738,0.1699,0.1732,36128283.0
2022-01-02 00:00:00,0.1732,0.1763,0.1706,0.1744,44629292.0
2022-01-03 00:00:00,0.1744,0.1744,0.1675,0.1703,59553968.0
2022-01-04 00:00:00,0.1703,0.1726,0.1666,0.1687,70488498.0
2022-01-05 00:00:00,0.1687,0.1709,0.1454,0.1587,137181731.0
2022-01-06 00:00:00,0.1587,0.162,0.1538,0.16,64257753.0
2022-01-07 00:00:00,0.16,0.1602,0.1482,0.155,113585555.0
2022-01-08 00:00:00,0.155,0.1578,0.145,0.151,71992714.0
2022-01-09 00:00:00,0.151,0.1536,0.1485,0.1504,48886612.0
2022-01-10 00:00:00,0.1504,0.1521,0.1361,0.143,114409617.0
2022-01-11 00:00:00,0.143,0.1672,0.1417,0.1537,338877595.0
2022-01-12 00:00:00,0.1537,0.1635,0.1513,0.1626,133971987.0
2022-01-13 00:00:00,0.1626,0.1777,0.1612,0.1719,416468508.0
2022-01-14 00:00:00,0.1719,0.2153,0.1703,0.1832,1307982878.0
2022-01-15 00:00:00,0.1832,0.1949,0.1814,0.1847,434374532.0
2022-01-16 00:00:00,0.1847,0.185,0.1731,0.1768,267269259.0
2022-01-17 00:00:00,0.1768,0.1785,0.1656,0.1709,271304666.0
2022-01-18 00:00:00,0.1709,0.1743,0.1617,0.1651,218597223.0
2022-01-19 00:00:00,0.1651,0.1696,0.1588,0.1617,218663232.0
2022-01-20 00:00:00,0.1617,0.1693,0.1535,0.1553,198391192.0
2022-01-21 00:00:00,0.1553,0.1575,0.1395,0.142,280996008.0
2022-01-22 00:00:00,0.142,0.1451,0.1198,0.1331,345082000.0
2022-01-23 00:00:00,0.1331,0.1446,0.132,0.1417,181751515.0
2022-01-24 00:00:00,0.1417,0.1418,0.1255,0.1372,225826498.0
2022-01-25 00:00:00,0.1372,0.1502,0.1324,0.1427,245922248.0
2022-01-26 00:00:00,0.1427,0.1533,0.1408,0.1429,185850768.0
2022-01-27 00:00:00,0.1429,0.146,0.1361,0.1413,95439267.0
2022-01-28 00:00:00,0.1413,0.1424,0.1373,0.1415,73618745.0
2022-01-29 00:00:00,0.1415,0.1442,0.1403,0.1429,58017023.0
2022-01-30 00:00:00,0.1429,0.1437,0.1379,0.1391,63706238.0
2022-01-31 00:00:00,0.1391,0.1424,0.1361,0.1416,73470558.0
2022-02-01 00:00:00,0.1416,0.1443,0.1408,0.1423,46990352.0
2022-02-02 00:00:00,0.1423,0.1464,0.1351,0.1369,79212981.0
2022-02-03 00:00:00,0.1369,0.1388,0.1345,0.1378,60512408.0
2022-02-04 00:00:00,0.1378,0.1481,0.1367,0.1478,106037392.0
2022-02-05 00:00:00,0.1478,0.1507,0.1447,0.1469,89888288.0
2022-02-06 00:00:00,0.1469,0.1556,0.1444,0.1539,109582677.0
2022-02-07 00:00:00,0.1539,0.1728,0.1513,0.1652,261359391.0
2022-02-08 00:00:00,0.1652,0.1698,0.153,0.158,178894384.0
2022-02-09 00:00:00,0.158,0.1624,0.1542,0.1592,91036028.0
2022-02-10 00:00:00,0.1592,0.1606,0.1496,0.1513,117637560.0
2022-02-11 00:00:00,0.1513,0.1542,0.1415,0.1445,103912379.0
2022-02-12 00:00:00,0.1445,0.1472,0.1404,0.1441,70548881.0
2022-02-13 00:00:00,0.1441,0.1576,0.1435,0.1481,306238061.0
2022-02-14 00:00:00,0.1481,0.1507,0.1426,0.1457,145651016.0
2022-02-15 00:00:00,0.1457,0.1523,0.1448,0.1517,80568923.0
2022-02-16 00:00:00,0.1517,0.1517,0.1462,0.1487,66978807.0
2022-02-17 00:00:00,0.1487,0.15,0.1365,0.1383,89092122.0
2022-02-18 00:00:00,0.1383,0.142,0.1359,0.1385,50587978.0
2022-02-19 00:00:00,0.1385,0.1464,0.1384,0.1409,98254072.0
2022-02-20 00:00:00,0.1409,0.1409,0.1349,0.1365,66518073.0
2022-02-21 00:00:00,0.1365,0.1416,0.1269,0.128,117724915.0
2022-02-22 00:00:00,0.128,0.1317,0.1235,0.1313,89821708.0
2022-02-23 00:00:00,0.1313,0.1354,0.1271,0.1272,63409615.0
2022-02-24 00:00:00,0.1272,0.1276,0.1058,0.1239,239434512.0
2022-02-25 00:00:00,0.1239,0.1282,0.1204,0.1275,91455015.0
2022-02-26 00:00:00,0.1275,0.1306,0.1256,0.1275,52344769.0
2022-02-27 00:00:00,0.1275,0.1284,0.121,0.1228,80153265.0
2022-02-28 00:00:00,0.1228,0.1349,0.1212,0.1334,94879073.0
2022-03-01 00:00:00,0.1334,0.1388,0.1297,0.134,110053707.0
2022-03-02 00:00:00,0.134,0.1372,0.1306,0.133,91546429.0
2022-03-03 00:00:00,0.133,0.1338,0.127,0.1295,69911937.0
2022-03-04 00:00:00,0.1295,0.1301,0.1198,0.1224,98573050.0
2022-03-05 00:00:00,0.1224,0.1256,0.1208,0.1249,41667944.0
2022-03-06 00:00:00,0.1249,0.1255,0.119,0.1205,56403737.0
2022-03-07 00:00:00,0.1205,0.1227,0.113,0.1167,77524863.0
2022-03-08 00:00:00,0.1167,0.1199,0.1152,0.1169,46452408.0
2022-03-09 00:00:00,0.1169,0.1244,0.1165,0.1214,83177886.0
2022-03-10 00:00:00,0.1214,0.1219,0.1144,0.1167,70220272.0
2022-03-11 00:00:00,0.1167,0.1186,0.1137,0.1155,50201269.0
2022-03-12 00:00:00,0.1155,0.1173,0.1146,0.1147,32837833.0
2022-03-13 00:00:00,0.1147,0.1163,0.1097,0.1114,64579715.0
2022-03-14 00:00:00,0.1114,0.1218,0.1101,0.1139,143180118.0
2022-03-15 00:00:00,0.1139,0.1143,0.1101,0.1126,64454000.0
2022-03-16 00:00:00,0.1126,0.1171,0.112,0.1171,87246861.0
2022-03-17 00:00:00,0.1171,0.1192,0.1156,0.1163,42996299.0
2022-03-18 00:00:00,0.1163,0.1195,0.1141,0.1191,63695392.0
2022-03-19 00:00:00,0.1191,0.125,0.1182,0.1235,133237597.0
2022-03-20 00:00:00,0.1235,0.124,0.1173,0.119,53648588.0
2022-03-21 00:00:00,0.119,0.1216,0.1175,0.1191,73717679.0
2022-03-22 00:00:00,0.1191,0.1257,0.1185,0.1224,109647556.0
2022-03-23 00:00:00,0.1224,0.1314,0.121,0.1298,151439987.0
2022-03-24 00:00:00,0.1298,0.1413,0.1277,0.1367,299258379.0
2022-03-25 00:00:00,0.1367,0.1378,0.1273,0.1308,168023095.0
2022-03-26 00:00:00,0.1308,0.137,0.1288,0.136,128720828.0
2022-03-27 00:00:00,0.136,0.1457,0.1354,0.1448,274978435.0
2022-03-28 00:00:00,0.1448,0.1539,0.1406,0.1424,282654892.0
2022-03-29 00:00:00,0.1424,0.149,0.1403,0.1445,204966291.0
2022-03-30 00:00:00,0.1445,0.1457,0.1377,0.1432,161680932.0
2022-03-31 00:00:00,0.1432,0.1481,0.1359,0.1381,226775827.0
2022-04-01 00:00:00,0.1381,0.1431,0.1319,0.1414,153620919.0
2022-04-02 00:00:00,0.1414,0.1445,0.138,0.1389,121590488.0
2022-04-03 00:00:00,0.1389,0.1497,0.1362,0.1466,189261512.0
2022-04-04 00:00:00,0.1466,0.1568,0.141,0.1485,485901610.0
2022-04-05 00:00:00,0.1485,0.1795,0.1473,0.1726,1252122154.0
2022-04-06 00:00:00,0.1726,0.1747,0.1406,0.1432,1013892073.0
2022-04-07 00:00:00,0.1432,0.1483,0.1398,0.1458,313007223.0
2022-04-08 00:00:00,0.1458,0.1534,0.1401,0.1424,477638272.0
2022-04-09 00:00:00,0.1424,0.1446,0.1405,0.1442,138722840.0
2022-04-10 00:00:00,0.1442,0.1575,0.1436,0.1481,604599038.0
2022-04-11 00:00:00,0.1481,0.1514,0.1327,0.1339,387150520.0
2022-04-12 00:00:00,0.1339,0.1444,0.1331,0.138,268581693.0
2022-04-13 00:00:00,0.138,0.1433,0.1362,0.1399,200622821.0
2022-04-14 00:00:00,0.1399,0.1476,0.1362,0.144,485919936.0
2022-04-15 00:00:00,0.144,0.1497,0.1417,0.1459,314306819.0
2022-04-16 00:00:00,0.1459,0.1479,0.1413,0.1434,141536803.0
2022-04-17 00:00:00,0.1434,0.145,0.1382,0.1392,145816722.0
2022-04-18 00:00:00,0.1392,0.1405,0.1322,0.1401,246997705.0
2022-04-19 00:00:00,0.1401,0.1446,0.1391,0.1427,173452130.0
2022-04-20 00:00:00,0.1427,0.1468,0.1388,0.1406,317802525.0
2022-04-21 00:00:00,0.1406,0.1429,0.1336,0.1362,235227481.0
2022-04-22 00:00:00,0.1362,0.1382,0.1345,0.1363,105784478.0
2022-04-23 00:00:00,0.1363,0.1367,0.133,0.1337,66112829.0
2022-04-24 00:00:00,0.1337,0.1347,0.1308,0.1317,83276770.0
2022-04-25 00:00:00,0.1317,0.171,0.1222,0.1581,2330686093.0
2022-04-26 00:00:00,0.1581,0.1667,0.1352,0.1376,2149167465.0
2022-04-27 00:00:00,0.1376,0.1456,0.1348,0.1399,695381222.0
2022-04-28 00:00:00,0.1399,0.1433,0.1351,0.1375,373210572.0
2022-04-29 00:00:00,0.1375,0.145,0.1324,0.1348,522661058.0
2022-04-30 00:00:00,0.1348,0.1368,0.1236,0.1271,289182679.0
2022-05-01 00:00:00,0.1271,0.1365,0.1259,0.1326,290222342.0
2022-05-02 00:00:00,0.1326,0.1339,0.1274,0.1306,188105356.0
2022-05-03 00:00:00,0.1306,0.1319,0.1263,0.1293,137508567.0
2022-05-04 00:00:00,0.1293,0.1361,0.1289,0.1358,212601060.0
2022-05-05 00:00:00,0.1358,0.1377,0.1246,0.1281,456033163.0
2022-05-06 00:00:00,0.1281,0.1299,0.1232,0.1277,224078377.0
2022-05-07 00:00:00,0.1277,0.1323,0.1243,0.1274,209587540.0
2022-05-08 00:00:00,0.1274,0.1282,0.1222,0.124,186726189.0
2022-05-09 00:00:00,0.124,0.1252,0.0995,0.1017,801382026.0
2022-05-10 00:00:00,0.1017,0.1183,0.0989,0.1079,582939333.0
2022-05-11 00:00:00,0.1079,0.1109,0.0699,0.0851,1584376163.0
2022-05-12 00:00:00,0.0851,0.0898,0.0686,0.0826,1643406025.0
2022-05-13 00:00:00,0.0826,0.0965,0.082,0.088,542517420.0
2022-05-14 00:00:00,0.088,0.0919,0.0834,0.0893,234597934.0
2022-05-15 00:00:00,0.0893,0.0932,0.0864,0.093,162632202.0
2022-05-16 00:00:00,0.093,0.0931,0.0857,0.0878,133070339.0
2022-05-17 00:00:00,0.0878,0.0913,0.0868,0.0902,132162535.0
2022-05-18 00:00:00,0.0902,0.0909,0.0829,0.0833,122636086.0
2022-05-19 00:00:00,0.0833,0.0876,0.0813,0.0866,144699808.0
2022-05-20 00:00:00,0.0866,0.0879,0.0824,0.0838,107552352.0
2022-05-21 00:00:00,0.0838,0.0854,0.0823,0.0844,78292696.0
2022-05-22 00:00:00,0.0844,0.0866,0.0837,0.0858,72697602.0
2022-05-23 00:00:00,0.0858,0.0883,0.0819,0.0832,175504848.0
2022-05-24 00:00:00,0.0832,0.0843,0.08,0.0835,130144207.0
2022-05-25 00:00:00,0.0835,0.0844,0.082,0.083,95318043.0
2022-05-26 00:00:00,0.083,0.0837,0.0749,0.0778,265273296.0
2022-05-27 00:00:00,0.0778,0.0901,0.0759,0.0814,795155969.0
2022-05-28 00:00:00,0.0814,0.0833,0.0808,0.0817,189375966.0
2022-05-29 00:00:00,0.0817,0.0832,0.0797,0.0826,107599248.0
2022-05-30 00:00:00,0.0826,0.0885,0.082,0.0879,164270011.0
2022-05-31 00:00:00,0.0879,0.0884,0.083,0.0858,177979543.0
2022-06-01 00:00:00,0.0858,0.0895,0.0786,0.0809,253092241.0
2022-06-02 00:00:00,0.0809,0.0831,0.0799,0.0828,96651788.0
2022-06-03 00:00:00,0.0828,0.0829,0.0793,0.0802,106401505.0
2022-06-04 00:00:00,0.0802,0.0825,0.0793,0.0818,100902788.0
2022-06-05 00:00:00,0.0818,0.0822,0.0805,0.081,84425913.0
2022-06-06 00:00:00,0.081,0.0847,0.0808,0.0825,165419592.0
2022-06-07 00:00:00,0.0825,0.0825,0.0776,0.0802,195081771.0
2022-06-08 00:00:00,0.0802,0.0816,0.0787,0.0792,90984586.0
2022-06-09 00:00:00,0.0792,0.081,0.0788,0.0793,67955569.0
2022-06-10 00:00:00,0.0793,0.0796,0.0741,0.0753,158878278.0
2022-06-11 00:00:00,0.0753,0.0765,0.0678,0.0699,169496154.0
2022-06-12 00:00:00,0.0699,0.0703,0.0633,0.0635,287799294.0
2022-06-13 00:00:00,0.0635,0.0662,0.0522,0.0542,916357400.0
2022-06-14 00:00:00,0.0542,0.0584,0.0497,0.0555,387992971.0
2022-06-15 00:00:00,0.0555,0.064,0.0504,0.0628,573521150.0
2022-06-16 00:00:00,0.0628,0.0628,0.0541,0.0552,291258466.0
2022-06-17 00:00:00,0.0552,0.0581,0.0545,0.0568,95495512.0
2022-06-18 00:00:00,0.0568,0.0579,0.0489,0.0528,315062305.0
2022-06-19 00:00:00,0.0528,0.0629,0.0511,0.0605,1066726807.0
2022-06-20 00:00:00,0.0605,0.0616,0.0574,0.06,221323707.0
2022-06-21 00:00:00,0.06,0.0699,0.0589,0.0658,440866260.0
2022-06-22 00:00:00,0.0658,0.0658,0.0608,0.0616,231992835.0
2022-06-23 00:00:00,0.0616,0.0647,0.0615,0.064,153345944.0
2022-06-24 00:00:00,0.064,0.0686,0.0639,0.0669,167826506.0
2022-06-25 00:00:00,0.0669,0.0693,0.0651,0.0685,143107075.0
2022-06-26 00:00:00,0.0685,0.0775,0.0671,0.0729,558088491.0
2022-06-27 00:00:00,0.0729,0.0787,0.0704,0.0721,862105732.0
2022-06-28 00:00:00,0.0721,0.0733,0.0653,0.066,347249063.0
2022-06-29 00:00:00,0.066,0.0715,0.064,0.0694,355567598.0
2022-06-30 00:00:00,0.0694,0.0698,0.0622,0.0664,466044580.0
2022-07-01 00:00:00,0.0664,0.0684,0.0638,0.0664,358901140.0
2022-07-02 00:00:00,0.0664,0.068,0.0655,0.0666,231402469.0
2022-07-03 00:00:00,0.0666,0.0675,0.0648,0.0672,137756692.0
2022-07-04 00:00:00,0.0672,0.0697,0.0656,0.0693,209711246.0
2022-07-05 00:00:00,0.0693,0.07,0.0655,0.0672,201189397.0
2022-07-06 00:00:00,0.0672,0.0693,0.0661,0.0684,173012357.0
2022-07-07 00:00:00,0.0684,0.0712,0.0678,0.0706,149818037.0
2022-07-08 00:00:00,0.0706,0.0737,0.0682,0.0691,221207636.0
2022-07-09 00:00:00,0.0691,0.0702,0.0688,0.0695,95091711.0
2022-07-10 00:00:00,0.0695,0.0695,0.0662,0.0672,124011270.0
2022-07-11 00:00:00,0.0672,0.0672,0.0611,0.0617,136372033.0
2022-07-12 00:00:00,0.0617,0.0631,0.0596,0.0597,122706603.0
2022-07-13 00:00:00,0.0597,0.0623,0.0574,0.0619,218218019.0
2022-07-14 00:00:00,0.0619,0.0628,0.0594,0.0624,115944999.0
2022-07-15 00:00:00,0.0624,0.0644,0.0616,0.0628,177150699.0
2022-07-16 00:00:00,0.0628,0.0648,0.0617,0.0644,140667095.0
2022-07-17 00:00:00,0.0644,0.0655,0.0628,0.063,108906628.0
2022-07-18 00:00:00,0.063,0.0689,0.0629,0.0675,200936448.0
2022-07-19 00:00:00,0.0675,0.0703,0.0653,0.0689,202179766.0
2022-07-20 00:00:00,0.0689,0.0769,0.0676,0.0701,538014287.0
2022-07-21 00:00:00,0.0701,0.0709,0.0668,0.0699,206331915.0
2022-07-22 00:00:00,0.0699,0.0714,0.0666,0.0674,163535114.0
2022-07-23 00:00:00,0.0674,0.0694,0.0659,0.068,115819747.0
2022-07-24 00:00:00,0.068,0.069,0.0671,0.0676,85556240.0
2022-07-25 00:00:00,0.0676,0.068,0.0617,0.0619,167691402.0
2022-07-26 00:00:00,0.0619,0.0626,0.06,0.0624,109629149.0
2022-07-27 00:00:00,0.0624,0.0672,0.0617,0.0671,166835554.0
2022-07-28 00:00:00,0.0671,0.0709,0.0651,0.0691,242979013.0
2022-07-29 00:00:00,0.0691,0.0725,0.0672,0.0687,303557398.0
2022-07-30 00:00:00,0.0687,0.0746,0.0678,0.0696,382238355.0
2022-07-31 00:00:00,0.0696,0.0723,0.0677,0.068,216653713.0
2022-08-01 00:00:00,0.068,0.0713,0.0668,0.0685,270888968.0
2022-08-02 00:00:00,0.0685,0.0691,0.0653,0.0664,189901009.0
2022-08-03 00:00:00,0.0664,0.0684,0.065,0.0661,137966908.0
2022-08-04 00:00:00,0.0661,0.0676,0.0657,0.0671,117666739.0
2022-08-05 00:00:00,0.0671,0.0703,0.0671,0.0699,184825193.0
2022-08-06 00:00:00,0.0699,0.0713,0.0683,0.0686,131260263.0
2022-08-07 00:00:00,0.0686,0.07,0.0673,0.0689,128053046.0
2022-08-08 00:00:00,0.0689,0.0726,0.0688,0.0701,285713977.0
2022-08-09 00:00:00,0.0701,0.0744,0.0676,0.0689,474825169.0
2022-08-10 00:00:00,0.0689,0.0715,0.066,0.0713,331506374.0
2022-08-11 00:00:00,0.0713,0.0755,0.0703,0.0709,432008173.0
2022-08-12 00:00:00,0.0709,0.0728,0.0696,0.0723,213405482.0
2022-08-13 00:00:00,0.0723,0.0751,0.0717,0.073,343074317.0
2022-08-14 00:00:00,0.073,0.0847,0.0726,0.0817,1260880619.0
2022-08-15 00:00:00,0.0817,0.082,0.0747,0.0766,670536486.0
2022-08-16 00:00:00,0.0766,0.0896,0.0761,0.0867,2104475573.0
2022-08-17 00:00:00,0.0867,0.089,0.0792,0.0801,1219887728.0
2022-08-18 00:00:00,0.0801,0.0823,0.0733,0.0747,688333675.0
2022-08-19 00:00:00,0.0747,0.0752,0.067,0.0677,1097883779.0
2022-08-20 00:00:00,0.0677,0.0711,0.0676,0.0693,473798719.0
2022-08-21 00:00:00,0.0693,0.0708,0.0673,0.0692,381028198.0
2022-08-22 00:00:00,0.0692,0.0694,0.0651,0.0684,442713404.0
2022-08-23 00:00:00,0.0684,0.0692,0.0668,0.0688,309144079.0
2022-08-24 00:00:00,0.0688,0.0697,0.067,0.0679,332381733.0
2022-08-25 00:00:00,0.0679,0.0718,0.0675,0.069,443388167.0
2022-08-26 00:00:00,0.069,0.0696,0.0626,0.0635,703131558.0
2022-08-27 00:00:00,0.0635,0.0641,0.0622,0.0634,285647883.0
2022-08-28 00:00:00,0.0634,0.0643,0.0613,0.0617,241287136.0
2022-08-29 00:00:00,0.0617,0.0641,0.0608,0.0638,257772980.0
2022-08-30 00:00:00,0.0638,0.0645,0.06,0.0614,248203000.0
2022-08-31 00:00:00,0.0614,0.0634,0.0606,0.0613,199867198.0
2022-09-01 00:00:00,0.0613,0.0626,0.0598,0.0624,194276941.0
2022-09-02 00:00:00,0.0624,0.0629,0.0606,0.0617,215076058.0
2022-09-03 00:00:00,0.0617,0.064,0.0611,0.0627,245854322.0
2022-09-04 00:00:00,0.0627,0.0639,0.0618,0.0632,171361917.0
2022-09-05 00:00:00,0.0632,0.0637,0.0608,0.0627,193024161.0
2022-09-06 00:00:00,0.0627,0.0653,0.0579,0.0589,501473553.0
2022-09-07 00:00:00,0.0589,0.0615,0.0573,0.061,317487733.0
2022-09-08 00:00:00,0.061,0.0614,0.0596,0.0609,196543010.0
2022-09-09 00:00:00,0.0609,0.0649,0.0608,0.0638,328887304.0
2022-09-10 00:00:00,0.0638,0.0656,0.0631,0.0647,288330983.0
2022-09-11 00:00:00,0.0647,0.0653,0.0625,0.0637,177854917.0
2022-09-12 00:00:00,0.0637,0.0654,0.0625,0.0639,250938596.0
2022-09-13 00:00:00,0.0639,0.0641,0.0592,0.0596,380546744.0
2022-09-14 00:00:00,0.0596,0.0615,0.059,0.061,267328888.0
2022-09-15 00:00:00,0.061,0.0612,0.0584,0.0586,232516453.0
2022-09-16 00:00:00,0.0586,0.0605,0.058,0.0605,139065624.0
2022-09-17 00:00:00,0.0605,0.0624,0.0601,0.0621,123858664.0
2022-09-18 00:00:00,0.0621,0.0622,0.0561,0.0573,221287059.0
2022-09-19 00:00:00,0.0573,0.0588,0.0558,0.0585,184942589.0
2022-09-20 00:00:00,0.0585,0.0606,0.0575,0.0583,201630836.0
2022-09-21 00:00:00,0.0583,0.0609,0.056,0.0571,405163829.0
2022-09-22 00:00:00,0.0571,0.0601,0.0568,0.0595,151804986.0
2022-09-23 00:00:00,0.0595,0.0643,0.059,0.0633,613530306.0
2022-09-24 00:00:00,0.0633,0.0683,0.0623,0.063,979785681.0
2022-09-25 00:00:00,0.063,0.0639,0.0599,0.0611,322985232.0
2022-09-26 00:00:00,0.0611,0.0619,0.0597,0.061,384357278.0
2022-09-27 00:00:00,0.061,0.0631,0.0597,0.0604,396407847.0
2022-09-28 00:00:00,0.0604,0.0612,0.0584,0.0605,264318973.0
2022-09-29 00:00:00,0.0605,0.0611,0.0592,0.0609,158976178.0
2022-09-30 00:00:00,0.0609,0.0623,0.0596,0.0616,428699189.0
2022-10-01 00:00:00,0.0616,0.0632,0.0602,0.0606,501341127.0
2022-10-02 00:00:00,0.0606,0.061,0.0587,0.0592,183167330.0
2022-10-03 00:00:00,0.0592,0.0606,0.0587,0.0603,181494829.0
2022-10-04 00:00:00,0.0603,0.0664,0.0599,0.0658,1223366682.0
2022-10-05 00:00:00,0.0658,0.0669,0.0626,0.0648,1041040213.0
2022-10-06 00:00:00,0.0648,0.0668,0.0627,0.0633,580730791.0
2022-10-07 00:00:00,0.0633,0.0638,0.0613,0.0623,326195894.0
2022-10-08 00:00:00,0.0623,0.0626,0.0611,0.0617,134843763.0
2022-10-09 00:00:00,0.0617,0.0624,0.0611,0.0621,110355251.0
2022-10-10 00:00:00,0.0621,0.0625,0.059,0.0594,229875708.0
2022-10-11 00:00:00,0.0594,0.0608,0.0574,0.0601,266731081.0
2022-10-12 00:00:00,0.0601,0.061,0.0592,0.0598,222458147.0
2022-10-13 00:00:00,0.0598,0.0602,0.0548,0.0597,458362387.0
2022-10-14 00:00:00,0.0597,0.061,0.058,0.0586,270554927.0
2022-10-15 00:00:00,0.0586,0.0598,0.0579,0.0585,165701459.0
2022-10-16 00:00:00,0.0585,0.0595,0.0584,0.0588,116718948.0
2022-10-17 00:00:00,0.0588,0.0602,0.0585,0.0599,147683614.0
2022-10-18 00:00:00,0.0599,0.0611,0.0584,0.0597,255574161.0
2022-10-19 00:00:00,0.0597,0.0607,0.0581,0.0587,319324474.0
2022-10-20 00:00:00,0.0587,0.0603,0.0582,0.0595,309528624.0
2022-10-21 00:00:00,0.0595,0.0595,0.057,0.0593,255557376.0
2022-10-22 00:00:00,0.0593,0.0599,0.059,0.0596,163560197.0
2022-10-23 00:00:00,0.0596,0.0605,0.0586,0.0603,142819619.0
2022-10-24 00:00:00,0.0603,0.0609,0.0586,0.0594,153010433.0
2022-10-25 00:00:00,0.0594,0.0642,0.0591,0.0629,457620762.0
2022-10-26 00:00:00,0.0629,0.0737,0.0625,0.0725,1649390145.0
2022-10-27 00:00:00,0.0725,0.0854,0.0716,0.0768,4600652893.0
2022-10-28 00:00:00,0.0768,0.0885,0.0725,0.0838,5674652041.0
2022-10-29 00:00:00,0.0838,0.1516,0.0828,0.1217,17142977993.0
2022-10-30 00:00:00,0.1217,0.1437,0.111,0.1176,10149546074.0
2022-10-31 00:00:00,0.1176,0.1319,0.1137,0.1267,8690543395.0
2022-11-01 00:00:00,0.1267,0.1593,0.1245,0.1419,10444670753.0
2022-11-02 00:00:00,0.1419,0.148,0.1217,0.1276,8666893817.0
2022-11-03 00:00:00,0.1276,0.137,0.1196,0.1226,4281181294.0
2022-11-04 00:00:00,0.1226,0.1291,0.1154,0.126,4407149379.0
2022-11-05 00:00:00,0.126,0.1358,0.1192,0.1244,2641756792.0
2022-11-06 00:00:00,0.1244,0.1277,0.1114,0.1146,1968326918.0
2022-11-07 00:00:00,0.1146,0.1191,0.1072,0.1112,2152497251.0
2022-11-08 00:00:00,0.1112,0.113,0.0765,0.0881,8883594499.0
2022-11-09 00:00:00,0.0881,0.0922,0.0703,0.0744,3914653060.0
2022-11-10 00:00:00,0.0744,0.0943,0.073,0.0898,2327207216.0
2022-11-11 00:00:00,0.0898,0.0937,0.0797,0.085,1597143614.0
2022-11-12 00:00:00,0.085,0.0951,0.0784,0.088,2615235426.0
2022-11-13 00:00:00,0.088,0.0915,0.0827,0.085,1205810592.0
2022-11-14 00:00:00,0.085,0.0914,0.0791,0.0859,1533569002.0
2022-11-15 00:00:00,0.0859,0.0899,0.0847,0.087,742728556.0
2022-11-16 00:00:00,0.087,0.0912,0.0833,0.0855,936661428.0
2022-11-17 00:00:00,0.0855,0.0872,0.0823,0.0847,698387177.0
2022-11-18 00:00:00,0.0847,0.0868,0.0836,0.0848,489301277.0
2022-11-19 00:00:00,0.0848,0.085,0.083,0.0845,374100287.0
2022-11-20 00:00:00,0.0845,0.0858,0.0762,0.077,894997528.0
2022-11-21 00:00:00,0.077,0.0774,0.0712,0.0747,921183371.0
2022-11-22 00:00:00,0.0747,0.0797,0.0731,0.0787,891830888.0
2022-11-23 00:00:00,0.0787,0.0835,0.0777,0.082,658597821.0
2022-11-24 00:00:00,0.082,0.0843,0.0804,0.0814,425178425.0
2022-11-25 00:00:00,0.0814,0.0917,0.0805,0.0894,1701197403.0
2022-11-26 00:00:00,0.0894,0.0957,0.0868,0.0888,1548496426.0
2022-11-27 00:00:00,0.0888,0.108,0.0887,0.0987,3733123848.0
2022-11-28 00:00:00,0.0987,0.0997,0.0905,0.0952,2884572412.0
2022-11-29 00:00:00,0.0952,0.1054,0.0936,0.10137,3001764446.0
2022-11-30 00:00:00,0.10137,0.11075,0.0991,0.10676,2735340941.0
2022-12-01 00:00:00,0.10676,0.10775,0.1002,0.10168,2101140248.0
2022-12-02 00:00:00,0.10168,0.10366,0.09603,0.1021,1893206795.0
2022-12-03 00:00:00,0.1021,0.10307,0.0978,0.09965,1493371626.0
2022-12-04 00:00:00,0.09965,0.10578,0.09951,0.10397,1677044588.0
2022-12-05 00:00:00,0.10397,0.11193,0.09918,0.10147,2244836242.0
2022-12-06 00:00:00,0.10147,0.10272,0.09782,0.10016,1136442258.0
2022-12-07 00:00:00,0.10016,0.10121,0.09172,0.09568,1295570238.0
2022-12-08 00:00:00,0.09568,0.09918,0.09463,0.09845,1089775348.0
2022-12-09 00:00:00,0.09845,0.09945,0.09529,0.09665,753182757.0
2022-12-10 00:00:00,0.09665,0.09745,0.09602,0.09628,400339874.0
2022-12-11 00:00:00,0.09628,0.09713,0.09116,0.09263,610175792.0
2022-12-12 00:00:00,0.09263,0.09295,0.084,0.09023,1783717220.0
2022-12-13 00:00:00,0.09023,0.0957,0.08685,0.09101,2039596501.0
2022-12-14 00:00:00,0.09101,0.09244,0.08675,0.0882,1609731746.0
2022-12-15 00:00:00,0.0882,0.08879,0.08402,0.08484,920804568.0
2022-12-16 00:00:00,0.08484,0.08684,0.0738,0.07567,2239657372.0
2022-12-17 00:00:00,0.07567,0.07943,0.07548,0.07918,1131105558.0
2022-12-18 00:00:00,0.07918,0.08002,0.07756,0.07841,954445596.0
2022-12-19 00:00:00,0.07841,0.07949,0.06975,0.0713,2246297925.0
2022-12-20 00:00:00,0.0713,0.0756,0.07097,0.07482,1844523620.0
2022-12-21 00:00:00,0.07482,0.075,0.07129,0.07368,1334187211.0
2022-12-22 00:00:00,0.07368,0.07776,0.07321,0.0768,2569512792.0
2022-12-23 00:00:00,0.0768,0.07902,0.07599,0.07717,2172152002.0
2022-12-24 00:00:00,0.07717,0.07816,0.0766,0.07748,705243971.0
2022-12-25 00:00:00,0.07748,0.07763,0.07271,0.07595,1789492349.0
2022-12-26 00:00:00,0.07595,0.07662,0.07394,0.07566,864110335.0
2022-12-27 00:00:00,0.07566,0.07616,0.07251,0.07371,974029129.0
2022-12-28 00:00:00,0.07371,0.07389,0.06919,0.07035,1996848689.0
2022-12-29 00:00:00,0.07035,0.07161,0.06919,0.07092,1098653714.0
2022-12-30 00:00:00,0.07092,0.07142,0.0657,0.06836,1825802748.0
2022-12-31 00:00:00,0.06836,0.07136,0.06792,0.07021,1186397976.0
2023-01-01 00:00:00,0.07021,0.07082,0.06903,0.07021,739851612.0
2023-01-02 00:00:00,0.07021,0.07377,0.06905,0.07136,1397726835.0
2023-01-03 00:00:00,0.07136,0.07231,0.06933,0.07045,1075525924.0
2023-01-04 00:00:00,0.07045,0.07362,0.07016,0.07311,1310173879.0
2023-01-05 00:00:00,0.07311,0.0753,0.07026,0.07147,1674336917.0
2023-01-06 00:00:00,0.07147,0.07278,0.0694,0.07237,1239291158.0
2023-01-07 00:00:00,0.07237,0.073,0.07166,0.07218,423157490.0
2023-01-08 00:00:00,0.07218,0.07396,0.07118,0.07361,770699276.0
2023-01-09 00:00:00,0.07361,0.07963,0.07293,0.07565,2505594592.0
2023-01-10 00:00:00,0.07565,0.07788,0.07357,0.07782,1699137942.0
2023-01-11 00:00:00,0.07782,0.07861,0.07464,0.07812,1215979614.0
2023-01-12 00:00:00,0.07812,0.08129,0.07338,0.08024,2491420282.0
2023-01-13 00:00:00,0.08024,0.08524,0.07846,0.08451,1654515976.0
2023-01-14 00:00:00,0.08451,0.09283,0.08221,0.08732,3424350126.0
2023-01-15 00:00:00,0.08732,0.08798,0.0828,0.08615,1187964240.0
2023-01-16 00:00:00,0.08615,0.0884,0.08153,0.0837,1637503714.0
2023-01-17 00:00:00,0.0837,0.08511,0.0818,0.08281,1009370879.0
2023-01-18 00:00:00,0.08281,0.08977,0.07652,0.07996,4061086872.0
2023-01-19 00:00:00,0.07996,0.08214,0.0797,0.08157,959478996.0
2023-01-20 00:00:00,0.08157,0.08708,0.08057,0.08623,1370881214.0
2023-01-21 00:00:00,0.08623,0.08925,0.08389,0.0847,2285783846.0
2023-01-22 00:00:00,0.0847,0.09344,0.08436,0.08825,1965890303.0
2023-01-23 00:00:00,0.08825,0.09156,0.08579,0.08859,1866621592.0
2023-01-24 00:00:00,0.08859,0.09093,0.08179,0.08387,1499473616.0
2023-01-25 00:00:00,0.08387,0.0882,0.08157,0.08658,1649646674.0
2023-01-26 00:00:00,0.08658,0.08773,0.08443,0.08638,1248473381.0
2023-01-27 00:00:00,0.08638,0.0881,0.08349,0.08723,1043214547.0
2023-01-28 00:00:00,0.08723,0.09391,0.08668,0.08774,1551610189.0
2023-01-29 00:00:00,0.08774,0.09101,0.08725,0.09018,1137419759.0
2023-01-30 00:00:00,0.09018,0.09286,0.0842,0.08835,2249671333.0
2023-01-31 00:00:00,0.08835,0.098,0.08825,0.09617,4456380064.0
2023-02-01 00:00:00,0.09617,0.09728,0.08807,0.09408,3248870439.0
2023-02-02 00:00:00,0.09408,0.09606,0.09001,0.09101,1529017430.0
2023-02-03 00:00:00,0.09101,0.09345,0.09031,0.09297,1053007089.0
2023-02-04 00:00:00,0.09297,0.09991,0.09254,0.09573,2181268814.0
2023-02-05 00:00:00,0.09573,0.09703,0.09041,0.09205,1900810393.0
2023-02-06 00:00:00,0.09205,0.0933,0.08815,0.08953,1064472465.0
2023-02-07 00:00:00,0.08953,0.09276,0.08939,0.09254,864574669.0
2023-02-08 00:00:00,0.09254,0.09343,0.08851,0.09022,848216461.0
2023-02-09 00:00:00,0.09022,0.09096,0.0786,0.08141,1835153569.0
2023-02-10 00:00:00,0.08141,0.083,0.07917,0.08086,983715247.0
2023-02-11 00:00:00,0.08086,0.0825,0.0806,0.08221,343028008.0
2023-02-12 00:00:00,0.08221,0.08577,0.08108,0.0821,827180578.0
2023-02-13 00:00:00,0.0821,0.0864,0.07933,0.08202,1581296214.0
2023-02-14 00:00:00,0.08202,0.08367,0.07988,0.08353,1034672541.0
2023-02-15 00:00:00,0.08353,0.08957,0.0826,0.08925,1823409748.0
2023-02-16 00:00:00,0.08925,0.09201,0.08461,0.08487,1561194462.0
2023-02-17 00:00:00,0.08487,0.08854,0.08428,0.08775,766080285.0
2023-02-18 00:00:00,0.08775,0.09048,0.08675,0.08885,838970026.0
2023-02-19 00:00:00,0.08885,0.09012,0.08556,0.08701,1109232261.0
2023-02-20 00:00:00,0.08701,0.08879,0.0851,0.08832,796758985.0
2023-02-21 00:00:00,0.08832,0.08889,0.08411,0.08548,1037823104.0
2023-02-22 00:00:00,0.08548,0.0888,0.08286,0.08549,1724091320.0
2023-02-23 00:00:00,0.08549,0.08644,0.08321,0.08425,541797780.0
2023-02-24 00:00:00,0.08425,0.08498,0.07917,0.08089,1005679706.0
2023-02-25 00:00:00,0.08089,0.08214,0.07827,0.0807,682521321.0
2023-02-26 00:00:00,0.0807,0.0826,0.08034,0.08213,266708325.0
2023-02-27 00:00:00,0.08213,0.08228,0.07988,0.08134,355179907.0
2023-02-28 00:00:00,0.08134,0.08312,0.07985,0.08082,743602250.0
2023-03-01 00:00:00,0.08082,0.08285,0.08023,0.08193,318756328.0
2023-03-02 00:00:00,0.08193,0.08225,0.07956,0.08057,318079987.0
2023-03-03 00:00:00,0.08057,0.08059,0.07186,0.0768,1084796160.0
2023-03-04 00:00:00,0.0768,0.07724,0.07251,0.07458,416619205.0
2023-03-05 00:00:00,0.07458,0.07602,0.07425,0.07473,395755637.0
2023-03-06 00:00:00,0.07473,0.07509,0.07315,0.07475,347292076.0
2023-03-07 00:00:00,0.07475,0.07594,0.07227,0.07402,617759370.0
2023-03-08 00:00:00,0.07402,0.0743,0.06987,0.07109,655472566.0
2023-03-09 00:00:00,0.07109,0.07226,0.06383,0.06593,1497019985.0
2023-03-10 00:00:00,0.06593,0.06613,0.06248,0.0657,1247511143.0
2023-03-11 00:00:00,0.0657,0.06815,0.06319,0.06603,1105317735.0
2023-03-12 00:00:00,0.06603,0.07084,0.06511,0.07049,749943440.0
2023-03-13 00:00:00,0.07049,0.07348,0.06809,0.07276,879710462.0
2023-03-14 00:00:00,0.07276,0.07764,0.07106,0.07463,1258231885.0
2023-03-15 00:00:00,0.07463,0.07595,0.06734,0.06963,1113249232.0
2023-03-16 00:00:00,0.06963,0.07409,0.06868,0.07255,1066375978.0
2023-03-17 00:00:00,0.07255,0.07724,0.07143,0.07644,1305229523.0
2023-03-18 00:00:00,0.07644,0.07894,0.07195,0.07291,1663337521.0
2023-03-19 00:00:00,0.07291,0.07653,0.07291,0.0745,694345062.0
2023-03-20 00:00:00,0.0745,0.07555,0.07029,0.07133,908690929.0
2023-03-21 00:00:00,0.07133,0.07791,0.07026,0.07663,1389376306.0
2023-03-22 00:00:00,0.07663,0.07808,0.07139,0.07383,1547726919.0
2023-03-23 00:00:00,0.07383,0.07914,0.07292,0.07732,1464630363.0
2023-03-24 00:00:00,0.07732,0.07745,0.07283,0.07454,964429012.0
2023-03-25 00:00:00,0.07454,0.07593,0.07238,0.07401,586842841.0
2023-03-26 00:00:00,0.07401,0.07543,0.0733,0.07431,435178379.0
2023-03-27 00:00:00,0.07431,0.07614,0.07118,0.07285,1143920657.0
2023-03-28 00:00:00,0.07285,0.07401,0.07161,0.07378,483284988.0
2023-03-29 00:00:00,0.07378,0.07683,0.07347,0.07555,732093533.0
2023-03-30 00:00:00,0.07555,0.07683,0.07314,0.07418,777624879.0
2023-03-31 00:00:00,0.07418,0.0779,0.07335,0.07695,809960100.0
2023-04-01 00:00:00,0.07695,0.08328,0.07588,0.08182,2534992860.0
2023-04-02 00:00:00,0.08182,0.08562,0.07695,0.07905,4062179642.0
2023-04-03 00:00:00,0.07905,0.10589,0.07572,0.09597,16019333798.0
2023-04-04 00:00:00,0.09597,0.10348,0.0921,0.09516,11947465994.0
2023-04-05 00:00:00,0.09516,0.09922,0.09017,0.09268,5983180733.0
2023-04-06 00:00:00,0.09268,0.09282,0.08367,0.08538,6761662519.0
2023-04-07 00:00:00,0.08538,0.0862,0.08103,0.08221,3770170791.0
2023-04-08 00:00:00,0.08221,0.0838,0.08002,0.0813,1801852733.0
2023-04-09 00:00:00,0.0813,0.08391,0.08103,0.08312,1714638421.0
2023-04-10 00:00:00,0.08312,0.08536,0.08207,0.0847,1446745855.0
2023-04-11 00:00:00,0.0847,0.08572,0.08357,0.08407,1282063904.0
2023-04-12 00:00:00,0.08407,0.08472,0.08008,0.0834,1962367498.0
2023-04-13 00:00:00,0.0834,0.08894,0.08281,0.08734,2887239487.0
2023-04-14 00:00:00,0.08734,0.09149,0.08526,0.08869,3209990182.0
2023-04-15 00:00:00,0.08869,0.09061,0.08721,0.08889,1169976851.0
2023-04-16 00:00:00,0.08889,0.0919,0.08758,0.09048,1739590969.0
2023-04-17 00:00:00,0.09048,0.09499,0.08809,0.0914,4805970929.0
2023-04-18 00:00:00,0.0914,0.09518,0.08971,0.09416,2693172751.0
2023-04-19 00:00:00,0.09416,0.09416,0.08379,0.08786,3685217678.0
2023-04-20 00:00:00,0.08786,0.09361,0.08243,0.08385,6636887779.0
2023-04-21 00:00:00,0.08385,0.08467,0.07577,0.07839,2663692966.0
2023-04-22 00:00:00,0.07839,0.08099,0.07812,0.08027,957694982.0
2023-04-23 00:00:00,0.08027,0.08082,0.07643,0.07875,1019523793.0
2023-04-24 00:00:00,0.07875,0.08006,0.07708,0.07871,884987733.0
2023-04-25 00:00:00,0.07871,0.07994,0.07746,0.07972,832102200.0
2023-04-26 00:00:00,0.07972,0.08357,0.07446,0.07854,2484776600.0
2023-04-27 00:00:00,0.07854,0.08095,0.07833,0.08011,1136865045.0
2023-04-28 00:00:00,0.08011,0.0807,0.07891,0.08026,553472367.0
2023-04-29 00:00:00,0.08026,0.08192,0.08014,0.08152,600899267.0
2023-04-30 00:00:00,0.08152,0.08173,0.07918,0.07945,522701707.0
2023-05-01 00:00:00,0.07945,0.07998,0.0773,0.07877,871930532.0
2023-05-02 00:00:00,0.07877,0.07906,0.07743,0.07871,491913287.0
2023-05-03 00:00:00,0.07871,0.08065,0.07705,0.07958,698689870.0
2023-05-04 00:00:00,0.07958,0.07969,0.0779,0.07835,487708415.0
2023-05-05 00:00:00,0.07835,0.08146,0.07667,0.08014,746825581.0
2023-05-06 00:00:00,0.08014,0.08048,0.07564,0.07666,678515290.0
2023-05-07 00:00:00,0.07666,0.07746,0.07612,0.07649,353948576.0
2023-05-08 00:00:00,0.07649,0.07706,0.0696,0.07235,1427905484.0
2023-05-09 00:00:00,0.07235,0.07326,0.07204,0.07305,502969529.0
2023-05-10 00:00:00,0.07305,0.07466,0.07013,0.07307,1137219283.0
2023-05-11 00:00:00,0.07307,0.07313,0.06888,0.07189,820768577.0
2023-05-12 00:00:00,0.07189,0.0727,0.0693,0.07232,961212963.0
2023-05-13 00:00:00,0.07232,0.07237,0.07124,0.07163,213382072.0
2023-05-14 00:00:00,0.07163,0.07266,0.07102,0.07191,218879706.0
2023-05-15 00:00:00,0.07191,0.07362,0.07082,0.07186,468628089.0
2023-05-16 00:00:00,0.07186,0.0732,0.07085,0.07269,412800221.0
2023-05-17 00:00:00,0.07269,0.07543,0.07224,0.0748,779418732.0
2023-05-18 00:00:00,0.0748,0.07488,0.07157,0.0734,629060618.0
2023-05-19 00:00:00,0.0734,0.07403,0.07296,0.07344,241509288.0
2023-05-20 00:00:00,0.07344,0.07385,0.07302,0.07358,146763996.0
2023-05-21 00:00:00,0.07358,0.07397,0.07186,0.07205,246399640.0
2023-05-22 00:00:00,0.07205,0.07399,0.07062,0.0729,421966482.0
2023-05-23 00:00:00,0.0729,0.07393,0.07241,0.07284,287881268.0
2023-05-24 00:00:00,0.07284,0.07286,0.06919,0.0706,675437537.0
2023-05-25 00:00:00,0.0706,0.0711,0.06842,0.07086,375616990.0
2023-05-26 00:00:00,0.07086,0.07133,0.0703,0.07095,245492084.0
2023-05-27 00:00:00,0.07095,0.07339,0.0706,0.07255,247007588.0
2023-05-28 00:00:00,0.07255,0.07395,0.07182,0.0735,387504906.0
2023-05-29 00:00:00,0.0735,0.07402,0.07257,0.07312,261458096.0
2023-05-30 00:00:00,0.07312,0.07345,0.07184,0.07228,345188986.0
2023-05-31 00:00:00,0.07228,0.07264,0.0704,0.07161,342298252.0
2023-06-01 00:00:00,0.07161,0.07217,0.07061,0.07139,254046301.0
2023-06-02 00:00:00,0.07139,0.07327,0.07084,0.07256,295506932.0
2023-06-03 00:00:00,0.07256,0.07295,0.07214,0.07268,154831980.0
2023-06-04 00:00:00,0.07268,0.07337,0.07227,0.07247,178976133.0
2023-06-05 00:00:00,0.07247,0.07267,0.06261,0.0664,1329616599.0
2023-06-06 00:00:00,0.0664,0.07196,0.06576,0.07022,1092204384.0
2023-06-07 00:00:00,0.07022,0.07028,0.0666,0.06725,467640164.0
2023-06-08 00:00:00,0.06725,0.06847,0.06692,0.0679,233155853.0
2023-06-09 00:00:00,0.0679,0.07119,0.06723,0.06945,531680256.0
2023-06-10 00:00:00,0.06945,0.07197,0.05258,0.06173,2258964079.0
2023-06-11 00:00:00,0.06173,0.06289,0.06086,0.06148,514681517.0
2023-06-12 00:00:00,0.06148,0.06167,0.05966,0.0614,411172510.0
2023-06-13 00:00:00,0.0614,0.06281,0.06033,0.06172,470169607.0
2023-06-14 00:00:00,0.06172,0.06216,0.05804,0.06033,726363519.0
2023-06-15 00:00:00,0.06033,0.06195,0.05972,0.06149,411575268.0
2023-06-16 00:00:00,0.06149,0.06281,0.06061,0.06214,531474992.0
2023-06-17 00:00:00,0.06214,0.06296,0.06168,0.06215,281101805.0
2023-06-18 00:00:00,0.06215,0.06395,0.06101,0.06206,615739236.0
2023-06-19 00:00:00,0.06206,0.06281,0.06141,0.06239,239324286.0
2023-06-20 00:00:00,0.06239,0.06313,0.06067,0.06313,364210725.0
2023-06-21 00:00:00,0.06313,0.06675,0.06279,0.06558,802456584.0
2023-06-22 00:00:00,0.06558,0.06936,0.06482,0.0655,1209703839.0
2023-06-23 00:00:00,0.0655,0.07011,0.06514,0.06819,1011612552.0
2023-06-24 00:00:00,0.06819,0.06837,0.06496,0.06666,743425663.0
2023-06-25 00:00:00,0.06666,0.068,0.06626,0.06666,434924817.0
2023-06-26 00:00:00,0.06666,0.06677,0.063,0.0647,736332426.0
2023-06-27 00:00:00,0.0647,0.06578,0.06416,0.06554,533383950.0
2023-06-28 00:00:00,0.06554,0.06594,0.05962,0.0625,1013614560.0
2023-06-29 00:00:00,0.0625,0.06404,0.06234,0.06339,417533338.0
2023-06-30 00:00:00,0.06339,0.06696,0.06076,0.06644,1609320234.0
2023-07-01 00:00:00,0.06644,0.07143,0.06634,0.06852,1684407422.0
2023-07-02 00:00:00,0.06852,0.06918,0.06584,0.06801,1274771900.0
2023-07-03 00:00:00,0.06801,0.06877,0.06724,0.06842,661440640.0
2023-07-04 00:00:00,0.06842,0.07186,0.06761,0.06888,1569475396.0
2023-07-05 00:00:00,0.06888,0.06931,0.06549,0.06696,951531362.0
2023-07-06 00:00:00,0.06696,0.06855,0.06456,0.06479,802262232.0
2023-07-07 00:00:00,0.06479,0.06583,0.06399,0.06536,537193265.0
2023-07-08 00:00:00,0.06536,0.06603,0.06466,0.06567,278023475.0
2023-07-09 00:00:00,0.06567,0.06633,0.06508,0.06534,285364578.0
2023-07-10 00:00:00,0.06534,0.06617,0.06314,0.06521,711646014.0
2023-07-11 00:00:00,0.06521,0.06544,0.06435,0.06526,262706934.0
2023-07-12 00:00:00,0.06526,0.06569,0.06359,0.06501,389681283.0
2023-07-13 00:00:00,0.06501,0.0717,0.0645,0.07042,1827577868.0
2023-07-14 00:00:00,0.07042,0.07323,0.06597,0.06846,2169781980.0
2023-07-15 00:00:00,0.06846,0.07518,0.06765,0.07195,3032655091.0
2023-07-16 00:00:00,0.07195,0.07221,0.06882,0.06948,1388727907.0
2023-07-17 00:00:00,0.06948,0.07323,0.06744,0.0698,1491223431.0
2023-07-18 00:00:00,0.0698,0.07028,0.06684,0.06861,711360439.0
2023-07-19 00:00:00,0.06861,0.07235,0.06821,0.07001,1475510689.0
2023-07-20 00:00:00,0.07001,0.07385,0.06925,0.07059,2002680689.0
2023-07-21 00:00:00,0.07059,0.07685,0.07023,0.0732,3116018386.0
2023-07-22 00:00:00,0.0732,0.07329,0.06943,0.07044,1348842096.0
2023-07-23 00:00:00,0.07044,0.07294,0.06991,0.07177,1047142687.0
2023-07-24 00:00:00,0.07177,0.07798,0.07013,0.0742,8278479650.0
2023-07-25 00:00:00,0.0742,0.08389,0.07358,0.08184,7984430884.0
2023-07-26 00:00:00,0.08184,0.08229,0.07638,0.07793,5576580961.0
2023-07-27 00:00:00,0.07793,0.07996,0.07658,0.07759,2822127275.0
2023-07-28 00:00:00,0.07759,0.07789,0.07577,0.07715,1767894688.0
2023-07-29 00:00:00,0.07715,0.08253,0.07669,0.08021,2514651676.0
2023-07-30 00:00:00,0.08021,0.0806,0.07603,0.07799,2170758770.0
2023-07-31 00:00:00,0.07799,0.07978,0.07667,0.07783,1619315114.0
2023-08-01 00:00:00,0.07783,0.07823,0.07504,0.0781,1705435120.0
2023-08-02 00:00:00,0.0781,0.0783,0.07365,0.07418,2039010317.0
2023-08-03 00:00:00,0.07418,0.07498,0.07226,0.07354,1637309006.0
2023-08-04 00:00:00,0.07354,0.07488,0.07238,0.07342,1451633052.0
2023-08-05 00:00:00,0.07342,0.07707,0.07287,0.07568,1982162035.0
2023-08-06 00:00:00,0.07568,0.07648,0.07401,0.07425,1243391866.0
2023-08-07 00:00:00,0.07425,0.07566,0.07121,0.07354,1586532224.0
2023-08-08 00:00:00,0.07354,0.07547,0.07316,0.07493,1141374527.0
2023-08-09 00:00:00,0.07493,0.07623,0.07414,0.07541,1282865076.0
2023-08-10 00:00:00,0.07541,0.07693,0.07509,0.07587,1583034898.0
2023-08-11 00:00:00,0.07587,0.07612,0.07477,0.07573,917098710.0
2023-08-12 00:00:00,0.07573,0.07745,0.07557,0.07668,996642898.0
2023-08-13 00:00:00,0.07668,0.07687,0.07421,0.07477,970745999.0
2023-08-14 00:00:00,0.07477,0.07713,0.07358,0.07467,1890470631.0
2023-08-15 00:00:00,0.07467,0.07497,0.0676,0.07089,2167912310.0
2023-08-16 00:00:00,0.07089,0.07123,0.06587,0.06718,1811713792.0
2023-08-17 00:00:00,0.06718,0.06838,0.05429,0.06099,3236866845.0
2023-08-18 00:00:00,0.06099,0.06383,0.05981,0.0632,1473022887.0
2023-08-19 00:00:00,0.0632,0.06446,0.06305,0.06373,681459777.0
2023-08-20 00:00:00,0.06373,0.06473,0.06331,0.06379,473390415.0
2023-08-21 00:00:00,0.06379,0.06406,0.06021,0.06247,910227657.0
2023-08-22 00:00:00,0.06247,0.06324,0.06021,0.06254,1088660671.0
2023-08-23 00:00:00,0.06254,0.06547,0.06242,0.06376,1178589616.0
2023-08-24 00:00:00,0.06376,0.06402,0.06173,0.06303,665747841.0
2023-08-25 00:00:00,0.06303,0.06311,0.06162,0.06308,607488258.0
2023-08-26 00:00:00,0.06308,0.06336,0.06257,0.06286,227034206.0
2023-08-27 00:00:00,0.06286,0.06375,0.06266,0.06314,308543790.0
2023-08-28 00:00:00,0.06314,0.06363,0.06183,0.06342,516584342.0
2023-08-29 00:00:00,0.06342,0.06857,0.06239,0.06636,2989045071.0
2023-08-30 00:00:00,0.06636,0.06643,0.06431,0.06584,822883574.0
2023-08-31 00:00:00,0.06584,0.06698,0.06271,0.06373,1579228173.0
2023-09-01 00:00:00,0.06373,0.0642,0.06222,0.06384,809929049.0
2023-09-02 00:00:00,0.06384,0.06496,0.06251,0.06345,773653393.0
2023-09-03 00:00:00,0.06345,0.06372,0.06268,0.06314,236977807.0
2023-09-04 00:00:00,0.06314,0.0638,0.06201,0.06322,433201924.0
2023-09-05 00:00:00,0.06322,0.06433,0.06283,0.064,582664428.0
2023-09-06 00:00:00,0.064,0.06459,0.06241,0.06359,693050956.0
2023-09-07 00:00:00,0.06359,0.0638,0.06275,0.06362,440530928.0
2023-09-08 00:00:00,0.06362,0.06399,0.06231,0.06366,522334006.0
2023-09-09 00:00:00,0.06366,0.06387,0.0631,0.06336,278325159.0
2023-09-10 00:00:00,0.06336,0.06336,0.05912,0.06127,1037699207.0
2023-09-11 00:00:00,0.06127,0.06197,0.05915,0.06044,1296877761.0
2023-09-12 00:00:00,0.06044,0.06241,0.06038,0.06087,874311489.0
2023-09-13 00:00:00,0.06087,0.06176,0.06046,0.06122,691131130.0
2023-09-14 00:00:00,0.06122,0.0625,0.06104,0.06205,596189426.0
2023-09-15 00:00:00,0.06205,0.06291,0.06133,0.06246,458638303.0
2023-09-16 00:00:00,0.06246,0.06294,0.06169,0.06209,449429388.0
2023-09-17 00:00:00,0.06209,0.0625,0.06089,0.06142,430373660.0
2023-09-18 00:00:00,0.06142,0.06277,0.06089,0.06196,600498420.0
2023-09-19 00:00:00,0.06196,0.06319,0.06183,0.06265,455662249.0
2023-09-20 00:00:00,0.06265,0.06299,0.06137,0.06259,516341292.0
2023-09-21 00:00:00,0.06259,0.06345,0.06098,0.06128,756017805.0
2023-09-22 00:00:00,0.06128,0.06184,0.06052,0.06149,330650599.0
2023-09-23 00:00:00,0.06149,0.06196,0.06122,0.06149,330479016.0
2023-09-24 00:00:00,0.06149,0.06173,0.06021,0.06064,375396971.0
2023-09-25 00:00:00,0.06064,0.06119,0.06002,0.06091,356537404.0
2023-09-26 00:00:00,0.06091,0.06111,0.0592,0.0606,414549909.0
2023-09-27 00:00:00,0.0606,0.06136,0.06012,0.06049,341659704.0
2023-09-28 00:00:00,0.06049,0.06164,0.06036,0.06146,424983799.0
2023-09-29 00:00:00,0.06146,0.06249,0.06127,0.0621,437022522.0
2023-09-30 00:00:00,0.0621,0.06267,0.06169,0.06205,353325120.0
2023-10-01 00:00:00,0.06205,0.06356,0.06163,0.06317,557508086.0
2023-10-02 00:00:00,0.06317,0.06415,0.06068,0.06198,1089580023.0
2023-10-03 00:00:00,0.06198,0.06226,0.06104,0.06134,408156917.0
2023-10-04 00:00:00,0.06134,0.06153,0.05985,0.0614,477015562.0
2023-10-05 00:00:00,0.0614,0.06161,0.06053,0.06084,300770718.0
2023-10-06 00:00:00,0.06084,0.06155,0.06066,0.06135,249101263.0
2023-10-07 00:00:00,0.06135,0.06165,0.06102,0.0614,170254563.0
2023-10-08 00:00:00,0.0614,0.06156,0.0606,0.06093,206715921.0
2023-10-09 00:00:00,0.06093,0.06096,0.05632,0.0587,944524254.0
2023-10-10 00:00:00,0.0587,0.05919,0.0584,0.0591,447595446.0
2023-10-11 00:00:00,0.0591,0.05945,0.05761,0.05848,699604158.0
2023-10-12 00:00:00,0.05848,0.05848,0.05715,0.05785,550168875.0
2023-10-13 00:00:00,0.05785,0.05906,0.05774,0.05836,530629992.0
2023-10-14 00:00:00,0.05836,0.05997,0.05833,0.05981,477025414.0
2023-10-15 00:00:00,0.05981,0.05983,0.05895,0.05929,323890240.0
2023-10-16 00:00:00,0.05929,0.06178,0.05898,0.05998,1132660854.0
2023-10-17 00:00:00,0.05998,0.06014,0.05806,0.05899,561528973.0
2023-10-18 00:00:00,0.05899,0.05932,0.05823,0.05857,548192339.0
2023-10-19 00:00:00,0.05857,0.05891,0.05734,0.05883,476060457.0
2023-10-20 00:00:00,0.05883,0.06048,0.0586,0.05988,484579806.0
2023-10-21 00:00:00,0.05988,0.06146,0.05938,0.06118,521615767.0
2023-10-22 00:00:00,0.06118,0.06173,0.05974,0.06168,665446462.0
2023-10-23 00:00:00,0.06168,0.068,0.0613,0.06749,3253403208.0
2023-10-24 00:00:00,0.06749,0.07014,0.06409,0.06664,2606321753.0
2023-10-25 00:00:00,0.06664,0.06989,0.06453,0.06836,2630939944.0
2023-10-26 00:00:00,0.06836,0.07519,0.06781,0.0719,4433323249.0
2023-10-27 00:00:00,0.0719,0.07249,0.06705,0.06778,2106091163.0
2023-10-28 00:00:00,0.06778,0.06993,0.0675,0.06906,1379830216.0
2023-10-29 00:00:00,0.06906,0.07028,0.06717,0.06939,1097205256.0
2023-10-30 00:00:00,0.06939,0.07047,0.06755,0.06965,1477129556.0
2023-10-31 00:00:00,0.06965,0.07091,0.06505,0.06827,2098391703.0
2023-11-01 00:00:00,0.06827,0.0698,0.06561,0.06901,1637344120.0
2023-11-02 00:00:00,0.06901,0.071,0.06658,0.06795,1641180352.0
2023-11-03 00:00:00,0.06795,0.06829,0.06619,0.06813,701701631.0
2023-11-04 00:00:00,0.06813,0.06937,0.06794,0.06915,650074881.0
2023-11-05 00:00:00,0.06915,0.0718,0.06885,0.07115,1807606014.0
2023-11-06 00:00:00,0.07115,0.07664,0.07029,0.07647,2930968425.0
2023-11-07 00:00:00,0.07647,0.07658,0.07136,0.07343,2482657916.0
2023-11-08 00:00:00,0.07343,0.07742,0.07275,0.0754,2024789375.0
2023-11-09 00:00:00,0.0754,0.07799,0.06345,0.07362,3767606558.0
2023-11-10 00:00:00,0.07362,0.0757,0.07236,0.07546,1564079935.0
2023-11-11 00:00:00,0.07546,0.08203,0.07442,0.07852,3736770649.0
2023-11-12 00:00:00,0.07852,0.08058,0.07498,0.07803,1822839387.0
2023-11-13 00:00:00,0.07803,0.07966,0.07321,0.07456,1989035873.0
2023-11-14 00:00:00,0.07456,0.07566,0.0685,0.07247,1723913004.0
2023-11-15 00:00:00,0.07247,0.07663,0.07231,0.07629,970567828.0
2023-11-16 00:00:00,0.07629,0.0836,0.0759,0.07951,5032724396.0
2023-11-17 00:00:00,0.07951,0.0877,0.07911,0.08648,7038926297.0
2023-11-18 00:00:00,0.08648,0.08672,0.07907,0.08035,4883741380.0
2023-11-19 00:00:00,0.08035,0.08072,0.07733,0.08052,2562867249.0
2023-11-20 00:00:00,0.08052,0.08228,0.07621,0.07771,2652212684.0
2023-11-21 00:00:00,0.07771,0.0788,0.0705,0.07179,3003936891.0
2023-11-22 00:00:00,0.07179,0.07659,0.07152,0.07572,1483574962.0
2023-11-23 00:00:00,0.07572,0.07645,0.07498,0.0762,807361137.0
2023-11-24 00:00:00,0.0762,0.07866,0.07605,0.07818,989053020.0
2023-11-25 00:00:00,0.07818,0.07917,0.07747,0.07893,739474634.0
2023-11-26 00:00:00,0.07893,0.07901,0.07534,0.07866,887888701.0
2023-11-27 00:00:00,0.07866,0.0816,0.0767,0.07889,2205576686.0
2023-11-28 00:00:00,0.07889,0.08124,0.07664,0.08089,1935388671.0
2023-11-29 00:00:00,0.08089,0.0832,0.07955,0.08053,1819656019.0
2023-11-30 00:00:00,0.08053,0.0845,0.08045,0.08348,1908964971.0
2023-12-01 00:00:00,0.08348,0.08517,0.08228,0.08387,1526974617.0
2023-12-02 00:00:00,0.08387,0.08674,0.08325,0.08629,1296681455.0
2023-12-03 00:00:00,0.08629,0.0875,0.08363,0.0858,1414819455.0
2023-12-04 00:00:00,0.0858,0.09272,0.08424,0.09199,3870254276.0
2023-12-05 00:00:00,0.09199,0.09606,0.08746,0.09443,3636846020.0
2023-12-06 00:00:00,0.09443,0.10661,0.09348,0.095,7147779510.0
2023-12-07 00:00:00,0.095,0.09837,0.09293,0.09595,2993746103.0
2023-12-08 00:00:00,0.09595,0.104,0.09565,0.10175,1991387422.0
2023-12-09 00:00:00,0.10175,0.10517,0.09721,0.09857,2268904671.0
2023-12-10 00:00:00,0.09857,0.1029,0.09668,0.10199,1390391222.0
2023-12-11 00:00:00,0.10199,0.10764,0.08871,0.0942,4787923035.0
2023-12-12 00:00:00,0.0942,0.09811,0.09126,0.09388,1797592570.0
2023-12-13 00:00:00,0.09388,0.09762,0.08976,0.09648,1612334423.0
2023-12-14 00:00:00,0.09648,0.09884,0.09311,0.09842,1485445499.0
2023-12-15 00:00:00,0.09842,0.09893,0.09232,0.09307,957755748.0
2023-12-16 00:00:00,0.09307,0.0973,0.0915,0.09714,924780079.0
2023-12-17 00:00:00,0.09714,0.09789,0.09241,0.093,851225666.0
2023-12-18 00:00:00,0.093,0.09383,0.08643,0.09217,1332261823.0
2023-12-19 00:00:00,0.09217,0.09359,0.08929,0.09029,785390814.0
2023-12-20 00:00:00,0.09029,0.09346,0.08944,0.09159,1179094212.0
2023-12-21 00:00:00,0.09159,0.09846,0.09072,0.0951,2026118049.0
2023-12-22 00:00:00,0.0951,0.09576,0.09187,0.09503,1515307573.0
2023-12-23 00:00:00,0.09503,0.09513,0.0921,0.09354,812317401.0
2023-12-24 00:00:00,0.09354,0.09498,0.09009,0.09176,1125017519.0
2023-12-25 00:00:00,0.09176,0.09567,0.09127,0.09444,751829907.0
2023-12-26 00:00:00,0.09444,0.09457,0.08646,0.09147,1190670525.0
2023-12-27 00:00:00,0.09147,0.094,0.08958,0.09377,828918045.0
2023-12-28 00:00:00,0.09377,0.09514,0.09105,0.09181,1074105030.0
2023-12-29 00:00:00,0.09181,0.09311,0.08834,0.09105,859880099.0
2023-12-30 00:00:00,0.09105,0.09153,0.08929,0.09005,392072854.0
2023-12-31 00:00:00,0.09005,0.09097,0.08802,0.08961,383354972.0
2024-01-01 00:00:00,0.08961,0.09222,0.08854,0.09211,376143857.0
2024-01-02 00:00:00,0.09211,0.09453,0.09047,0.09119,865190952.0
2024-01-03 00:00:00,0.09119,0.09226,0.07041,0.08199,2454764049.0
2024-01-04 00:00:00,0.08199,0.08468,0.08092,0.08396,779794984.0
2024-01-05 00:00:00,0.08396,0.08482,0.07938,0.08268,1075586242.0
2024-01-06 00:00:00,0.08268,0.08268,0.07831,0.08059,463591148.0
2024-01-07 00:00:00,0.08059,0.08149,0.07698,0.07823,502590062.0
2024-01-08 00:00:00,0.07823,0.08179,0.07409,0.08134,957305025.0
2024-01-09 00:00:00,0.08134,0.08402,0.07617,0.07925,3288849756.0
2024-01-10 00:00:00,0.07925,0.08499,0.07614,0.08309,1496195627.0
2024-01-11 00:00:00,0.08309,0.08793,0.08196,0.08462,1311622151.0
2024-01-12 00:00:00,0.08462,0.08549,0.07732,0.0801,1082116002.0
2024-01-13 00:00:00,0.0801,0.08137,0.0786,0.08093,394457111.0
2024-01-14 00:00:00,0.08093,0.08393,0.07967,0.08009,762683427.0
2024-01-15 00:00:00,0.08009,0.0818,0.07987,0.08108,337663606.0
2024-01-16 00:00:00,0.08108,0.08263,0.07983,0.08135,479034048.0
2024-01-17 00:00:00,0.08135,0.08163,0.07933,0.08061,328608763.0
2024-01-18 00:00:00,0.08061,0.08083,0.07684,0.07808,558209233.0
2024-01-19 00:00:00,0.07808,0.07888,0.07481,0.07861,655665599.0
2024-01-20 00:00:00,0.07861,0.09067,0.07822,0.0878,2189595011.0
2024-01-21 00:00:00,0.0878,0.09068,0.08434,0.0855,3352485626.0
2024-01-22 00:00:00,0.0855,0.08563,0.08004,0.08058,2444256560.0
2024-01-23 00:00:00,0.08058,0.0819,0.07585,0.0782,1492863780.0
2024-01-24 00:00:00,0.0782,0.08068,0.07751,0.07905,997295065.0
2024-01-25 00:00:00,0.07905,0.07924,0.07702,0.07791,536382206.0
2024-01-26 00:00:00,0.07791,0.08034,0.07749,0.07983,481375574.0
2024-01-27 00:00:00,0.07983,0.08072,0.07898,0.08012,432727646.0
2024-01-28 00:00:00,0.08012,0.08147,0.07809,0.07875,653328780.0
2024-01-29 00:00:00,0.07875,0.08306,0.07814,0.08135,1684589450.0
2024-01-30 00:00:00,0.08135,0.08218,0.07929,0.0797,751168708.0
2024-01-31 00:00:00,0.0797,0.08029,0.07787,0.07871,598737462.0
2024-02-01 00:00:00,0.07871,0.07985,0.07722,0.07934,393663223.0
2024-02-02 00:00:00,0.07934,0.07994,0.07854,0.07928,364634375.0
2024-02-03 00:00:00,0.07928,0.0795,0.07847,0.07871,189533360.0
2024-02-04 00:00:00,0.07871,0.07993,0.07766,0.07826,298249615.0
2024-02-05 00:00:00,0.07826,0.08032,0.07725,0.07829,475428911.0
2024-02-06 00:00:00,0.07829,0.0792,0.0777,0.07844,275071690.0
2024-02-07 00:00:00,0.07844,0.08028,0.07807,0.08008,262396647.0
2024-02-08 00:00:00,0.08008,0.08084,0.0795,0.07982,279291399.0
2024-02-09 00:00:00,0.07982,0.0822,0.07982,0.08155,458170890.0
2024-02-10 00:00:00,0.08155,0.08214,0.08021,0.08138,298700698.0
2024-02-11 00:00:00,0.08138,0.08368,0.08069,0.08121,689407715.0
2024-02-12 00:00:00,0.08121,0.08292,0.07939,0.08232,762921482.0
2024-02-13 00:00:00,0.08232,0.08308,0.0796,0.08112,882792295.0
2024-02-14 00:00:00,0.08112,0.08707,0.08054,0.08559,1606526977.0
2024-02-15 00:00:00,0.08559,0.08834,0.08391,0.08537,1627187069.0
2024-02-16 00:00:00,0.08537,0.08806,0.08391,0.08599,1084045332.0
2024-02-17 00:00:00,0.08599,0.08615,0.08187,0.0836,773448235.0
2024-02-18 00:00:00,0.0836,0.08582,0.08286,0.08527,629347746.0
2024-02-19 00:00:00,0.08527,0.09088,0.0851,0.08949,1444946166.0
2024-02-20 00:00:00,0.08949,0.09173,0.08229,0.08617,2463048623.0
2024-02-21 00:00:00,0.08617,0.08632,0.08193,0.08463,1013268163.0
2024-02-22 00:00:00,0.08463,0.08561,0.08304,0.08416,851299502.0
2024-02-23 00:00:00,0.08416,0.08562,0.08287,0.0846,910403054.0
2024-02-24 00:00:00,0.0846,0.08647,0.08391,0.08621,560671737.0
2024-02-25 00:00:00,0.08621,0.08692,0.08524,0.0862,634771114.0
2024-02-26 00:00:00,0.0862,0.0902,0.08421,0.08937,1109803409.0
2024-02-27 00:00:00,0.08937,0.10074,0.08836,0.09773,4530261156.0
2024-02-28 00:00:00,0.09773,0.12526,0.09425,0.11606,9430275833.0
2024-02-29 00:00:00,0.11606,0.13531,0.11143,0.11739,10206203781.0
2024-03-01 00:00:00,0.11739,0.14613,0.11709,0.13956,8469351873.0
2024-03-02 00:00:00,0.13956,0.15283,0.13576,0.14226,6007486796.0
2024-03-03 00:00:00,0.14226,0.1572,0.11392,0.15379,6997152235.0
2024-03-04 00:00:00,0.15379,0.18639,0.14383,0.18242,9023988277.0
2024-03-05 00:00:00,0.18242,0.20758,0.11822,0.15309,15359469674.0
2024-03-06 00:00:00,0.15309,0.18048,0.14559,0.15801,7122274747.0
2024-03-07 00:00:00,0.15801,0.16255,0.14602,0.15786,4744158591.0
2024-03-08 00:00:00,0.15786,0.17641,0.15513,0.16465,5293717645.0
2024-03-09 00:00:00,0.16465,0.18516,0.16221,0.17905,3848764124.0
2024-03-10 00:00:00,0.17905,0.17993,0.16536,0.17013,2741766079.0
2024-03-11 00:00:00,0.17013,0.18356,0.15896,0.18242,3181686412.0
2024-03-12 00:00:00,0.18242,0.184,0.15142,0.16836,3268243969.0
2024-03-13 00:00:00,0.16836,0.17479,0.16494,0.16911,1949515626.0
2024-03-14 00:00:00,0.16911,0.194,0.1646,0.17754,7258308066.0
2024-03-15 00:00:00,0.17754,0.18172,0.15062,0.16363,4698137419.0
2024-03-16 00:00:00,0.16363,0.16544,0.13764,0.1425,2860111502.0
2024-03-17 00:00:00,0.1425,0.15937,0.13661,0.15435,2486687718.0
2024-03-18 00:00:00,0.15435,0.1544,0.14002,0.14362,1918432560.0
2024-03-19 00:00:00,0.14362,0.14527,0.12515,0.12885,3834961963.0
2024-03-20 00:00:00,0.12885,0.1535,0.1224,0.15227,4899929187.0
2024-03-21 00:00:00,0.15227,0.16027,0.14669,0.15549,3943071016.0
2024-03-22 00:00:00,0.15549,0.16528,0.14529,0.1531,3650544774.0
2024-03-23 00:00:00,0.1531,0.17511,0.15175,0.16197,3699353158.0
2024-03-24 00:00:00,0.16197,0.18035,0.16117,0.17661,3801735131.0
2024-03-25 00:00:00,0.17661,0.18737,0.17009,0.17539,3567038529.0
2024-03-26 00:00:00,0.17539,0.18745,0.17433,0.18255,3263561680.0
2024-03-27 00:00:00,0.18255,0.19225,0.17864,0.19087,5272714985.0
2024-03-28 00:00:00,0.19087,0.22933,0.18962,0.22027,7480501930.0
2024-03-29 00:00:00,0.22027,0.22528,0.20821,0.21331,4273833615.0
2024-03-30 00:00:00,0.21331,0.21716,0.19629,0.19942,3123768585.0
2024-03-31 00:00:00,0.19942,0.22488,0.19933,0.22032,2847713275.0
2024-04-01 00:00:00,0.22032,0.22035,0.17362,0.20514,4878469571.0
2024-04-02 00:00:00,0.20514,0.20543,0.17984,0.18252,5790907325.0
2024-04-03 00:00:00,0.18252,0.18768,0.17,0.17534,4555904576.0
2024-04-04 00:00:00,0.17534,0.18849,0.17199,0.18005,3466813001.0
2024-04-05 00:00:00,0.18005,0.18086,0.1672,0.17737,3090768262.0
2024-04-06 00:00:00,0.17737,0.18804,0.17655,0.1859,2106348332.0
2024-04-07 00:00:00,0.1859,0.20552,0.1855,0.19904,3320149192.0
2024-04-08 00:00:00,0.19904,0.20948,0.19555,0.2028,2746327679.0
2024-04-09 00:00:00,0.2028,0.20369,0.18581,0.1893,3443975089.0
2024-04-10 00:00:00,0.1893,0.2026,0.17959,0.19988,4634695173.0
2024-04-11 00:00:00,0.19988,0.20388,0.18959,0.19385,3951719782.0
2024-04-12 00:00:00,0.19385,0.20155,0.15282,0.174,6827004258.0
2024-04-13 00:00:00,0.174,0.17583,0.12555,0.15261,7992569713.0
2024-04-14 00:00:00,0.15261,0.16521,0.14363,0.16203,5285707997.0
2024-04-15 00:00:00,0.16203,0.16899,0.15012,0.16121,5721117892.0
2024-04-16 00:00:00,0.16121,0.16248,0.14614,0.15595,3803556304.0
2024-04-17 00:00:00,0.15595,0.15875,0.14366,0.14748,2982094642.0
2024-04-18 00:00:00,0.14748,0.15371,0.14082,0.15216,3126585060.0
2024-04-19 00:00:00,0.15216,0.15715,0.1387,0.15626,3080947895.0
2024-04-20 00:00:00,0.15626,0.16498,0.1505,0.16251,2358615713.0
2024-04-21 00:00:00,0.16251,0.16574,0.155,0.15812,1650071055.0
2024-04-22 00:00:00,0.15812,0.16332,0.15638,0.16117,1680885820.0
2024-04-23 00:00:00,0.16117,0.16297,0.15665,0.15975,1311186708.0
2024-04-24 00:00:00,0.15975,0.16456,0.14912,0.15126,2445457060.0
2024-04-25 00:00:00,0.15126,0.15433,0.14723,0.15122,1504299938.0
2024-04-26 00:00:00,0.15122,0.15177,0.14665,0.14787,1136692950.0
2024-04-27 00:00:00,0.14787,0.14967,0.142,0.14766,1073499652.0
2024-04-28 00:00:00,0.14766,0.15105,0.14585,0.14661,686155695.0
2024-04-29 00:00:00,0.14661,0.14802,0.13954,0.14333,1526712300.0
2024-04-30 00:00:00,0.14333,0.14593,0.12909,0.13328,2143125117.0
2024-05-01 00:00:00,0.13328,0.13383,0.12001,0.13009,3785927870.0
2024-05-02 00:00:00,0.13009,0.13438,0.12401,0.13187,2365901756.0
2024-05-03 00:00:00,0.13187,0.14791,0.13105,0.14597,2035066405.0
2024-05-04 00:00:00,0.14597,0.17008,0.14568,0.16001,4643300667.0
2024-05-05 00:00:00,0.16001,0.16353,0.15452,0.16091,2756087087.0
2024-05-06 00:00:00,0.16091,0.16913,0.15381,0.15644,3314800474.0
2024-05-07 00:00:00,0.15644,0.15985,0.1492,0.14997,2047966359.0
2024-05-08 00:00:00,0.14997,0.15195,0.142,0.14317,1837222113.0
2024-05-09 00:00:00,0.14317,0.15407,0.14302,0.1521,1540652075.0
2024-05-10 00:00:00,0.1521,0.15378,0.14211,0.14378,1584397692.0
2024-05-11 00:00:00,0.14378,0.14622,0.14243,0.143,819458673.0
2024-05-12 00:00:00,0.143,0.14437,0.13934,0.14108,1152502573.0
2024-05-13 00:00:00,0.14108,0.15729,0.13567,0.14858,3305056466.0
2024-05-14 00:00:00,0.14858,0.15518,0.14415,0.14539,3296831545.0
2024-05-15 00:00:00,0.14539,0.157,0.14517,0.1553,2534294178.0
2024-05-16 00:00:00,0.1553,0.15934,0.14855,0.14968,1886990499.0
2024-05-17 00:00:00,0.14968,0.15676,0.149,0.15556,1423820418.0
2024-05-18 00:00:00,0.15556,0.15694,0.15086,0.15298,1091715277.0
2024-05-19 00:00:00,0.15298,0.15598,0.14723,0.14896,1168497244.0
2024-05-20 00:00:00,0.14896,0.16651,0.14754,0.16579,2326996459.0
2024-05-21 00:00:00,0.16579,0.17354,0.16065,0.17035,3268758265.0
2024-05-22 00:00:00,0.17035,0.17473,0.16171,0.16639,2654354532.0
2024-05-23 00:00:00,0.16639,0.16974,0.15147,0.15976,3021544667.0
2024-05-24 00:00:00,0.15976,0.17349,0.15463,0.16382,4650681724.0
2024-05-25 00:00:00,0.16382,0.17451,0.16261,0.17417,1805441446.0
2024-05-26 00:00:00,0.17417,0.17506,0.16545,0.16627,1808971782.0
2024-05-27 00:00:00,0.16627,0.17373,0.16406,0.16919,1799627543.0
2024-05-28 00:00:00,0.16919,0.1701,0.16156,0.16512,1876501833.0
2024-05-29 00:00:00,0.16512,0.17109,0.16224,0.16393,1812254935.0
2024-05-30 00:00:00,0.16393,0.16585,0.15635,0.15947,2149256249.0
2024-05-31 00:00:00,0.15947,0.16269,0.15423,0.15907,1277715846.0
2024-06-01 00:00:00,0.15907,0.16178,0.15848,0.16037,460011283.0
2024-06-02 00:00:00,0.16037,0.16146,0.15474,0.15715,753122088.0
2024-06-03 00:00:00,0.15715,0.16359,0.15584,0.15845,1143584688.0
2024-06-04 00:00:00,0.15845,0.16196,0.15703,0.16149,816479196.0
2024-06-05 00:00:00,0.16149,0.16496,0.16132,0.16339,995946734.0
2024-06-06 00:00:00,0.16339,0.16597,0.15826,0.16026,1225832183.0
2024-06-07 00:00:00,0.16026,0.16225,0.13675,0.1482,3143057335.0
2024-06-08 00:00:00,0.1482,0.14876,0.14353,0.14591,972005536.0
2024-06-09 00:00:00,0.14591,0.14916,0.14481,0.14678,609658165.0
2024-06-10 00:00:00,0.14678,0.14793,0.1432,0.14476,869087291.0
2024-06-11 00:00:00,0.14476,0.14518,0.13354,0.13797,2032477515.0
2024-06-12 00:00:00,0.13797,0.15054,0.13449,0.14617,2269066316.0
2024-06-13 00:00:00,0.14617,0.14646,0.14003,0.14102,1455459388.0
2024-06-14 00:00:00,0.14102,0.14337,0.13114,0.13492,1693081942.0
2024-06-15 00:00:00,0.13492,0.1374,0.13402,0.13672,824880465.0
2024-06-16 00:00:00,0.13672,0.13764,0.13455,0.13708,462880339.0
2024-06-17 00:00:00,0.13708,0.13814,0.12588,0.1287,1877298007.0
2024-06-18 00:00:00,0.1287,0.12922,0.11294,0.12218,2715043588.0
2024-06-19 00:00:00,0.12218,0.12669,0.12135,0.1224,1153578468.0
2024-06-20 00:00:00,0.1224,0.12887,0.12121,0.12448,1368986532.0
2024-06-21 00:00:00,0.12448,0.12568,0.12131,0.12412,1105673970.0
2024-06-22 00:00:00,0.12412,0.12549,0.1228,0.12371,506645278.0
2024-06-23 00:00:00,0.12371,0.12634,0.12091,0.12212,942712068.0
2024-06-24 00:00:00,0.12212,0.12387,0.11333,0.11894,2129877882.0
2024-06-25 00:00:00,0.11894,0.1286,0.11871,0.12612,1936369728.0
2024-06-26 00:00:00,0.12612,0.1286,0.12178,0.12273,978759653.0
2024-06-27 00:00:00,0.12273,0.12841,0.12054,0.12705,1138541256.0
2024-06-28 00:00:00,0.12705,0.12847,0.12204,0.12301,1437364189.0
2024-06-29 00:00:00,0.12301,0.12434,0.12128,0.12181,434206352.0
2024-06-30 00:00:00,0.12181,0.12562,0.12038,0.12445,625822380.0
2024-07-01 00:00:00,0.12445,0.12748,0.12314,0.12347,1271908869.0
2024-07-02 00:00:00,0.12347,0.12543,0.12234,0.12523,767229770.0
2024-07-03 00:00:00,0.12523,0.12551,0.11667,0.11842,1313565487.0
2024-07-04 00:00:00,0.11842,0.11905,0.10381,0.10496,3151383369.0
2024-07-05 00:00:00,0.10496,0.1064,0.09133,0.10535,4671500094.0
2024-07-06 00:00:00,0.10535,0.11409,0.10462,0.11334,2230596958.0
2024-07-07 00:00:00,0.11334,0.11341,0.10353,0.10409,1388092168.0
2024-07-08 00:00:00,0.10409,0.11133,0.09866,0.10753,2701684055.0
2024-07-09 00:00:00,0.10753,0.10951,0.10571,0.10749,1030878987.0
2024-07-10 00:00:00,0.10749,0.1105,0.10562,0.10796,901992472.0
2024-07-11 00:00:00,0.10796,0.11242,0.10605,0.10657,1136888947.0
2024-07-12 00:00:00,0.10657,0.10828,0.10451,0.10759,957299432.0
2024-07-13 00:00:00,0.10759,0.11294,0.10718,0.11224,871923915.0
2024-07-14 00:00:00,0.11224,0.11681,0.11102,0.11526,1125552429.0
2024-07-15 00:00:00,0.11526,0.12554,0.11452,0.1248,1652853462.0
2024-07-16 00:00:00,0.1248,0.12775,0.11887,0.12473,1833139902.0
2024-07-17 00:00:00,0.12473,0.12762,0.1202,0.12172,1125792808.0
2024-07-18 00:00:00,0.12172,0.12389,0.11704,0.11948,1251226351.0
2024-07-19 00:00:00,0.11948,0.12602,0.11735,0.12538,1160309637.0
2024-07-20 00:00:00,0.12538,0.1358,0.12426,0.13417,2143681252.0
2024-07-21 00:00:00,0.13417,0.14401,0.12571,0.14023,3022405586.0
2024-07-22 00:00:00,0.14023,0.14258,0.13581,0.13771,2384547309.0
2024-07-23 00:00:00,0.13771,0.1392,0.12794,0.13023,2411975862.0
2024-07-24 00:00:00,0.13023,0.13473,0.12681,0.12788,1508507879.0
2024-07-25 00:00:00,0.12788,0.12867,0.11984,0.12522,1988958713.0
2024-07-26 00:00:00,0.12522,0.13494,0.125,0.13416,1449110958.0
2024-07-27 00:00:00,0.13416,0.1387,0.12948,0.13138,3520815962.0
2024-07-28 00:00:00,0.13138,0.13182,0.12795,0.12995,1033915287.0
2024-07-29 00:00:00,0.12995,0.13509,0.12724,0.12835,1748285623.0
2024-07-30 00:00:00,0.12835,0.13062,0.12312,0.12544,1291991297.0
2024-07-31 00:00:00,0.12544,0.12733,0.12111,0.12186,1066645074.0
2024-08-01 00:00:00,0.12186,0.12309,0.11199,0.11893,1637118777.0
2024-08-02 00:00:00,0.11893,0.11971,0.11011,0.11146,1480216155.0
2024-08-03 00:00:00,0.11146,0.11471,0.10515,0.10806,1644175285.0
2024-08-04 00:00:00,0.10806,0.10932,0.09888,0.1037,1743004312.0
2024-08-05 00:00:00,0.1037,0.10422,0.0804,0.09429,8166888265.0
2024-08-06 00:00:00,0.09429,0.1014,0.09399,0.09641,2638297809.0
2024-08-07 00:00:00,0.09641,0.10197,0.09421,0.09554,2409614909.0
2024-08-08 00:00:00,0.09554,0.10795,0.09346,0.10746,2181483646.0
2024-08-09 00:00:00,0.10746,0.10778,0.10152,0.10378,1272137340.0
2024-08-10 00:00:00,0.10378,0.10588,0.10278,0.10511,651950986.0
2024-08-11 00:00:00,0.10511,0.11092,0.09998,0.10052,1764170260.0
2024-08-12 00:00:00,0.10052,0.10854,0.10007,0.10783,2197181915.0
2024-08-13 00:00:00,0.10783,0.10896,0.10331,0.10631,1443213825.0
2024-08-14 00:00:00,0.10631,0.10687,0.10128,0.10234,1174075579.0
2024-08-15 00:00:00,0.10234,0.10489,0.09787,0.10014,1459720649.0
2024-08-16 00:00:00,0.10014,0.102,0.09728,0.10028,1274526511.0
2024-08-17 00:00:00,0.10028,0.10369,0.09993,0.10272,624125451.0
2024-08-18 00:00:00,0.10272,0.1044,0.09991,0.09997,974808156.0
2024-08-19 00:00:00,0.09997,0.10185,0.09852,0.10126,1118277024.0
2024-08-20 00:00:00,0.10126,0.10568,0.10102,0.10286,2173649097.0
2024-08-21 00:00:00,0.10286,0.10794,0.10196,0.10609,1136883721.0
2024-08-22 00:00:00,0.10609,0.10684,0.10392,0.10521,842107377.0
2024-08-23 00:00:00,0.10521,0.11539,0.10517,0.1129,2263672448.0
2024-08-24 00:00:00,0.1129,0.11497,0.11069,0.11249,1652955804.0
2024-08-25 00:00:00,0.11249,0.1128,0.10771,0.10953,1166742456.0
2024-08-26 00:00:00,0.10953,0.11025,0.1043,0.10515,1142298878.0
2024-08-27 00:00:00,0.10515,0.10645,0.09619,0.09881,1392202089.0
2024-08-28 00:00:00,0.09881,0.10181,0.09668,0.09957,1403296367.0
2024-08-29 00:00:00,0.09957,0.10252,0.09818,0.10032,1041828485.0
2024-08-30 00:00:00,0.10032,0.1031,0.09691,0.10173,1853580193.0
2024-08-31 00:00:00,0.10173,0.10234,0.10029,0.1012,618924991.0
2024-09-01 00:00:00,0.1012,0.10145,0.09384,0.09503,1114658572.0
2024-09-02 00:00:00,0.09503,0.09986,0.09403,0.09906,1115323721.0
2024-09-03 00:00:00,0.09906,0.10073,0.09641,0.09671,953931161.0
2024-09-04 00:00:00,0.09671,0.09946,0.09182,0.09796,1343407637.0
2024-09-05 00:00:00,0.09796,0.09914,0.09594,0.09837,1128903604.0
2024-09-06 00:00:00,0.09837,0.09941,0.08885,0.09245,2358743019.0
2024-09-07 00:00:00,0.09245,0.09566,0.09169,0.0953,984650376.0
2024-09-08 00:00:00,0.0953,0.09691,0.09376,0.09609,1066992195.0
2024-09-09 00:00:00,0.09609,0.1049,0.09566,0.10372,1793624563.0
2024-09-10 00:00:00,0.10372,0.1046,0.10148,0.10274,971073194.0
2024-09-11 00:00:00,0.10274,0.10299,0.09779,0.10124,1295082220.0
2024-09-12 00:00:00,0.10124,0.10331,0.10037,0.10266,993416234.0
2024-09-13 00:00:00,0.10266,0.10844,0.10175,0.10689,1739410428.0
2024-09-14 00:00:00,0.10689,0.10763,0.10419,0.10533,817814250.0
2024-09-15 00:00:00,0.10533,0.10638,0.10205,0.10275,980753692.0
2024-09-16 00:00:00,0.10275,0.10316,0.09827,0.09959,1092067956.0
2024-09-17 00:00:00,0.09959,0.10256,0.09864,0.10107,1010674231.0
2024-09-18 00:00:00,0.10107,0.10387,0.0993,0.10382,1142572005.0
2024-09-19 00:00:00,0.10382,0.10705,0.1034,0.10494,1233940675.0
2024-09-20 00:00:00,0.10494,0.10744,0.10352,0.1055,1156534173.0
2024-09-21 00:00:00,0.1055,0.11043,0.10395,0.10989,835376361.0
2024-09-22 00:00:00,0.10989,0.10992,0.1037,0.10628,841538101.0
2024-09-23 00:00:00,0.10628,0.10916,0.10404,0.10799,1117312249.0
2024-09-24 00:00:00,0.10799,0.11057,0.10669,0.10972,1463856353.0
2024-09-25 00:00:00,0.10972,0.11115,0.1079,0.10844,1196469163.0
2024-09-26 00:00:00,0.10844,0.12067,0.10691,0.11811,2958056458.0
2024-09-27 00:00:00,0.11811,0.12869,0.11692,0.12346,2495921492.0
2024-09-28 00:00:00,0.12346,0.1321,0.12004,0.12805,3227770082.0
2024-09-29 00:00:00,0.12805,0.13037,0.12432,0.12433,1743437393.0
2024-09-30 00:00:00,0.12433,0.1246,0.11319,0.11416,2151880944.0
2024-10-01 00:00:00,0.11416,0.11931,0.10204,0.10678,4226558514.0
2024-10-02 00:00:00,0.10678,0.10946,0.10173,0.10457,2376048391.0
2024-10-03 00:00:00,0.10457,0.10675,0.10096,0.10501,1865134054.0
2024-10-04 00:00:00,0.10501,0.11052,0.1047,0.10918,1333911840.0
2024-10-05 00:00:00,0.10918,0.11018,0.10739,0.10936,672584676.0
2024-10-06 00:00:00,0.10936,0.11284,0.10834,0.11151,807530012.0
2024-10-07 00:00:00,0.11151,0.11544,0.10815,0.10836,1826697781.0
2024-10-08 00:00:00,0.10836,0.10979,0.10508,0.10704,1167157982.0
2024-10-09 00:00:00,0.10704,0.11145,0.10598,0.10789,1363604304.0
2024-10-10 00:00:00,0.10789,0.10861,0.10302,0.10597,1282251247.0
2024-10-11 00:00:00,0.10597,0.11137,0.10559,0.11073,926716698.0
2024-10-12 00:00:00,0.11073,0.11214,0.10921,0.1113,733910216.0
2024-10-13 00:00:00,0.1113,0.11207,0.1086,0.11134,952624202.0
2024-10-14 00:00:00,0.11134,0.11769,0.1092,0.11667,1930632444.0
2024-10-15 00:00:00,0.11667,0.11928,0.11006,0.11743,3209322737.0
2024-10-16 00:00:00,0.11743,0.12982,0.11574,0.12576,5283217066.0
2024-10-17 00:00:00,0.12576,0.131,0.12045,0.12961,4576601850.0
2024-10-18 00:00:00,0.12961,0.1409,0.12945,0.13714,5769136378.0
2024-10-19 00:00:00,0.13714,0.147,0.13689,0.14407,4652232127.0
2024-10-20 00:00:00,0.14407,0.14568,0.13714,0.14214,3034491570.0
2024-10-21 00:00:00,0.14214,0.14983,0.13806,0.14363,4669004260.0
2024-10-22 00:00:00,0.14363,0.14851,0.13617,0.1397,3841228329.0
2024-10-23 00:00:00,0.1397,0.14096,0.13308,0.13994,3230493675.0
2024-10-24 00:00:00,0.13994,0.14403,0.13619,0.14187,3020361962.0
2024-10-25 00:00:00,0.14187,0.14277,0.12755,0.13147,3667090610.0
2024-10-26 00:00:00,0.13147,0.13818,0.13059,0.13738,1506328462.0
2024-10-27 00:00:00,0.13738,0.14633,0.13601,0.14425,2090750490.0
2024-10-28 00:00:00,0.14425,0.16254,0.14105,0.16138,8259387389.0
2024-10-29 00:00:00,0.16138,0.17988,0.16048,0.17585,8203464857.0
2024-10-30 00:00:00,0.17585,0.17805,0.1645,0.16831,3871726837.0
2024-10-31 00:00:00,0.16831,0.17371,0.15648,0.16169,4581649512.0
2024-11-01 00:00:00,0.16169,0.16903,0.1541,0.15907,4826035407.0
2024-11-02 00:00:00,0.15907,0.1636,0.15533,0.15951,2224680325.0
2024-11-03 00:00:00,0.15951,0.15983,0.14219,0.15129,5032937538.0
2024-11-04 00:00:00,0.15129,0.16023,0.14814,0.15816,6065198509.0
2024-11-05 00:00:00,0.15816,0.18031,0.15784,0.16985,9688875863.0
2024-11-06 00:00:00,0.16985,0.21969,0.16885,0.19647,23447641293.0
2024-11-07 00:00:00,0.19647,0.20456,0.18514,0.19342,6577274530.0
2024-11-08 00:00:00,0.19342,0.20712,0.19052,0.20212,5937553382.0
2024-11-09 00:00:00,0.20212,0.22023,0.19742,0.21902,5085122827.0
2024-11-10 00:00:00,0.21902,0.29789,0.21668,0.27801,15645785880.0
2024-11-11 00:00:00,0.27801,0.35231,0.27267,0.35192,17213787584.0
2024-11-12 00:00:00,0.35192,0.44032,0.32607,0.38021,26960248577.0
2024-11-13 00:00:00,0.38021,0.43463,0.35148,0.39914,15576986685.0
2024-11-14 00:00:00,0.39914,0.41721,0.35251,0.36271,8454083813.0
2024-11-15 00:00:00,0.36271,0.38557,0.35207,0.38199,6172686147.0
2024-11-16 00:00:00,0.38199,0.39198,0.35964,0.36442,4008530456.0
2024-11-17 00:00:00,0.36442,0.37649,0.34002,0.3674,4734190731.0
2024-11-18 00:00:00,0.3674,0.38147,0.35737,0.3715,5210485722.0
2024-11-19 00:00:00,0.3715,0.42054,0.3664,0.39092,7734081457.0
2024-11-20 00:00:00,0.39092,0.397,0.36309,0.37793,5282426717.0
2024-11-21 00:00:00,0.37793,0.39621,0.36891,0.387,4563930047.0
2024-11-22 00:00:00,0.387,0.42167,0.38105,0.41323,7594810939.0
2024-11-23 00:00:00,0.41323,0.48092,0.40438,0.43067,10976389877.0
2024-11-24 00:00:00,0.43067,0.45377,0.39954,0.4307,7356795551.0
2024-11-25 00:00:00,0.4307,0.43807,0.3808,0.39289,6019145921.0
2024-11-26 00:00:00,0.39289,0.40928,0.3648,0.38739,5662829198.0
2024-11-27 00:00:00,0.38739,0.40821,0.38028,0.40132,3651505956.0
2024-11-28 00:00:00,0.40132,0.42943,0.39143,0.40201,3574186134.0
2024-11-29 00:00:00,0.40201,0.4382,0.39971,0.4267,3764934444.0
2024-11-30 00:00:00,0.4267,0.43645,0.41422,0.42184,3077730715.0
2024-12-01 00:00:00,0.42184,0.45078,0.41638,0.44095,4162268635.0
2024-12-02 00:00:00,0.44095,0.46434,0.39897,0.42505,7143776191.0
2024-12-03 00:00:00,0.42505,0.43,0.38759,0.40684,4450231620.0
2024-12-04 00:00:00,0.40684,0.43782,0.40011,0.43321,4025212689.0
2024-12-05 00:00:00,0.43321,0.46781,0.40718,0.42726,8153878793.0
2024-12-06 00:00:00,0.42726,0.44219,0.41976,0.43512,3384013048.0
2024-12-07 00:00:00,0.43512,0.46701,0.43088,0.45322,3908264280.0
2024-12-08 00:00:00,0.45322,0.48527,0.44601,0.46686,4349905891.0
2024-12-09 00:00:00,0.46686,0.46799,0.36565,0.4138,7334756044.0
2024-12-10 00:00:00,0.4138,0.42296,0.36503,0.39379,6693998302.0
2024-12-11 00:00:00,0.39379,0.41924,0.37505,0.41423,4012239306.0
2024-12-12 00:00:00,0.41423,0.42446,0.4012,0.40616,3363376296.0
2024-12-13 00:00:00,0.40616,0.4124,0.39897,0.40912,2118342814.0
2024-12-14 00:00:00,0.40912,0.41444,0.38714,0.39813,1963254803.0
2024-12-15 00:00:00,0.39813,0.4114,0.3922,0.40665,1757878042.0
2024-12-16 00:00:00,0.40665,0.41525,0.39231,0.40205,2702307194.0
2024-12-17 00:00:00,0.40205,0.41053,0.3908,0.39403,2536709175.0
2024-12-18 00:00:00,0.39403,0.39635,0.34574,0.35806,4312046834.0
2024-12-19 00:00:00,0.35806,0.36726,0.29946,0.31422,7076560223.0
2024-12-20 00:00:00,0.31422,0.32889,0.26185,0.31775,7818003930.0
2024-12-21 00:00:00,0.31775,0.35001,0.31391,0.32022,4736864069.0
2024-12-22 00:00:00,0.32022,0.32438,0.30481,0.31247,3700037846.0
2024-12-23 00:00:00,0.31247,0.32869,0.30268,0.32492,3745202786.0
2024-12-24 00:00:00,0.32492,0.34045,0.31583,0.33702,2415091472.0
2024-12-25 00:00:00,0.33702,0.34212,0.32624,0.33418,1825341351.0
2024-12-26 00:00:00,0.33418,0.33797,0.30818,0.31255,2140759003.0
2024-12-27 00:00:00,0.31255,0.3248,0.30852,0.31172,1809310906.0
2024-12-28 00:00:00,0.31172,0.32748,0.31112,0.3243,967508795.0
2024-12-29 00:00:00,0.3243,0.32966,0.31171,0.31423,1203023651.0
2024-12-30 00:00:00,0.31423,0.32322,0.30646,0.31379,1912240722.0
2024-12-31 00:00:00,0.31379,0.32907,0.30904,0.31583,1498754144.0
2025-01-01 00:00:00,0.31583,0.32741,0.31168,0.32502,1011603830.0
2025-01-02 00:00:00,0.32502,0.34486,0.32448,0.33883,1877469946.0
2025-01-03 00:00:00,0.33883,0.38948,0.33576,0.37984,2906270578.0
2025-01-04 00:00:00,0.37984,0.39875,0.37642,0.39476,3054049586.0
2025-01-05 00:00:00,0.39476,0.39786,0.37488,0.38223,1995611585.0
2025-01-06 00:00:00,0.38223,0.39561,0.37586,0.38772,2118766397.0
2025-01-07 00:00:00,0.38772,0.39861,0.34682,0.3478,4144914011.0
2025-01-08 00:00:00,0.3478,0.35532,0.32431,0.34206,3435123036.0
2025-01-09 00:00:00,0.34206,0.34667,0.31402,0.32076,2627189314.0
2025-01-10 00:00:00,0.32076,0.33969,0.32066,0.3337,2256770894.0
2025-01-11 00:00:00,0.3337,0.34814,0.32935,0.34111,1074696757.0
2025-01-12 00:00:00,0.34111,0.34341,0.33153,0.33578,978615857.0
2025-01-13 00:00:00,0.33578,0.346,0.30926,0.33793,2776973976.0
2025-01-14 00:00:00,0.33793,0.36206,0.33572,0.35576,2105100896.0
2025-01-15 00:00:00,0.35576,0.38781,0.3482,0.38525,2793953570.0
2025-01-16 00:00:00,0.38525,0.39027,0.36752,0.37631,3100888332.0
2025-01-17 00:00:00,0.37631,0.422,0.37535,0.41521,3554525052.0
2025-01-18 00:00:00,0.41521,0.434,0.38292,0.3963,4988952972.0
2025-01-19 00:00:00,0.3963,0.4099,0.3465,0.35824,5614722145.0
2025-01-20 00:00:00,0.35824,0.38694,0.34458,0.35448,5778994210.0
2025-01-21 00:00:00,0.35448,0.40171,0.33559,0.37175,5728853152.0
2025-01-22 00:00:00,0.37175,0.37554,0.35502,0.36274,2452944928.0
2025-01-23 00:00:00,0.36274,0.36444,0.341,0.35186,2446060928.0
2025-01-24 00:00:00,0.35186,0.36465,0.34259,0.35069,1290435498.0
2025-01-25 00:00:00,0.35069,0.36174,0.34515,0.35339,1154600479.0
2025-01-26 00:00:00,0.35339,0.35735,0.33436,0.33586,953609619.0
2025-01-27 00:00:00,0.33586,0.33695,0.30459,0.3337,2729965877.0
2025-01-28 00:00:00,0.3337,0.33889,0.31486,0.31845,1561469650.0
2025-01-29 00:00:00,0.31845,0.33487,0.31668,0.32386,1599382353.0
2025-01-30 00:00:00,0.32386,0.33872,0.32181,0.3314,914022130.0
2025-01-31 00:00:00,0.3314,0.34167,0.32327,0.32877,1525251364.0
2025-02-01 00:00:00,0.32877,0.33217,0.30302,0.30771,1178845888.0
2025-02-02 00:00:00,0.30771,0.31467,0.24939,0.26781,4707233511.0
2025-02-03 00:00:00,0.26781,0.29304,0.2,0.28468,10161425144.0
2025-02-04 00:00:00,0.28468,0.28896,0.25502,0.26328,3783630465.0
2025-02-05 00:00:00,0.26328,0.26899,0.25312,0.256,1715761549.0
2025-02-06 00:00:00,0.256,0.26583,0.24258,0.24774,1745512190.0
2025-02-07 00:00:00,0.24774,0.26148,0.23842,0.24635,1769048418.0
2025-02-08 00:00:00,0.24635,0.25405,0.24434,0.25274,746552299.0
2025-02-09 00:00:00,0.25274,0.25989,0.23953,0.24871,1083332945.0
2025-02-10 00:00:00,0.24871,0.25635,0.24136,0.25527,1217751801.0
2025-02-11 00:00:00,0.25527,0.2699,0.24817,0.25295,1797338838.0
2025-02-12 00:00:00,0.25295,0.2673,0.24626,0.26408,2043499310.0
2025-02-13 00:00:00,0.26408,0.26706,0.25314,0.26231,1396350208.0
2025-02-14 00:00:00,0.26231,0.28665,0.26065,0.27162,2259472122.0
2025-02-15 00:00:00,0.27162,0.28316,0.26808,0.2716,1673959685.0
2025-02-16 00:00:00,0.2716,0.27402,0.26322,0.26542,1092877514.0
2025-02-17 00:00:00,0.26542,0.26874,0.25355,0.25807,1518242769.0
2025-02-18 00:00:00,0.25807,0.2597,0.24184,0.2512,1546804472.0
2025-02-19 00:00:00,0.2512,0.25541,0.24874,0.25462,920852009.0
2025-02-20 00:00:00,0.25462,0.25743,0.24966,0.25461,927292356.0
2025-02-21 00:00:00,0.25461,0.2611,0.23402,0.23943,1905825824.0
2025-02-22 00:00:00,0.23943,0.24793,0.23778,0.24664,619901769.0
2025-02-23 00:00:00,0.24664,0.24765,0.2403,0.24286,442115330.0
2025-02-24 00:00:00,0.24286,0.24404,0.20561,0.21038,2166139337.0
2025-02-25 00:00:00,0.21038,0.21465,0.19544,0.21155,2969546169.0
2025-02-26 00:00:00,0.21155,0.21417,0.196,0.20345,1932744213.0
2025-02-27 00:00:00,0.20345,0.21154,0.20092,0.20687,1213550142.0
2025-02-28 00:00:00,0.20687,0.20722,0.18137,0.20171,2895117371.0
2025-03-01 00:00:00,0.20171,0.20893,0.19923,0.20657,1118330517.0
2025-03-02 00:00:00,0.20657,0.24212,0.20156,0.23924,2849486989.0
2025-03-03 00:00:00,0.23924,0.24064,0.19308,0.19901,2894499356.0
2025-03-04 00:00:00,0.19901,0.20235,0.18261,0.19894,2545976023.0
2025-03-05 00:00:00,0.19894,0.20656,0.19625,0.20463,1416043287.0
2025-03-06 00:00:00,0.20463,0.21982,0.19887,0.2014,1862978475.0
2025-03-07 00:00:00,0.2014,0.20862,0.19011,0.19828,1954803834.0
2025-03-08 00:00:00,0.19828,0.20074,0.191,0.19223,850190379.0
2025-03-09 00:00:00,0.19223,0.1941,0.1652,0.16794,2854375713.0
2025-03-10 00:00:00,0.16794,0.18084,0.15036,0.15399,3584603522.0
2025-03-11 00:00:00,0.15399,0.16853,0.1426,0.16448,3804199992.0
2025-03-12 00:00:00,0.16448,0.17412,0.15947,0.1723,2471234226.0
2025-03-13 00:00:00,0.1723,0.17293,0.1616,0.16512,1876041418.0
2025-03-14 00:00:00,0.16512,0.1762,0.16449,0.17187,1324688545.0
2025-03-15 00:00:00,0.17187,0.17777,0.17105,0.17584,1004746493.0
2025-03-16 00:00:00,0.17584,0.1768,0.16558,0.16805,1372527481.0
2025-03-17 00:00:00,0.16805,0.17616,0.16791,0.17324,1402416490.0
2025-03-18 00:00:00,0.17324,0.17339,0.16264,0.16792,1438318479.0
2025-03-19 00:00:00,0.16792,0.17872,0.16663,0.17791,1788109748.0
2025-03-20 00:00:00,0.17791,0.17911,0.1664,0.16937,1310111348.0
2025-03-21 00:00:00,0.16937,0.17149,0.16457,0.16717,864338632.0
2025-03-22 00:00:00,0.16717,0.16971,0.16645,0.1673,617309423.0
2025-03-23 00:00:00,0.1673,0.17256,0.16693,0.17254,706664446.0
2025-03-24 00:00:00,0.17254,0.18896,0.17056,0.1829,2026616152.0
2025-03-25 00:00:00,0.1829,0.19356,0.18072,0.19056,2702725644.0
2025-03-26 00:00:00,0.19056,0.20573,0.18919,0.19476,3194369310.0
2025-03-27 00:00:00,0.19476,0.20047,0.18762,0.19039,2164200711.0
2025-03-28 00:00:00,0.19039,0.19285,0.17704,0.18012,2521463032.0
2025-03-29 00:00:00,0.18012,0.18246,0.16577,0.16944,2100237486.0
2025-03-30 00:00:00,0.16944,0.17229,0.16429,0.1664,1489869660.0
2025-03-31 00:00:00,0.1664,0.1683,0.15994,0.16655,2401483898.0
2025-04-01 00:00:00,0.16655,0.17567,0.1659,0.1739,2070973357.0
2025-04-02 00:00:00,0.1739,0.18015,0.16185,0.16373,3940296870.0
2025-04-03 00:00:00,0.16373,0.16738,0.15524,0.16222,2126201376.0
2025-04-04 00:00:00,0.16222,0.17276,0.15984,0.17119,3111265522.0
2025-04-05 00:00:00,0.17119,0.17161,0.16599,0.16891,1088415721.0
2025-04-06 00:00:00,0.16891,0.16994,0.14573,0.14915,2851087479.0
2025-04-07 00:00:00,0.14915,0.15399,0.12982,0.1495,7726522997.0
2025-04-08 00:00:00,0.1495,0.15702,0.14103,0.1422,3310713975.0
2025-04-09 00:00:00,0.1422,0.16417,0.13643,0.16025,4876860848.0
2025-04-10 00:00:00,0.16025,0.1604,0.14873,0.15349,2298342577.0
2025-04-11 00:00:00,0.15349,0.16239,0.15312,0.15992,1607259812.0
2025-04-12 00:00:00,0.15992,0.16942,0.15763,0.16759,1588863382.0
2025-04-13 00:00:00,0.16759,0.16864,0.16087,0.16251,1673377578.0
2025-04-14 00:00:00,0.16251,0.16957,0.15719,0.15844,1823099380.0
2025-04-15 00:00:00,0.15844,0.16126,0.15299,0.15348,1254870406.0
2025-04-16 00:00:00,0.15348,0.15729,0.15012,0.1546,1534850741.0
2025-04-17 00:00:00,0.1546,0.15939,0.15288,0.1558,1139034533.0
2025-04-18 00:00:00,0.1558,0.15888,0.15348,0.15749,867658210.0
2025-04-19 00:00:00,0.15749,0.16084,0.15617,0.15724,756399876.0
2025-04-20 00:00:00,0.15724,0.1595,0.15232,0.15515,1179607181.0
2025-04-21 00:00:00,0.15515,0.16352,0.15491,0.15931,1712658982.0
2025-04-22 00:00:00,0.15931,0.17987,0.15705,0.17857,2523262724.0
2025-04-23 00:00:00,0.17857,0.18537,0.17484,0.17853,2797713724.0
2025-04-24 00:00:00,0.17853,0.1832,0.16962,0.18244,2313558984.0
2025-04-25 00:00:00,0.18244,0.18617,0.17737,0.18152,2814378152.0
2025-04-26 00:00:00,0.18152,0.19294,0.18002,0.18183,2149417464.0
2025-04-27 00:00:00,0.18183,0.18347,0.17632,0.17923,1667007463.0
2025-04-28 00:00:00,0.17923,0.18265,0.17365,0.17894,2072660050.0
2025-04-29 00:00:00,0.17894,0.18065,0.17229,0.17455,1545990452.0
2025-04-30 00:00:00,0.17455,0.17658,0.16658,0.17217,1772336533.0
2025-05-01 00:00:00,0.17217,0.18327,0.17198,0.18055,1507995666.0
2025-05-02 00:00:00,0.18055,0.18438,0.17904,0.18141,1374481107.0
2025-05-03 00:00:00,0.18141,0.1821,0.17512,0.17557,830428007.0
2025-05-04 00:00:00,0.17557,0.17732,0.16976,0.1704,1039110880.0
2025-05-05 00:00:00,0.1704,0.17457,0.16814,0.1705,1398288154.0
2025-05-06 00:00:00,0.1705,0.17249,0.16408,0.17209,1627256525.0
2025-05-07 00:00:00,0.17209,0.17437,0.16887,0.17195,1385571839.0
2025-05-08 00:00:00,0.17195,0.1984,0.1716,0.19806,2635272996.0
2025-05-09 00:00:00,0.19806,0.21449,0.19294,0.20522,4067871223.0
2025-05-10 00:00:00,0.20522,0.251,0.20329,0.2506,5050998752.0
2025-05-11 00:00:00,0.2506,0.25972,0.22204,0.23174,5113503931.0
2025-05-12 00:00:00,0.23174,0.25369,0.22037,0.23089,5788764527.0
2025-05-13 00:00:00,0.23089,0.24305,0.21716,0.24067,4349415562.0
2025-05-14 00:00:00,0.24067,0.24755,0.22811,0.23266,3313376188.0
2025-05-15 00:00:00,0.23266,0.23664,0.21365,0.21921,4262310128.0
2025-05-16 00:00:00,0.21921,0.23089,0.21783,0.22098,2785522141.0
2025-05-17 00:00:00,0.22098,0.22212,0.2106,0.21447,2256796538.0
2025-05-18 00:00:00,0.21447,0.23788,0.21387,0.23298,3860036682.0
2025-05-19 00:00:00,0.23298,0.23567,0.21393,0.22439,3276871616.0
2025-05-20 00:00:00,0.22439,0.23076,0.21747,0.2262,3123536992.0
2025-05-21 00:00:00,0.2262,0.23796,0.2225,0.23396,4344285772.0
2025-05-22 00:00:00,0.23396,0.24576,0.23377,0.24553,3515215602.0
2025-05-23 00:00:00,0.24553,0.25438,0.22301,0.22508,5348226633.0
2025-05-24 00:00:00,0.22508,0.23033,0.22342,0.22503,1325489654.0
2025-05-25 00:00:00,0.22503,0.22635,0.21554,0.22484,1797992069.0
2025-05-26 00:00:00,0.22484,0.23031,0.22242,0.22586,1534106651.0
2025-05-27 00:00:00,0.22586,0.23203,0.21956,0.22588,2068096248.0
2025-05-28 00:00:00,0.22588,0.22777,0.21665,0.22085,1543431519.0
2025-05-29 00:00:00,0.22085,0.2279,0.21386,0.21477,2385447889.0
2025-05-30 00:00:00,0.21477,0.21639,0.19046,0.19346,3915723746.0
2025-05-31 00:00:00,0.19346,0.19546,0.18541,0.19238,2741971483.0
2025-06-01 00:00:00,0.19238,0.19475,0.18627,0.19352,1737388282.0
2025-06-02 00:00:00,0.19352,0.19631,0.18843,0.19498,1812813519.0
2025-06-03 00:00:00,0.19498,0.20038,0.19124,0.19299,2042319522.0
2025-06-04 00:00:00,0.19299,0.19695,0.18689,0.18799,1568654957.0
2025-06-05 00:00:00,0.18799,0.19236,0.16773,0.17093,4066563159.0
2025-06-06 00:00:00,0.17093,0.18435,0.16932,0.17867,2564081597.0
2025-06-07 00:00:00,0.17867,0.18856,0.17762,0.18501,1885287249.0
2025-06-08 00:00:00,0.18501,0.18693,0.18027,0.18406,1345905820.0
2025-06-09 00:00:00,0.18406,0.19635,0.18012,0.19482,2332719182.0
2025-06-10 00:00:00,0.19482,0.19849,0.18869,0.1984,2691857042.0
2025-06-11 00:00:00,0.1984,0.20657,0.19117,0.19283,2966949796.0
2025-06-12 00:00:00,0.19283,0.19356,0.17975,0.18098,2225501029.0
2025-06-13 00:00:00,0.18098,0.18136,0.16964,0.1803,3163849440.0
2025-06-14 00:00:00,0.1803,0.18034,0.17445,0.17818,1461003194.0
2025-06-15 00:00:00,0.17818,0.17861,0.17131,0.17546,1693424259.0
2025-06-16 00:00:00,0.17546,0.18106,0.17202,0.17262,2536480220.0
2025-06-17 00:00:00,0.17262,0.17602,0.16378,0.16927,2774700087.0
2025-06-18 00:00:00,0.16927,0.1721,0.16397,0.17057,2022276626.0
2025-06-19 00:00:00,0.17057,0.17198,0.16761,0.17083,1195336879.0
2025-06-20 00:00:00,0.17083,0.17188,0.15829,0.16225,2468313351.0
2025-06-21 00:00:00,0.16225,0.16428,0.15009,0.15438,1959463815.0
2025-06-22 00:00:00,0.15438,0.1576,0.14264,0.15119,5591725764.0
2025-06-23 00:00:00,0.15119,0.16521,0.1485,0.16368,3858375190.0
2025-06-24 00:00:00,0.16368,0.16762,0.16157,0.16562,2049524293.0
2025-06-25 00:00:00,0.16562,0.1676,0.16242,0.1645,1454341492.0
2025-06-26 00:00:00,0.1645,0.16806,0.15785,0.15994,1640891616.0
2025-06-27 00:00:00,0.15994,0.16298,0.1569,0.16095,1192886209.0
2025-06-28 00:00:00,0.16095,0.16496,0.16031,0.16357,704663200.0
2025-06-29 00:00:00,0.16357,0.16997,0.16252,0.16935,849025949.0
2025-06-30 00:00:00,0.16935,0.16983,0.16209,0.1651,1574900230.0
2025-07-01 00:00:00,0.1651,0.16621,0.15664,0.1577,1208169582.0
2025-07-02 00:00:00,0.1577,0.17258,0.15645,0.16865,2093198735.0
2025-07-03 00:00:00,0.16865,0.17539,0.16737,0.17193,2048094526.0
2025-07-04 00:00:00,0.17193,0.17293,0.16112,0.16278,1627570500.0
2025-07-05 00:00:00,0.16278,0.16497,0.16186,0.16414,725798491.0
2025-07-06 00:00:00,0.16414,0.17517,0.16296,0.17187,2016520789.0
2025-07-07 00:00:00,0.17187,0.17714,0.16556,0.1678,2375488702.0
2025-07-08 00:00:00,0.1678,0.17192,0.16576,0.17084,1573136198.0
2025-07-09 00:00:00,0.17084,0.18665,0.16984,0.18052,2822111484.0
2025-07-10 00:00:00,0.18052,0.19642,0.17871,0.19503,2393471524.0
2025-07-11 00:00:00,0.19503,0.21378,0.19116,0.20107,5039697435.0
2025-07-12 00:00:00,0.20107,0.20657,0.19181,0.19735,2688720111.0
2025-07-13 00:00:00,0.19735,0.20408,0.19539,0.19844,2179629720.0
2025-07-14 00:00:00,0.19844,0.21083,0.19438,0.19745,3402194801.0
2025-07-15 00:00:00,0.19745,0.19943,0.18841,0.19923,3635287086.0
2025-07-16 00:00:00,0.19923,0.22108,0.19552,0.21281,4281738947.0
2025-07-17 00:00:00,0.21281,0.22256,0.20657,0.21837,5592680400.0
2025-07-18 00:00:00,0.21837,0.25455,0.21623,0.23587,9227919769.0
2025-07-19 00:00:00,0.23587,0.2581,0.23564,0.24143,6220495017.0
2025-07-20 00:00:00,0.24143,0.27849,0.23999,0.27387,7474742404.0
2025-07-21 00:00:00,0.27387,0.28793,0.26439,0.27162,7547480598.0
2025-07-22 00:00:00,0.27162,0.27517,0.25761,0.27119,5525116110.0
2025-07-23 00:00:00,0.27119,0.27135,0.23068,0.2408,6891375244.0
2025-07-24 00:00:00,0.2408,0.24669,0.22171,0.23212,6767301825.0
2025-07-25 00:00:00,0.23212,0.23699,0.22088,0.23671,4668082581.0
2025-07-26 00:00:00,0.23671,0.24037,0.23304,0.23543,1956170626.0
2025-07-27 00:00:00,0.23543,0.2438,0.23431,0.24069,2828116880.0
2025-07-28 00:00:00,0.24069,0.24862,0.22423,0.22609,3755858167.0
2025-07-29 00:00:00,0.22609,0.2327,0.217,0.22384,3494915965.0
2025-07-30 00:00:00,0.22384,0.2265,0.20862,0.21994,3727241742.0
2025-07-31 00:00:00,0.21994,0.2256,0.20789,0.20964,3269687336.0
2025-08-01 00:00:00,0.20964,0.21247,0.19509,0.20083,4972131993.0
2025-08-02 00:00:00,0.20083,0.2034,0.1893,0.19091,2929367933.0
2025-08-03 00:00:00,0.19091,0.20043,0.18853,0.19866,1713225741.0
2025-08-04 00:00:00,0.19866,0.2112,0.19834,0.21032,2022777802.0
2025-08-05 00:00:00,0.21032,0.211,0.19585,0.19972,2905736556.0
2025-08-06 00:00:00,0.19972,0.20707,0.19542,0.20519,1923117691.0
2025-08-07 00:00:00,0.20519,0.22295,0.20322,0.22221,2463606711.0
2025-08-08 00:00:00,0.22221,0.23249,0.21941,0.23033,3460853496.0
2025-08-09 00:00:00,0.23033,0.24673,0.22963,0.23995,3417465679.0
2025-08-10 00:00:00,0.23995,0.2435,0.22932,0.23379,2820508641.0
2025-08-11 00:00:00,0.23379,0.24188,0.22105,0.22198,3616616197.0
2025-08-12 00:00:00,0.22198,0.23828,0.2186,0.23575,3389068301.0
2025-08-13 00:00:00,0.23575,0.25062,0.23129,0.24478,5017671759.0
2025-08-14 00:00:00,0.24478,0.25582,0.21718,0.22369,6261313494.0
2025-08-15 00:00:00,0.22369,0.23291,0.22001,0.22878,4035944762.0
2025-08-16 00:00:00,0.22878,0.23617,0.22511,0.23107,2258802179.0
2025-08-17 00:00:00,0.23107,0.24251,0.22834,0.23445,2562236651.0
2025-08-18 00:00:00,0.23445,0.23544,0.21972,0.22248,2855345939.0
2025-08-19 00:00:00,0.22248,0.22559,0.2086,0.20932,2757986328.0
2025-08-20 00:00:00,0.20932,0.22276,0.2075,0.22159,2463100895.0
2025-08-21 00:00:00,0.22159,0.22444,0.21376,0.21466,2200963806.0
2025-08-22 00:00:00,0.21466,0.24219,0.20817,0.24049,3980479109.0
2025-08-23 00:00:00,0.24049,0.24087,0.22886,0.23628,2466929134.0
2025-08-24 00:00:00,0.23628,0.24499,0.22754,0.23179,3600638609.0
2025-08-25 00:00:00,0.23179,0.23453,0.2057,0.20951,3708595827.0
2025-08-26 00:00:00,0.20951,0.21992,0.20695,0.21833,2445783155.0
2025-08-27 00:00:00,0.21833,0.22377,0.21596,0.2188,2380764727.0
2025-08-28 00:00:00,0.2188,0.22589,0.21655,0.22432,1730137035.0
2025-08-29 00:00:00,0.22432,0.22527,0.20961,0.21385,2996053782.0
2025-08-30 00:00:00,0.21385,0.21877,0.21118,0.21588,1130941959.0
2025-08-31 00:00:00,0.21588,0.22132,0.21314,0.21361,1368088190.0
2025-09-01 00:00:00,0.21361,0.21978,0.20455,0.21063,3273398740.0
2025-09-02 00:00:00,0.21063,0.21548,0.2063,0.21483,2921827104.0
2025-09-03 00:00:00,0.21483,0.22347,0.2124,0.22026,1916607946.0
2025-09-04 00:00:00,0.22026,0.22104,0.21031,0.21228,2196360912.0
2025-09-05 00:00:00,0.21228,0.22091,0.21164,0.21779,2556364527.0
2025-09-06 00:00:00,0.21779,0.21882,0.21213,0.21582,1048043022.0
2025-09-07 00:00:00,0.21582,0.22923,0.21558,0.22873,1786935957.0
2025-09-08 00:00:00,0.22873,0.2441,0.22646,0.24163,3444052266.0
2025-09-09 00:00:00,0.24163,0.24956,0.23351,0.2406,4144454922.0
2025-09-10 00:00:00,0.2406,0.24869,0.23603,0.24526,2937471694.0
2025-09-11 00:00:00,0.24526,0.25692,0.24158,0.25591,4343327334.0
2025-09-12 00:00:00,0.25591,0.2786,0.25454,0.2755,4085000471.0
2025-09-13 00:00:00,0.2755,0.30684,0.27265,0.28938,7768546788.0
2025-09-14 00:00:00,0.28938,0.29502,0.27265,0.27784,4745638446.0
2025-09-15 00:00:00,0.27784,0.28199,0.25848,0.26818,5297122445.0
2025-09-16 00:00:00,0.26818,0.27195,0.25639,0.26978,3777035015.0
2025-09-17 00:00:00,0.26978,0.2837,0.25968,0.28242,4913495425.0
2025-09-18 00:00:00,0.28242,0.28876,0.27528,0.27842,4004595946.0
2025-09-19 00:00:00,0.27842,0.28484,0.26275,0.26514,3521729671.0
2025-09-20 00:00:00,0.26514,0.26938,0.26282,0.26749,1374448063.0
2025-09-21 00:00:00,0.26749,0.26958,0.2602,0.26064,1558784309.0
2025-09-22 00:00:00,0.26064,0.2622,0.2297,0.24111,5451259908.0
2025-09-23 00:00:00,0.24111,0.24387,0.23396,0.23697,2578228571.0
2025-09-24 00:00:00,0.23697,0.25041,0.23071,0.24096,3062135696.0
2025-09-25 00:00:00,0.24096,0.24185,0.22028,0.2228,5184382357.0
2025-09-26 00:00:00,0.2228,0.2332,0.22125,0.23231,3063369773.0
2025-09-27 00:00:00,0.23231,0.23424,0.22762,0.23066,1342613563.0
2025-09-28 00:00:00,0.23066,0.23757,0.22483,0.23721,1676989303.0
2025-09-29 00:00:00,0.23721,0.23888,0.22847,0.23468,2480228366.0
2025-09-30 00:00:00,0.23468,0.23587,0.22609,0.23285,2466876726.0
2025-10-01 00:00:00,0.23285,0.24911,0.2302,0.24893,3210065405.0
2025-10-02 00:00:00,0.24893,0.26402,0.24664,0.26186,3720541683.0
2025-10-03 00:00:00,0.26186,0.26535,0.2526,0.25808,3449201626.0
2025-10-04 00:00:00,0.25808,0.25967,0.24657,0.25072,1886791298.0
2025-10-05 00:00:00,0.25072,0.26515,0.24937,0.2527,3295596298.0
2025-10-06 00:00:00,0.2527,0.27053,0.25034,0.26597,4245750324.0
2025-10-07 00:00:00,0.26597,0.26829,0.24581,0.2466,4700040065.0
2025-10-08 00:00:00,0.2466,0.2611,0.24271,0.25551,3484169429.0
2025-10-09 00:00:00,0.25551,0.25581,0.2408,0.24843,3465475525.0
2025-10-10 00:00:00,0.24843,0.25406,0.08561,0.1938,11559832041.0
2025-10-11 00:00:00,0.1938,0.2002,0.17802,0.1852,6097273501.0
2025-10-12 00:00:00,0.1852,0.21403,0.18058,0.20705,5397177828.0
2025-10-13 00:00:00,0.20705,0.21823,0.20172,0.21369,4370889606.0
2025-10-14 00:00:00,0.21369,0.21555,0.19318,0.20421,5692435907.0
2025-10-15 00:00:00,0.20421,0.20846,0.19405,0.19609,3566125925.0
2025-10-16 00:00:00,0.19609,0.20138,0.18462,0.18838,4502704512.0
2025-10-17 00:00:00,0.18838,0.19104,0.17537,0.1846,3958046068.0
2025-10-18 00:00:00,0.1846,0.19049,0.18415,0.18949,1648145275.0
2025-10-19 00:00:00,0.18949,0.19862,0.18589,0.19522,2686146700.0
2025-10-20 00:00:00,0.19522,0.2024,0.19156,0.19992,2502425953.0
2025-10-21 00:00:00,0.19992,0.20556,0.1919,0.19418,4047449766.0
2025-10-22 00:00:00,0.19418,0.19531,0.1844,0.18981,3814565029.0
2025-10-23 00:00:00,0.18981,0.19743,0.18944,0.19484,2263899984.0
2025-10-24 00:00:00,0.19484,0.20102,0.19368,0.19766,1777938832.0
2025-10-25 00:00:00,0.19766,0.1998,0.19559,0.19639,963045628.0
2025-10-26 00:00:00,0.19639,0.20739,0.19451,0.20572,1612433918.0
2025-10-27 00:00:00,0.20572,0.20948,0.19864,0.20026,2060703684.0
2025-10-28 00:00:00,0.20026,0.20304,0.18977,0.19351,2699479297.0
2025-10-29 00:00:00,0.19351,0.19722,0.18668,0.19225,2639996706.0
2025-10-30 00:00:00,0.19225,0.19452,0.17625,0.18254,3387368347.0
2025-10-31 00:00:00,0.18254,0.18806,0.18211,0.18633,1779270467.0
2025-11-01 00:00:00,0.18633,0.18646,0.18521,0.18579,33096377.0
