timestamp,open,high,low,close,volume
2020-10-21 00:00:00,11.138,11.138,10.797,10.797,252716.3
2020-10-22 00:00:00,10.797,12.4,10.712,11.951,250340.7
2020-10-23 00:00:00,11.951,12.269,11.585,12.151,379200.1
2020-10-24 00:00:00,12.151,12.946,11.99,12.69,384759.6
2020-10-25 00:00:00,12.69,12.846,11.905,12.151,397395.4
2020-10-26 00:00:00,12.151,12.432,11.26,11.701,450671.8
2020-10-27 00:00:00,11.701,12.46,11.492,11.924,475449.6
2020-10-28 00:00:00,11.924,12.152,11.153,11.432,582233.2
2020-10-29 00:00:00,11.432,11.79,11.081,11.283,443633.5
2020-10-30 00:00:00,11.283,11.471,10.753,11.085,603483.0
2020-10-31 00:00:00,11.085,11.388,10.92,11.228,391439.3
2020-11-01 00:00:00,11.228,11.588,11.012,11.565,347188.0
2020-11-02 00:00:00,11.565,11.687,10.717,10.78,757250.4
2020-11-03 00:00:00,10.78,10.78,9.952,10.398,718928.6
2020-11-04 00:00:00,10.398,10.665,9.736,10.462,704416.2
2020-11-05 00:00:00,10.462,11.266,10.084,10.971,937091.0
2020-11-06 00:00:00,10.971,12.293,10.889,12.174,1015093.5
2020-11-07 00:00:00,12.174,13.723,11.474,11.764,2166648.8
2020-11-08 00:00:00,11.764,13.096,11.484,12.709,981730.4
2020-11-09 00:00:00,12.709,13.008,12.05,12.506,1049358.1
2020-11-10 00:00:00,12.506,13.297,12.314,13.011,1308700.6
2020-11-11 00:00:00,13.011,13.429,12.749,12.759,962091.5
2020-11-12 00:00:00,12.759,13.096,12.28,12.409,959617.2
2020-11-13 00:00:00,12.409,13.009,12.31,12.876,733596.3
2020-11-14 00:00:00,12.876,12.939,12.332,12.559,424723.1
2020-11-15 00:00:00,12.559,12.663,11.817,12.122,546002.6
2020-11-16 00:00:00,12.122,12.82,12.001,12.63,753609.5
2020-11-17 00:00:00,12.63,13.45,12.55,13.418,1380841.8
2020-11-18 00:00:00,13.418,14.276,12.578,13.56,2122428.4
2020-11-19 00:00:00,13.56,14.013,13.026,13.607,1089296.3
2020-11-20 00:00:00,13.607,14.5,13.473,14.094,1017095.4
2020-11-21 00:00:00,14.094,15.55,13.7,15.484,1554136.0
2020-11-22 00:00:00,15.484,15.75,13.85,14.527,1443650.0
2020-11-23 00:00:00,14.527,15.43,14.293,15.287,968158.0
2020-11-24 00:00:00,15.287,16.393,14.962,15.695,1982143.5
2020-11-25 00:00:00,15.695,15.743,13.782,14.199,1702641.5
2020-11-26 00:00:00,14.199,14.462,11.291,12.586,3396693.4
2020-11-27 00:00:00,12.586,12.94,11.959,12.5,922970.6
2020-11-28 00:00:00,12.5,13.424,12.364,13.094,846251.6
2020-11-29 00:00:00,13.094,13.483,12.854,13.386,725989.1
2020-11-30 00:00:00,13.386,14.461,13.385,14.28,1497578.2
2020-12-01 00:00:00,14.28,14.874,13.073,13.345,1756097.1
2020-12-02 00:00:00,13.345,14.162,13.064,13.999,637468.0
2020-12-03 00:00:00,13.999,14.242,13.667,13.979,606260.2
2020-12-04 00:00:00,13.979,14.045,12.52,12.692,532606.3
2020-12-05 00:00:00,12.692,13.349,12.533,13.174,354583.5
2020-12-06 00:00:00,13.174,13.552,12.786,13.518,293841.1
2020-12-07 00:00:00,13.518,13.569,12.875,13.081,277268.3
2020-12-08 00:00:00,13.081,13.194,12.001,12.134,517095.2
2020-12-09 00:00:00,12.134,12.821,11.571,12.622,840155.0
2020-12-10 00:00:00,12.622,12.669,11.871,11.906,335866.0
2020-12-11 00:00:00,11.906,11.989,11.431,11.643,501943.7
2020-12-12 00:00:00,11.643,12.348,11.606,12.219,327120.6
2020-12-13 00:00:00,12.219,13.262,12.03,12.95,436660.9
2020-12-14 00:00:00,12.95,12.985,12.326,12.854,327718.8
2020-12-15 00:00:00,12.854,13.026,12.475,12.694,214052.6
2020-12-16 00:00:00,12.694,13.512,12.303,13.509,756045.3
2020-12-17 00:00:00,13.509,14.539,13.087,13.458,1177452.0
2020-12-18 00:00:00,13.458,14.023,13.19,13.519,587507.8
2020-12-19 00:00:00,13.519,13.991,13.31,13.486,399752.1
2020-12-20 00:00:00,13.486,13.808,12.65,13.069,715126.1
2020-12-21 00:00:00,13.069,13.274,12.1,12.315,991508.9
2020-12-22 00:00:00,12.315,12.843,11.821,12.793,582048.0
2020-12-23 00:00:00,12.793,12.87,8.085,10.972,2462856.9
2020-12-24 00:00:00,10.972,11.687,9.856,11.572,1389996.9
2020-12-25 00:00:00,11.572,11.917,11.055,11.553,888594.6
2020-12-26 00:00:00,11.553,11.814,10.631,10.979,1009558.8
2020-12-27 00:00:00,10.979,13.262,10.466,12.168,1590080.1
2020-12-28 00:00:00,12.168,12.971,11.985,12.625,1218845.7
2020-12-29 00:00:00,12.625,13.055,10.812,11.754,1439253.5
2020-12-30 00:00:00,11.754,11.983,11.074,11.256,617487.5
2020-12-31 00:00:00,11.256,11.756,10.963,11.242,792148.5
2021-01-01 00:00:00,11.242,12.48,11.072,11.869,1326750.4
2021-01-02 00:00:00,11.869,12.451,11.466,12.218,1021149.3
2021-01-03 00:00:00,12.218,14.063,11.854,13.707,1673203.1
2021-01-04 00:00:00,13.707,15.813,12.327,13.621,3484177.9
2021-01-05 00:00:00,13.621,14.911,13.124,14.523,1691426.7
2021-01-06 00:00:00,14.523,17.332,14.154,17.271,2796706.0
2021-01-07 00:00:00,17.271,17.5,15.099,15.956,2260653.8
2021-01-08 00:00:00,15.956,16.239,14.138,15.243,1633917.8
2021-01-09 00:00:00,15.243,17.923,14.992,17.599,1619477.3
2021-01-10 00:00:00,17.599,18.494,15.5,16.214,1882812.3
2021-01-11 00:00:00,16.214,16.256,12.511,14.668,2156400.3
2021-01-12 00:00:00,14.668,15.492,13.672,13.963,997340.5
2021-01-13 00:00:00,13.963,16.248,13.375,15.957,1144672.3
2021-01-14 00:00:00,15.957,18.016,15.37,18.004,1468072.7
2021-01-15 00:00:00,18.004,21.621,17.561,20.781,4896658.8
2021-01-16 00:00:00,20.781,23.056,19.658,20.1,3467812.1
2021-01-17 00:00:00,20.1,23.774,19.374,23.273,2452940.5
2021-01-18 00:00:00,23.273,23.73,21.102,22.066,1566788.2
2021-01-19 00:00:00,22.066,22.93,20.408,20.561,1256745.0
2021-01-20 00:00:00,20.561,21.971,19.041,21.855,1243848.5
2021-01-21 00:00:00,21.855,22.054,18.076,18.423,1323786.3
2021-01-22 00:00:00,18.423,22.52,17.133,21.581,1865186.0
2021-01-23 00:00:00,21.581,25.529,21.18,24.813,2627615.6
2021-01-24 00:00:00,24.813,24.973,23.2,24.8,1379457.5
2021-01-25 00:00:00,24.8,25.827,22.61,23.378,1449269.9
2021-01-26 00:00:00,23.378,23.977,21.67,23.141,866970.9
2021-01-27 00:00:00,23.141,23.25,20.282,20.977,970536.7
2021-01-28 00:00:00,20.977,24.494,20.535,23.055,1224050.6
2021-01-29 00:00:00,23.055,24.309,22.09,22.771,798029.3
2021-01-30 00:00:00,22.771,23.999,22.204,23.676,589105.3
2021-01-31 00:00:00,23.676,24.76,22.078,22.573,591941.5
2021-02-01 00:00:00,22.573,23.23,21.66,22.923,513904.5
2021-02-02 00:00:00,22.923,24.206,22.77,23.723,633863.2
2021-02-03 00:00:00,23.723,25.638,23.618,25.102,1068740.4
2021-02-04 00:00:00,25.102,26.265,22.714,24.524,1354518.4
2021-02-05 00:00:00,24.524,27.094,24.453,26.36,1683067.9
2021-02-06 00:00:00,26.36,26.871,24.21,25.069,1199107.5
2021-02-07 00:00:00,25.069,25.326,22.8,24.749,981184.8
2021-02-08 00:00:00,24.749,26.048,24.002,25.463,853132.5
2021-02-09 00:00:00,25.463,28.044,25.06,27.632,1000632.1
2021-02-10 00:00:00,27.632,28.7,24.62,26.842,1818343.3
2021-02-11 00:00:00,26.842,28.65,26.225,27.856,920497.0
2021-02-12 00:00:00,27.856,31.493,26.7,30.703,1467251.1
2021-02-13 00:00:00,30.703,34.968,29.13,34.297,1538313.4
2021-02-14 00:00:00,34.297,35.76,32.35,33.17,1310243.8
2021-02-15 00:00:00,33.17,34.96,27.248,32.61,1854095.5
2021-02-16 00:00:00,32.61,33.451,30.8,32.024,1040136.4
2021-02-17 00:00:00,32.024,32.75,30.04,32.236,1047995.7
2021-02-18 00:00:00,32.236,33.653,31.816,32.471,721436.1
2021-02-19 00:00:00,32.471,35.645,31.4,34.719,1360439.1
2021-02-20 00:00:00,34.719,36.999,32.035,33.945,1606701.9
2021-02-21 00:00:00,33.945,35.291,33.275,34.136,768819.8
2021-02-22 00:00:00,34.136,34.216,25.22,31.494,2260543.1
2021-02-23 00:00:00,31.494,31.693,20.756,26.003,3082071.3
2021-02-24 00:00:00,26.003,29.336,24.55,28.099,961394.5
2021-02-25 00:00:00,28.099,28.7,24.41,24.722,783624.6
2021-02-26 00:00:00,24.722,26.999,23.696,25.184,875873.5
2021-02-27 00:00:00,25.184,27.41,24.868,26.193,625033.0
2021-02-28 00:00:00,26.193,26.751,22.871,24.716,769933.6
2021-03-01 00:00:00,24.716,27.737,24.6,27.722,676989.2
2021-03-02 00:00:00,27.722,30.56,27.211,28.494,1085847.9
2021-03-03 00:00:00,28.494,31.479,28.156,29.826,609878.1
2021-03-04 00:00:00,29.826,30.582,27.234,27.715,685144.3
2021-03-05 00:00:00,27.715,28.249,25.701,27.863,779090.4
2021-03-06 00:00:00,27.863,28.391,26.319,28.157,524762.5
2021-03-07 00:00:00,28.157,29.111,27.389,28.608,577492.7
2021-03-08 00:00:00,28.608,31.867,28.3,31.858,1026682.5
2021-03-09 00:00:00,31.858,32.032,30.42,31.527,730960.4
2021-03-10 00:00:00,31.527,31.848,29.33,29.936,838794.7
2021-03-11 00:00:00,29.936,30.499,28.583,30.153,727417.4
2021-03-12 00:00:00,30.153,30.459,27.65,28.4,800908.6
2021-03-13 00:00:00,28.4,30.6,26.936,29.816,859042.1
2021-03-14 00:00:00,29.816,30.251,28.56,28.577,495528.6
2021-03-15 00:00:00,28.577,29.457,26.829,27.471,884573.6
2021-03-16 00:00:00,27.471,28.185,26.383,27.934,408054.7
2021-03-17 00:00:00,27.934,31.23,27.318,31.05,911577.2
2021-03-18 00:00:00,31.05,31.37,29.026,29.419,628424.3
2021-03-19 00:00:00,29.419,30.562,28.671,29.803,450992.5
2021-03-20 00:00:00,29.803,31.464,29.611,29.647,495329.2
2021-03-21 00:00:00,29.647,30.091,28.61,29.244,393071.3
2021-03-22 00:00:00,29.244,29.45,27.112,27.262,459433.8
2021-03-23 00:00:00,27.262,27.938,26.644,26.795,305587.1
2021-03-24 00:00:00,26.795,27.877,23.581,24.869,666407.6
2021-03-25 00:00:00,24.869,26.65,24.452,25.58,436633.0
2021-03-26 00:00:00,25.558,27.425,25.398,27.381,298157.6
2021-03-27 00:00:00,27.381,27.496,26.038,26.874,322175.0
2021-03-28 00:00:00,26.874,27.68,26.103,26.651,323326.4
2021-03-29 00:00:00,26.651,28.645,26.406,28.059,276085.9
2021-03-30 00:00:00,28.059,28.63,27.477,27.841,306052.4
2021-03-31 00:00:00,27.841,29.426,26.208,29.426,429902.4
2021-04-01 00:00:00,29.426,31.171,29.36,30.099,650284.4
2021-04-02 00:00:00,30.099,32.6,29.597,32.525,569199.9
2021-04-03 00:00:00,32.525,33.281,29.17,29.273,851179.8
2021-04-04 00:00:00,29.273,31.485,28.67,30.768,450818.5
2021-04-05 00:00:00,30.768,32.683,29.668,32.412,584081.3
2021-04-06 00:00:00,32.412,34.917,31.351,34.707,1216363.6
2021-04-07 00:00:00,34.707,35.192,30.265,31.144,999151.1
2021-04-08 00:00:00,31.144,32.905,30.99,32.797,512834.0
2021-04-09 00:00:00,32.797,33.299,31.25,31.617,511087.1
2021-04-10 00:00:00,31.617,33.075,31.022,31.926,647396.5
2021-04-11 00:00:00,31.926,34.511,31.795,33.93,806252.7
2021-04-12 00:00:00,33.93,34.203,31.905,33.118,719940.2
2021-04-13 00:00:00,33.118,36.044,32.425,35.597,845854.3
2021-04-14 00:00:00,35.597,42.0,34.893,41.342,1791902.4
2021-04-15 00:00:00,41.342,44.43,39.756,42.586,1667053.9
2021-04-16 00:00:00,42.586,43.316,38.472,41.985,1414803.9
2021-04-17 00:00:00,41.985,44.125,39.91,40.013,969210.7
2021-04-18 00:00:00,40.013,40.383,29.459,39.135,3339717.9
2021-04-19 00:00:00,39.135,41.991,34.851,35.688,1553727.0
2021-04-20 00:00:00,35.688,39.392,33.241,39.024,1187636.6
2021-04-21 00:00:00,39.024,39.472,35.916,36.277,773869.0
2021-04-22 00:00:00,36.277,40.872,33.806,35.152,1247606.0
2021-04-23 00:00:00,35.152,35.938,30.015,35.19,1195969.1
2021-04-24 00:00:00,35.19,35.288,31.026,31.266,600290.2
2021-04-25 00:00:00,31.266,33.437,29.852,31.667,552770.9
2021-04-26 00:00:00,31.667,35.288,31.405,35.157,555886.6
2021-04-27 00:00:00,35.157,37.653,34.52,36.794,534932.5
2021-04-28 00:00:00,36.794,37.827,34.96,36.273,535859.8
2021-04-29 00:00:00,36.273,37.499,35.051,36.487,515119.3
2021-04-30 00:00:00,36.487,38.817,35.868,38.145,470859.9
2021-05-01 00:00:00,38.145,41.256,37.5,41.256,608197.3
2021-05-02 00:00:00,41.256,41.481,38.739,39.486,605497.1
2021-05-03 00:00:00,39.486,42.753,39.168,42.086,758155.2
2021-05-04 00:00:00,42.086,48.642,38.616,45.561,2186654.7
2021-05-05 00:00:00,45.561,51.255,45.0,49.617,1315685.9
2021-05-06 00:00:00,49.617,49.999,45.342,47.161,1127485.7
2021-05-07 00:00:00,47.161,52.034,45.766,49.162,1212771.5
2021-05-08 00:00:00,49.162,50.295,46.546,48.629,736945.4
2021-05-09 00:00:00,48.629,52.46,45.859,52.261,957282.0
2021-05-10 00:00:00,52.261,53.0,40.314,46.286,1616541.4
2021-05-11 00:00:00,46.286,48.916,44.629,48.857,682461.6
2021-05-12 00:00:00,48.857,49.889,40.922,41.589,1123454.8
2021-05-13 00:00:00,41.589,44.966,39.231,43.283,1307753.3
2021-05-14 00:00:00,43.283,47.888,42.969,46.588,546681.9
2021-05-15 00:00:00,46.588,47.85,41.05,41.515,885124.7
2021-05-16 00:00:00,41.515,44.679,38.003,40.636,707242.1
2021-05-17 00:00:00,40.636,40.654,35.074,37.164,828831.6
2021-05-18 00:00:00,37.164,44.683,36.7,42.599,996667.8
2021-05-19 00:00:00,42.599,43.51,20.079,26.263,6954482.6
2021-05-20 00:00:00,26.263,33.013,22.527,30.64,1875252.8
2021-05-21 00:00:00,30.64,31.971,22.072,25.56,1008061.0
2021-05-22 00:00:00,25.56,26.196,22.234,23.308,662863.4
2021-05-23 00:00:00,23.308,24.358,14.991,19.824,1948550.0
2021-05-24 00:00:00,19.824,26.409,19.671,26.39,1459981.5
2021-05-25 00:00:00,26.39,27.63,23.663,27.523,1119150.3
2021-05-26 00:00:00,27.523,34.275,26.869,34.031,1632189.3
2021-05-27 00:00:00,34.031,35.34,30.072,31.732,1613763.4
2021-05-28 00:00:00,31.732,32.148,26.84,27.864,2030944.0
2021-05-29 00:00:00,27.864,29.726,24.129,25.334,1687194.7
2021-05-30 00:00:00,25.334,29.143,23.668,26.807,1594405.8
2021-05-31 00:00:00,26.807,32.128,25.579,32.11,1444584.0
2021-06-01 00:00:00,32.11,32.644,29.053,30.71,1388134.4
2021-06-02 00:00:00,30.71,32.239,29.672,30.683,1042171.2
2021-06-03 00:00:00,30.683,32.849,30.038,32.178,1164879.5
2021-06-04 00:00:00,32.178,32.263,27.185,28.818,1823645.4
2021-06-05 00:00:00,28.818,30.16,26.063,27.126,1427994.7
2021-06-06 00:00:00,27.126,28.18,26.823,27.518,755541.7
2021-06-07 00:00:00,27.518,28.679,24.25,24.6,837025.8
2021-06-08 00:00:00,24.6,25.092,21.352,24.062,1562176.7
2021-06-09 00:00:00,24.062,25.612,22.448,25.562,1067365.1
2021-06-10 00:00:00,25.562,25.765,22.727,23.107,796996.9
2021-06-11 00:00:00,23.107,23.377,20.984,21.465,1052259.3
2021-06-12 00:00:00,21.465,22.264,19.994,21.635,1156729.5
2021-06-13 00:00:00,21.635,23.854,20.416,23.327,1133602.4
2021-06-14 00:00:00,23.327,25.247,22.838,24.961,1033037.3
2021-06-15 00:00:00,24.961,26.434,24.407,24.486,1564865.9
2021-06-16 00:00:00,24.486,24.624,22.919,23.023,1266968.4
2021-06-17 00:00:00,23.023,24.436,22.819,23.386,959895.6
2021-06-18 00:00:00,23.386,23.414,20.537,21.205,1280024.1
2021-06-19 00:00:00,21.205,21.926,20.186,20.253,1008832.2
2021-06-20 00:00:00,20.253,22.05,19.077,21.644,1131367.8
2021-06-21 00:00:00,21.644,21.855,17.007,17.378,2304113.7
2021-06-22 00:00:00,17.378,18.782,14.985,16.823,2462529.5
2021-06-23 00:00:00,16.823,19.182,16.151,18.366,1096158.2
2021-06-24 00:00:00,18.366,19.508,17.358,19.056,916522.7
2021-06-25 00:00:00,19.056,19.498,16.814,16.868,1373835.5
2021-06-26 00:00:00,16.868,17.481,15.927,16.941,1397773.8
2021-06-27 00:00:00,16.941,18.385,16.59,18.385,1259527.3
2021-06-28 00:00:00,18.385,19.422,17.916,18.817,1535199.0
2021-06-29 00:00:00,18.817,20.537,18.746,19.527,1534471.2
2021-06-30 00:00:00,19.527,19.761,18.152,19.483,1435221.4
2021-07-01 00:00:00,19.483,19.521,17.612,18.243,1116490.6
2021-07-02 00:00:00,18.243,18.516,17.261,18.266,795101.0
2021-07-03 00:00:00,18.266,18.879,17.849,18.525,401585.3
2021-07-04 00:00:00,18.525,19.888,17.983,19.255,560317.9
2021-07-05 00:00:00,19.255,19.255,17.778,18.345,846008.6
2021-07-06 00:00:00,18.345,20.249,18.319,20.073,1041455.3
2021-07-07 00:00:00,20.073,21.25,19.619,19.79,1123345.0
2021-07-08 00:00:00,19.79,19.863,18.12,18.355,1121025.0
2021-07-09 00:00:00,18.355,18.845,17.63,18.644,721312.7
2021-07-10 00:00:00,18.644,18.964,17.73,18.204,559114.6
2021-07-11 00:00:00,18.204,18.56,17.862,18.363,367254.3
2021-07-12 00:00:00,18.363,18.587,17.129,17.52,539454.7
2021-07-13 00:00:00,17.52,17.756,16.672,16.863,512514.1
2021-07-14 00:00:00,16.863,17.385,16.009,16.948,625034.4
2021-07-15 00:00:00,16.948,17.236,15.517,15.732,651839.2
2021-07-16 00:00:00,15.732,16.321,15.13,15.244,861412.9
2021-07-17 00:00:00,15.244,15.669,15.025,15.344,684453.8
2021-07-18 00:00:00,15.344,16.062,15.147,15.47,548738.2
2021-07-19 00:00:00,15.47,15.624,14.408,14.514,836331.4
2021-07-20 00:00:00,14.514,14.767,13.382,13.735,850808.9
2021-07-21 00:00:00,13.735,15.77,13.463,15.281,929280.1
2021-07-22 00:00:00,15.281,16.14,14.963,16.062,592308.7
2021-07-23 00:00:00,16.062,16.557,15.239,16.489,520475.2
2021-07-24 00:00:00,16.489,17.106,16.3,16.667,451354.5
2021-07-25 00:00:00,16.667,17.019,16.152,16.729,504626.4
2021-07-26 00:00:00,16.729,19.945,16.654,18.032,1905453.4
2021-07-27 00:00:00,18.032,19.568,17.61,19.512,1008066.1
2021-07-28 00:00:00,19.512,19.98,18.611,19.1,975275.6
2021-07-29 00:00:00,19.1,19.448,18.607,19.359,539302.1
2021-07-30 00:00:00,19.359,22.669,18.824,22.247,2154714.1
2021-07-31 00:00:00,22.247,23.362,21.27,22.705,1337045.3
2021-08-01 00:00:00,22.705,23.917,21.803,22.093,1309267.6
2021-08-02 00:00:00,22.093,23.984,21.426,23.49,1224916.0
2021-08-03 00:00:00,23.49,24.436,22.109,23.937,2092855.6
2021-08-04 00:00:00,23.937,24.999,22.878,24.192,1519377.5
2021-08-05 00:00:00,24.192,24.338,22.501,24.053,1218578.9
2021-08-06 00:00:00,24.053,24.405,23.086,23.888,1142899.0
2021-08-07 00:00:00,23.888,25.199,23.646,24.71,1001535.9
2021-08-08 00:00:00,24.71,24.95,22.568,23.041,868579.2
2021-08-09 00:00:00,23.041,24.7,22.1,24.244,800553.5
2021-08-10 00:00:00,24.244,25.532,23.765,24.574,794217.2
2021-08-11 00:00:00,24.574,27.334,24.486,25.934,1143029.1
2021-08-12 00:00:00,25.934,26.912,24.131,24.922,1010466.4
2021-08-13 00:00:00,24.922,27.774,24.736,27.761,799001.6
2021-08-14 00:00:00,27.761,27.967,26.416,27.178,1160030.8
2021-08-15 00:00:00,27.178,28.0,25.935,27.934,875302.7
2021-08-16 00:00:00,27.934,30.557,27.682,27.974,2203993.8
2021-08-17 00:00:00,27.974,30.28,25.898,26.169,1913848.2
2021-08-18 00:00:00,26.169,26.937,24.867,25.332,1247434.9
2021-08-19 00:00:00,25.332,27.139,24.525,27.11,1121308.3
2021-08-20 00:00:00,27.11,29.071,26.685,28.729,960127.4
2021-08-21 00:00:00,28.729,29.192,27.677,27.868,843851.8
2021-08-22 00:00:00,27.868,28.693,26.822,28.011,612952.1
2021-08-23 00:00:00,28.011,29.351,27.813,28.605,958564.3
2021-08-24 00:00:00,28.605,28.946,25.751,25.766,935221.5
2021-08-25 00:00:00,25.766,26.883,25.301,26.637,833844.2
2021-08-26 00:00:00,26.637,26.953,23.906,24.387,868019.5
2021-08-27 00:00:00,24.387,26.16,24.031,26.061,518411.2
2021-08-28 00:00:00,26.061,26.2,25.378,25.743,342435.3
2021-08-29 00:00:00,25.743,26.587,25.169,25.779,507243.1
2021-08-30 00:00:00,25.779,26.494,24.35,25.036,727835.8
2021-08-31 00:00:00,25.036,27.542,24.733,26.739,1199198.2
2021-09-01 00:00:00,26.739,29.85,26.132,29.754,1514472.7
2021-09-02 00:00:00,29.754,30.91,28.818,29.987,1457044.5
2021-09-03 00:00:00,29.987,31.794,29.103,30.785,1554828.4
2021-09-04 00:00:00,30.785,31.2,29.469,29.896,1004229.2
2021-09-05 00:00:00,29.896,33.643,29.574,33.608,1527088.6
2021-09-06 00:00:00,33.608,36.375,32.5,34.843,2989122.9
2021-09-07 00:00:00,34.843,35.39,24.017,28.237,5976049.3
2021-09-08 00:00:00,28.237,29.203,25.199,27.161,2288323.3
2021-09-09 00:00:00,27.161,30.197,26.502,28.008,2017089.3
2021-09-10 00:00:00,28.008,29.573,25.655,26.368,2859813.6
2021-09-11 00:00:00,26.368,27.692,26.262,27.012,1111019.6
2021-09-12 00:00:00,27.012,29.788,26.39,29.457,1521319.4
2021-09-13 00:00:00,29.457,29.96,25.197,26.953,3022713.3
2021-09-14 00:00:00,26.953,30.865,26.751,30.813,2094206.9
2021-09-15 00:00:00,30.813,31.471,29.614,30.687,2407130.2
2021-09-16 00:00:00,30.687,32.124,29.075,29.833,2394144.1
2021-09-17 00:00:00,29.833,30.14,27.394,27.739,1860458.9
2021-09-18 00:00:00,27.739,29.458,27.417,28.401,911376.8
2021-09-19 00:00:00,28.401,28.815,26.937,27.397,943559.4
2021-09-20 00:00:00,27.397,27.44,23.0,23.552,2413465.7
2021-09-21 00:00:00,23.552,24.375,20.8,21.405,2667779.7
2021-09-22 00:00:00,21.405,24.494,21.017,24.445,1460052.8
2021-09-23 00:00:00,24.445,25.467,23.403,25.42,1530524.4
2021-09-24 00:00:00,25.42,25.486,21.352,23.26,2248266.8
2021-09-25 00:00:00,23.26,24.684,22.034,24.496,1980393.4
2021-09-26 00:00:00,24.496,25.358,22.353,24.607,3513007.0
2021-09-27 00:00:00,24.607,25.454,22.965,23.009,1454036.0
2021-09-28 00:00:00,23.009,23.731,21.988,22.083,1513752.7
2021-09-29 00:00:00,22.083,23.919,22.011,22.849,1203623.8
2021-09-30 00:00:00,22.849,24.377,22.715,23.984,1142083.0
2021-10-01 00:00:00,23.984,26.684,23.581,26.306,1416137.9
2021-10-02 00:00:00,26.306,27.809,25.851,26.913,977837.1
2021-10-03 00:00:00,26.913,28.189,26.517,27.573,1156802.4
2021-10-04 00:00:00,27.573,27.681,25.601,26.621,1141106.1
2021-10-05 00:00:00,26.621,27.511,26.213,27.253,1304923.2
2021-10-06 00:00:00,27.253,28.208,25.213,26.807,1831194.8
2021-10-07 00:00:00,26.807,27.743,25.92,26.842,1635615.0
2021-10-08 00:00:00,26.842,27.465,26.134,26.352,1287983.7
2021-10-09 00:00:00,26.352,27.927,26.051,27.469,1417079.2
2021-10-10 00:00:00,27.469,27.504,25.461,25.555,1303176.4
2021-10-11 00:00:00,25.555,26.792,24.641,25.225,1120232.7
2021-10-12 00:00:00,25.225,25.244,23.543,24.654,1366597.4
2021-10-13 00:00:00,24.654,25.682,24.179,25.682,1400624.1
2021-10-14 00:00:00,25.682,27.912,25.426,26.751,2279625.6
2021-10-15 00:00:00,26.751,27.415,26.044,27.021,1796335.4
2021-10-16 00:00:00,27.021,28.732,26.971,27.245,1826861.5
2021-10-17 00:00:00,27.245,27.654,25.575,26.55,1479050.5
2021-10-18 00:00:00,26.55,26.765,25.286,25.743,1116056.0
2021-10-19 00:00:00,25.743,26.299,25.39,25.945,912169.6
2021-10-20 00:00:00,25.945,27.681,25.9,27.51,1065529.2
2021-10-21 00:00:00,27.51,29.37,27.205,28.311,2860932.6
2021-10-22 00:00:00,28.311,30.05,28.059,28.692,2014929.2
2021-10-23 00:00:00,28.692,31.485,28.35,31.403,1967342.8
2021-10-24 00:00:00,31.403,31.527,28.751,29.723,1225135.5
2021-10-25 00:00:00,29.723,32.912,29.566,32.388,1954045.5
2021-10-26 00:00:00,32.388,33.864,31.346,32.542,1742927.5
2021-10-27 00:00:00,32.542,33.949,27.75,28.859,3437149.0
2021-10-28 00:00:00,28.859,30.853,28.627,30.199,1975577.9
2021-10-29 00:00:00,30.199,31.976,29.98,30.98,1582786.7
2021-10-30 00:00:00,30.98,31.143,29.171,29.8,1053219.9
2021-10-31 00:00:00,29.8,30.712,28.688,30.024,1052080.0
2021-11-01 00:00:00,30.024,31.899,29.188,31.705,1495517.0
2021-11-02 00:00:00,31.705,32.502,31.031,32.28,861250.8
2021-11-03 00:00:00,32.28,32.822,30.59,31.977,1429351.8
2021-11-04 00:00:00,31.977,32.148,30.236,31.025,1116673.8
2021-11-05 00:00:00,31.025,33.711,30.7,32.876,1836038.6
2021-11-06 00:00:00,32.876,33.215,30.743,32.034,1186144.9
2021-11-07 00:00:00,32.034,32.629,31.719,32.342,890226.1
2021-11-08 00:00:00,32.342,34.851,32.241,34.514,1942602.3
2021-11-09 00:00:00,34.514,35.661,33.415,33.866,1717739.3
2021-11-10 00:00:00,33.866,38.393,31.68,34.295,5250088.4
2021-11-11 00:00:00,34.295,36.956,33.416,34.696,2857460.6
2021-11-12 00:00:00,34.696,35.485,32.685,34.27,2398705.5
2021-11-13 00:00:00,34.27,34.581,33.196,33.996,1107576.0
2021-11-14 00:00:00,33.996,34.417,32.55,33.765,967931.9
2021-11-15 00:00:00,33.765,34.5,32.014,32.064,1089458.6
2021-11-16 00:00:00,32.064,32.064,27.828,29.153,3670396.8
2021-11-17 00:00:00,29.153,29.731,28.035,29.224,1725488.7
2021-11-18 00:00:00,29.224,29.711,25.835,26.543,2799232.0
2021-11-19 00:00:00,26.543,28.819,26.099,28.263,1181182.2
2021-11-20 00:00:00,28.263,28.727,27.289,28.377,836563.2
2021-11-21 00:00:00,28.377,29.25,27.716,29.013,837574.9
2021-11-22 00:00:00,29.013,29.085,26.314,26.802,1030557.5
2021-11-23 00:00:00,26.802,27.569,26.188,26.973,810828.3
2021-11-24 00:00:00,26.973,27.171,25.187,25.612,1014796.4
2021-11-25 00:00:00,25.612,27.6,25.421,26.413,1063395.3
2021-11-26 00:00:00,26.413,26.591,22.824,23.984,2346708.9
2021-11-27 00:00:00,23.984,24.988,23.793,24.116,711117.2
2021-11-28 00:00:00,24.116,24.975,22.658,24.763,984571.5
2021-11-29 00:00:00,24.763,25.595,24.55,24.994,745149.2
2021-11-30 00:00:00,24.994,26.507,24.169,25.323,1019924.1
2021-12-01 00:00:00,25.323,26.892,24.987,25.367,915577.3
2021-12-02 00:00:00,25.367,25.367,24.183,24.554,740559.3
2021-12-03 00:00:00,24.554,25.842,22.449,23.307,1381750.3
2021-12-04 00:00:00,23.307,23.352,15.023,20.65,5891974.3
2021-12-05 00:00:00,20.65,20.918,18.465,19.474,1544578.6
2021-12-06 00:00:00,19.474,19.909,17.223,19.823,1688726.9
2021-12-07 00:00:00,19.823,21.153,19.691,21.078,1249279.8
2021-12-08 00:00:00,21.078,23.185,20.751,22.897,2541928.0
2021-12-09 00:00:00,22.897,23.035,20.25,20.253,1955915.6
2021-12-10 00:00:00,20.253,20.866,18.466,18.548,1684644.9
2021-12-11 00:00:00,18.548,20.184,18.158,19.954,1149694.5
2021-12-12 00:00:00,19.954,20.775,19.228,20.411,760628.8
2021-12-13 00:00:00,20.411,20.546,17.306,17.781,1921435.6
2021-12-14 00:00:00,17.781,18.589,17.445,18.455,1121994.4
2021-12-15 00:00:00,18.455,19.974,17.267,19.67,2133402.5
2021-12-16 00:00:00,19.67,20.344,18.705,18.771,1059160.2
2021-12-17 00:00:00,18.771,19.209,17.751,18.248,1759513.2
2021-12-18 00:00:00,18.248,19.977,17.818,19.54,1295652.9
2021-12-19 00:00:00,19.54,20.36,18.813,18.871,1328117.3
2021-12-20 00:00:00,18.871,19.184,18.03,18.742,948563.4
2021-12-21 00:00:00,18.742,19.651,18.365,19.434,704270.3
2021-12-22 00:00:00,19.434,20.811,19.211,19.918,1252987.0
2021-12-23 00:00:00,19.918,22.211,19.567,22.145,2027118.1
2021-12-24 00:00:00,22.145,22.653,21.202,21.469,1433838.6
2021-12-25 00:00:00,21.469,22.376,21.3,22.108,862830.2
2021-12-26 00:00:00,22.108,23.573,21.14,22.977,1768303.8
2021-12-27 00:00:00,22.977,24.467,22.755,23.013,1590255.7
2021-12-28 00:00:00,23.013,23.017,20.334,20.343,2647606.4
2021-12-29 00:00:00,20.343,20.955,19.517,19.717,1762463.9
2021-12-30 00:00:00,19.717,20.417,19.164,19.939,1063514.6
2021-12-31 00:00:00,19.939,20.622,19.034,19.512,1059476.2
2022-01-01 00:00:00,19.512,20.773,19.512,20.749,616039.7
2022-01-02 00:00:00,20.749,22.18,20.572,21.856,1162320.5
2022-01-03 00:00:00,21.856,23.733,21.251,23.682,2242955.4
2022-01-04 00:00:00,23.682,24.463,22.788,23.428,2512846.5
2022-01-05 00:00:00,23.428,27.427,22.352,25.192,8657192.7
2022-01-06 00:00:00,25.192,25.963,23.333,25.379,5029673.5
2022-01-07 00:00:00,25.379,27.318,22.652,25.96,5698274.2
2022-01-08 00:00:00,25.96,27.316,23.549,25.332,4172586.5
2022-01-09 00:00:00,25.332,28.706,25.037,27.501,5036539.9
2022-01-10 00:00:00,27.501,28.586,25.111,27.962,5412813.3
2022-01-11 00:00:00,27.962,28.681,25.883,26.61,3042914.3
2022-01-12 00:00:00,26.61,27.245,25.6,26.755,2170268.6
2022-01-13 00:00:00,26.755,26.756,24.434,24.863,1880310.2
2022-01-14 00:00:00,24.863,25.868,23.877,25.71,1318718.3
2022-01-15 00:00:00,25.71,26.196,25.052,25.17,1027261.3
2022-01-16 00:00:00,25.17,26.331,24.585,25.483,958223.5
2022-01-17 00:00:00,25.483,25.631,23.271,23.785,1113801.9
2022-01-18 00:00:00,23.785,24.338,22.053,22.977,1286146.0
2022-01-19 00:00:00,22.977,23.146,21.224,21.541,1351648.4
2022-01-20 00:00:00,21.541,22.962,20.036,20.192,1136684.2
2022-01-21 00:00:00,20.192,20.504,17.071,17.409,3458025.1
2022-01-22 00:00:00,17.409,17.81,14.153,15.866,4304350.4
2022-01-23 00:00:00,15.866,16.87,15.155,16.64,2007606.4
2022-01-24 00:00:00,16.64,16.64,13.458,15.575,3356938.1
2022-01-25 00:00:00,15.575,16.01,14.584,15.467,1327033.4
2022-01-26 00:00:00,15.467,16.795,14.67,15.205,2166871.9
2022-01-27 00:00:00,15.205,15.707,14.289,15.224,1291306.5
2022-01-28 00:00:00,15.224,16.27,14.74,16.137,1036526.9
2022-01-29 00:00:00,16.137,16.746,15.951,16.207,1024718.0
2022-01-30 00:00:00,16.207,18.131,16.01,17.774,1582832.3
2022-01-31 00:00:00,17.774,17.87,16.459,17.163,1677623.9
2022-02-01 00:00:00,17.163,17.889,16.81,16.99,1108337.6
2022-02-02 00:00:00,16.99,17.372,15.534,15.767,968155.8
2022-02-03 00:00:00,15.767,16.32,15.247,16.302,859743.0
2022-02-04 00:00:00,16.302,17.533,16.003,17.51,872005.2
2022-02-05 00:00:00,17.51,18.314,17.42,17.763,924445.8
2022-02-06 00:00:00,17.763,18.17,17.171,18.064,566963.3
2022-02-07 00:00:00,18.064,19.422,17.66,18.862,1052312.9
2022-02-08 00:00:00,18.862,19.522,17.725,18.374,1251964.9
2022-02-09 00:00:00,18.374,18.744,17.738,18.661,663515.5
2022-02-10 00:00:00,18.661,18.753,17.353,17.501,1195129.8
2022-02-11 00:00:00,17.501,17.827,15.907,16.205,745915.7
2022-02-12 00:00:00,16.205,16.384,15.574,15.945,627610.4
2022-02-13 00:00:00,15.945,16.319,15.515,15.598,519536.4
2022-02-14 00:00:00,15.598,16.114,15.201,15.889,688253.3
2022-02-15 00:00:00,15.889,17.455,15.814,17.332,679088.4
2022-02-16 00:00:00,17.332,17.42,16.508,17.119,545891.1
2022-02-17 00:00:00,17.119,17.43,15.451,15.573,775038.1
2022-02-18 00:00:00,15.573,16.038,15.032,15.192,452875.6
2022-02-19 00:00:00,15.192,15.666,14.825,15.513,598343.7
2022-02-20 00:00:00,15.513,15.52,14.372,14.591,819923.3
2022-02-21 00:00:00,14.591,15.295,13.37,13.488,1305321.2
2022-02-22 00:00:00,13.488,14.189,13.005,13.99,943912.2
2022-02-23 00:00:00,13.99,14.646,13.298,13.331,814182.5
2022-02-24 00:00:00,13.331,13.942,11.386,13.257,2471608.1
2022-02-25 00:00:00,13.257,14.485,13.073,14.353,1396767.1
2022-02-26 00:00:00,14.353,15.051,14.077,14.697,671823.0
2022-02-27 00:00:00,14.697,14.845,13.46,13.621,1191953.5
2022-02-28 00:00:00,13.621,15.158,13.308,15.125,960910.1
2022-03-01 00:00:00,15.125,15.723,14.725,15.349,919249.3
2022-03-02 00:00:00,15.349,15.862,14.914,15.276,1160125.3
2022-03-03 00:00:00,15.276,15.365,14.456,14.892,602598.6
2022-03-04 00:00:00,14.892,14.961,13.535,13.725,835760.3
2022-03-05 00:00:00,13.725,14.272,13.409,14.013,401075.9
2022-03-06 00:00:00,14.013,14.109,13.231,13.309,653392.2
2022-03-07 00:00:00,13.309,13.659,12.408,12.67,1272048.3
2022-03-08 00:00:00,12.67,13.542,12.568,13.084,1281372.8
2022-03-09 00:00:00,13.084,14.444,13.055,14.006,922024.1
2022-03-10 00:00:00,14.006,14.095,12.955,13.168,1094086.8
2022-03-11 00:00:00,13.168,13.654,12.792,13.037,1143632.3
2022-03-12 00:00:00,13.037,13.442,13.015,13.136,393388.8
2022-03-13 00:00:00,13.136,13.434,12.572,12.689,530655.1
2022-03-14 00:00:00,12.689,13.503,12.6,13.4,1200262.0
2022-03-15 00:00:00,13.4,13.79,12.875,13.684,873921.4
2022-03-16 00:00:00,13.684,14.8,13.664,14.671,2121959.2
2022-03-17 00:00:00,14.671,14.927,14.222,14.401,1005570.0
2022-03-18 00:00:00,14.401,15.261,14.108,15.012,1474922.5
2022-03-19 00:00:00,15.012,15.406,14.827,14.992,1345195.0
2022-03-20 00:00:00,14.992,15.13,14.421,14.54,1050315.8
2022-03-21 00:00:00,14.54,15.274,14.29,15.001,1889626.7
2022-03-22 00:00:00,15.001,15.845,14.991,15.423,1833653.9
2022-03-23 00:00:00,15.423,15.951,15.114,15.834,1366420.2
2022-03-24 00:00:00,15.834,16.436,15.607,16.165,1886427.0
2022-03-25 00:00:00,16.165,16.457,15.458,15.582,1503372.0
2022-03-26 00:00:00,15.582,15.952,15.482,15.838,947835.8
2022-03-27 00:00:00,15.838,16.909,15.616,16.865,1719030.8
2022-03-28 00:00:00,16.865,17.38,16.315,16.499,2246764.0
2022-03-29 00:00:00,16.499,17.541,16.464,16.985,2197384.3
2022-03-30 00:00:00,16.985,17.596,16.524,17.229,2279679.8
2022-03-31 00:00:00,17.229,18.06,16.648,16.918,3313638.6
2022-04-01 00:00:00,16.918,17.38,16.155,17.361,2192967.8
2022-04-02 00:00:00,17.361,17.881,17.107,17.399,1989090.7
2022-04-03 00:00:00,17.399,18.333,17.164,18.082,1765438.6
2022-04-04 00:00:00,18.082,18.082,16.821,17.524,1656120.8
2022-04-05 00:00:00,17.524,17.665,16.653,16.742,1208600.4
2022-04-06 00:00:00,16.742,16.786,15.266,15.418,2644370.6
2022-04-07 00:00:00,15.418,15.883,15.093,15.744,1571432.4
2022-04-08 00:00:00,15.744,15.906,15.014,15.132,1415256.0
2022-04-09 00:00:00,15.132,15.525,15.113,15.427,1054568.3
2022-04-10 00:00:00,15.427,15.92,15.155,15.218,1006249.4
2022-04-11 00:00:00,15.218,15.263,13.464,13.755,3067761.6
2022-04-12 00:00:00,13.755,14.313,13.633,13.973,1900940.6
2022-04-13 00:00:00,13.973,14.217,13.671,14.178,1442013.0
2022-04-14 00:00:00,14.178,14.33,13.324,13.64,1507466.6
2022-04-15 00:00:00,13.64,14.198,13.623,14.105,1192919.4
2022-04-16 00:00:00,14.105,14.267,13.824,14.148,847798.1
2022-04-17 00:00:00,14.148,14.612,13.61,13.72,1442502.5
2022-04-18 00:00:00,13.72,14.056,13.134,14.049,1938798.6
2022-04-19 00:00:00,14.049,14.406,13.821,14.236,1091124.1
2022-04-20 00:00:00,14.236,14.491,13.7,14.021,2088502.3
2022-04-21 00:00:00,14.021,14.379,13.353,13.575,1457511.5
2022-04-22 00:00:00,13.575,13.884,13.467,13.572,1102182.8
2022-04-23 00:00:00,13.572,13.689,13.212,13.312,730899.8
2022-04-24 00:00:00,13.312,13.643,13.189,13.266,972437.3
2022-04-25 00:00:00,13.266,13.506,12.524,13.435,2130382.6
2022-04-26 00:00:00,13.435,13.506,12.128,12.368,1535996.2
2022-04-27 00:00:00,12.368,12.809,12.302,12.741,1284038.1
2022-04-28 00:00:00,12.741,12.99,12.392,12.657,1151644.0
2022-04-29 00:00:00,12.657,12.731,11.827,11.978,1012793.8
2022-04-30 00:00:00,11.978,12.244,10.629,10.95,1731832.6
2022-05-01 00:00:00,10.95,11.476,10.783,11.294,1511827.2
2022-05-02 00:00:00,11.294,11.437,10.757,11.159,1375811.9
2022-05-03 00:00:00,11.159,11.493,10.789,11.118,1239167.2
2022-05-04 00:00:00,11.118,12.2,11.085,12.193,1600058.7
2022-05-05 00:00:00,12.193,12.285,10.611,10.905,3068432.8
2022-05-06 00:00:00,10.905,11.018,10.389,10.777,2481062.1
2022-05-07 00:00:00,10.777,10.842,9.986,10.21,1449770.1
2022-05-08 00:00:00,10.21,10.37,9.834,9.99,2234852.1
2022-05-09 00:00:00,9.99,10.162,7.997,8.085,6314619.8
2022-05-10 00:00:00,8.085,9.319,7.88,8.577,4798782.6
2022-05-11 00:00:00,8.577,8.84,6.528,6.936,6927930.2
2022-05-12 00:00:00,6.936,7.478,5.522,6.559,6796191.4
2022-05-13 00:00:00,6.559,7.704,6.471,7.145,3012736.5
2022-05-14 00:00:00,7.145,7.436,6.628,7.251,2606705.1
2022-05-15 00:00:00,7.251,7.98,7.008,7.956,1404843.5
2022-05-16 00:00:00,7.956,7.959,7.152,7.412,1821644.2
2022-05-17 00:00:00,7.412,7.964,7.287,7.715,1737802.3
2022-05-18 00:00:00,7.715,7.813,6.773,6.798,1549244.7
2022-05-19 00:00:00,6.798,7.258,6.639,7.21,1711194.9
2022-05-20 00:00:00,7.21,7.36,6.745,6.87,2028472.7
2022-05-21 00:00:00,6.87,7.114,6.761,7.047,775706.3
2022-05-22 00:00:00,7.047,7.401,6.907,7.324,1614648.0
2022-05-23 00:00:00,7.324,7.68,6.975,7.023,2121728.2
2022-05-24 00:00:00,7.023,7.299,6.711,7.234,1693133.4
2022-05-25 00:00:00,7.234,7.395,6.934,6.954,1514962.4
2022-05-26 00:00:00,6.954,7.091,6.197,6.565,3058691.4
2022-05-27 00:00:00,6.565,6.704,6.206,6.283,2506924.4
2022-05-28 00:00:00,6.283,6.653,6.204,6.561,1805589.5
2022-05-29 00:00:00,6.561,6.745,6.336,6.71,1247737.6
2022-05-30 00:00:00,6.71,7.518,6.643,7.455,2120150.5
2022-05-31 00:00:00,7.455,7.73,7.166,7.585,1780936.8
2022-06-01 00:00:00,7.585,7.792,6.75,6.93,2578539.2
2022-06-02 00:00:00,6.93,7.241,6.807,7.19,2289867.8
2022-06-03 00:00:00,7.19,7.217,6.674,6.852,2356430.7
2022-06-04 00:00:00,6.852,7.433,6.672,7.404,1878208.3
2022-06-05 00:00:00,7.404,7.889,7.241,7.641,5625790.2
2022-06-06 00:00:00,7.641,8.193,7.614,7.976,5661306.3
2022-06-07 00:00:00,7.976,8.992,7.296,8.69,9414683.5
2022-06-08 00:00:00,8.69,8.983,8.223,8.698,9873278.6
2022-06-09 00:00:00,8.698,9.673,8.483,9.268,12051400.1
2022-06-10 00:00:00,9.268,9.533,7.991,8.03,14284801.6
2022-06-11 00:00:00,8.03,8.415,6.929,7.038,16673127.4
2022-06-12 00:00:00,7.038,7.138,6.252,6.26,14017727.2
2022-06-13 00:00:00,6.26,6.337,5.293,5.924,27391220.2
2022-06-14 00:00:00,5.924,6.872,5.387,6.723,19145798.4
2022-06-15 00:00:00,6.723,7.375,5.832,7.321,23849343.0
2022-06-16 00:00:00,7.321,7.499,6.2,6.355,11211910.7
2022-06-17 00:00:00,6.355,6.734,6.257,6.36,7813658.5
2022-06-18 00:00:00,6.36,6.467,5.403,5.923,12628004.2
2022-06-19 00:00:00,5.923,6.812,5.818,6.604,10918389.1
2022-06-20 00:00:00,6.604,7.29,6.307,6.98,8244803.1
2022-06-21 00:00:00,6.98,7.57,6.746,6.852,8086417.9
2022-06-22 00:00:00,6.852,7.028,6.45,6.616,10185671.9
2022-06-23 00:00:00,6.616,7.095,6.598,6.987,7179501.1
2022-06-24 00:00:00,6.987,7.437,6.933,7.259,6075439.2
2022-06-25 00:00:00,7.259,7.379,6.794,7.262,5365106.9
2022-06-26 00:00:00,7.262,7.493,6.682,6.701,6312896.3
2022-06-27 00:00:00,6.701,6.992,6.395,6.554,6077711.2
2022-06-28 00:00:00,6.554,7.26,6.268,6.311,10858923.7
2022-06-29 00:00:00,6.311,6.485,6.128,6.231,7333112.8
2022-06-30 00:00:00,6.231,6.31,5.87,6.271,8409097.0
2022-07-01 00:00:00,6.271,6.424,5.92,6.071,8457493.4
2022-07-02 00:00:00,6.071,6.281,5.976,6.219,3983141.0
2022-07-03 00:00:00,6.219,6.25,6.01,6.216,3564569.4
2022-07-04 00:00:00,6.216,6.454,6.014,6.429,4203835.0
2022-07-05 00:00:00,6.429,6.556,6.051,6.305,6042124.0
2022-07-06 00:00:00,6.305,6.421,6.164,6.337,4204006.2
2022-07-07 00:00:00,6.337,6.753,6.306,6.636,5421253.6
2022-07-08 00:00:00,6.636,6.831,6.323,6.35,5052517.9
2022-07-09 00:00:00,6.35,6.584,6.343,6.481,2028598.2
2022-07-10 00:00:00,6.481,6.486,6.096,6.192,2695344.4
2022-07-11 00:00:00,6.192,6.43,5.978,6.04,6198565.6
2022-07-12 00:00:00,6.04,6.237,5.921,5.946,4564344.6
2022-07-13 00:00:00,5.946,6.193,5.687,6.171,8180372.9
2022-07-14 00:00:00,6.171,6.388,5.987,6.269,6075421.1
2022-07-15 00:00:00,6.269,6.466,6.113,6.324,6365234.5
2022-07-16 00:00:00,6.324,6.615,6.132,6.595,5244140.5
2022-07-17 00:00:00,6.595,6.716,6.318,6.341,4305330.9
2022-07-18 00:00:00,6.341,7.15,6.329,7.039,6931211.2
2022-07-19 00:00:00,7.039,7.382,6.727,7.253,8136929.5
2022-07-20 00:00:00,7.253,7.583,6.823,6.868,6475955.5
2022-07-21 00:00:00,6.868,7.054,6.643,6.991,4367777.9
2022-07-22 00:00:00,6.991,7.288,6.738,6.778,4282137.7
2022-07-23 00:00:00,6.778,7.028,6.602,6.848,2693566.2
2022-07-24 00:00:00,6.848,7.249,6.822,7.093,3126655.2
2022-07-25 00:00:00,7.093,7.145,6.401,6.426,3647258.7
2022-07-26 00:00:00,6.426,6.447,6.078,6.343,3679417.4
2022-07-27 00:00:00,6.343,6.865,6.182,6.857,3854153.9
2022-07-28 00:00:00,6.857,7.294,6.676,7.217,3928925.2
2022-07-29 00:00:00,7.217,8.12,7.105,7.88,9269462.5
2022-07-30 00:00:00,7.88,8.216,7.65,7.813,6879830.0
2022-07-31 00:00:00,7.813,8.087,7.576,7.657,3878186.1
2022-08-01 00:00:00,7.657,7.88,7.408,7.572,3283951.2
2022-08-02 00:00:00,7.572,7.664,7.019,7.172,3523975.0
2022-08-03 00:00:00,7.172,7.636,7.045,7.277,3269613.3
2022-08-04 00:00:00,7.277,7.535,7.167,7.359,2828167.2
2022-08-05 00:00:00,7.359,7.89,7.347,7.87,3661859.2
2022-08-06 00:00:00,7.87,8.122,7.718,7.791,1839011.0
2022-08-07 00:00:00,7.791,8.377,7.644,8.34,2308641.9
2022-08-08 00:00:00,8.34,8.781,8.216,8.605,5572028.5
2022-08-09 00:00:00,8.605,8.961,8.27,8.737,7131853.9
2022-08-10 00:00:00,8.737,9.299,8.28,9.051,6743334.8
2022-08-11 00:00:00,9.051,9.224,8.817,8.952,4671745.9
2022-08-12 00:00:00,8.952,9.525,8.777,9.32,6267120.1
2022-08-13 00:00:00,9.32,9.486,9.053,9.144,3070194.0
2022-08-14 00:00:00,9.144,9.367,8.666,8.761,4046605.3
2022-08-15 00:00:00,8.761,9.057,8.489,8.646,5186194.3
2022-08-16 00:00:00,8.646,8.819,8.365,8.451,3845044.9
2022-08-17 00:00:00,8.451,8.74,7.977,8.053,4298475.9
2022-08-18 00:00:00,8.053,8.239,7.6,7.647,3500650.9
2022-08-19 00:00:00,7.647,7.695,6.812,6.896,7941550.9
2022-08-20 00:00:00,6.896,7.2,6.665,6.898,6175162.1
2022-08-21 00:00:00,6.898,7.166,6.875,7.07,2943144.3
2022-08-22 00:00:00,7.07,7.079,6.675,7.039,3291347.4
2022-08-23 00:00:00,7.039,7.351,6.769,7.232,3137838.8
2022-08-24 00:00:00,7.232,7.371,7.003,7.121,2679872.6
2022-08-25 00:00:00,7.121,7.372,6.995,7.124,2362747.2
2022-08-26 00:00:00,7.124,7.185,6.391,6.5,4701168.3
2022-08-27 00:00:00,6.5,6.612,6.407,6.526,2785604.9
2022-08-28 00:00:00,6.526,6.628,6.221,6.253,2436547.0
2022-08-29 00:00:00,6.253,6.728,6.191,6.695,2748834.4
2022-08-30 00:00:00,6.695,6.828,6.362,6.554,3408265.2
2022-08-31 00:00:00,6.554,6.894,6.541,6.622,3666470.5
2022-09-01 00:00:00,6.622,6.954,6.438,6.916,3530389.2
2022-09-02 00:00:00,6.916,7.238,6.784,6.92,4712315.2
2022-09-03 00:00:00,6.92,6.961,6.716,6.857,1444756.8
2022-09-04 00:00:00,6.857,7.283,6.788,7.154,4678163.1
2022-09-05 00:00:00,7.154,7.434,7.086,7.366,5787838.8
2022-09-06 00:00:00,7.366,7.561,6.572,6.657,4997339.8
2022-09-07 00:00:00,6.657,7.145,6.574,7.078,4216648.4
2022-09-08 00:00:00,7.078,7.508,6.999,7.401,4895357.4
2022-09-09 00:00:00,7.401,8.108,7.385,7.74,6689560.2
2022-09-10 00:00:00,7.74,8.031,7.614,7.897,3474267.4
2022-09-11 00:00:00,7.897,8.176,7.728,8.025,3057608.4
2022-09-12 00:00:00,8.025,8.298,7.601,7.754,5503688.5
2022-09-13 00:00:00,7.754,7.959,7.014,7.02,5839712.4
2022-09-14 00:00:00,7.02,7.539,6.969,7.445,3801462.8
2022-09-15 00:00:00,7.445,7.598,7.012,7.561,5678214.8
2022-09-16 00:00:00,7.561,7.798,7.417,7.656,5433934.2
2022-09-17 00:00:00,7.656,8.137,7.644,8.087,4280857.8
2022-09-18 00:00:00,8.087,8.135,7.395,7.517,6216494.2
2022-09-19 00:00:00,7.517,7.677,6.996,7.296,7639558.3
2022-09-20 00:00:00,7.296,7.331,6.803,6.88,4592987.4
2022-09-21 00:00:00,6.88,7.315,6.516,6.678,8083634.4
2022-09-22 00:00:00,6.678,7.172,6.636,7.12,3638966.0
2022-09-23 00:00:00,7.12,7.505,6.956,7.439,7858987.0
2022-09-24 00:00:00,7.439,7.867,7.368,7.623,6474021.3
2022-09-25 00:00:00,7.623,8.068,7.563,7.863,9803630.3
2022-09-26 00:00:00,7.863,7.957,7.461,7.94,9844868.5
2022-09-27 00:00:00,7.94,8.394,7.64,8.051,12660808.5
2022-09-28 00:00:00,8.051,8.539,7.73,7.794,21647860.2
2022-09-29 00:00:00,7.794,7.943,7.548,7.902,10113685.3
2022-09-30 00:00:00,7.902,7.92,7.492,7.587,6053927.7
2022-10-01 00:00:00,7.587,7.648,7.306,7.394,3731570.8
2022-10-02 00:00:00,7.394,7.542,7.092,7.112,4998588.7
2022-10-03 00:00:00,7.112,7.352,7.014,7.326,6066683.5
2022-10-04 00:00:00,7.326,7.824,7.321,7.715,9020641.6
2022-10-05 00:00:00,7.715,7.937,7.576,7.871,7675941.5
2022-10-06 00:00:00,7.871,7.937,7.593,7.63,4710167.0
2022-10-07 00:00:00,7.63,7.794,7.463,7.6,5465284.9
2022-10-08 00:00:00,7.6,7.656,7.331,7.454,2532123.1
2022-10-09 00:00:00,7.454,7.653,7.411,7.628,2236978.1
2022-10-10 00:00:00,7.628,7.732,7.318,7.328,4842362.2
2022-10-11 00:00:00,7.328,7.383,7.062,7.131,4382218.4
2022-10-12 00:00:00,7.131,7.271,7.082,7.143,2547730.8
2022-10-13 00:00:00,7.143,7.157,6.28,7.023,9009495.1
2022-10-14 00:00:00,7.023,7.248,6.791,6.887,4410015.2
2022-10-15 00:00:00,6.887,6.983,6.814,6.878,1605022.2
2022-10-16 00:00:00,6.878,7.233,6.87,7.168,2761221.0
2022-10-17 00:00:00,7.168,7.372,7.062,7.325,3452290.0
2022-10-18 00:00:00,7.325,7.368,6.961,7.122,3545115.1
2022-10-19 00:00:00,7.122,7.133,6.693,6.769,2954581.5
2022-10-20 00:00:00,6.769,6.914,6.601,6.655,2724859.6
2022-10-21 00:00:00,6.655,6.848,6.442,6.805,3489728.2
2022-10-22 00:00:00,6.805,6.929,6.722,6.864,2209570.4
2022-10-23 00:00:00,6.864,7.084,6.794,7.059,2753118.7
2022-10-24 00:00:00,7.059,7.083,6.787,6.904,2755231.7
2022-10-25 00:00:00,6.904,7.279,6.811,7.061,5360762.3
2022-10-26 00:00:00,7.061,7.289,7.026,7.155,4603016.2
2022-10-27 00:00:00,7.155,7.363,6.85,6.889,4865805.6
2022-10-28 00:00:00,6.889,7.197,6.822,7.106,3411239.4
2022-10-29 00:00:00,7.106,7.654,7.078,7.632,5237838.2
2022-10-30 00:00:00,7.632,7.929,7.48,7.777,6402080.5
2022-10-31 00:00:00,7.777,8.328,7.657,7.848,11258265.9
2022-11-01 00:00:00,7.848,7.917,7.62,7.688,3853571.3
2022-11-02 00:00:00,7.688,7.995,7.337,7.434,10001335.7
2022-11-03 00:00:00,7.434,8.02,7.386,7.716,7613779.6
2022-11-04 00:00:00,7.716,8.897,7.658,8.713,10699992.8
2022-11-05 00:00:00,8.713,9.003,8.566,8.659,6412932.0
2022-11-06 00:00:00,8.659,8.766,8.092,8.1,5984103.2
2022-11-07 00:00:00,8.1,9.247,7.889,8.955,13053142.0
2022-11-08 00:00:00,8.955,9.483,6.514,7.703,51005506.4
2022-11-09 00:00:00,7.703,7.889,5.744,6.226,24793397.3
2022-11-10 00:00:00,6.226,7.509,6.083,7.209,15640623.0
2022-11-11 00:00:00,7.209,7.338,6.507,7.038,8329013.7
2022-11-12 00:00:00,7.038,7.059,6.182,6.288,12332315.3
2022-11-13 00:00:00,6.288,6.548,5.939,6.079,5901319.1
2022-11-14 00:00:00,6.079,6.438,5.693,6.288,7566916.1
2022-11-15 00:00:00,6.288,6.676,6.21,6.418,6065915.2
2022-11-16 00:00:00,6.418,6.56,6.068,6.182,5554652.0
2022-11-17 00:00:00,6.182,6.349,6.027,6.23,4854214.2
2022-11-18 00:00:00,6.23,6.419,6.068,6.183,4545071.3
2022-11-19 00:00:00,6.183,6.225,5.985,6.149,2781221.8
2022-11-20 00:00:00,6.149,6.253,5.707,5.771,4718736.7
2022-11-21 00:00:00,5.771,5.895,5.53,5.877,6796497.0
2022-11-22 00:00:00,5.877,6.485,5.833,6.421,10737527.5
2022-11-23 00:00:00,6.421,6.807,6.341,6.701,7405970.4
2022-11-24 00:00:00,6.701,6.985,6.578,6.835,6296709.1
2022-11-25 00:00:00,6.835,6.999,6.658,6.846,5885799.0
2022-11-26 00:00:00,6.846,7.331,6.818,7.157,10179853.7
2022-11-27 00:00:00,7.157,7.285,6.861,6.903,6271878.1
2022-11-28 00:00:00,6.903,7.364,6.523,7.193,15483223.5
2022-11-29 00:00:00,7.193,7.509,7.11,7.315,10821995.7
2022-11-30 00:00:00,7.315,7.767,7.253,7.669,10519050.2
2022-12-01 00:00:00,7.669,7.817,7.436,7.681,7732065.5
2022-12-02 00:00:00,7.681,7.724,7.481,7.608,6463613.4
2022-12-03 00:00:00,7.608,7.637,7.213,7.237,3973708.3
2022-12-04 00:00:00,7.237,7.463,7.18,7.441,3546798.7
2022-12-05 00:00:00,7.441,7.592,7.155,7.277,5343521.4
2022-12-06 00:00:00,7.277,7.337,6.951,7.133,8005860.5
2022-12-07 00:00:00,7.133,7.156,6.755,6.881,6233286.5
2022-12-08 00:00:00,6.881,7.063,6.773,6.997,3952252.2
2022-12-09 00:00:00,6.997,7.052,6.791,6.861,3444612.9
2022-12-10 00:00:00,6.861,6.918,6.691,6.856,2758392.3
2022-12-11 00:00:00,6.856,6.963,6.613,6.697,3969126.3
2022-12-12 00:00:00,6.697,6.728,6.451,6.699,4633438.4
2022-12-13 00:00:00,6.699,7.042,6.464,6.926,7411657.7
2022-12-14 00:00:00,6.926,6.963,6.687,6.717,5033339.1
2022-12-15 00:00:00,6.717,6.732,6.384,6.454,4193691.3
2022-12-16 00:00:00,6.454,6.542,5.775,5.89,8238457.3
2022-12-17 00:00:00,5.89,6.061,5.788,6.026,3320211.7
2022-12-18 00:00:00,6.026,6.062,5.912,5.946,2938909.5
2022-12-19 00:00:00,5.946,6.063,5.658,5.789,4916930.7
2022-12-20 00:00:00,5.789,6.116,5.752,6.013,5045190.7
2022-12-21 00:00:00,6.013,6.042,5.882,5.989,3809561.8
2022-12-22 00:00:00,5.989,6.038,5.853,6.004,4204709.8
2022-12-23 00:00:00,6.004,6.054,5.921,5.938,3473966.7
2022-12-24 00:00:00,5.938,5.962,5.88,5.916,1586735.4
2022-12-25 00:00:00,5.916,5.994,5.887,5.988,2248094.0
2022-12-26 00:00:00,5.988,6.044,5.939,6.042,2321899.6
2022-12-27 00:00:00,6.042,6.065,5.838,5.905,3421719.5
2022-12-28 00:00:00,5.905,5.914,5.621,5.674,5011663.9
2022-12-29 00:00:00,5.674,5.728,5.497,5.599,4522867.1
2022-12-30 00:00:00,5.599,5.641,5.402,5.477,4506660.3
2022-12-31 00:00:00,5.477,5.631,5.388,5.573,3227711.1
2023-01-01 00:00:00,5.573,5.639,5.507,5.626,2455856.0
2023-01-02 00:00:00,5.626,5.76,5.544,5.691,3979540.1
2023-01-03 00:00:00,5.691,5.721,5.563,5.622,5516916.6
2023-01-04 00:00:00,5.622,5.855,5.611,5.809,6831771.2
2023-01-05 00:00:00,5.809,5.819,5.579,5.66,4567180.2
2023-01-06 00:00:00,5.66,5.733,5.513,5.711,5678771.5
2023-01-07 00:00:00,5.711,5.845,5.688,5.828,3513144.1
2023-01-08 00:00:00,5.828,5.97,5.749,5.96,4821504.6
2023-01-09 00:00:00,5.96,6.254,5.928,6.066,8851883.7
2023-01-10 00:00:00,6.066,6.301,5.966,6.162,5752283.2
2023-01-11 00:00:00,6.162,6.3,6.013,6.28,5292028.2
2023-01-12 00:00:00,6.28,6.41,6.024,6.384,8336280.7
2023-01-13 00:00:00,6.384,6.622,6.257,6.605,5004053.0
2023-01-14 00:00:00,6.605,7.119,6.443,6.86,11080244.7
2023-01-15 00:00:00,6.86,6.934,6.599,6.7,4916521.9
2023-01-16 00:00:00,6.7,6.955,6.414,6.672,9626119.1
2023-01-17 00:00:00,6.672,7.003,6.542,6.809,8743465.2
2023-01-18 00:00:00,6.809,6.989,6.235,6.338,12032812.5
2023-01-19 00:00:00,6.338,6.545,6.312,6.509,4642511.2
2023-01-20 00:00:00,6.509,6.976,6.417,6.948,6777531.7
2023-01-21 00:00:00,6.948,7.119,6.801,6.857,10811647.6
2023-01-22 00:00:00,6.857,7.279,6.782,6.986,9220164.8
2023-01-23 00:00:00,6.986,7.24,6.786,7.017,11583719.2
2023-01-24 00:00:00,7.017,7.205,6.531,6.662,8491599.4
2023-01-25 00:00:00,6.662,7.102,6.505,6.955,6121561.3
2023-01-26 00:00:00,6.955,7.328,6.823,7.173,6847439.2
2023-01-27 00:00:00,7.173,7.502,6.911,7.381,9800393.8
2023-01-28 00:00:00,7.381,7.513,7.121,7.214,4883679.6
2023-01-29 00:00:00,7.214,7.529,7.146,7.375,5549941.9
2023-01-30 00:00:00,7.375,7.442,6.733,6.916,7559856.7
2023-01-31 00:00:00,6.916,7.078,6.852,6.952,3607813.7
2023-02-01 00:00:00,6.952,7.277,6.666,7.212,6029810.9
2023-02-02 00:00:00,7.212,7.496,7.035,7.104,5814957.5
2023-02-03 00:00:00,7.104,7.344,7.015,7.298,3975827.4
2023-02-04 00:00:00,7.298,7.37,7.131,7.244,2861791.2
2023-02-05 00:00:00,7.244,7.258,6.857,6.985,4222341.2
2023-02-06 00:00:00,6.985,7.06,6.763,6.826,3040341.1
2023-02-07 00:00:00,6.826,7.214,6.814,7.2,4114883.1
2023-02-08 00:00:00,7.2,7.307,6.955,7.134,3792956.8
2023-02-09 00:00:00,7.134,7.816,6.807,6.983,24885638.2
2023-02-10 00:00:00,6.983,7.12,6.775,6.89,7495937.9
2023-02-11 00:00:00,6.89,7.033,6.853,7.001,2903847.4
2023-02-12 00:00:00,7.001,7.086,6.653,6.807,3595227.0
2023-02-13 00:00:00,6.807,6.845,6.415,6.665,6297109.8
2023-02-14 00:00:00,6.665,6.827,6.526,6.805,5374093.4
2023-02-15 00:00:00,6.805,7.313,6.72,7.285,5258112.4
2023-02-16 00:00:00,7.285,7.494,6.997,7.011,11891452.8
2023-02-17 00:00:00,7.011,7.719,6.967,7.655,8551635.3
2023-02-18 00:00:00,7.655,8.257,7.504,7.995,12007569.3
2023-02-19 00:00:00,7.995,8.296,7.82,8.019,10860931.5
2023-02-20 00:00:00,8.019,8.409,7.716,8.017,8409669.8
2023-02-21 00:00:00,8.017,8.08,7.501,7.645,7942698.4
2023-02-22 00:00:00,7.645,7.736,7.301,7.718,7172065.6
2023-02-23 00:00:00,7.718,8.212,7.674,7.938,11232590.1
2023-02-24 00:00:00,7.938,8.15,7.214,7.465,10850261.0
2023-02-25 00:00:00,7.465,7.49,7.167,7.374,4667938.5
2023-02-26 00:00:00,7.374,7.54,7.296,7.495,2563531.4
2023-02-27 00:00:00,7.495,7.508,7.121,7.276,5205132.1
2023-02-28 00:00:00,7.276,7.422,7.094,7.193,3900959.0
2023-03-01 00:00:00,7.193,7.546,7.145,7.535,3672640.9
2023-03-02 00:00:00,7.535,7.583,7.161,7.265,3469465.5
2023-03-03 00:00:00,7.265,7.274,6.629,6.955,6818314.9
2023-03-04 00:00:00,6.955,7.007,6.708,6.854,2801379.7
2023-03-05 00:00:00,6.854,7.015,6.805,6.944,2088961.2
2023-03-06 00:00:00,6.944,6.978,6.817,6.85,3007608.7
2023-03-07 00:00:00,6.85,6.971,6.664,6.879,4084146.1
2023-03-08 00:00:00,6.879,6.947,6.487,6.574,4877390.2
2023-03-09 00:00:00,6.574,6.691,5.999,6.155,8012883.1
2023-03-10 00:00:00,6.155,6.261,5.885,6.209,6065433.1
2023-03-11 00:00:00,6.209,6.382,5.915,6.16,4934440.1
2023-03-12 00:00:00,6.16,6.574,6.067,6.55,4540074.5
2023-03-13 00:00:00,6.55,6.883,6.394,6.759,6131843.6
2023-03-14 00:00:00,6.759,7.2,6.607,6.963,8626388.4
2023-03-15 00:00:00,6.963,7.112,6.385,6.544,7222095.2
2023-03-16 00:00:00,6.544,6.677,6.443,6.654,3509939.3
2023-03-17 00:00:00,6.654,7.256,6.597,7.208,5077944.9
2023-03-18 00:00:00,7.208,7.298,6.842,6.921,5509486.8
2023-03-19 00:00:00,6.921,7.283,6.917,7.079,3743075.5
2023-03-20 00:00:00,7.079,7.434,6.909,7.046,8259684.6
2023-03-21 00:00:00,7.046,7.466,6.832,7.373,6601313.9
2023-03-22 00:00:00,7.373,7.715,6.997,7.172,12835939.4
2023-03-23 00:00:00,7.172,7.629,7.085,7.604,6014421.9
2023-03-24 00:00:00,7.604,7.652,7.103,7.189,6640649.9
2023-03-25 00:00:00,7.189,7.252,6.967,7.072,2883681.2
2023-03-26 00:00:00,7.072,7.283,7.044,7.253,2623612.1
2023-03-27 00:00:00,7.253,7.268,6.74,6.868,4809207.9
2023-03-28 00:00:00,6.868,7.041,6.748,6.944,4157409.1
2023-03-29 00:00:00,6.944,7.496,6.923,7.381,6271297.8
2023-03-30 00:00:00,7.381,7.559,7.127,7.227,7555402.2
2023-03-31 00:00:00,7.227,7.672,7.223,7.586,7815458.2
2023-04-01 00:00:00,7.586,7.632,7.42,7.545,3612464.8
2023-04-02 00:00:00,7.545,7.545,7.189,7.25,3726153.7
2023-04-03 00:00:00,7.25,7.438,7.016,7.242,7123837.8
2023-04-04 00:00:00,7.242,7.475,7.2,7.369,6115474.2
2023-04-05 00:00:00,7.369,7.602,7.211,7.319,7213656.8
2023-04-06 00:00:00,7.319,7.331,7.112,7.197,3772953.0
2023-04-07 00:00:00,7.197,7.305,7.102,7.263,2370943.1
2023-04-08 00:00:00,7.263,7.294,7.075,7.126,2317370.2
2023-04-09 00:00:00,7.126,7.248,7.038,7.201,2353956.2
2023-04-10 00:00:00,7.201,7.364,7.125,7.341,3607843.6
2023-04-11 00:00:00,7.341,7.448,7.276,7.301,3530052.4
2023-04-12 00:00:00,7.301,7.367,7.094,7.227,4860377.2
2023-04-13 00:00:00,7.227,7.547,7.171,7.46,4459672.2
2023-04-14 00:00:00,7.46,7.912,7.459,7.749,11680836.4
2023-04-15 00:00:00,7.749,8.096,7.613,8.01,8058436.6
2023-04-16 00:00:00,8.01,8.209,7.886,8.145,7185742.2
2023-04-17 00:00:00,8.145,8.315,7.855,8.165,15187574.6
2023-04-18 00:00:00,8.165,8.803,8.029,8.582,16831476.3
2023-04-19 00:00:00,8.582,8.61,7.622,7.752,15553073.2
2023-04-20 00:00:00,7.752,7.967,7.459,7.513,8652697.2
2023-04-21 00:00:00,7.513,7.606,6.965,7.109,7837261.4
2023-04-22 00:00:00,7.109,7.239,7.076,7.172,2953809.9
2023-04-23 00:00:00,7.172,7.172,6.864,7.078,4603183.3
2023-04-24 00:00:00,7.078,7.266,6.992,7.065,5153591.2
2023-04-25 00:00:00,7.065,7.295,6.946,7.273,4626298.3
2023-04-26 00:00:00,7.273,7.498,6.693,7.0,11712601.4
2023-04-27 00:00:00,7.0,7.23,6.974,7.169,6319991.5
2023-04-28 00:00:00,7.169,7.186,6.942,7.037,3501977.0
2023-04-29 00:00:00,7.037,7.216,6.993,7.184,2818917.1
2023-04-30 00:00:00,7.184,7.304,7.008,7.021,4307711.4
2023-05-01 00:00:00,7.021,7.082,6.789,6.895,5843660.7
2023-05-02 00:00:00,6.895,7.008,6.796,6.982,2882580.9
2023-05-03 00:00:00,6.982,7.147,6.816,7.125,5666835.0
2023-05-04 00:00:00,7.125,7.158,6.956,6.993,2116895.5
2023-05-05 00:00:00,6.993,7.273,6.852,7.222,5012609.2
2023-05-06 00:00:00,7.222,7.276,6.863,6.919,3716969.1
2023-05-07 00:00:00,6.919,6.985,6.853,6.905,2490254.2
2023-05-08 00:00:00,6.905,6.909,6.369,6.579,8214801.2
2023-05-09 00:00:00,6.579,6.629,6.449,6.516,1989905.6
2023-05-10 00:00:00,6.516,6.691,6.284,6.585,6554438.5
2023-05-11 00:00:00,6.585,6.587,6.203,6.357,5424136.1
2023-05-12 00:00:00,6.357,6.635,6.22,6.619,5658502.6
2023-05-13 00:00:00,6.619,6.63,6.472,6.487,1301700.9
2023-05-14 00:00:00,6.487,6.609,6.434,6.543,1416522.5
2023-05-15 00:00:00,6.543,6.706,6.447,6.632,3078240.3
2023-05-16 00:00:00,6.632,6.723,6.546,6.656,3655668.6
2023-05-17 00:00:00,6.656,6.802,6.548,6.752,3839648.1
2023-05-18 00:00:00,6.752,6.762,6.426,6.525,3773270.1
2023-05-19 00:00:00,6.525,6.554,6.45,6.506,1875556.3
2023-05-20 00:00:00,6.506,6.542,6.466,6.499,841612.1
2023-05-21 00:00:00,6.499,6.541,6.35,6.427,1892518.1
2023-05-22 00:00:00,6.427,6.604,6.329,6.53,3277663.6
2023-05-23 00:00:00,6.53,6.632,6.473,6.505,2667432.6
2023-05-24 00:00:00,6.505,6.508,6.201,6.316,5189786.4
2023-05-25 00:00:00,6.316,6.344,6.158,6.275,2842018.6
2023-05-26 00:00:00,6.275,6.383,6.233,6.343,2238166.5
2023-05-27 00:00:00,6.343,6.438,6.321,6.435,1437841.9
2023-05-28 00:00:00,6.435,6.659,6.416,6.631,2416908.1
2023-05-29 00:00:00,6.631,6.678,6.526,6.64,2315145.8
2023-05-30 00:00:00,6.64,6.672,6.534,6.611,2042514.2
2023-05-31 00:00:00,6.611,6.635,6.391,6.477,2853381.8
2023-06-01 00:00:00,6.477,6.509,6.313,6.343,2333625.1
2023-06-02 00:00:00,6.343,6.478,6.3,6.447,2511231.9
2023-06-03 00:00:00,6.447,6.455,6.359,6.42,1116668.3
2023-06-04 00:00:00,6.42,6.529,6.393,6.45,1990935.6
2023-06-05 00:00:00,6.45,6.491,5.953,6.052,7036657.8
2023-06-06 00:00:00,6.052,6.31,6.002,6.256,3386402.7
2023-06-07 00:00:00,6.256,6.27,5.826,5.916,3703533.6
2023-06-08 00:00:00,5.916,6.034,5.88,5.991,2212325.2
2023-06-09 00:00:00,5.991,6.08,5.916,5.992,2217652.9
2023-06-10 00:00:00,5.992,6.007,4.667,5.231,13226803.9
2023-06-11 00:00:00,5.231,5.25,5.082,5.172,3097643.4
2023-06-12 00:00:00,5.172,5.198,4.995,5.155,3777731.2
2023-06-13 00:00:00,5.155,5.41,5.107,5.295,4894085.2
2023-06-14 00:00:00,5.295,5.503,5.14,5.245,8663537.8
2023-06-15 00:00:00,5.245,5.424,5.158,5.31,5406702.0
2023-06-16 00:00:00,5.31,5.395,5.117,5.322,3927963.0
2023-06-17 00:00:00,5.322,5.394,5.22,5.278,3552662.5
2023-06-18 00:00:00,5.278,5.299,5.082,5.154,4020867.3
2023-06-19 00:00:00,5.154,5.192,4.988,5.132,5622849.1
2023-06-20 00:00:00,5.132,5.28,4.993,5.266,5014404.7
2023-06-21 00:00:00,5.266,5.587,5.243,5.554,5877490.1
2023-06-22 00:00:00,5.554,5.822,5.503,5.556,7094776.1
2023-06-23 00:00:00,5.556,6.155,5.547,6.069,11476814.7
2023-06-24 00:00:00,6.069,6.196,5.913,6.132,5455263.8
2023-06-25 00:00:00,6.132,6.375,6.054,6.153,5571279.7
2023-06-26 00:00:00,6.153,6.26,6.002,6.055,6496358.4
2023-06-27 00:00:00,6.055,6.253,6.043,6.195,4689617.3
2023-06-28 00:00:00,6.195,6.203,5.692,5.811,7766280.2
2023-06-29 00:00:00,5.811,6.183,5.783,5.89,5062803.0
2023-06-30 00:00:00,5.89,6.45,5.706,6.311,15369488.4
2023-07-01 00:00:00,6.311,6.524,6.116,6.5,5217637.9
2023-07-02 00:00:00,6.5,6.562,6.331,6.538,7850038.8
2023-07-03 00:00:00,6.538,6.694,6.465,6.626,5274450.5
2023-07-04 00:00:00,6.626,6.629,6.388,6.522,4123946.4
2023-07-05 00:00:00,6.522,6.568,6.204,6.297,6130664.2
2023-07-06 00:00:00,6.297,6.506,6.073,6.074,6886299.1
2023-07-07 00:00:00,6.074,6.222,6.008,6.155,3666986.6
2023-07-08 00:00:00,6.155,6.22,6.088,6.194,2338659.1
2023-07-09 00:00:00,6.194,6.239,6.119,6.146,1870568.7
2023-07-10 00:00:00,6.146,6.3,6.017,6.165,4958008.1
2023-07-11 00:00:00,6.165,6.232,6.118,6.202,2330940.8
2023-07-12 00:00:00,6.202,6.342,6.189,6.247,3930346.6
2023-07-13 00:00:00,6.247,7.172,6.208,7.126,11379745.5
2023-07-14 00:00:00,7.126,7.347,6.684,6.956,11968341.5
2023-07-15 00:00:00,6.956,7.022,6.829,6.915,3240893.5
2023-07-16 00:00:00,6.915,6.916,6.559,6.602,4049589.6
2023-07-17 00:00:00,6.602,7.262,6.435,7.186,12492116.6
2023-07-18 00:00:00,7.186,7.301,6.785,6.912,11364379.8
2023-07-19 00:00:00,6.912,7.047,6.773,6.913,5982854.5
2023-07-20 00:00:00,6.913,8.482,6.88,8.354,64280325.8
2023-07-21 00:00:00,8.354,8.446,8.031,8.127,26267727.4
2023-07-22 00:00:00,8.127,8.38,7.736,7.878,20036713.4
2023-07-23 00:00:00,7.878,8.098,7.814,7.887,7968531.8
2023-07-24 00:00:00,7.887,7.887,7.42,7.582,12291609.9
2023-07-25 00:00:00,7.582,7.642,7.333,7.389,6549583.5
2023-07-26 00:00:00,7.389,7.835,7.269,7.736,11648690.1
2023-07-27 00:00:00,7.736,8.137,7.679,7.986,12553301.0
2023-07-28 00:00:00,7.986,8.089,7.756,7.769,8228212.9
2023-07-29 00:00:00,7.769,7.89,7.722,7.839,4198828.4
2023-07-30 00:00:00,7.839,7.86,7.354,7.55,9121442.0
2023-07-31 00:00:00,7.55,7.713,7.431,7.545,5787145.9
2023-08-01 00:00:00,7.545,7.644,7.252,7.636,8946315.6
2023-08-02 00:00:00,7.636,7.713,7.326,7.348,7744510.3
2023-08-03 00:00:00,7.348,7.407,7.064,7.121,6818972.6
2023-08-04 00:00:00,7.121,7.261,7.006,7.139,6957541.1
2023-08-05 00:00:00,7.139,7.242,7.097,7.226,3203413.3
2023-08-06 00:00:00,7.226,7.269,7.072,7.099,2613463.0
2023-08-07 00:00:00,7.099,7.397,6.936,7.327,7629021.0
2023-08-08 00:00:00,7.327,7.532,7.288,7.455,8347830.8
2023-08-09 00:00:00,7.455,7.912,7.375,7.677,11058955.5
2023-08-10 00:00:00,7.677,7.739,7.554,7.614,7154966.4
2023-08-11 00:00:00,7.614,7.641,7.405,7.49,3817397.9
2023-08-12 00:00:00,7.49,7.536,7.377,7.44,3003440.6
2023-08-13 00:00:00,7.44,7.554,7.311,7.365,3697046.0
2023-08-14 00:00:00,7.365,7.633,7.305,7.41,7432494.8
2023-08-15 00:00:00,7.41,7.429,6.736,7.039,13107475.6
2023-08-16 00:00:00,7.039,7.068,6.59,6.76,11461042.8
2023-08-17 00:00:00,6.76,6.866,5.521,6.184,17249843.9
2023-08-18 00:00:00,6.184,6.28,6.063,6.17,6582454.0
2023-08-19 00:00:00,6.17,6.26,6.109,6.175,2613140.7
2023-08-20 00:00:00,6.175,6.23,6.113,6.212,2132344.2
2023-08-21 00:00:00,6.212,6.254,5.988,6.173,5032053.7
2023-08-22 00:00:00,6.173,6.253,5.855,6.107,6671316.8
2023-08-23 00:00:00,6.107,6.43,6.099,6.347,6218717.9
2023-08-24 00:00:00,6.347,6.365,5.976,6.08,4508303.7
2023-08-25 00:00:00,6.08,6.08,5.905,6.01,4962615.2
2023-08-26 00:00:00,6.01,6.04,5.95,6.003,2134893.1
2023-08-27 00:00:00,6.003,6.04,5.951,6.025,1455447.9
2023-08-28 00:00:00,6.025,6.047,5.837,5.977,5718000.1
2023-08-29 00:00:00,5.977,6.317,5.836,6.19,11097886.7
2023-08-30 00:00:00,6.19,6.197,5.874,5.923,5228687.5
2023-08-31 00:00:00,5.923,6.058,5.721,5.874,8106813.9
2023-09-01 00:00:00,5.874,6.028,5.807,5.934,6110236.5
2023-09-02 00:00:00,5.934,5.996,5.883,5.966,1842961.8
2023-09-03 00:00:00,5.966,6.06,5.944,6.023,2774578.1
2023-09-04 00:00:00,6.023,6.161,5.938,6.01,4288598.8
2023-09-05 00:00:00,6.01,6.149,5.902,6.133,4197281.7
2023-09-06 00:00:00,6.133,6.348,6.089,6.297,7541458.7
2023-09-07 00:00:00,6.297,6.464,6.197,6.382,5730567.1
2023-09-08 00:00:00,6.382,6.399,6.139,6.274,3381741.8
2023-09-09 00:00:00,6.274,6.29,6.153,6.161,1651713.0
2023-09-10 00:00:00,6.161,6.161,5.939,6.01,4504670.3
2023-09-11 00:00:00,6.01,6.033,5.731,5.826,7591874.0
2023-09-12 00:00:00,5.826,6.076,5.804,5.952,5959656.0
2023-09-13 00:00:00,5.952,6.091,5.922,6.014,4521118.9
2023-09-14 00:00:00,6.014,6.211,6.003,6.152,4473305.5
2023-09-15 00:00:00,6.152,6.373,6.095,6.36,3613556.3
2023-09-16 00:00:00,6.36,6.419,6.181,6.275,2934763.4
2023-09-17 00:00:00,6.275,6.276,6.045,6.142,3153981.4
2023-09-18 00:00:00,6.142,6.837,6.091,6.56,20349628.9
2023-09-19 00:00:00,6.56,6.966,6.514,6.841,11096837.2
2023-09-20 00:00:00,6.841,7.04,6.736,6.899,9738124.9
2023-09-21 00:00:00,6.899,6.941,6.601,6.66,7129929.0
2023-09-22 00:00:00,6.66,6.967,6.588,6.953,5572833.7
2023-09-23 00:00:00,6.953,7.223,6.914,7.181,9985370.2
2023-09-24 00:00:00,7.181,7.244,6.944,6.969,8042027.0
2023-09-25 00:00:00,6.969,7.509,6.903,7.485,13245106.5
2023-09-26 00:00:00,7.485,7.573,7.243,7.353,11177081.3
2023-09-27 00:00:00,7.353,7.876,7.265,7.639,19490015.2
2023-09-28 00:00:00,7.639,8.082,7.568,7.802,18076001.1
2023-09-29 00:00:00,7.802,8.078,7.666,7.943,10573789.8
2023-09-30 00:00:00,7.943,8.262,7.933,8.185,13530566.8
2023-10-01 00:00:00,8.185,8.269,7.774,8.048,17656649.8
2023-10-02 00:00:00,8.048,8.099,7.347,7.463,22421976.2
2023-10-03 00:00:00,7.463,7.739,7.36,7.404,16186197.3
2023-10-04 00:00:00,7.404,7.782,7.182,7.666,17251335.5
2023-10-05 00:00:00,7.666,7.788,7.446,7.462,10850948.1
2023-10-06 00:00:00,7.462,7.75,7.425,7.634,7080008.0
2023-10-07 00:00:00,7.634,7.678,7.467,7.523,4767504.3
2023-10-08 00:00:00,7.523,7.945,7.498,7.669,9795434.7
2023-10-09 00:00:00,7.669,7.693,7.127,7.272,12068148.3
2023-10-10 00:00:00,7.272,7.388,7.165,7.258,7805234.8
2023-10-11 00:00:00,7.258,7.429,7.09,7.387,8689937.1
2023-10-12 00:00:00,7.387,7.411,7.109,7.192,8337298.7
2023-10-13 00:00:00,7.192,7.4,7.109,7.251,8608695.1
2023-10-14 00:00:00,7.251,7.369,7.194,7.323,3269112.4
2023-10-15 00:00:00,7.323,7.565,7.277,7.417,7214398.9
2023-10-16 00:00:00,7.417,7.836,7.404,7.52,12573241.0
2023-10-17 00:00:00,7.52,7.554,7.251,7.316,7121784.3
2023-10-18 00:00:00,7.316,7.473,7.275,7.352,6355705.9
2023-10-19 00:00:00,7.352,7.433,7.201,7.301,5957645.4
2023-10-20 00:00:00,7.301,7.708,7.257,7.567,8192027.4
2023-10-21 00:00:00,7.567,9.164,7.515,8.909,40524322.6
2023-10-22 00:00:00,8.909,10.231,8.835,10.18,60983661.7
2023-10-23 00:00:00,10.18,11.094,9.788,10.58,64503877.2
2023-10-24 00:00:00,10.58,11.163,9.622,10.378,42005109.6
2023-10-25 00:00:00,10.378,11.8,10.344,11.066,43988538.2
2023-10-26 00:00:00,11.066,11.409,10.36,10.936,30279347.7
2023-10-27 00:00:00,10.936,11.455,10.608,11.183,31056103.7
2023-10-28 00:00:00,11.183,11.683,10.813,10.924,18706552.0
2023-10-29 00:00:00,10.924,11.317,10.746,11.084,13628420.9
2023-10-30 00:00:00,11.084,11.883,10.891,11.23,21803114.0
2023-10-31 00:00:00,11.23,12.039,10.902,11.362,25567815.0
2023-11-01 00:00:00,11.362,11.8,10.653,11.656,24760601.4
2023-11-02 00:00:00,11.656,11.762,10.804,11.018,17130336.8
2023-11-03 00:00:00,11.018,11.611,10.494,11.475,14542344.8
2023-11-04 00:00:00,11.475,11.644,11.147,11.511,6871778.1
2023-11-05 00:00:00,11.511,12.586,11.372,12.245,19212246.8
2023-11-06 00:00:00,12.245,13.287,12.122,13.001,21789323.2
2023-11-07 00:00:00,13.001,13.36,12.531,13.052,22135848.2
2023-11-08 00:00:00,13.052,15.004,12.791,14.93,23931039.2
2023-11-09 00:00:00,14.93,16.0,13.35,14.615,32487231.0
2023-11-10 00:00:00,14.615,15.667,14.125,15.52,20797326.8
2023-11-11 00:00:00,15.52,16.708,14.693,16.482,21349330.9
2023-11-12 00:00:00,16.482,16.569,15.342,16.035,14261428.1
2023-11-13 00:00:00,16.035,16.316,14.312,14.368,17081071.0
2023-11-14 00:00:00,14.368,14.929,13.309,13.96,22998655.0
2023-11-15 00:00:00,13.96,15.412,13.938,15.045,15556197.1
2023-11-16 00:00:00,15.045,15.251,13.54,13.87,17234331.4
2023-11-17 00:00:00,13.87,14.283,12.852,13.709,14270647.7
2023-11-18 00:00:00,13.709,13.821,12.925,13.757,7714538.9
2023-11-19 00:00:00,13.757,15.067,13.37,14.916,10344634.9
2023-11-20 00:00:00,14.916,15.414,14.377,14.487,13431654.1
2023-11-21 00:00:00,14.487,14.677,13.274,13.371,15405775.1
2023-11-22 00:00:00,13.371,14.632,13.209,14.216,10588736.0
2023-11-23 00:00:00,14.216,14.893,14.105,14.399,7995184.4
2023-11-24 00:00:00,14.399,14.874,14.22,14.493,6702012.1
2023-11-25 00:00:00,14.493,14.99,14.383,14.772,6009244.3
2023-11-26 00:00:00,14.772,15.35,14.285,14.761,9090079.8
2023-11-27 00:00:00,14.761,15.313,13.874,14.189,9560089.8
2023-11-28 00:00:00,14.189,14.726,13.774,14.537,7073656.6
2023-11-29 00:00:00,14.537,14.998,14.366,14.519,7194523.5
2023-11-30 00:00:00,14.519,14.841,14.248,14.414,6296689.9
2023-12-01 00:00:00,14.414,15.068,14.273,14.998,6555403.6
2023-12-02 00:00:00,14.998,16.223,14.925,16.011,11509176.2
2023-12-03 00:00:00,16.011,16.311,15.65,15.721,8629196.9
2023-12-04 00:00:00,15.721,16.442,15.014,15.835,13981826.5
2023-12-05 00:00:00,15.835,16.114,15.175,15.739,11534123.3
2023-12-06 00:00:00,15.739,16.192,15.237,15.269,11210901.1
2023-12-07 00:00:00,15.269,15.838,14.667,15.715,13482387.7
2023-12-08 00:00:00,15.715,17.367,15.574,16.947,17339395.7
2023-12-09 00:00:00,16.947,17.335,16.031,16.21,12248936.3
2023-12-10 00:00:00,16.21,16.479,15.787,16.39,6506571.2
2023-12-11 00:00:00,16.39,16.485,13.608,14.782,18889379.5
2023-12-12 00:00:00,14.782,15.157,14.153,14.537,10556344.9
2023-12-13 00:00:00,14.537,14.969,13.824,14.778,11158103.1
2023-12-14 00:00:00,14.778,15.6,14.1,15.387,11709506.4
2023-12-15 00:00:00,15.387,15.412,14.265,14.29,7084506.6
2023-12-16 00:00:00,14.29,14.818,14.089,14.335,5095250.7
2023-12-17 00:00:00,14.335,14.393,13.913,14.029,3658744.9
2023-12-18 00:00:00,14.029,14.696,13.64,14.68,11155814.1
2023-12-19 00:00:00,14.68,14.819,13.904,14.111,5807647.2
2023-12-20 00:00:00,14.111,14.824,13.985,14.267,6503969.6
2023-12-21 00:00:00,14.267,15.327,14.181,15.321,7682045.7
2023-12-22 00:00:00,15.321,15.752,15.06,15.499,8192327.5
2023-12-23 00:00:00,15.499,15.925,14.903,15.696,8323684.0
2023-12-24 00:00:00,15.696,15.98,15.061,15.281,7524667.4
2023-12-25 00:00:00,15.281,15.769,15.129,15.604,4842423.7
2023-12-26 00:00:00,15.604,15.93,14.163,15.107,8882016.7
2023-12-27 00:00:00,15.107,16.765,14.647,16.738,11184660.6
2023-12-28 00:00:00,16.738,17.691,15.965,16.028,16426227.8
2023-12-29 00:00:00,16.028,16.253,15.117,15.56,9830096.3
2023-12-30 00:00:00,15.56,15.643,15.03,15.18,3344077.2
2023-12-31 00:00:00,15.18,15.548,14.756,14.961,4615206.6
2024-01-01 00:00:00,14.961,15.597,14.817,15.565,3612834.0
2024-01-02 00:00:00,15.565,16.1,15.056,15.179,6160930.4
2024-01-03 00:00:00,15.179,15.596,11.67,14.147,12845152.7
2024-01-04 00:00:00,14.147,14.781,13.97,14.525,4101136.6
2024-01-05 00:00:00,14.525,14.662,13.713,14.098,7987699.4
2024-01-06 00:00:00,14.098,14.106,13.146,13.434,4401750.9
2024-01-07 00:00:00,13.434,13.747,12.971,13.149,3691281.0
2024-01-08 00:00:00,13.149,14.403,12.514,14.143,8084911.3
2024-01-09 00:00:00,14.143,14.254,13.2,13.718,8394709.5
2024-01-10 00:00:00,13.718,15.367,13.566,15.076,8082977.1
2024-01-11 00:00:00,15.076,15.699,14.591,15.026,7562620.3
2024-01-12 00:00:00,15.026,15.311,13.543,14.157,6033731.4
2024-01-13 00:00:00,14.157,14.439,13.781,14.357,2342000.6
2024-01-14 00:00:00,14.357,15.451,14.267,14.77,7648912.1
2024-01-15 00:00:00,14.77,16.09,14.755,15.193,9913553.0
2024-01-16 00:00:00,15.193,15.378,14.727,15.277,4751923.9
2024-01-17 00:00:00,15.277,16.399,15.275,15.765,10770766.3
2024-01-18 00:00:00,15.765,15.781,14.178,14.656,8581077.7
2024-01-19 00:00:00,14.656,16.421,14.454,16.12,12077689.0
2024-01-20 00:00:00,16.12,16.567,15.632,15.783,10521813.8
2024-01-21 00:00:00,15.783,15.913,15.376,15.396,4901996.8
2024-01-22 00:00:00,15.396,15.976,14.483,14.59,11600711.3
2024-01-23 00:00:00,14.59,14.884,13.548,14.296,9312901.4
2024-01-24 00:00:00,14.296,14.439,13.903,14.236,5450028.2
2024-01-25 00:00:00,14.236,14.265,13.494,13.745,5453845.2
2024-01-26 00:00:00,13.745,14.294,13.632,14.18,4513012.9
2024-01-27 00:00:00,14.18,14.404,14.086,14.341,2522701.1
2024-01-28 00:00:00,14.341,14.694,14.169,14.481,4205509.9
2024-01-29 00:00:00,14.481,15.073,14.252,15.002,5822653.3
2024-01-30 00:00:00,15.002,15.819,14.894,15.469,6193446.2
2024-01-31 00:00:00,15.469,16.064,15.069,15.424,10716759.8
2024-02-01 00:00:00,15.424,17.437,15.136,17.182,16896783.6
2024-02-02 00:00:00,17.182,18.885,17.128,17.819,26149776.8
2024-02-03 00:00:00,17.819,18.157,17.475,17.653,9794892.7
2024-02-04 00:00:00,17.653,18.711,17.521,18.145,11588747.8
2024-02-05 00:00:00,18.145,19.794,17.758,19.146,20163680.0
2024-02-06 00:00:00,19.146,19.329,18.168,18.285,11490056.4
2024-02-07 00:00:00,18.285,19.065,18.03,18.806,8889804.3
2024-02-08 00:00:00,18.806,19.266,17.879,18.207,11844859.1
2024-02-09 00:00:00,18.207,18.622,17.913,18.465,9474623.3
2024-02-10 00:00:00,18.465,19.132,17.972,19.081,7012079.3
2024-02-11 00:00:00,19.081,20.687,18.844,20.147,14695040.1
2024-02-12 00:00:00,20.147,20.88,19.751,20.477,13488513.9
2024-02-13 00:00:00,20.477,20.606,19.42,19.886,9039503.9
2024-02-14 00:00:00,19.886,20.459,19.713,20.26,6853045.7
2024-02-15 00:00:00,20.26,20.559,19.658,19.952,6501386.6
2024-02-16 00:00:00,19.952,20.343,19.1,19.565,6846311.1
2024-02-17 00:00:00,19.565,20.3,19.225,20.057,5781267.2
2024-02-18 00:00:00,20.057,20.396,19.752,20.134,4916687.4
2024-02-19 00:00:00,20.134,20.27,19.645,19.848,6347451.1
2024-02-20 00:00:00,19.848,19.903,18.253,19.306,9450190.9
2024-02-21 00:00:00,19.306,19.312,18.002,18.601,7405960.8
2024-02-22 00:00:00,18.601,19.041,18.076,18.138,5567983.4
2024-02-23 00:00:00,18.138,18.304,17.599,17.958,7492069.0
2024-02-24 00:00:00,17.958,18.583,17.766,18.544,3322106.2
2024-02-25 00:00:00,18.544,18.887,18.377,18.74,3290504.2
2024-02-26 00:00:00,18.74,19.288,18.136,19.108,6230356.8
2024-02-27 00:00:00,19.108,19.39,18.674,19.053,5668114.2
2024-02-28 00:00:00,19.053,21.0,17.816,19.469,16395882.6
2024-02-29 00:00:00,19.469,20.5,18.793,19.292,10209565.9
2024-03-01 00:00:00,19.292,20.129,19.292,20.075,4588463.3
2024-03-02 00:00:00,20.075,21.725,19.986,21.433,9023191.5
2024-03-03 00:00:00,21.433,21.579,19.228,20.532,6633323.2
2024-03-04 00:00:00,20.532,20.935,19.826,20.444,7821393.7
2024-03-05 00:00:00,20.444,21.101,16.399,18.976,19870929.4
2024-03-06 00:00:00,18.976,20.185,18.393,20.108,6996429.6
2024-03-07 00:00:00,20.108,20.433,19.578,20.111,4420356.5
2024-03-08 00:00:00,20.111,20.417,19.073,19.725,5857337.1
2024-03-09 00:00:00,19.725,20.37,19.671,20.003,3155618.9
2024-03-10 00:00:00,20.003,21.986,19.387,21.702,6114493.1
2024-03-11 00:00:00,21.702,22.917,20.676,21.314,10666587.1
2024-03-12 00:00:00,21.314,21.378,19.504,20.728,9293232.6
2024-03-13 00:00:00,20.728,20.999,20.218,20.773,4818647.0
2024-03-14 00:00:00,20.773,21.981,19.84,20.911,12670895.3
2024-03-15 00:00:00,20.911,21.035,18.411,19.653,9982395.3
2024-03-16 00:00:00,19.653,19.85,17.803,18.13,5372997.9
2024-03-17 00:00:00,18.13,18.845,17.379,18.677,4761275.8
2024-03-18 00:00:00,18.677,19.509,18.055,18.324,6676143.7
2024-03-19 00:00:00,18.324,18.481,16.5,16.816,9560678.6
2024-03-20 00:00:00,16.816,18.508,16.265,18.423,8756787.4
2024-03-21 00:00:00,18.423,18.938,17.871,18.466,5188931.3
2024-03-22 00:00:00,18.466,18.596,17.335,18.38,5553245.1
2024-03-23 00:00:00,18.38,18.488,17.901,18.07,2860029.1
2024-03-24 00:00:00,18.07,18.647,17.977,18.542,2029684.4
2024-03-25 00:00:00,18.542,19.513,18.386,19.397,3880377.8
2024-03-26 00:00:00,19.397,20.8,19.349,20.025,5356744.8
2024-03-27 00:00:00,20.025,20.206,19.016,19.307,5516448.0
2024-03-28 00:00:00,19.307,19.837,19.056,19.172,3338476.7
2024-03-29 00:00:00,19.172,19.309,18.717,18.987,3113441.7
2024-03-30 00:00:00,18.987,19.321,18.802,18.952,2370849.6
2024-03-31 00:00:00,18.952,19.374,18.89,19.193,1749891.1
2024-04-01 00:00:00,19.193,19.304,17.868,18.38,4745253.5
2024-04-02 00:00:00,18.38,18.498,17.36,17.962,7059201.8
2024-04-03 00:00:00,17.962,18.359,17.392,17.701,3734669.4
2024-04-04 00:00:00,17.701,18.277,17.396,17.801,2985607.3
2024-04-05 00:00:00,17.801,17.807,16.878,17.342,3295757.6
2024-04-06 00:00:00,17.342,17.696,17.278,17.576,1422423.3
2024-04-07 00:00:00,17.576,17.982,17.516,17.924,1664989.2
2024-04-08 00:00:00,17.924,18.69,17.553,18.12,3668039.5
2024-04-09 00:00:00,18.12,18.198,17.251,17.375,3996618.4
2024-04-10 00:00:00,17.375,17.6,16.775,17.431,3457582.0
2024-04-11 00:00:00,17.431,17.637,17.009,17.564,2037323.1
2024-04-12 00:00:00,17.564,17.887,13.023,15.151,11053737.1
2024-04-13 00:00:00,15.151,15.394,11.663,13.279,12258399.9
2024-04-14 00:00:00,13.279,14.254,12.707,14.089,6569278.4
2024-04-15 00:00:00,14.089,14.662,13.21,13.579,5746361.9
2024-04-16 00:00:00,13.579,13.81,12.812,13.458,3969940.0
2024-04-17 00:00:00,13.458,13.597,12.707,13.123,3969764.9
2024-04-18 00:00:00,13.123,13.973,12.805,13.879,3557304.2
2024-04-19 00:00:00,13.879,14.112,12.731,13.936,4712415.6
2024-04-20 00:00:00,13.936,15.029,13.738,14.95,2545802.7
2024-04-21 00:00:00,14.95,15.169,14.517,15.095,2115233.4
2024-04-22 00:00:00,15.095,16.037,15.001,15.435,4654312.2
2024-04-23 00:00:00,15.435,15.566,15.089,15.173,2143174.2
2024-04-24 00:00:00,15.173,15.639,14.345,14.524,3358126.9
2024-04-25 00:00:00,14.524,14.888,14.344,14.582,2293285.4
2024-04-26 00:00:00,14.582,14.925,14.333,14.487,2135484.2
2024-04-27 00:00:00,14.487,14.522,13.831,14.252,2791820.8
2024-04-28 00:00:00,14.252,14.434,13.716,13.799,1515786.1
2024-04-29 00:00:00,13.799,14.174,13.692,14.067,2169590.4
2024-04-30 00:00:00,14.067,14.201,12.736,13.127,3624099.2
2024-05-01 00:00:00,13.127,13.61,12.384,13.337,4581153.8
2024-05-02 00:00:00,13.337,13.768,12.915,13.58,2107630.2
2024-05-03 00:00:00,13.58,14.191,13.452,14.083,2216472.5
2024-05-04 00:00:00,14.083,14.479,13.963,14.307,1730080.4
2024-05-05 00:00:00,14.307,14.653,14.094,14.364,1296335.8
2024-05-06 00:00:00,14.364,15.157,14.265,14.477,2532036.4
2024-05-07 00:00:00,14.477,14.717,13.955,13.992,1965061.6
2024-05-08 00:00:00,13.992,14.118,13.677,13.89,1945578.3
2024-05-09 00:00:00,13.89,14.355,13.831,14.224,2117982.2
2024-05-10 00:00:00,14.224,14.368,13.482,13.556,2159925.9
2024-05-11 00:00:00,13.556,13.805,13.245,13.296,1201867.0
2024-05-12 00:00:00,13.296,13.589,13.267,13.546,1194168.7
2024-05-13 00:00:00,13.546,13.668,13.067,13.384,2384776.4
2024-05-14 00:00:00,13.384,13.586,12.918,12.97,2103453.9
2024-05-15 00:00:00,12.97,13.936,12.835,13.864,2826099.1
2024-05-16 00:00:00,13.864,15.85,13.511,15.509,9135349.1
2024-05-17 00:00:00,15.509,16.762,15.458,16.219,15091693.4
2024-05-18 00:00:00,16.219,16.561,16.039,16.324,4719206.4
2024-05-19 00:00:00,16.324,17.119,16.266,16.551,9313558.8
2024-05-20 00:00:00,16.551,17.475,16.339,17.266,11808221.2
2024-05-21 00:00:00,17.266,17.45,16.51,16.752,6719143.1
2024-05-22 00:00:00,16.752,16.942,16.141,16.37,4967179.8
2024-05-23 00:00:00,16.37,16.822,15.416,16.608,7480416.7
2024-05-24 00:00:00,16.608,17.789,16.573,17.259,8376932.0
2024-05-25 00:00:00,17.259,17.479,16.914,17.449,3531905.7
2024-05-26 00:00:00,17.449,17.926,17.005,17.054,4397302.0
2024-05-27 00:00:00,17.054,18.889,16.881,18.803,7257311.4
2024-05-28 00:00:00,18.803,18.864,17.867,18.553,7584383.9
2024-05-29 00:00:00,18.553,19.24,18.044,18.467,6796660.2
2024-05-30 00:00:00,18.467,19.225,17.783,17.954,5816491.6
2024-05-31 00:00:00,17.954,18.762,17.469,18.42,4552633.2
2024-06-01 00:00:00,18.42,18.697,18.275,18.456,2231471.6
2024-06-02 00:00:00,18.456,18.576,18.072,18.152,2218064.0
2024-06-03 00:00:00,18.152,18.372,17.55,17.634,4164636.3
2024-06-04 00:00:00,17.634,17.865,17.491,17.732,2741021.1
2024-06-05 00:00:00,17.732,18.095,17.633,17.762,2675893.4
2024-06-06 00:00:00,17.762,17.795,17.113,17.267,3698943.6
2024-06-07 00:00:00,17.267,17.737,15.221,16.324,8006015.9
2024-06-08 00:00:00,16.324,16.431,15.685,15.924,2484641.4
2024-06-09 00:00:00,15.924,16.383,15.906,16.37,1478317.5
2024-06-10 00:00:00,16.37,16.385,15.761,15.906,2761538.6
2024-06-11 00:00:00,15.906,15.912,14.653,14.976,7256341.8
2024-06-12 00:00:00,14.976,16.227,14.716,16.0,5955410.4
2024-06-13 00:00:00,16.0,16.05,15.038,15.133,3350333.8
2024-06-14 00:00:00,15.133,15.454,14.461,14.733,4926465.3
2024-06-15 00:00:00,14.733,15.107,14.694,14.858,2854318.5
2024-06-16 00:00:00,14.858,15.223,14.566,15.133,2571407.0
2024-06-17 00:00:00,15.133,15.207,14.001,14.51,5294085.6
2024-06-18 00:00:00,14.51,14.606,12.84,13.975,11587336.9
2024-06-19 00:00:00,13.975,14.499,13.902,14.333,3115033.4
2024-06-20 00:00:00,14.333,14.847,14.176,14.248,2663170.3
2024-06-21 00:00:00,14.248,14.587,13.835,13.839,4461250.7
2024-06-22 00:00:00,13.839,13.902,13.454,13.47,2103353.3
2024-06-23 00:00:00,13.47,13.675,13.125,13.187,2538403.8
2024-06-24 00:00:00,13.187,13.677,12.6,13.606,6575502.0
2024-06-25 00:00:00,13.606,14.281,13.563,14.19,3213354.5
2024-06-26 00:00:00,14.19,14.288,13.841,13.91,2345398.0
2024-06-27 00:00:00,13.91,14.551,13.583,14.423,3848637.7
2024-06-28 00:00:00,14.423,14.594,13.751,13.769,4575632.0
2024-06-29 00:00:00,13.769,14.163,13.461,13.531,2752157.1
2024-06-30 00:00:00,13.531,14.344,13.44,14.277,2943475.4
2024-07-01 00:00:00,14.277,14.567,14.215,14.331,6298289.6
2024-07-02 00:00:00,14.331,14.758,14.229,14.409,3646666.1
2024-07-03 00:00:00,14.409,14.593,13.54,13.586,7614776.1
2024-07-04 00:00:00,13.586,13.729,12.501,12.524,6641540.4
2024-07-05 00:00:00,12.524,12.539,11.031,12.3,12861497.8
2024-07-06 00:00:00,12.3,13.277,12.173,13.172,3694086.7
2024-07-07 00:00:00,13.172,13.185,12.279,12.349,3138126.3
2024-07-08 00:00:00,12.349,13.523,11.753,13.116,7792581.7
2024-07-09 00:00:00,13.116,13.31,12.713,12.829,6159540.7
2024-07-10 00:00:00,12.829,13.16,12.678,12.782,3732093.9
2024-07-11 00:00:00,12.782,13.159,12.282,12.338,4557393.1
2024-07-12 00:00:00,12.338,12.823,12.215,12.733,3456962.7
2024-07-13 00:00:00,12.733,13.131,12.693,13.011,2953047.8
2024-07-14 00:00:00,13.011,13.518,12.884,13.439,3671495.5
2024-07-15 00:00:00,13.439,14.513,13.389,14.383,5372964.5
2024-07-16 00:00:00,14.383,14.617,13.803,14.201,4954433.7
2024-07-17 00:00:00,14.201,14.491,13.717,13.726,4404780.6
2024-07-18 00:00:00,13.726,13.995,13.404,13.589,4362017.5
2024-07-19 00:00:00,13.589,14.134,13.336,14.071,4607991.7
2024-07-20 00:00:00,14.071,14.324,13.836,14.242,3665122.0
2024-07-21 00:00:00,14.242,15.015,13.93,14.81,7893834.9
2024-07-22 00:00:00,14.81,14.873,13.776,13.929,8432871.5
2024-07-23 00:00:00,13.929,14.155,13.478,13.904,6648560.8
2024-07-24 00:00:00,13.904,13.952,13.241,13.395,4883980.4
2024-07-25 00:00:00,13.395,13.438,12.457,12.931,7999447.5
2024-07-26 00:00:00,12.931,13.633,12.911,13.52,4442427.4
2024-07-27 00:00:00,13.52,13.868,13.251,13.542,4151685.5
2024-07-28 00:00:00,13.542,13.637,13.189,13.298,2767987.2
2024-07-29 00:00:00,13.298,13.901,13.287,13.524,6368170.5
2024-07-30 00:00:00,13.524,13.782,12.972,13.131,4285432.9
2024-07-31 00:00:00,13.131,13.402,12.75,12.822,4027536.6
2024-08-01 00:00:00,12.822,13.09,12.115,12.874,5837401.8
2024-08-02 00:00:00,12.874,12.946,11.76,11.914,6889825.6
2024-08-03 00:00:00,11.914,12.127,11.327,11.676,5080011.4
2024-08-04 00:00:00,11.676,11.779,10.474,10.883,7494501.0
2024-08-05 00:00:00,10.883,10.975,8.019,9.475,36816318.8
2024-08-06 00:00:00,9.475,10.446,9.46,10.056,10481516.4
2024-08-07 00:00:00,10.056,10.474,9.412,9.488,9280608.3
2024-08-08 00:00:00,9.488,10.828,9.337,10.746,8229900.8
2024-08-09 00:00:00,10.746,10.748,10.146,10.529,4505747.6
2024-08-10 00:00:00,10.529,10.694,10.462,10.544,2610253.0
2024-08-11 00:00:00,10.544,10.833,9.934,9.991,4227932.0
2024-08-12 00:00:00,9.991,10.749,9.936,10.546,7876022.2
2024-08-13 00:00:00,10.546,10.682,10.086,10.565,5714653.8
2024-08-14 00:00:00,10.565,10.733,10.196,10.385,4935422.7
2024-08-15 00:00:00,10.385,10.688,9.973,10.166,6902504.9
2024-08-16 00:00:00,10.166,10.393,9.902,10.12,5196773.3
2024-08-17 00:00:00,10.12,10.173,10.019,10.15,2460194.6
2024-08-18 00:00:00,10.15,10.468,10.048,10.078,3779253.9
2024-08-19 00:00:00,10.078,10.192,9.935,10.174,5238502.4
2024-08-20 00:00:00,10.174,10.542,10.031,10.231,6240638.7
2024-08-21 00:00:00,10.231,11.39,10.137,11.205,8341892.1
2024-08-22 00:00:00,11.205,11.608,11.131,11.467,7487538.0
2024-08-23 00:00:00,11.467,12.202,11.445,12.05,6701679.2
2024-08-24 00:00:00,12.05,12.555,11.897,12.332,4298187.9
2024-08-25 00:00:00,12.332,12.374,11.936,12.095,4694299.1
2024-08-26 00:00:00,12.095,12.688,11.81,11.832,8079457.4
2024-08-27 00:00:00,11.832,12.047,10.876,11.146,6867154.4
2024-08-28 00:00:00,11.146,11.698,10.93,11.168,6231728.7
2024-08-29 00:00:00,11.168,11.46,10.801,10.935,3741368.5
2024-08-30 00:00:00,10.935,11.197,10.495,11.107,4950047.8
2024-08-31 00:00:00,11.107,11.204,10.925,11.007,2124952.0
2024-09-01 00:00:00,11.007,11.015,10.221,10.355,3811236.7
2024-09-02 00:00:00,10.355,10.827,10.314,10.753,3789089.4
2024-09-03 00:00:00,10.753,10.87,10.207,10.31,4177930.2
2024-09-04 00:00:00,10.31,10.491,9.805,10.33,5225441.1
2024-09-05 00:00:00,10.33,10.39,9.898,10.02,3787065.3
2024-09-06 00:00:00,10.02,10.172,9.27,9.568,8573954.8
2024-09-07 00:00:00,9.568,10.153,9.554,10.02,3854708.4
2024-09-08 00:00:00,10.02,10.447,9.961,10.344,3680255.2
2024-09-09 00:00:00,10.344,10.818,10.264,10.533,6704282.8
2024-09-10 00:00:00,10.533,10.736,10.322,10.584,4676416.8
2024-09-11 00:00:00,10.584,10.591,10.162,10.391,6620634.2
2024-09-12 00:00:00,10.391,10.798,10.383,10.777,6043568.1
2024-09-13 00:00:00,10.777,11.552,10.637,11.44,9026500.2
2024-09-14 00:00:00,11.44,11.466,11.201,11.291,4078536.1
2024-09-15 00:00:00,11.291,11.355,10.777,10.8,3857609.2
2024-09-16 00:00:00,10.8,10.825,10.41,10.538,5310697.6
2024-09-17 00:00:00,10.538,10.909,10.431,10.614,4915742.8
2024-09-18 00:00:00,10.614,10.89,10.265,10.887,5103379.3
2024-09-19 00:00:00,10.887,11.391,10.887,11.198,5270944.6
2024-09-20 00:00:00,11.198,11.733,11.115,11.427,5343905.0
2024-09-21 00:00:00,11.427,11.539,11.205,11.485,2796391.9
2024-09-22 00:00:00,11.485,11.544,10.836,11.119,4264663.5
2024-09-23 00:00:00,11.119,11.606,10.905,11.384,5468222.0
2024-09-24 00:00:00,11.384,12.221,11.189,12.145,7364059.3
2024-09-25 00:00:00,12.145,12.556,12.055,12.105,6233495.3
2024-09-26 00:00:00,12.105,12.741,11.869,12.554,7302018.6
2024-09-27 00:00:00,12.554,12.901,12.441,12.665,7183507.6
2024-09-28 00:00:00,12.665,12.973,12.333,12.934,6138778.8
2024-09-29 00:00:00,12.934,12.972,12.428,12.455,4200779.2
2024-09-30 00:00:00,12.455,12.47,11.741,11.841,6374961.6
2024-10-01 00:00:00,11.841,12.249,10.818,11.007,10068121.2
2024-10-02 00:00:00,11.007,11.305,10.442,10.643,6766970.5
2024-10-03 00:00:00,10.643,10.858,10.33,10.649,5759052.2
2024-10-04 00:00:00,10.649,11.24,10.587,11.068,4410792.8
2024-10-05 00:00:00,11.068,11.376,10.973,11.257,2546655.0
2024-10-06 00:00:00,11.257,11.395,11.142,11.272,2687486.9
2024-10-07 00:00:00,11.272,11.748,11.099,11.149,5542586.2
2024-10-08 00:00:00,11.149,11.284,10.783,10.828,4541453.5
2024-10-09 00:00:00,10.828,10.965,10.406,10.53,4469602.9
2024-10-10 00:00:00,10.53,10.741,10.247,10.552,5161893.8
2024-10-11 00:00:00,10.552,11.023,10.495,10.899,3592748.9
2024-10-12 00:00:00,10.899,11.144,10.825,10.999,2769380.0
2024-10-13 00:00:00,10.999,11.08,10.618,10.743,3491269.1
2024-10-14 00:00:00,10.743,11.346,10.601,11.28,5911823.9
2024-10-15 00:00:00,11.28,11.692,10.927,11.456,9993052.4
2024-10-16 00:00:00,11.456,11.541,11.065,11.24,4155354.2
2024-10-17 00:00:00,11.24,11.349,10.842,11.024,3425163.2
2024-10-18 00:00:00,11.024,11.505,10.972,11.477,4057042.2
2024-10-19 00:00:00,11.477,11.6,11.292,11.419,2228918.5
2024-10-20 00:00:00,11.419,12.039,11.271,11.972,3971613.6
2024-10-21 00:00:00,11.972,12.032,11.535,11.704,4060008.4
2024-10-22 00:00:00,11.704,12.341,11.588,11.971,7818037.8
2024-10-23 00:00:00,11.971,11.999,11.009,11.322,7180028.1
2024-10-24 00:00:00,11.322,11.639,11.22,11.613,4005889.0
2024-10-25 00:00:00,11.613,12.088,10.78,11.126,12800020.4
2024-10-26 00:00:00,11.126,11.39,10.81,11.004,5831379.5
2024-10-27 00:00:00,11.004,11.173,10.836,10.977,3304463.7
2024-10-28 00:00:00,10.977,11.259,10.701,11.182,5877008.3
2024-10-29 00:00:00,11.182,11.813,11.147,11.806,5733257.1
2024-10-30 00:00:00,11.806,12.456,11.658,12.395,8874851.1
2024-10-31 00:00:00,12.395,12.471,11.313,11.419,7302740.9
2024-11-01 00:00:00,11.419,11.724,11.132,11.247,9528357.2
2024-11-02 00:00:00,11.247,11.399,11.046,11.185,4923900.0
2024-11-03 00:00:00,11.185,11.228,10.504,10.753,6688623.4
2024-11-04 00:00:00,10.753,10.905,10.059,10.248,7430313.8
2024-11-05 00:00:00,10.248,10.937,10.171,10.829,5413022.9
2024-11-06 00:00:00,10.829,12.317,10.797,12.174,9607175.8
2024-11-07 00:00:00,12.174,12.718,12.072,12.595,7423544.4
2024-11-08 00:00:00,12.595,13.762,12.53,13.699,11658084.5
2024-11-09 00:00:00,13.699,13.855,13.287,13.787,7289375.1
2024-11-10 00:00:00,13.787,14.866,13.658,14.272,14753821.9
2024-11-11 00:00:00,14.272,14.954,13.609,14.928,12767590.8
2024-11-12 00:00:00,14.928,15.387,13.678,13.957,16661511.1
2024-11-13 00:00:00,13.957,14.394,13.061,13.493,14472607.3
2024-11-14 00:00:00,13.493,13.844,12.805,13.009,9946321.5
2024-11-15 00:00:00,13.009,13.92,12.712,13.854,8412467.3
2024-11-16 00:00:00,13.854,14.804,13.746,14.541,7261119.0
2024-11-17 00:00:00,14.541,14.907,13.562,13.793,7881167.1
2024-11-18 00:00:00,13.793,16.019,13.762,15.284,13281002.3
2024-11-19 00:00:00,15.284,15.436,14.407,14.631,8100993.1
2024-11-20 00:00:00,14.631,15.336,14.032,14.239,9337898.8
2024-11-21 00:00:00,14.239,15.391,13.836,14.904,8997618.7
2024-11-22 00:00:00,14.904,16.607,14.725,16.578,15036915.7
2024-11-23 00:00:00,16.578,18.406,16.326,17.403,18608228.6
2024-11-24 00:00:00,17.403,18.364,16.11,17.923,14517833.1
2024-11-25 00:00:00,17.923,19.081,17.149,17.362,17932020.1
2024-11-26 00:00:00,17.362,17.862,16.192,17.357,10935045.8
2024-11-27 00:00:00,17.357,19.022,16.966,18.675,11219872.7
2024-11-28 00:00:00,18.675,18.716,17.501,17.955,8309033.1
2024-11-29 00:00:00,17.955,18.432,17.549,18.272,5425612.7
2024-11-30 00:00:00,18.272,19.473,17.953,19.022,9030384.8
2024-12-01 00:00:00,19.022,19.132,18.434,18.94,8968756.9
2024-12-02 00:00:00,18.94,26.918,18.6,25.25,54916140.4
2024-12-03 00:00:00,25.25,26.278,22.521,24.124,39164915.0
2024-12-04 00:00:00,24.124,26.529,23.632,24.098,24298555.4
2024-12-05 00:00:00,24.098,24.859,22.207,23.175,19299664.9
2024-12-06 00:00:00,23.175,25.976,22.765,25.893,16506372.5
2024-12-07 00:00:00,25.893,26.888,24.444,24.802,12642397.5
2024-12-08 00:00:00,24.802,27.428,24.706,26.122,18517881.1
2024-12-09 00:00:00,26.122,27.374,19.162,22.232,39962062.5
2024-12-10 00:00:00,22.232,23.785,20.261,22.119,27420135.8
2024-12-11 00:00:00,22.119,24.324,21.141,24.076,12175472.7
2024-12-12 00:00:00,24.076,29.494,23.877,29.139,34673931.0
2024-12-13 00:00:00,29.139,30.96,27.527,29.006,28124786.0
2024-12-14 00:00:00,29.006,30.784,28.728,29.127,22473917.6
2024-12-15 00:00:00,29.127,29.89,28.003,29.264,16567723.8
2024-12-16 00:00:00,29.264,30.848,28.402,28.74,21352609.4
2024-12-17 00:00:00,28.74,29.065,27.32,27.864,14229994.6
2024-12-18 00:00:00,27.864,28.411,24.713,24.86,20528128.6
2024-12-19 00:00:00,24.86,25.603,21.683,22.801,24811316.6
2024-12-20 00:00:00,22.801,23.7,20.002,23.378,20213366.8
2024-12-21 00:00:00,23.378,24.928,21.772,22.113,15152243.3
2024-12-22 00:00:00,22.113,22.77,21.3,22.074,8714954.0
2024-12-23 00:00:00,22.074,24.958,21.48,24.538,14353344.5
2024-12-24 00:00:00,24.538,26.042,23.547,25.42,12707734.1
2024-12-25 00:00:00,25.42,25.574,24.132,24.423,7798545.3
2024-12-26 00:00:00,24.423,24.689,22.407,22.664,8375127.0
2024-12-27 00:00:00,22.664,23.657,21.348,21.551,10124163.9
2024-12-28 00:00:00,21.551,22.372,21.032,21.972,6650990.4
2024-12-29 00:00:00,21.972,21.998,20.755,20.94,4937694.7
2024-12-30 00:00:00,20.94,21.818,20.08,20.563,8377886.3
2024-12-31 00:00:00,20.563,21.185,19.81,20.0,7213000.2
2025-01-01 00:00:00,20.0,21.858,19.672,21.722,6902837.7
2025-01-02 00:00:00,21.722,22.889,21.71,22.06,8613939.8
2025-01-03 00:00:00,22.06,23.897,21.638,23.477,7320459.0
2025-01-04 00:00:00,23.477,24.055,22.873,23.589,5561206.1
2025-01-05 00:00:00,23.589,23.842,22.841,23.573,4694684.0
2025-01-06 00:00:00,23.573,24.804,23.001,23.825,9639881.8
2025-01-07 00:00:00,23.825,23.841,21.174,21.373,11540689.4
2025-01-08 00:00:00,21.373,21.714,19.56,20.429,12092132.6
2025-01-09 00:00:00,20.429,20.714,19.12,19.63,8059739.2
2025-01-10 00:00:00,19.63,20.527,19.53,20.235,7352351.3
2025-01-11 00:00:00,20.235,20.689,19.798,20.205,3570208.3
2025-01-12 00:00:00,20.205,20.324,19.571,19.836,3272370.8
2025-01-13 00:00:00,19.836,20.432,17.812,19.346,13708863.3
2025-01-14 00:00:00,19.346,20.497,19.236,20.321,5166709.5
2025-01-15 00:00:00,20.321,22.141,20.089,22.072,9510021.2
2025-01-16 00:00:00,22.072,23.773,21.285,23.015,13716479.9
2025-01-17 00:00:00,23.015,25.227,23.014,25.09,11161654.8
2025-01-18 00:00:00,25.09,25.66,23.337,24.102,12194234.9
2025-01-19 00:00:00,24.102,26.697,22.188,24.326,23495117.1
2025-01-20 00:00:00,24.326,26.952,23.391,25.081,33729496.9
2025-01-21 00:00:00,25.081,27.083,23.651,26.657,17085382.2
2025-01-22 00:00:00,26.657,27.24,25.119,25.296,7846907.5
2025-01-23 00:00:00,25.296,26.227,23.974,25.647,12241124.2
2025-01-24 00:00:00,25.647,26.426,24.853,25.177,7535051.2
2025-01-25 00:00:00,25.177,25.426,24.678,24.907,4149144.2
2025-01-26 00:00:00,24.907,26.392,24.846,24.87,6148644.8
2025-01-27 00:00:00,24.87,25.124,22.161,24.192,14864871.5
2025-01-28 00:00:00,24.192,24.642,22.341,22.6,7719920.3
2025-01-29 00:00:00,22.6,24.443,22.3,23.64,9876471.7
2025-01-30 00:00:00,23.64,25.238,23.389,24.448,6977936.6
2025-01-31 00:00:00,24.448,26.439,24.106,25.154,9325000.3
2025-02-01 00:00:00,25.154,25.947,22.741,22.961,8295777.2
2025-02-02 00:00:00,22.961,23.314,19.246,20.437,16631419.2
2025-02-03 00:00:00,20.437,22.014,15.376,21.639,38833564.8
2025-02-04 00:00:00,21.639,21.696,19.316,19.958,15832501.7
2025-02-05 00:00:00,19.958,20.259,18.939,19.178,9554375.9
2025-02-06 00:00:00,19.178,19.929,18.394,18.574,7782455.5
2025-02-07 00:00:00,18.574,19.831,17.766,18.37,8970183.0
2025-02-08 00:00:00,18.37,18.61,17.862,18.428,4137942.9
2025-02-09 00:00:00,18.428,18.996,17.428,18.251,7100738.1
2025-02-10 00:00:00,18.251,19.114,17.649,18.792,6468942.7
2025-02-11 00:00:00,18.792,19.788,18.21,18.634,7013798.4
2025-02-12 00:00:00,18.634,19.498,17.62,19.187,7992268.0
2025-02-13 00:00:00,19.187,19.319,18.161,18.539,5095422.9
2025-02-14 00:00:00,18.539,19.838,18.432,19.371,6531847.3
2025-02-15 00:00:00,19.371,19.658,18.716,18.986,3746952.4
2025-02-16 00:00:00,18.986,19.258,18.54,18.685,4068425.3
2025-02-17 00:00:00,18.685,19.781,18.346,19.094,7250753.4
2025-02-18 00:00:00,19.094,19.186,17.272,17.854,7158164.0
2025-02-19 00:00:00,17.854,18.193,17.415,17.966,5380141.2
2025-02-20 00:00:00,17.966,18.46,17.819,18.272,6225963.8
2025-02-21 00:00:00,18.272,19.05,17.063,17.388,9477619.9
2025-02-22 00:00:00,17.388,18.011,17.274,17.741,2751235.7
2025-02-23 00:00:00,17.741,18.123,17.403,17.611,2002588.9
2025-02-24 00:00:00,17.611,17.739,14.951,15.238,8938754.2
2025-02-25 00:00:00,15.238,15.579,13.994,15.305,12641163.6
2025-02-26 00:00:00,15.305,15.77,14.657,15.246,7597320.4
2025-02-27 00:00:00,15.246,15.774,14.765,15.096,5191939.8
2025-02-28 00:00:00,15.096,15.187,13.441,14.813,9289873.2
2025-03-01 00:00:00,14.813,15.128,14.209,14.751,4589404.5
2025-03-02 00:00:00,14.751,17.548,14.405,17.421,11730162.6
2025-03-03 00:00:00,17.421,17.5,14.364,14.443,12396712.5
2025-03-04 00:00:00,14.443,15.344,13.048,14.852,15901259.8
2025-03-05 00:00:00,14.852,16.586,14.623,16.415,10854974.6
2025-03-06 00:00:00,16.415,17.723,16.372,17.039,12359699.6
2025-03-07 00:00:00,17.039,17.519,15.725,15.926,16350586.6
2025-03-08 00:00:00,15.926,16.022,15.106,15.255,5466510.3
2025-03-09 00:00:00,15.255,15.351,13.588,13.794,7273370.8
2025-03-10 00:00:00,13.794,14.555,12.399,12.646,12410177.5
2025-03-11 00:00:00,12.646,13.641,11.825,13.127,13080088.0
2025-03-12 00:00:00,13.127,13.799,12.639,13.479,9929071.7
2025-03-13 00:00:00,13.479,13.597,12.705,13.033,8348583.8
2025-03-14 00:00:00,13.033,14.672,12.981,13.659,27364133.5
2025-03-15 00:00:00,13.659,14.245,13.617,14.007,8090672.8
2025-03-16 00:00:00,14.007,14.181,13.203,13.359,6790184.3
2025-03-17 00:00:00,13.359,14.234,13.334,14.019,7783949.1
2025-03-18 00:00:00,14.019,14.27,13.443,13.904,9306798.1
2025-03-19 00:00:00,13.904,15.037,13.762,15.017,11489295.9
2025-03-20 00:00:00,15.017,15.162,14.073,14.215,7258316.0
2025-03-21 00:00:00,14.215,14.378,13.817,13.953,5563165.8
2025-03-22 00:00:00,13.953,14.494,13.921,14.244,4249807.9
2025-03-23 00:00:00,14.244,14.486,14.202,14.462,4985973.9
2025-03-24 00:00:00,14.462,15.398,14.138,15.116,8383621.0
2025-03-25 00:00:00,15.116,15.6,14.856,15.425,5311063.5
2025-03-26 00:00:00,15.425,15.999,14.936,15.244,6831482.4
2025-03-27 00:00:00,15.244,15.79,15.162,15.508,6088994.6
2025-03-28 00:00:00,15.508,15.575,13.991,14.243,7796541.2
2025-03-29 00:00:00,14.243,14.4,13.354,13.544,6012861.6
2025-03-30 00:00:00,13.544,13.856,13.188,13.405,5329004.7
2025-03-31 00:00:00,13.405,13.703,12.947,13.502,8300789.8
2025-04-01 00:00:00,13.502,14.385,13.484,14.036,7593103.6
2025-04-02 00:00:00,14.036,14.397,12.804,12.894,17509022.3
2025-04-03 00:00:00,12.894,13.298,12.292,12.893,8371814.3
2025-04-04 00:00:00,12.893,13.183,12.345,12.937,9649255.1
2025-04-05 00:00:00,12.937,13.05,12.568,12.843,3568968.3
2025-04-06 00:00:00,12.843,12.948,10.998,11.283,10070176.6
2025-04-07 00:00:00,11.283,11.878,10.088,11.445,23325340.1
2025-04-08 00:00:00,11.445,11.886,10.773,10.917,11070465.2
2025-04-09 00:00:00,10.917,12.82,10.436,12.645,16229954.9
2025-04-10 00:00:00,12.645,12.659,11.664,12.069,8774317.1
2025-04-11 00:00:00,12.069,12.897,12.022,12.639,6567199.6
2025-04-12 00:00:00,12.639,13.28,12.464,13.139,4776215.6
2025-04-13 00:00:00,13.139,13.224,12.423,12.617,6526582.0
2025-04-14 00:00:00,12.617,13.241,12.563,12.629,6328993.2
2025-04-15 00:00:00,12.629,12.824,12.206,12.231,5317857.2
2025-04-16 00:00:00,12.231,12.524,11.892,12.349,6202802.2
2025-04-17 00:00:00,12.349,12.698,12.195,12.53,4910715.4
2025-04-18 00:00:00,12.53,12.715,12.396,12.556,3564984.8
2025-04-19 00:00:00,12.556,13.052,12.534,12.93,4277000.6
2025-04-20 00:00:00,12.93,13.591,12.869,13.278,6069541.3
2025-04-21 00:00:00,13.278,13.689,12.951,13.093,7169142.8
2025-04-22 00:00:00,13.093,14.171,12.874,14.129,8047821.7
2025-04-23 00:00:00,14.129,15.286,14.015,15.009,10298365.2
2025-04-24 00:00:00,15.009,15.146,14.154,15.05,7475956.3
2025-04-25 00:00:00,15.05,15.341,14.702,14.909,8043407.7
2025-04-26 00:00:00,14.909,15.271,14.66,14.86,5595627.2
2025-04-27 00:00:00,14.86,15.089,14.361,14.55,4525219.2
2025-04-28 00:00:00,14.55,15.104,14.235,15.017,7496966.7
2025-04-29 00:00:00,15.017,15.232,14.468,14.591,6402351.7
2025-04-30 00:00:00,14.591,14.752,13.812,14.284,7814784.2
2025-05-01 00:00:00,14.284,15.029,14.283,14.739,7136302.9
2025-05-02 00:00:00,14.739,15.027,14.491,14.652,5200827.9
2025-05-03 00:00:00,14.652,14.664,14.147,14.24,3254045.8
2025-05-04 00:00:00,14.24,14.36,13.802,13.85,3595775.3
2025-05-05 00:00:00,13.85,14.198,13.468,13.632,5620503.3
2025-05-06 00:00:00,13.632,13.881,13.196,13.816,5663501.5
2025-05-07 00:00:00,13.816,14.08,13.455,13.811,6395979.2
2025-05-08 00:00:00,13.811,15.979,13.801,15.877,11126692.4
2025-05-09 00:00:00,15.877,16.722,15.577,16.012,13103527.5
2025-05-10 00:00:00,16.012,17.461,15.859,17.331,9800658.4
2025-05-11 00:00:00,17.331,17.415,16.288,17.102,9257263.9
2025-05-12 00:00:00,17.102,17.969,16.012,16.724,13113856.4
2025-05-13 00:00:00,16.724,17.8,16.023,17.386,8963644.3
2025-05-14 00:00:00,17.386,17.528,16.668,17.008,11664125.6
2025-05-15 00:00:00,17.008,17.204,15.647,16.036,11667525.8
2025-05-16 00:00:00,16.036,16.533,15.591,15.748,6936462.4
2025-05-17 00:00:00,15.748,15.778,15.067,15.313,6122972.5
2025-05-18 00:00:00,15.313,16.389,14.859,15.862,11271229.5
2025-05-19 00:00:00,15.862,15.995,14.833,15.783,15842183.2
2025-05-20 00:00:00,15.783,16.413,15.233,15.693,9693745.4
2025-05-21 00:00:00,15.693,16.482,15.508,16.091,19824329.8
2025-05-22 00:00:00,16.091,16.904,16.027,16.73,12277324.0
2025-05-23 00:00:00,16.73,17.151,15.41,15.532,13682732.2
2025-05-24 00:00:00,15.532,15.902,15.231,15.33,5697042.5
2025-05-25 00:00:00,15.33,15.546,14.851,15.524,6368173.0
2025-05-26 00:00:00,15.524,15.95,15.39,15.527,6084145.3
2025-05-27 00:00:00,15.527,16.122,15.134,15.897,6197575.1
2025-05-28 00:00:00,15.897,16.146,15.298,15.681,8010658.6
2025-05-29 00:00:00,15.681,16.185,14.977,15.031,21721628.5
2025-05-30 00:00:00,15.031,15.11,13.746,13.882,18044627.1
2025-05-31 00:00:00,13.882,14.18,13.381,13.958,8779508.6
2025-06-01 00:00:00,13.958,14.119,13.569,14.055,6657443.2
2025-06-02 00:00:00,14.055,14.114,13.581,14.075,5706097.9
2025-06-03 00:00:00,14.075,14.436,13.966,14.105,5951025.9
2025-06-04 00:00:00,14.105,14.471,13.702,13.826,5981299.8
2025-06-05 00:00:00,13.826,14.03,12.633,12.873,12851545.6
2025-06-06 00:00:00,12.873,13.671,12.811,13.562,6826933.1
2025-06-07 00:00:00,13.562,14.071,13.471,13.813,4448983.5
2025-06-08 00:00:00,13.813,13.967,13.547,13.713,4350870.2
2025-06-09 00:00:00,13.713,14.396,13.526,14.346,6434585.6
2025-06-10 00:00:00,14.346,15.528,14.318,15.441,13532215.9
2025-06-11 00:00:00,15.441,15.655,14.761,14.884,10204490.5
2025-06-12 00:00:00,14.884,14.918,13.825,13.968,10650935.0
2025-06-13 00:00:00,13.968,13.981,12.75,13.433,14614927.2
2025-06-14 00:00:00,13.433,13.458,12.827,13.14,5143724.9
2025-06-15 00:00:00,13.14,13.317,12.981,13.29,4602468.9
2025-06-16 00:00:00,13.29,14.157,13.165,13.56,8328829.2
2025-06-17 00:00:00,13.56,13.772,12.795,12.981,9164943.6
2025-06-18 00:00:00,12.981,13.218,12.621,13.109,6963110.8
2025-06-19 00:00:00,13.109,13.37,12.903,13.063,4585439.5
2025-06-20 00:00:00,13.063,13.272,12.284,12.498,6840231.4
2025-06-21 00:00:00,12.498,12.736,11.669,12.018,6632500.9
2025-06-22 00:00:00,12.018,12.191,10.923,11.65,12472721.8
2025-06-23 00:00:00,11.65,12.934,11.395,12.82,10512327.7
2025-06-24 00:00:00,12.82,13.721,12.775,13.402,10840160.2
2025-06-25 00:00:00,13.402,13.501,12.978,13.129,6800165.1
2025-06-26 00:00:00,13.129,13.552,12.866,12.931,6167645.2
2025-06-27 00:00:00,12.931,13.229,12.717,13.044,5186093.3
2025-06-28 00:00:00,13.044,13.439,12.992,13.388,2811702.4
2025-06-29 00:00:00,13.388,13.86,13.234,13.696,3404309.4
2025-06-30 00:00:00,13.696,13.77,13.116,13.364,7254941.7
2025-07-01 00:00:00,13.364,13.424,12.778,12.886,4954866.2
2025-07-02 00:00:00,12.886,13.842,12.723,13.548,6176674.2
2025-07-03 00:00:00,13.548,14.075,13.434,13.659,7075631.9
2025-07-04 00:00:00,13.659,13.778,12.924,13.159,6217588.9
2025-07-05 00:00:00,13.159,13.265,12.987,13.222,2312479.1
2025-07-06 00:00:00,13.222,13.69,13.094,13.478,3934085.7
2025-07-07 00:00:00,13.478,13.727,13.237,13.423,7482386.8
2025-07-08 00:00:00,13.423,13.99,13.189,13.96,5863706.8
2025-07-09 00:00:00,13.96,14.375,13.806,14.239,9744997.8
2025-07-10 00:00:00,14.239,15.335,14.14,15.235,9997432.7
2025-07-11 00:00:00,15.235,15.873,15.005,15.281,10898559.0
2025-07-12 00:00:00,15.281,15.478,14.699,15.102,5580678.4
2025-07-13 00:00:00,15.102,15.945,15.039,15.641,5981972.2
2025-07-14 00:00:00,15.641,16.487,15.561,15.749,11321302.1
2025-07-15 00:00:00,15.749,16.195,15.136,16.104,9850604.7
2025-07-16 00:00:00,16.104,17.034,15.819,16.665,9962323.8
2025-07-17 00:00:00,16.665,18.187,16.32,17.998,12137401.6
2025-07-18 00:00:00,17.998,19.167,17.319,17.828,15024815.4
2025-07-19 00:00:00,17.828,18.549,17.53,18.391,7483342.9
2025-07-20 00:00:00,18.391,19.962,18.319,19.282,13619268.7
2025-07-21 00:00:00,19.282,20.297,18.991,19.503,11884419.5
2025-07-22 00:00:00,19.503,19.999,18.628,19.673,13160498.6
2025-07-23 00:00:00,19.673,19.774,17.55,18.176,14100163.1
2025-07-24 00:00:00,18.176,18.682,17.15,17.905,11172247.0
2025-07-25 00:00:00,17.905,18.494,17.254,18.289,10993226.0
2025-07-26 00:00:00,18.289,18.639,18.154,18.406,6007840.7
2025-07-27 00:00:00,18.406,19.293,18.35,19.232,6426096.4
2025-07-28 00:00:00,19.232,19.554,17.959,18.113,7832768.5
2025-07-29 00:00:00,18.113,18.632,17.463,17.824,8791427.2
2025-07-30 00:00:00,17.824,17.95,16.746,17.696,7934128.7
2025-07-31 00:00:00,17.696,18.224,16.831,16.919,6596130.5
2025-08-01 00:00:00,16.919,17.025,15.65,16.059,11589174.2
2025-08-02 00:00:00,16.059,16.242,15.418,15.63,5521447.2
2025-08-03 00:00:00,15.63,16.388,15.429,16.284,3102105.3
2025-08-04 00:00:00,16.284,17.191,16.262,17.107,4730698.8
2025-08-05 00:00:00,17.107,17.115,16.063,16.374,5967271.6
2025-08-06 00:00:00,16.374,16.898,16.024,16.664,4801866.8
2025-08-07 00:00:00,16.664,18.522,16.57,18.457,11859941.9
2025-08-08 00:00:00,18.457,19.966,18.076,19.885,16864825.7
2025-08-09 00:00:00,19.885,21.986,19.78,21.939,18131554.9
2025-08-10 00:00:00,21.939,22.707,21.145,22.059,21614481.7
2025-08-11 00:00:00,22.059,22.605,20.834,21.06,17456174.6
2025-08-12 00:00:00,21.06,24.192,20.987,23.594,21418549.1
2025-08-13 00:00:00,23.594,24.728,23.202,23.965,20898099.7
2025-08-14 00:00:00,23.965,24.325,21.428,22.445,22288419.7
2025-08-15 00:00:00,22.445,23.04,21.353,21.739,11780644.5
2025-08-16 00:00:00,21.739,22.962,21.393,22.627,8064419.5
2025-08-17 00:00:00,22.627,26.345,22.355,25.62,23126241.2
2025-08-18 00:00:00,25.62,26.734,24.271,25.771,35130579.0
2025-08-19 00:00:00,25.771,25.8,23.441,23.55,26428079.3
2025-08-20 00:00:00,23.55,26.89,23.353,26.452,33816664.0
2025-08-21 00:00:00,26.452,26.597,24.626,24.802,22666486.1
2025-08-22 00:00:00,24.802,27.864,24.11,26.802,31141288.8
2025-08-23 00:00:00,26.802,26.834,25.484,26.279,13217363.4
2025-08-24 00:00:00,26.279,26.618,25.2,25.82,17158750.3
2025-08-25 00:00:00,25.82,26.464,23.073,23.369,20487677.2
2025-08-26 00:00:00,23.369,24.742,22.865,24.366,15462966.8
2025-08-27 00:00:00,24.366,24.682,23.558,23.768,13980697.1
2025-08-28 00:00:00,23.768,26.024,23.551,25.165,24838647.7
2025-08-29 00:00:00,25.165,25.218,23.106,23.412,14902243.5
2025-08-30 00:00:00,23.412,23.515,22.812,23.49,6590564.3
2025-08-31 00:00:00,23.49,24.052,23.172,23.187,6737036.6
2025-09-01 00:00:00,23.187,23.848,22.061,22.504,11767276.6
2025-09-02 00:00:00,22.504,23.589,22.328,23.488,9155843.0
2025-09-03 00:00:00,23.488,23.899,23.202,23.683,5050024.4
2025-09-04 00:00:00,23.683,23.953,22.175,22.302,7121338.7
2025-09-05 00:00:00,22.302,23.23,22.03,22.283,9119970.5
2025-09-06 00:00:00,22.283,22.506,21.865,22.189,3981848.4
2025-09-07 00:00:00,22.189,22.602,22.102,22.456,4270876.2
2025-09-08 00:00:00,22.456,23.299,22.219,23.035,7797806.1
2025-09-09 00:00:00,23.035,23.821,22.817,23.042,8726837.2
2025-09-10 00:00:00,23.042,23.926,22.872,23.565,6808281.8
2025-09-11 00:00:00,23.565,24.48,23.278,24.45,8491445.0
2025-09-12 00:00:00,24.45,25.325,24.156,25.116,8953864.9
2025-09-13 00:00:00,25.116,25.643,24.425,24.879,7355677.8
2025-09-14 00:00:00,24.879,25.012,23.826,24.086,4773961.8
2025-09-15 00:00:00,24.086,24.432,22.963,23.552,7860035.9
2025-09-16 00:00:00,23.552,23.747,23.081,23.471,5051556.1
2025-09-17 00:00:00,23.471,24.237,22.652,23.988,9389679.1
2025-09-18 00:00:00,23.988,24.738,23.667,24.619,6255727.9
2025-09-19 00:00:00,24.619,24.877,23.259,23.462,8580255.8
2025-09-20 00:00:00,23.462,23.639,23.078,23.319,3001623.8
2025-09-21 00:00:00,23.319,23.477,22.888,22.944,2557369.0
2025-09-22 00:00:00,22.944,23.04,20.129,21.638,12399682.9
2025-09-23 00:00:00,21.638,22.042,21.165,21.504,5811235.0
2025-09-24 00:00:00,21.504,21.951,20.966,21.595,6586136.7
2025-09-25 00:00:00,21.595,21.649,19.816,20.135,12944928.5
2025-09-26 00:00:00,20.135,21.23,19.92,21.06,7938639.3
2025-09-27 00:00:00,21.06,21.144,20.72,20.904,2633653.1
2025-09-28 00:00:00,20.904,21.705,20.416,21.662,4182242.9
2025-09-29 00:00:00,21.662,21.889,20.895,21.718,6056211.5
2025-09-30 00:00:00,21.718,21.864,20.953,21.298,6897216.4
2025-10-01 00:00:00,21.298,22.614,21.047,22.566,7554185.0
2025-10-02 00:00:00,22.566,23.115,21.925,22.765,7477646.9
2025-10-03 00:00:00,22.765,23.076,22.081,22.498,8842223.3
2025-10-04 00:00:00,22.498,22.609,21.753,22.009,4658652.8
2025-10-05 00:00:00,22.009,22.933,21.872,21.986,7053816.4
2025-10-06 00:00:00,21.986,23.596,21.478,23.363,9250047.4
2025-10-07 00:00:00,23.363,23.736,21.715,21.786,11238865.7
2025-10-08 00:00:00,21.786,22.661,21.61,22.624,6610141.3
2025-10-09 00:00:00,22.624,22.669,21.31,21.984,8238014.9
2025-10-10 00:00:00,21.984,22.778,7.626,17.365,36156992.3
2025-10-11 00:00:00,17.365,18.502,16.59,17.191,14871645.4
2025-10-12 00:00:00,17.191,19.415,16.671,18.985,11751563.7
2025-10-13 00:00:00,18.985,20.187,18.713,19.836,10724681.7
2025-10-14 00:00:00,19.836,20.064,18.064,19.092,13764033.5
2025-10-15 00:00:00,19.092,19.24,17.716,18.042,12721547.1
2025-10-16 00:00:00,18.042,18.616,17.089,17.416,11689288.3
2025-10-17 00:00:00,17.416,17.685,15.684,16.594,13487237.7
2025-10-18 00:00:00,16.594,16.994,16.561,16.804,4956040.0
2025-10-19 00:00:00,16.804,17.646,16.52,17.27,7935510.2
2025-10-20 00:00:00,17.27,19.175,16.919,18.642,12580301.7
2025-10-21 00:00:00,18.642,18.953,17.523,17.592,17691634.2
2025-10-22 00:00:00,17.592,17.833,16.683,17.194,13901046.5
2025-10-23 00:00:00,17.194,17.783,17.09,17.419,7384937.9
2025-10-24 00:00:00,17.419,18.087,17.279,17.888,6630302.9
2025-10-25 00:00:00,17.888,18.241,17.783,18.009,3030894.8
2025-10-26 00:00:00,18.009,18.682,17.667,18.533,5582396.0
2025-10-27 00:00:00,18.533,19.05,18.07,18.204,7416686.6
2025-10-28 00:00:00,18.204,18.808,17.401,17.814,8701788.8
2025-10-29 00:00:00,17.814,18.668,17.502,18.123,8724683.8
2025-10-30 00:00:00,18.123,18.421,16.308,16.789,12317739.4
2025-10-31 00:00:00,16.789,17.449,16.724,17.232,8077676.1
2025-11-01 00:00:00,17.232,17.242,17.088,17.154,248718.9
