timestamp,open,high,low,close,volume
2021-12-06 00:00:00,3.356e-05,3.8e-05,3.274e-05,3.727e-05,25350164569.0
2021-12-07 00:00:00,3.727e-05,3.968e-05,3.6e-05,3.675e-05,75934028527.0
2021-12-08 00:00:00,3.675e-05,3.83e-05,3.506e-05,3.687e-05,53232820461.0
2021-12-09 00:00:00,3.687e-05,3.737e-05,3.416e-05,3.488e-05,37278634466.0
2021-12-10 00:00:00,3.488e-05,3.69e-05,3.344e-05,3.391e-05,48980890923.0
2021-12-11 00:00:00,3.391e-05,3.563e-05,3.303e-05,3.445e-05,39175894904.0
2021-12-12 00:00:00,3.445e-05,3.84e-05,3.389e-05,3.702e-05,49044915636.0
2021-12-13 00:00:00,3.702e-05,3.748e-05,3.173e-05,3.311e-05,75983477191.0
2021-12-14 00:00:00,3.311e-05,3.631e-05,3.245e-05,3.427e-05,77650999815.0
2021-12-15 00:00:00,3.427e-05,3.485e-05,3.22e-05,3.44e-05,51158241090.0
2021-12-16 00:00:00,3.44e-05,3.535e-05,3.266e-05,3.319e-05,31359705350.0
2021-12-17 00:00:00,3.319e-05,3.39e-05,3.042e-05,3.159e-05,26535938395.0
2021-12-18 00:00:00,3.159e-05,3.255e-05,3.104e-05,3.175e-05,17593758663.0
2021-12-19 00:00:00,3.175e-05,3.219e-05,3.081e-05,3.107e-05,31502633689.0
2021-12-20 00:00:00,3.107e-05,3.398e-05,2.853e-05,3.138e-05,37996920555.0
2021-12-21 00:00:00,3.138e-05,3.376e-05,3.119e-05,3.311e-05,11961697323.0
2021-12-22 00:00:00,3.311e-05,3.813e-05,3.256e-05,3.494e-05,22070324822.0
2021-12-23 00:00:00,3.494e-05,3.91e-05,3.462e-05,3.899e-05,21544154890.0
2021-12-24 00:00:00,3.899e-05,4.023e-05,3.617e-05,3.631e-05,22668685610.0
2021-12-25 00:00:00,3.631e-05,3.865e-05,3.628e-05,3.787e-05,13061369217.0
2021-12-26 00:00:00,3.787e-05,3.927e-05,3.681e-05,3.847e-05,13793351174.0
2021-12-27 00:00:00,3.847e-05,3.96e-05,3.788e-05,3.926e-05,9525502608.0
2021-12-28 00:00:00,3.926e-05,3.928e-05,3.418e-05,3.474e-05,20228199228.0
2021-12-29 00:00:00,3.474e-05,3.603e-05,3.301e-05,3.352e-05,17106073297.0
2021-12-30 00:00:00,3.352e-05,3.429e-05,3.3e-05,3.376e-05,7639645320.0
2021-12-31 00:00:00,3.376e-05,3.462e-05,3.323e-05,3.385e-05,36759526167.0
2022-01-01 00:00:00,3.385e-05,3.432e-05,3.371e-05,3.43e-05,19350798932.0
2022-01-02 00:00:00,3.43e-05,3.437e-05,3.372e-05,3.42e-05,18314005356.0
2022-01-03 00:00:00,3.42e-05,3.42e-05,3.271e-05,3.337e-05,13307531504.0
2022-01-04 00:00:00,3.337e-05,3.358e-05,3.246e-05,3.251e-05,24701629499.0
2022-01-05 00:00:00,3.251e-05,3.298e-05,2.866e-05,3.034e-05,50276920155.0
2022-01-06 00:00:00,3.034e-05,3.176e-05,2.92e-05,3.082e-05,74117017566.0
2022-01-07 00:00:00,3.082e-05,3.1e-05,2.854e-05,2.9e-05,50402755962.0
2022-01-08 00:00:00,2.9e-05,2.99e-05,2.648e-05,2.776e-05,47930676153.0
2022-01-09 00:00:00,2.776e-05,2.918e-05,2.752e-05,2.823e-05,29249969920.0
2022-01-10 00:00:00,2.823e-05,2.874e-05,2.55e-05,2.666e-05,33431569828.0
2022-01-11 00:00:00,2.666e-05,2.83e-05,2.63e-05,2.767e-05,38413222635.0
2022-01-12 00:00:00,2.767e-05,3.264e-05,2.749e-05,3.144e-05,59369231484.0
2022-01-13 00:00:00,3.144e-05,3.288e-05,2.926e-05,2.959e-05,45895313701.0
2022-01-14 00:00:00,2.959e-05,3.272e-05,2.935e-05,3.083e-05,31498413644.0
2022-01-15 00:00:00,3.083e-05,3.154e-05,3.054e-05,3.087e-05,11690792383.0
2022-01-16 00:00:00,3.087e-05,3.099e-05,3.008e-05,3.052e-05,10553999252.0
2022-01-17 00:00:00,3.052e-05,3.058e-05,2.828e-05,2.881e-05,16683633560.0
2022-01-18 00:00:00,2.881e-05,2.95e-05,2.745e-05,2.811e-05,22634519029.0
2022-01-19 00:00:00,2.811e-05,2.826e-05,2.711e-05,2.731e-05,16827880720.0
2022-01-20 00:00:00,2.731e-05,2.879e-05,2.627e-05,2.648e-05,18927134037.0
2022-01-21 00:00:00,2.648e-05,2.683e-05,2.168e-05,2.229e-05,63371076085.0
2022-01-22 00:00:00,2.229e-05,2.255e-05,1.71e-05,2.046e-05,83183674623.0
2022-01-23 00:00:00,2.046e-05,2.363e-05,2.046e-05,2.241e-05,20412126152.0
2022-01-24 00:00:00,2.241e-05,2.3e-05,1.872e-05,2.122e-05,25643733021.0
2022-01-25 00:00:00,2.122e-05,2.161e-05,2.009e-05,2.097e-05,23305187850.0
2022-01-26 00:00:00,2.097e-05,2.346e-05,2.051e-05,2.108e-05,42288562890.0
2022-01-27 00:00:00,2.108e-05,2.179e-05,1.992e-05,2.123e-05,20937754864.0
2022-01-28 00:00:00,2.123e-05,2.141e-05,2.035e-05,2.12e-05,40540091890.0
2022-01-29 00:00:00,2.12e-05,2.233e-05,2.115e-05,2.162e-05,29228492135.0
2022-01-30 00:00:00,2.162e-05,2.218e-05,2.078e-05,2.111e-05,11097666337.0
2022-01-31 00:00:00,2.111e-05,2.159e-05,2.002e-05,2.141e-05,13369932448.0
2022-02-01 00:00:00,2.141e-05,2.201e-05,2.114e-05,2.168e-05,22393247952.0
2022-02-02 00:00:00,2.168e-05,2.19e-05,2.035e-05,2.059e-05,13210638980.0
2022-02-03 00:00:00,2.059e-05,2.081e-05,2.015e-05,2.069e-05,9893449132.0
2022-02-04 00:00:00,2.069e-05,2.227e-05,2.052e-05,2.219e-05,19606325739.0
2022-02-05 00:00:00,2.219e-05,2.389e-05,2.204e-05,2.25e-05,24383088454.0
2022-02-06 00:00:00,2.25e-05,2.88e-05,2.221e-05,2.851e-05,69656605673.0
2022-02-07 00:00:00,2.851e-05,3.52e-05,2.711e-05,3.258e-05,116322416077.0
2022-02-08 00:00:00,3.258e-05,3.5e-05,2.942e-05,3.093e-05,98435290519.0
2022-02-09 00:00:00,3.093e-05,3.409e-05,3.045e-05,3.291e-05,56461085123.0
2022-02-10 00:00:00,3.291e-05,3.371e-05,3.05e-05,3.079e-05,46926144833.0
2022-02-11 00:00:00,3.079e-05,3.235e-05,2.793e-05,2.872e-05,45153687669.0
2022-02-12 00:00:00,2.872e-05,2.98e-05,2.754e-05,2.914e-05,33975842426.0
2022-02-13 00:00:00,2.914e-05,3.225e-05,2.841e-05,3.01e-05,42736514936.0
2022-02-14 00:00:00,3.01e-05,3.084e-05,2.862e-05,2.96e-05,37772829705.0
2022-02-15 00:00:00,2.96e-05,3.18e-05,2.958e-05,3.123e-05,37042911982.0
2022-02-16 00:00:00,3.123e-05,3.156e-05,2.987e-05,3.093e-05,26684211340.0
2022-02-17 00:00:00,3.093e-05,3.249e-05,2.775e-05,2.818e-05,55232070840.0
2022-02-18 00:00:00,2.818e-05,2.992e-05,2.783e-05,2.812e-05,34286072973.0
2022-02-19 00:00:00,2.812e-05,2.892e-05,2.693e-05,2.75e-05,22726104070.0
2022-02-20 00:00:00,2.75e-05,2.759e-05,2.491e-05,2.544e-05,29240665374.0
2022-02-21 00:00:00,2.544e-05,2.75e-05,2.394e-05,2.405e-05,48812827154.0
2022-02-22 00:00:00,2.405e-05,2.522e-05,2.31e-05,2.497e-05,47926978748.0
2022-02-23 00:00:00,2.497e-05,2.735e-05,2.461e-05,2.483e-05,63588565876.0
2022-02-24 00:00:00,2.483e-05,2.529e-05,2.075e-05,2.392e-05,95563423208.0
2022-02-25 00:00:00,2.392e-05,2.509e-05,2.305e-05,2.486e-05,59476721816.0
2022-02-26 00:00:00,2.486e-05,2.592e-05,2.416e-05,2.446e-05,35439107073.0
2022-02-27 00:00:00,2.446e-05,2.499e-05,2.309e-05,2.34e-05,24732553636.0
2022-02-28 00:00:00,2.34e-05,2.595e-05,2.283e-05,2.579e-05,26083770177.0
2022-03-01 00:00:00,2.579e-05,2.854e-05,2.537e-05,2.712e-05,39590191342.0
2022-03-02 00:00:00,2.712e-05,2.716e-05,2.555e-05,2.593e-05,21382343791.0
2022-03-03 00:00:00,2.593e-05,2.62e-05,2.45e-05,2.504e-05,15879336249.0
2022-03-04 00:00:00,2.504e-05,2.527e-05,2.305e-05,2.359e-05,26524324767.0
2022-03-05 00:00:00,2.359e-05,2.495e-05,2.312e-05,2.463e-05,15335156375.0
2022-03-06 00:00:00,2.463e-05,2.477e-05,2.345e-05,2.352e-05,15495242787.0
2022-03-07 00:00:00,2.352e-05,2.386e-05,2.221e-05,2.287e-05,18603971064.0
2022-03-08 00:00:00,2.287e-05,2.354e-05,2.248e-05,2.289e-05,12358114493.0
2022-03-09 00:00:00,2.289e-05,2.462e-05,2.289e-05,2.387e-05,29348147066.0
2022-03-10 00:00:00,2.387e-05,2.389e-05,2.237e-05,2.262e-05,45225665389.0
2022-03-11 00:00:00,2.262e-05,2.313e-05,2.188e-05,2.205e-05,36740204007.0
2022-03-12 00:00:00,2.205e-05,2.272e-05,2.202e-05,2.215e-05,13297644000.0
2022-03-13 00:00:00,2.215e-05,2.328e-05,2.122e-05,2.153e-05,31340171338.0
2022-03-14 00:00:00,2.153e-05,2.244e-05,2.135e-05,2.205e-05,30084746740.0
2022-03-15 00:00:00,2.205e-05,2.211e-05,2.125e-05,2.161e-05,14629395671.0
2022-03-16 00:00:00,2.161e-05,2.272e-05,2.151e-05,2.268e-05,27809639297.0
2022-03-17 00:00:00,2.268e-05,2.281e-05,2.211e-05,2.218e-05,39323473974.0
2022-03-18 00:00:00,2.218e-05,2.268e-05,2.164e-05,2.233e-05,66374459028.0
2022-03-19 00:00:00,2.233e-05,2.552e-05,2.217e-05,2.413e-05,104786940569.0
2022-03-20 00:00:00,2.413e-05,2.444e-05,2.25e-05,2.312e-05,51762875844.0
2022-03-21 00:00:00,2.312e-05,2.345e-05,2.232e-05,2.296e-05,22675892308.0
2022-03-22 00:00:00,2.296e-05,2.406e-05,2.29e-05,2.346e-05,29537364784.0
2022-03-23 00:00:00,2.346e-05,2.512e-05,2.306e-05,2.443e-05,36681477539.0
2022-03-24 00:00:00,2.443e-05,2.53e-05,2.407e-05,2.469e-05,47087799692.0
2022-03-25 00:00:00,2.469e-05,2.54e-05,2.353e-05,2.411e-05,43622820896.0
2022-03-26 00:00:00,2.411e-05,2.474e-05,2.391e-05,2.441e-05,25540388766.0
2022-03-27 00:00:00,2.441e-05,2.565e-05,2.414e-05,2.558e-05,53365936637.0
2022-03-28 00:00:00,2.558e-05,2.958e-05,2.525e-05,2.645e-05,107090448201.0
2022-03-29 00:00:00,2.645e-05,2.847e-05,2.631e-05,2.734e-05,68903500399.0
2022-03-30 00:00:00,2.734e-05,2.861e-05,2.621e-05,2.745e-05,54629386327.0
2022-03-31 00:00:00,2.745e-05,2.808e-05,2.55e-05,2.578e-05,66976184428.0
2022-04-01 00:00:00,2.578e-05,2.649e-05,2.462e-05,2.614e-05,33004041888.0
2022-04-02 00:00:00,2.614e-05,2.748e-05,2.569e-05,2.582e-05,42858298641.0
2022-04-03 00:00:00,2.582e-05,2.738e-05,2.552e-05,2.681e-05,29020321408.0
2022-04-04 00:00:00,2.681e-05,2.749e-05,2.559e-05,2.645e-05,35499177909.0
2022-04-05 00:00:00,2.645e-05,2.85e-05,2.623e-05,2.677e-05,98271510914.0
2022-04-06 00:00:00,2.677e-05,2.683e-05,2.418e-05,2.433e-05,68553633985.0
2022-04-07 00:00:00,2.433e-05,2.525e-05,2.391e-05,2.477e-05,34604996380.0
2022-04-08 00:00:00,2.477e-05,2.516e-05,2.35e-05,2.382e-05,28769092609.0
2022-04-09 00:00:00,2.382e-05,2.464e-05,2.368e-05,2.46e-05,27401019146.0
2022-04-10 00:00:00,2.46e-05,2.542e-05,2.438e-05,2.44e-05,26385640345.0
2022-04-11 00:00:00,2.44e-05,2.463e-05,2.185e-05,2.217e-05,44083264506.0
2022-04-12 00:00:00,2.217e-05,2.998e-05,2.196e-05,2.691e-05,208907438913.0
2022-04-13 00:00:00,2.691e-05,2.813e-05,2.564e-05,2.694e-05,169062719534.0
2022-04-14 00:00:00,2.694e-05,2.74e-05,2.53e-05,2.577e-05,111640979401.0
2022-04-15 00:00:00,2.577e-05,2.625e-05,2.546e-05,2.59e-05,26757144163.0
2022-04-16 00:00:00,2.59e-05,2.608e-05,2.527e-05,2.558e-05,21331154536.0
2022-04-17 00:00:00,2.558e-05,2.605e-05,2.444e-05,2.468e-05,20337754584.0
2022-04-18 00:00:00,2.468e-05,2.538e-05,2.365e-05,2.523e-05,24916195540.0
2022-04-19 00:00:00,2.523e-05,2.56e-05,2.486e-05,2.543e-05,16469697557.0
2022-04-20 00:00:00,2.543e-05,2.586e-05,2.463e-05,2.482e-05,22331984630.0
2022-04-21 00:00:00,2.482e-05,2.54e-05,2.387e-05,2.434e-05,21973100738.0
2022-04-22 00:00:00,2.434e-05,2.468e-05,2.399e-05,2.432e-05,14363217360.0
2022-04-23 00:00:00,2.432e-05,2.461e-05,2.378e-05,2.41e-05,13084723415.0
2022-04-24 00:00:00,2.41e-05,2.437e-05,2.35e-05,2.395e-05,7797676833.0
2022-04-25 00:00:00,2.395e-05,2.535e-05,2.238e-05,2.432e-05,37380080684.0
2022-04-26 00:00:00,2.432e-05,2.468e-05,2.258e-05,2.298e-05,19354138579.0
2022-04-27 00:00:00,2.298e-05,2.399e-05,2.288e-05,2.342e-05,16797874543.0
2022-04-28 00:00:00,2.342e-05,2.351e-05,2.265e-05,2.294e-05,11117215618.0
2022-04-29 00:00:00,2.294e-05,2.31e-05,2.162e-05,2.222e-05,18440180843.0
2022-04-30 00:00:00,2.222e-05,2.249e-05,1.839e-05,2.015e-05,27564654498.0
2022-05-01 00:00:00,2.015e-05,2.216e-05,1.976e-05,2.156e-05,52534840064.0
2022-05-02 00:00:00,2.156e-05,2.173e-05,2.017e-05,2.065e-05,23545096126.0
2022-05-03 00:00:00,2.065e-05,2.101e-05,1.998e-05,2.032e-05,17440646585.0
2022-05-04 00:00:00,2.032e-05,2.187e-05,2.028e-05,2.18e-05,32335866799.0
2022-05-05 00:00:00,2.18e-05,2.198e-05,1.94e-05,2.03e-05,43913569148.0
2022-05-06 00:00:00,2.03e-05,2.038e-05,1.953e-05,1.999e-05,28021287081.0
2022-05-07 00:00:00,1.999e-05,2.006e-05,1.87e-05,1.93e-05,19789676180.0
2022-05-08 00:00:00,1.93e-05,1.933e-05,1.823e-05,1.845e-05,35233877880.0
2022-05-09 00:00:00,1.845e-05,1.87e-05,1.37e-05,1.399e-05,99000676474.0
2022-05-10 00:00:00,1.399e-05,1.796e-05,1.354e-05,1.617e-05,117365803936.0
2022-05-11 00:00:00,1.617e-05,1.672e-05,1.103e-05,1.201e-05,264854108332.0
2022-05-12 00:00:00,1.201e-05,1.298e-05,9.1e-06,1.083e-05,170935786206.0
2022-05-13 00:00:00,1.083e-05,1.436e-05,1.05e-05,1.285e-05,110057082777.0
2022-05-14 00:00:00,1.285e-05,1.371e-05,1.141e-05,1.255e-05,59866554682.0
2022-05-15 00:00:00,1.255e-05,1.306e-05,1.193e-05,1.305e-05,24799884994.0
2022-05-16 00:00:00,1.305e-05,1.305e-05,1.177e-05,1.199e-05,39939542008.0
2022-05-17 00:00:00,1.199e-05,1.277e-05,1.196e-05,1.256e-05,36379788705.0
2022-05-18 00:00:00,1.256e-05,1.266e-05,1.147e-05,1.15e-05,21080793165.0
2022-05-19 00:00:00,1.15e-05,1.212e-05,1.121e-05,1.183e-05,22953645173.0
2022-05-20 00:00:00,1.183e-05,1.203e-05,1.132e-05,1.163e-05,9109525685.0
2022-05-21 00:00:00,1.163e-05,1.205e-05,1.133e-05,1.175e-05,15508034014.0
2022-05-22 00:00:00,1.175e-05,1.206e-05,1.164e-05,1.191e-05,23350221318.0
2022-05-23 00:00:00,1.191e-05,1.295e-05,1.15e-05,1.168e-05,52082638041.0
2022-05-24 00:00:00,1.168e-05,1.195e-05,1.124e-05,1.173e-05,18473667516.0
2022-05-25 00:00:00,1.173e-05,1.193e-05,1.151e-05,1.161e-05,19690355745.0
2022-05-26 00:00:00,1.161e-05,1.17e-05,1.03e-05,1.058e-05,43357346695.0
2022-05-27 00:00:00,1.058e-05,1.087e-05,1.013e-05,1.044e-05,30014601739.0
2022-05-28 00:00:00,1.044e-05,1.088e-05,1.042e-05,1.078e-05,15422643583.0
2022-05-29 00:00:00,1.078e-05,1.183e-05,1.056e-05,1.151e-05,43614382360.0
2022-05-30 00:00:00,1.151e-05,1.249e-05,1.13e-05,1.219e-05,52958707673.0
2022-05-31 00:00:00,1.219e-05,1.233e-05,1.149e-05,1.173e-05,20941133194.0
2022-06-01 00:00:00,1.173e-05,1.191e-05,1.058e-05,1.088e-05,28107111668.0
2022-06-02 00:00:00,1.088e-05,1.131e-05,1.074e-05,1.121e-05,13272400673.0
2022-06-03 00:00:00,1.121e-05,1.123e-05,1.054e-05,1.084e-05,14134634436.0
2022-06-04 00:00:00,1.084e-05,1.093e-05,1.057e-05,1.089e-05,4028803579.0
2022-06-05 00:00:00,1.089e-05,1.104e-05,1.069e-05,1.08e-05,19142298233.0
2022-06-06 00:00:00,1.08e-05,1.14e-05,1.078e-05,1.106e-05,29492979435.0
2022-06-07 00:00:00,1.106e-05,1.123e-05,1.018e-05,1.073e-05,37779384318.0
2022-06-08 00:00:00,1.073e-05,1.091e-05,1.054e-05,1.059e-05,15754283420.0
2022-06-09 00:00:00,1.059e-05,1.077e-05,1.043e-05,1.057e-05,7263696748.0
2022-06-10 00:00:00,1.057e-05,1.067e-05,1e-05,1.011e-05,17110150535.0
2022-06-11 00:00:00,1.011e-05,1.036e-05,9.13e-06,9.3e-06,37997013004.0
2022-06-12 00:00:00,9.3e-06,9.49e-06,8.39e-06,8.61e-06,35136821899.0
2022-06-13 00:00:00,8.61e-06,8.76e-06,7.42e-06,8.05e-06,76860355204.0
2022-06-14 00:00:00,8.05e-06,8.55e-06,7.52e-06,8.18e-06,46964061570.0
2022-06-15 00:00:00,8.18e-06,8.89e-06,7.6e-06,8.82e-06,48011826138.0
2022-06-16 00:00:00,8.82e-06,8.94e-06,7.86e-06,7.97e-06,27562116621.0
2022-06-17 00:00:00,7.97e-06,8.31e-06,7.94e-06,8.19e-06,25830241673.0
2022-06-18 00:00:00,8.19e-06,8.27e-06,7.14e-06,7.72e-06,73432995821.0
2022-06-19 00:00:00,7.72e-06,8.34e-06,7.4e-06,8.22e-06,60874885745.0
2022-06-20 00:00:00,8.22e-06,8.32e-06,7.88e-06,8.1141e-06,27980438383.3
2022-06-21 00:00:00,8.1141e-06,1.19905e-05,8.0386e-06,1.06281e-05,152037889553.5
2022-06-22 00:00:00,1.06281e-05,1.08097e-05,9.28e-06,9.6562e-06,83871385485.3
2022-06-23 00:00:00,9.6562e-06,1.04239e-05,9.6184e-06,1.03e-05,29617826531.3
2022-06-24 00:00:00,1.03e-05,1.121e-05,1.00525e-05,1.08125e-05,57440369956.6
2022-06-25 00:00:00,1.08125e-05,1.2e-05,1.07177e-05,1.18139e-05,58039720549.5
2022-06-26 00:00:00,1.18139e-05,1.20799e-05,1.09501e-05,1.09501e-05,41544652984.5
2022-06-27 00:00:00,1.09501e-05,1.17359e-05,1.079e-05,1.103e-05,35590102213.3
2022-06-28 00:00:00,1.103e-05,1.11848e-05,9.8829e-06,9.9759e-06,39303326579.8
2022-06-29 00:00:00,9.9759e-06,1.06892e-05,9.5403e-06,1.02063e-05,32700958110.1
2022-06-30 00:00:00,1.02063e-05,1.04969e-05,9.62e-06,1.03509e-05,81899495152.9
2022-07-01 00:00:00,1.03509e-05,1.05972e-05,9.9139e-06,1.002e-05,39196924395.3
2022-07-02 00:00:00,1.002e-05,1.0189e-05,9.8757e-06,1.00682e-05,21204049818.1
2022-07-03 00:00:00,1.00682e-05,1.01259e-05,9.7799e-06,1.00316e-05,43215344851.5
2022-07-04 00:00:00,1.00316e-05,1.0566e-05,9.9476e-06,1.04841e-05,73676658138.4
2022-07-05 00:00:00,1.04841e-05,1.09698e-05,1.00153e-05,1.03427e-05,57003499643.2
2022-07-06 00:00:00,1.03427e-05,1.05337e-05,1.01651e-05,1.046e-05,28645360364.2
2022-07-07 00:00:00,1.046e-05,1.15193e-05,1.0449e-05,1.12761e-05,78893827494.2
2022-07-08 00:00:00,1.12761e-05,1.1582e-05,1.07151e-05,1.11851e-05,83455446706.8
2022-07-09 00:00:00,1.11851e-05,1.189e-05,1.10213e-05,1.16195e-05,60998174366.4
2022-07-10 00:00:00,1.16195e-05,1.16649e-05,1.09351e-05,1.12039e-05,53014223004.3
2022-07-11 00:00:00,1.12039e-05,1.12039e-05,1.02076e-05,1.02996e-05,65272545813.5
2022-07-12 00:00:00,1.02996e-05,1.05525e-05,9.88e-06,9.8812e-06,66243591002.7
2022-07-13 00:00:00,9.8812e-06,1.05542e-05,9.7719e-06,1.05393e-05,62840052808.3
2022-07-14 00:00:00,1.05393e-05,1.07029e-05,1.0138e-05,1.06e-05,50540473944.5
2022-07-15 00:00:00,1.06e-05,1.11728e-05,1.05025e-05,1.08171e-05,41068252618.2
2022-07-16 00:00:00,1.08171e-05,1.121e-05,1.05235e-05,1.10339e-05,36516567680.6
2022-07-17 00:00:00,1.10339e-05,1.11734e-05,1.06701e-05,1.07124e-05,72242939785.6
2022-07-18 00:00:00,1.07124e-05,1.26216e-05,1.071e-05,1.19675e-05,117569828427.1
2022-07-19 00:00:00,1.19675e-05,1.24703e-05,1.14242e-05,1.2163e-05,81714707877.6
2022-07-20 00:00:00,1.2163e-05,1.31462e-05,1.16526e-05,1.1905e-05,72930155989.1
2022-07-21 00:00:00,1.1905e-05,1.217e-05,1.14647e-05,1.19775e-05,23986985399.3
2022-07-22 00:00:00,1.19775e-05,1.24032e-05,1.15887e-05,1.16973e-05,15531515358.9
2022-07-23 00:00:00,1.16973e-05,1.20782e-05,1.13129e-05,1.16359e-05,10074934122.0
2022-07-24 00:00:00,1.16359e-05,1.18672e-05,1.15475e-05,1.15912e-05,43578087507.2
2022-07-25 00:00:00,1.15912e-05,1.16395e-05,1.06705e-05,1.06705e-05,12800280623.8
2022-07-26 00:00:00,1.06705e-05,1.08937e-05,1.03066e-05,1.08864e-05,30210845680.1
2022-07-27 00:00:00,1.08864e-05,1.1579e-05,1.05444e-05,1.15274e-05,72533430976.9
2022-07-28 00:00:00,1.15274e-05,1.22199e-05,1.10221e-05,1.18581e-05,65959883562.1
2022-07-29 00:00:00,1.18581e-05,1.23273e-05,1.14406e-05,1.17336e-05,42684433184.9
2022-07-30 00:00:00,1.17336e-05,1.26225e-05,1.1585e-05,1.19105e-05,51844517067.6
2022-07-31 00:00:00,1.19105e-05,1.22759e-05,1.16663e-05,1.1702e-05,23386665808.1
2022-08-01 00:00:00,1.1702e-05,1.27352e-05,1.16625e-05,1.19331e-05,47229231466.6
2022-08-02 00:00:00,1.19331e-05,1.20736e-05,1.14625e-05,1.17311e-05,30976156965.6
2022-08-03 00:00:00,1.17311e-05,1.21342e-05,1.1588e-05,1.18467e-05,25251823987.4
2022-08-04 00:00:00,1.18467e-05,1.20035e-05,1.16642e-05,1.18335e-05,23574640393.2
2022-08-05 00:00:00,1.18335e-05,1.21973e-05,1.17938e-05,1.21463e-05,22170484117.8
2022-08-06 00:00:00,1.21463e-05,1.22853e-05,1.19433e-05,1.1954e-05,18183187102.0
2022-08-07 00:00:00,1.1954e-05,1.21513e-05,1.1828e-05,1.20427e-05,14554001261.7
2022-08-08 00:00:00,1.20427e-05,1.26934e-05,1.20367e-05,1.22874e-05,31271170590.3
2022-08-09 00:00:00,1.22874e-05,1.28397e-05,1.1688e-05,1.20414e-05,64078730871.8
2022-08-10 00:00:00,1.20414e-05,1.24836e-05,1.17487e-05,1.23769e-05,38690887324.6
2022-08-11 00:00:00,1.23769e-05,1.29e-05,1.22272e-05,1.23204e-05,46672290810.4
2022-08-12 00:00:00,1.23204e-05,1.26996e-05,1.21793e-05,1.26861e-05,18032223098.4
2022-08-13 00:00:00,1.26861e-05,1.29577e-05,1.25044e-05,1.26078e-05,27939494099.6
2022-08-14 00:00:00,1.26078e-05,1.79e-05,1.26046e-05,1.69116e-05,260168541985.3
2022-08-15 00:00:00,1.69116e-05,1.76853e-05,1.50791e-05,1.52647e-05,176189129519.8
2022-08-16 00:00:00,1.52647e-05,1.66441e-05,1.51e-05,1.58116e-05,154313746158.4
2022-08-17 00:00:00,1.58116e-05,1.64381e-05,1.45e-05,1.4781e-05,124464478601.7
2022-08-18 00:00:00,1.4781e-05,1.49914e-05,1.31955e-05,1.34647e-05,59512936400.7
2022-08-19 00:00:00,1.34647e-05,1.40431e-05,1.26557e-05,1.3172e-05,101658383636.4
2022-08-20 00:00:00,1.3172e-05,1.38491e-05,1.25051e-05,1.28713e-05,47205712982.7
2022-08-21 00:00:00,1.28713e-05,1.377e-05,1.282e-05,1.34729e-05,21769169008.8
2022-08-22 00:00:00,1.34729e-05,1.34856e-05,1.27672e-05,1.31696e-05,26522904557.5
2022-08-23 00:00:00,1.31696e-05,1.33869e-05,1.28033e-05,1.33021e-05,17625962035.9
2022-08-24 00:00:00,1.33021e-05,1.35746e-05,1.29504e-05,1.30404e-05,26133169580.3
2022-08-25 00:00:00,1.30404e-05,1.48088e-05,1.30404e-05,1.39146e-05,78228685457.6
2022-08-26 00:00:00,1.39146e-05,1.40419e-05,1.23032e-05,1.24023e-05,41316124017.7
2022-08-27 00:00:00,1.24023e-05,1.25727e-05,1.18652e-05,1.216e-05,16736287024.0
2022-08-28 00:00:00,1.216e-05,1.24496e-05,1.17211e-05,1.17271e-05,11991823079.4
2022-08-29 00:00:00,1.17271e-05,1.25231e-05,1.17e-05,1.2489e-05,10206537430.9
2022-08-30 00:00:00,1.2489e-05,1.27594e-05,1.19283e-05,1.21581e-05,11386814009.5
2022-08-31 00:00:00,1.21581e-05,1.25715e-05,1.20175e-05,1.20903e-05,21276202717.6
2022-09-01 00:00:00,1.20903e-05,1.24535e-05,1.18634e-05,1.2265e-05,20555965439.6
2022-09-02 00:00:00,1.2265e-05,1.24798e-05,1.20228e-05,1.21626e-05,14425045186.8
2022-09-03 00:00:00,1.21626e-05,1.245e-05,1.21e-05,1.2314e-05,10207373611.9
2022-09-04 00:00:00,1.2314e-05,1.33786e-05,1.22693e-05,1.28296e-05,52074119628.0
2022-09-05 00:00:00,1.28296e-05,1.29256e-05,1.22281e-05,1.2589e-05,29074617216.2
2022-09-06 00:00:00,1.2589e-05,1.29099e-05,1.17076e-05,1.19971e-05,36445430625.8
2022-09-07 00:00:00,1.19971e-05,1.23906e-05,1.175e-05,1.2248e-05,26586014918.3
2022-09-08 00:00:00,1.2248e-05,1.24963e-05,1.19835e-05,1.22299e-05,24085118819.8
2022-09-09 00:00:00,1.22299e-05,1.39177e-05,1.22052e-05,1.29151e-05,89713127850.7
2022-09-10 00:00:00,1.29151e-05,1.35801e-05,1.273e-05,1.32483e-05,58512755769.0
2022-09-11 00:00:00,1.32483e-05,1.349e-05,1.25e-05,1.29954e-05,38997512678.7
2022-09-12 00:00:00,1.29954e-05,1.32365e-05,1.25e-05,1.28605e-05,58620009081.9
2022-09-13 00:00:00,1.28605e-05,1.30478e-05,1.1904e-05,1.20906e-05,100429044932.5
2022-09-14 00:00:00,1.20906e-05,1.24461e-05,1.1929e-05,1.22033e-05,41854105130.6
2022-09-15 00:00:00,1.22033e-05,1.225e-05,1.14923e-05,1.16768e-05,34453949377.5
2022-09-16 00:00:00,1.16768e-05,1.18138e-05,1.12949e-05,1.15746e-05,34142147058.1
2022-09-17 00:00:00,1.15746e-05,1.20047e-05,1.15746e-05,1.19264e-05,25293454425.7
2022-09-18 00:00:00,1.19264e-05,1.19737e-05,9.8909e-06,1.06048e-05,41359769811.4
2022-09-19 00:00:00,1.06048e-05,1.11075e-05,1.05277e-05,1.0967e-05,68527194507.3
2022-09-20 00:00:00,1.0967e-05,1.10422e-05,1.04715e-05,1.05156e-05,72293432539.1
2022-09-21 00:00:00,1.05156e-05,1.10928e-05,1.01281e-05,1.04107e-05,81887476020.3
2022-09-22 00:00:00,1.04107e-05,1.09371e-05,1.03354e-05,1.08361e-05,67449537608.0
2022-09-23 00:00:00,1.08361e-05,1.134e-05,1.04921e-05,1.10702e-05,60714265712.8
2022-09-24 00:00:00,1.10702e-05,1.21712e-05,1.09579e-05,1.12423e-05,88447216858.4
2022-09-25 00:00:00,1.12423e-05,1.1561e-05,1.08694e-05,1.10037e-05,41736841297.8
2022-09-26 00:00:00,1.10037e-05,1.12259e-05,1.07847e-05,1.1118e-05,25820227648.4
2022-09-27 00:00:00,1.1118e-05,1.15453e-05,1.08447e-05,1.11212e-05,55564206887.4
2022-09-28 00:00:00,1.11212e-05,1.155e-05,1.0725e-05,1.10866e-05,50919539366.0
2022-09-29 00:00:00,1.10866e-05,1.12237e-05,1.09065e-05,1.11332e-05,41276277163.3
2022-09-30 00:00:00,1.11332e-05,1.15e-05,1.10395e-05,1.13212e-05,96779209816.3
2022-10-01 00:00:00,1.13212e-05,1.1484e-05,1.10823e-05,1.11571e-05,40203435909.2
2022-10-02 00:00:00,1.11571e-05,1.12166e-05,1.07827e-05,1.09419e-05,30275023411.6
2022-10-03 00:00:00,1.09419e-05,1.12403e-05,1.0833e-05,1.11668e-05,45977085633.1
2022-10-04 00:00:00,1.11668e-05,1.17125e-05,1.10984e-05,1.1599e-05,73933099878.4
2022-10-05 00:00:00,1.1599e-05,1.17768e-05,1.11426e-05,1.14456e-05,80639853468.4
2022-10-06 00:00:00,1.14456e-05,1.16164e-05,1.10916e-05,1.1185e-05,66029839888.2
2022-10-07 00:00:00,1.1185e-05,1.12325e-05,1.09114e-05,1.11074e-05,49312567743.3
2022-10-08 00:00:00,1.11074e-05,1.11522e-05,1.082e-05,1.09896e-05,26840552006.2
2022-10-09 00:00:00,1.09896e-05,1.1095e-05,1.09616e-05,1.10416e-05,19608910668.6
2022-10-10 00:00:00,1.10416e-05,1.11119e-05,9.8831e-06,1.0229e-05,43487649307.8
2022-10-11 00:00:00,1.0229e-05,1.04104e-05,9.7141e-06,1.02361e-05,56366083158.1
2022-10-12 00:00:00,1.02361e-05,1.04033e-05,1.00536e-05,1.01558e-05,41384828791.8
2022-10-13 00:00:00,1.01558e-05,1.08e-05,9.05e-06,1.03965e-05,97706812849.8
2022-10-14 00:00:00,1.03965e-05,1.074e-05,9.9774e-06,1.01818e-05,85924307303.4
2022-10-15 00:00:00,1.01818e-05,1.05107e-05,1.00104e-05,1.02103e-05,44245937300.8
2022-10-16 00:00:00,1.02103e-05,1.0378e-05,1.01692e-05,1.02687e-05,25159437862.8
2022-10-17 00:00:00,1.02687e-05,1.04566e-05,1.02108e-05,1.03887e-05,21885220834.4
2022-10-18 00:00:00,1.03887e-05,1.04989e-05,9.9991e-06,1.01712e-05,48160247737.6
2022-10-19 00:00:00,1.01712e-05,1.0184e-05,9.419e-06,9.8596e-06,33409170273.3
2022-10-20 00:00:00,9.8596e-06,1.01277e-05,9.7843e-06,9.9044e-06,33376241488.7
2022-10-21 00:00:00,9.9044e-06,1.0054e-05,9.5967e-06,1.00101e-05,40099286400.9
2022-10-22 00:00:00,1.00101e-05,1.0084e-05,9.9152e-06,1.0006e-05,22216469210.9
2022-10-23 00:00:00,1.0006e-05,1.01872e-05,9.8612e-06,1.01641e-05,19479780776.5
2022-10-24 00:00:00,1.01641e-05,1.01863e-05,9.8473e-06,9.9312e-06,23162362812.8
2022-10-25 00:00:00,9.9312e-06,1.04e-05,9.841e-06,1.02078e-05,29777026175.4
2022-10-26 00:00:00,1.02078e-05,1.08697e-05,1.01844e-05,1.07812e-05,53921769449.3
2022-10-27 00:00:00,1.07812e-05,1.18379e-05,1.05582e-05,1.06386e-05,119324996614.1
2022-10-28 00:00:00,1.06386e-05,1.22246e-05,1.03212e-05,1.1702e-05,171742153783.6
2022-10-29 00:00:00,1.1702e-05,1.51671e-05,1.15364e-05,1.29252e-05,339522315669.3
2022-10-30 00:00:00,1.29252e-05,1.392e-05,1.15833e-05,1.19209e-05,217068510278.9
2022-10-31 00:00:00,1.19209e-05,1.31725e-05,1.17007e-05,1.24432e-05,142516205902.3
2022-11-01 00:00:00,1.24432e-05,1.35349e-05,1.2269e-05,1.28461e-05,174719584557.2
2022-11-02 00:00:00,1.28461e-05,1.29806e-05,1.14791e-05,1.176e-05,190587733102.7
2022-11-03 00:00:00,1.176e-05,1.2384e-05,1.16149e-05,1.174e-05,91811105387.7
2022-11-04 00:00:00,1.174e-05,1.36432e-05,1.15783e-05,1.25099e-05,214002355124.8
2022-11-05 00:00:00,1.25099e-05,1.31756e-05,1.2125e-05,1.246e-05,110725082011.5
2022-11-06 00:00:00,1.246e-05,1.29071e-05,1.1754e-05,1.18475e-05,126345517444.6
2022-11-07 00:00:00,1.18475e-05,1.21083e-05,1.14819e-05,1.17909e-05,89906594402.3
2022-11-08 00:00:00,1.17909e-05,1.19e-05,9.2033e-06,1.018e-05,201906280121.8
2022-11-09 00:00:00,1.018e-05,1.03022e-05,8.2584e-06,8.736e-06,161978625570.0
2022-11-10 00:00:00,8.736e-06,1.05016e-05,8.6348e-06,1.022e-05,132656391979.8
2022-11-11 00:00:00,1.022e-05,1.04615e-05,9.37e-06,9.8701e-06,71125356915.3
2022-11-12 00:00:00,9.8701e-06,9.9254e-06,9.2624e-06,9.57e-06,97755146307.8
2022-11-13 00:00:00,9.57e-06,9.8096e-06,8.8797e-06,9.0299e-06,64006445582.4
2022-11-14 00:00:00,9.0299e-06,9.4e-06,8.5575e-06,9.0999e-06,27197180963.0
2022-11-15 00:00:00,9.0999e-06,9.5462e-06,9.0174e-06,9.2602e-06,22732716910.6
2022-11-16 00:00:00,9.2602e-06,9.6549e-06,8.9694e-06,9.1501e-06,64327327859.5
2022-11-17 00:00:00,9.1501e-06,9.2179e-06,8.9268e-06,9.0417e-06,12457881771.9
2022-11-18 00:00:00,9.0417e-06,9.25e-06,8.9899e-06,9.1004e-06,7369973514.1
2022-11-19 00:00:00,9.1004e-06,9.245e-06,8.9427e-06,9.1696e-06,7389860263.3
2022-11-20 00:00:00,9.1696e-06,9.23e-06,8.6761e-06,8.7811e-06,21598516921.9
2022-11-21 00:00:00,8.7811e-06,8.7811e-06,8.25e-06,8.4108e-06,20752790254.3
2022-11-22 00:00:00,8.4108e-06,8.8341e-06,8.1826e-06,8.7903e-06,14624301058.6
2022-11-23 00:00:00,8.7903e-06,9.1001e-06,8.7577e-06,9.05e-06,14170975557.2
2022-11-24 00:00:00,9.05e-06,9.19e-06,8.9012e-06,9.0199e-06,20470056109.2
2022-11-25 00:00:00,9.0199e-06,9.49e-06,8.8503e-06,9.1706e-06,40170684896.6
2022-11-26 00:00:00,9.1706e-06,9.3656e-06,8.9235e-06,9.025e-06,20652391872.8
2022-11-27 00:00:00,9.025e-06,9.6282e-06,9.0005e-06,9.2514e-06,46236152577.7
2022-11-28 00:00:00,9.2514e-06,9.3556e-06,8.75e-06,9.09e-06,16835686384.3
2022-11-29 00:00:00,9.09e-06,9.2999e-06,8.99e-06,9.08e-06,14706976514.6
2022-11-30 00:00:00,9.08e-06,9.3994e-06,9.0398e-06,9.3298e-06,35410844795.5
2022-12-01 00:00:00,9.3298e-06,9.37e-06,9.1017e-06,9.1901e-06,14737438342.4
2022-12-02 00:00:00,9.1901e-06,9.34e-06,9.0935e-06,9.34e-06,13761885631.9
2022-12-03 00:00:00,9.34e-06,9.48e-06,9.15e-06,9.2199e-06,11192413034.3
2022-12-04 00:00:00,9.2199e-06,9.3808e-06,9.1801e-06,9.3699e-06,8524770779.9
2022-12-05 00:00:00,9.3699e-06,1.0142e-05,9.2672e-06,9.4298e-06,31442531332.0
2022-12-06 00:00:00,9.4298e-06,9.4616e-06,9.2e-06,9.3219e-06,10447572970.3
2022-12-07 00:00:00,9.3219e-06,9.3501e-06,8.9523e-06,9.11e-06,16756267575.5
2022-12-08 00:00:00,9.11e-06,9.3261e-06,9.063e-06,9.265e-06,12994754541.7
2022-12-09 00:00:00,9.265e-06,9.37e-06,9.16e-06,9.2139e-06,12601482345.2
2022-12-10 00:00:00,9.2139e-06,9.3e-06,9.15e-06,9.1802e-06,6873029913.9
2022-12-11 00:00:00,9.1802e-06,9.2896e-06,9.075e-06,9.1199e-06,6071753642.7
2022-12-12 00:00:00,9.1199e-06,9.1199e-06,8.4584e-06,8.98e-06,13268216548.4
2022-12-13 00:00:00,8.98e-06,9.3464e-06,8.633e-06,9.164e-06,37254856537.8
2022-12-14 00:00:00,9.164e-06,9.28e-06,8.8886e-06,8.96e-06,41419117339.5
2022-12-15 00:00:00,8.96e-06,8.9908e-06,8.7577e-06,8.8561e-06,13301395072.9
2022-12-16 00:00:00,8.8561e-06,9.0172e-06,8.0433e-06,8.2e-06,31330232419.6
2022-12-17 00:00:00,8.2e-06,8.3536e-06,8.008e-06,8.3e-06,23821400104.9
2022-12-18 00:00:00,8.3e-06,9.029e-06,8.2101e-06,8.5366e-06,71750566013.8
2022-12-19 00:00:00,8.5366e-06,8.78e-06,7.919e-06,8.141e-06,92743119781.5
2022-12-20 00:00:00,8.141e-06,8.4843e-06,8.1408e-06,8.4634e-06,19016441574.1
2022-12-21 00:00:00,8.4634e-06,8.4842e-06,8.1733e-06,8.25e-06,10269417695.5
2022-12-22 00:00:00,8.25e-06,8.4242e-06,8.1826e-06,8.3599e-06,19153029490.3
2022-12-23 00:00:00,8.3599e-06,8.416e-06,8.2217e-06,8.2603e-06,19389697583.8
2022-12-24 00:00:00,8.2603e-06,8.3455e-06,8.2477e-06,8.3299e-06,12578433236.1
2022-12-25 00:00:00,8.3299e-06,8.38e-06,8.1866e-06,8.2814e-06,13310108627.2
2022-12-26 00:00:00,8.2814e-06,8.3496e-06,8.255e-06,8.31e-06,14571468350.2
2022-12-27 00:00:00,8.31e-06,8.3562e-06,8.0403e-06,8.2066e-06,29538311847.3
2022-12-28 00:00:00,8.2066e-06,8.2066e-06,7.7914e-06,7.9124e-06,36877588611.7
2022-12-29 00:00:00,7.9124e-06,8.288e-06,7.88e-06,8.2035e-06,35587199874.9
2022-12-30 00:00:00,8.2035e-06,8.2249e-06,7.9328e-06,8.0472e-06,21396799487.8
2022-12-31 00:00:00,8.0472e-06,8.1814e-06,8.0191e-06,8.0715e-06,21445363353.8
2023-01-01 00:00:00,8.0715e-06,8.1477e-06,8e-06,8.1284e-06,12893413453.5
2023-01-02 00:00:00,8.1284e-06,8.25e-06,8.0291e-06,8.1812e-06,18996427809.2
2023-01-03 00:00:00,8.1812e-06,8.2212e-06,8.05e-06,8.1454e-06,20669130175.6
2023-01-04 00:00:00,8.1454e-06,8.5113e-06,8.1233e-06,8.3972e-06,31836315440.6
2023-01-05 00:00:00,8.3972e-06,8.8126e-06,8.2511e-06,8.37e-06,46879145433.9
2023-01-06 00:00:00,8.37e-06,8.4742e-06,8.1791e-06,8.4289e-06,22008829094.7
2023-01-07 00:00:00,8.4289e-06,8.7028e-06,8.3764e-06,8.4254e-06,20937087773.9
2023-01-08 00:00:00,8.4254e-06,8.69e-06,8.3241e-06,8.6495e-06,15520899313.8
2023-01-09 00:00:00,8.6495e-06,9.2e-06,8.575e-06,8.6893e-06,45367164682.4
2023-01-10 00:00:00,8.6893e-06,9.6514e-06,8.549e-06,9.25e-06,73432149874.2
2023-01-11 00:00:00,9.25e-06,9.2564e-06,8.6584e-06,9.1425e-06,52244794985.5
2023-01-12 00:00:00,9.1425e-06,9.6718e-06,8.824e-06,9.4574e-06,90119451896.2
2023-01-13 00:00:00,9.4574e-06,1.02734e-05,9.2888e-06,1.02e-05,61253150678.5
2023-01-14 00:00:00,1.02e-05,1.11032e-05,9.5566e-06,1.03907e-05,123697227302.5
2023-01-15 00:00:00,1.03907e-05,1.1009e-05,9.796e-06,1.06648e-05,88439490707.5
2023-01-16 00:00:00,1.06648e-05,1.10289e-05,1.00659e-05,1.05239e-05,79126876237.1
2023-01-17 00:00:00,1.05239e-05,1.08063e-05,1.02674e-05,1.05433e-05,135563378638.0
2023-01-18 00:00:00,1.05433e-05,1.2921e-05,1.05433e-05,1.118e-05,444928039490.2
2023-01-19 00:00:00,1.118e-05,1.178e-05,1.08031e-05,1.15275e-05,67325100278.4
2023-01-20 00:00:00,1.15275e-05,1.24221e-05,1.1336e-05,1.22295e-05,87918569833.2
2023-01-21 00:00:00,1.22295e-05,1.24971e-05,1.17671e-05,1.18701e-05,75340152818.8
2023-01-22 00:00:00,1.18701e-05,1.24913e-05,1.158e-05,1.19872e-05,70793400596.0
2023-01-23 00:00:00,1.19872e-05,1.21965e-05,1.18095e-05,1.2005e-05,58912290846.4
2023-01-24 00:00:00,1.2005e-05,1.21987e-05,1.08561e-05,1.11777e-05,41766062200.6
2023-01-25 00:00:00,1.11777e-05,1.1953e-05,1.08604e-05,1.16295e-05,57925503191.6
2023-01-26 00:00:00,1.16295e-05,1.18663e-05,1.13825e-05,1.16214e-05,36320460451.8
2023-01-27 00:00:00,1.16214e-05,1.1874e-05,1.12975e-05,1.17352e-05,33128398211.3
2023-01-28 00:00:00,1.17352e-05,1.232e-05,1.16387e-05,1.18213e-05,46309743855.6
2023-01-29 00:00:00,1.18213e-05,1.216e-05,1.174e-05,1.20687e-05,45380917040.2
2023-01-30 00:00:00,1.20687e-05,1.214e-05,1.11417e-05,1.15125e-05,42542016875.2
2023-01-31 00:00:00,1.15125e-05,1.19979e-05,1.14564e-05,1.18172e-05,54463562746.0
2023-02-01 00:00:00,1.18172e-05,1.20663e-05,1.13113e-05,1.19692e-05,47974822865.0
2023-02-02 00:00:00,1.19692e-05,1.3e-05,1.162e-05,1.21147e-05,142009868767.2
2023-02-03 00:00:00,1.21147e-05,1.29184e-05,1.20529e-05,1.27287e-05,60152929873.6
2023-02-04 00:00:00,1.27287e-05,1.574e-05,1.271e-05,1.47077e-05,314090804033.4
2023-02-05 00:00:00,1.47077e-05,1.53402e-05,1.397e-05,1.43061e-05,166668838843.6
2023-02-06 00:00:00,1.43061e-05,1.57395e-05,1.36199e-05,1.4066e-05,135215971183.9
2023-02-07 00:00:00,1.4066e-05,1.44994e-05,1.27202e-05,1.43838e-05,88277363049.6
2023-02-08 00:00:00,1.43838e-05,1.4536e-05,1.34851e-05,1.37559e-05,65408202995.3
2023-02-09 00:00:00,1.37559e-05,1.38322e-05,1.16994e-05,1.21552e-05,101365437350.2
2023-02-10 00:00:00,1.21552e-05,1.33155e-05,1.2106e-05,1.28798e-05,81841794036.0
2023-02-11 00:00:00,1.28798e-05,1.3096e-05,1.23892e-05,1.29106e-05,41842896027.5
2023-02-12 00:00:00,1.29106e-05,1.35148e-05,1.25755e-05,1.28299e-05,60999555746.8
2023-02-13 00:00:00,1.28299e-05,1.30571e-05,1.1981e-05,1.2452e-05,44689452793.2
2023-02-14 00:00:00,1.2452e-05,1.28268e-05,1.20932e-05,1.27617e-05,37150006406.3
2023-02-15 00:00:00,1.27617e-05,1.38799e-05,1.2544e-05,1.3728e-05,89582805717.4
2023-02-16 00:00:00,1.3728e-05,1.49898e-05,1.25426e-05,1.26927e-05,262132284390.9
2023-02-17 00:00:00,1.26927e-05,1.354e-05,1.2627e-05,1.3176e-05,126795776989.7
2023-02-18 00:00:00,1.3176e-05,1.34089e-05,1.298e-05,1.31771e-05,76932675813.5
2023-02-19 00:00:00,1.31771e-05,1.40185e-05,1.31e-05,1.33367e-05,85278239446.6
2023-02-20 00:00:00,1.33367e-05,1.37653e-05,1.3005e-05,1.34898e-05,59118969991.8
2023-02-21 00:00:00,1.34898e-05,1.36247e-05,1.28158e-05,1.30474e-05,45097024249.5
2023-02-22 00:00:00,1.30474e-05,1.31574e-05,1.20481e-05,1.3141e-05,49203469253.6
2023-02-23 00:00:00,1.3141e-05,1.36677e-05,1.29529e-05,1.314e-05,69600848120.5
2023-02-24 00:00:00,1.314e-05,1.32167e-05,1.22109e-05,1.25372e-05,54828974350.3
2023-02-25 00:00:00,1.25372e-05,1.26406e-05,1.19632e-05,1.24016e-05,32064930269.0
2023-02-26 00:00:00,1.24016e-05,1.32283e-05,1.23353e-05,1.2839e-05,48209224534.3
2023-02-27 00:00:00,1.2839e-05,1.28789e-05,1.23384e-05,1.25095e-05,41424141406.1
2023-02-28 00:00:00,1.25095e-05,1.25412e-05,1.19539e-05,1.20044e-05,31642696988.6
2023-03-01 00:00:00,1.20044e-05,1.24292e-05,1.19186e-05,1.22521e-05,30631072767.6
2023-03-02 00:00:00,1.22521e-05,1.22965e-05,1.17298e-05,1.20575e-05,51519656490.5
2023-03-03 00:00:00,1.20575e-05,1.20665e-05,1.07271e-05,1.13713e-05,97269272511.6
2023-03-04 00:00:00,1.13713e-05,1.22406e-05,1.07714e-05,1.11295e-05,203826741251.6
2023-03-05 00:00:00,1.11295e-05,1.13095e-05,1.1004e-05,1.10934e-05,68338840482.5
2023-03-06 00:00:00,1.10934e-05,1.12313e-05,1.08691e-05,1.11464e-05,119707017854.7
2023-03-07 00:00:00,1.11464e-05,1.13032e-05,1.05885e-05,1.1125e-05,163605417268.5
2023-03-08 00:00:00,1.1125e-05,1.16834e-05,1.07197e-05,1.09348e-05,265554634425.4
2023-03-09 00:00:00,1.09348e-05,1.115e-05,9.813e-06,1.00787e-05,260066282530.3
2023-03-10 00:00:00,1.00787e-05,1.03531e-05,9.6543e-06,1.02728e-05,329698673996.0
2023-03-11 00:00:00,1.02728e-05,1.0514e-05,9.8613e-06,1.02832e-05,92361031594.0
2023-03-12 00:00:00,1.02832e-05,1.0808e-05,1.00066e-05,1.07195e-05,81195139427.0
2023-03-13 00:00:00,1.07195e-05,1.12071e-05,1.03835e-05,1.10278e-05,98862490888.9
2023-03-14 00:00:00,1.10278e-05,1.17853e-05,1.08248e-05,1.12596e-05,299032451856.4
2023-03-15 00:00:00,1.12596e-05,1.14176e-05,1.01401e-05,1.0388e-05,450206375337.9
2023-03-16 00:00:00,1.0388e-05,1.05961e-05,1.019e-05,1.04995e-05,410170060792.6
2023-03-17 00:00:00,1.04995e-05,1.12e-05,1.04232e-05,1.11222e-05,404613162452.3
2023-03-18 00:00:00,1.11222e-05,1.13689e-05,1.06149e-05,1.07086e-05,539663479569.0
2023-03-19 00:00:00,1.07086e-05,1.11503e-05,1.06808e-05,1.09095e-05,451506229888.7
2023-03-20 00:00:00,1.09095e-05,1.10204e-05,1.033e-05,1.04471e-05,590945851453.2
2023-03-21 00:00:00,1.04471e-05,1.109e-05,1.02828e-05,1.09358e-05,556818893382.6
2023-03-22 00:00:00,1.09358e-05,1.10448e-05,1.02338e-05,1.05698e-05,541931739318.0
2023-03-23 00:00:00,1.05698e-05,1.09486e-05,1.05349e-05,1.08444e-05,335548427255.8
2023-03-24 00:00:00,1.08444e-05,1.08722e-05,1.03527e-05,1.06096e-05,358872427947.9
2023-03-25 00:00:00,1.06096e-05,1.07106e-05,1.03531e-05,1.05072e-05,324414964877.8
2023-03-26 00:00:00,1.05072e-05,1.06895e-05,1.04698e-05,1.06139e-05,317675709551.1
2023-03-27 00:00:00,1.06139e-05,1.09845e-05,1.01816e-05,1.04019e-05,566244871012.9
2023-03-28 00:00:00,1.04019e-05,1.05118e-05,1.02639e-05,1.04524e-05,349801954222.8
2023-03-29 00:00:00,1.04524e-05,1.08648e-05,1.04344e-05,1.06829e-05,347550724028.0
2023-03-30 00:00:00,1.06829e-05,1.08e-05,1.03918e-05,1.05646e-05,378390605648.6
2023-03-31 00:00:00,1.05646e-05,1.09594e-05,1.04666e-05,1.08321e-05,456441783661.1
2023-04-01 00:00:00,1.08321e-05,1.15217e-05,1.06444e-05,1.11777e-05,752057123557.6
2023-04-02 00:00:00,1.11777e-05,1.14876e-05,1.06907e-05,1.07837e-05,538697220227.6
2023-04-03 00:00:00,1.07837e-05,1.16578e-05,1.04925e-05,1.12267e-05,853443381071.5
2023-04-04 00:00:00,1.12267e-05,1.15908e-05,1.10643e-05,1.122e-05,664459437026.5
2023-04-05 00:00:00,1.122e-05,1.14733e-05,1.10281e-05,1.12248e-05,560216719887.9
2023-04-06 00:00:00,1.12248e-05,1.1242e-05,1.0836e-05,1.09591e-05,495043483048.9
2023-04-07 00:00:00,1.09591e-05,1.10118e-05,1.0811e-05,1.09265e-05,281638949673.1
2023-04-08 00:00:00,1.09265e-05,1.10609e-05,1.07795e-05,1.08589e-05,284905744708.0
2023-04-09 00:00:00,1.08589e-05,1.10023e-05,1.08031e-05,1.09529e-05,718798913954.5
2023-04-10 00:00:00,1.09529e-05,1.11549e-05,1.08507e-05,1.11256e-05,817399610169.6
2023-04-11 00:00:00,1.11256e-05,1.11858e-05,1.10063e-05,1.10379e-05,1130455592130.5
2023-04-12 00:00:00,1.10379e-05,1.10822e-05,1.05751e-05,1.09663e-05,1311814395623.6
2023-04-13 00:00:00,1.09663e-05,1.12224e-05,1.08893e-05,1.10974e-05,1148760239373.9
2023-04-14 00:00:00,1.10974e-05,1.14884e-05,1.09722e-05,1.12467e-05,1769056407574.1
2023-04-15 00:00:00,1.12467e-05,1.1593e-05,1.10578e-05,1.15529e-05,1324974419010.8
2023-04-16 00:00:00,1.15529e-05,1.18666e-05,1.14059e-05,1.15669e-05,1488290375867.0
2023-04-17 00:00:00,1.15669e-05,1.17054e-05,1.11877e-05,1.13649e-05,1675386175899.8
2023-04-18 00:00:00,1.13649e-05,1.17064e-05,1.12384e-05,1.15664e-05,1111286576833.1
2023-04-19 00:00:00,1.15664e-05,1.15918e-05,1.05866e-05,1.08303e-05,1436443305138.9
2023-04-20 00:00:00,1.08303e-05,1.10153e-05,1.03501e-05,1.05979e-05,1778703390665.9
2023-04-21 00:00:00,1.05979e-05,1.06843e-05,1.00262e-05,1.02853e-05,1446215787302.5
2023-04-22 00:00:00,1.02853e-05,1.04966e-05,1.01607e-05,1.04564e-05,987383739090.2
2023-04-23 00:00:00,1.04564e-05,1.04678e-05,1.00655e-05,1.03293e-05,874426428530.1
2023-04-24 00:00:00,1.03293e-05,1.04232e-05,1.01e-05,1.02693e-05,1313843827316.2
2023-04-25 00:00:00,1.02693e-05,1.04323e-05,1.00817e-05,1.03598e-05,976385905895.0
2023-04-26 00:00:00,1.03598e-05,1.07461e-05,9.7242e-06,1.01681e-05,524943807371.3
2023-04-27 00:00:00,1.01681e-05,1.03895e-05,1.0138e-05,1.02723e-05,302274567744.9
2023-04-28 00:00:00,1.02723e-05,1.03111e-05,1.01014e-05,1.02444e-05,161817611759.2
2023-04-29 00:00:00,1.02444e-05,1.03639e-05,1.018e-05,1.02929e-05,178698556814.0
2023-04-30 00:00:00,1.02929e-05,1.03111e-05,1.00283e-05,1.00699e-05,188928011304.4
2023-05-01 00:00:00,1.00699e-05,1.01181e-05,9.7441e-06,9.9638e-06,352395601344.8
2023-05-02 00:00:00,9.9638e-06,1.01157e-05,9.854e-06,1.00172e-05,329099472580.9
2023-05-03 00:00:00,1.00172e-05,1.01955e-05,9.8031e-06,1.0117e-05,170212915670.0
2023-05-04 00:00:00,1.0117e-05,1.01251e-05,9.8738e-06,9.8869e-06,195998453280.2
2023-05-05 00:00:00,9.8869e-06,1.004e-05,9.768e-06,9.9969e-06,384557113264.6
2023-05-06 00:00:00,9.9969e-06,1.00486e-05,9.1712e-06,9.455e-06,512615269716.4
2023-05-07 00:00:00,9.455e-06,9.5287e-06,9.3039e-06,9.3432e-06,320283885516.6
2023-05-08 00:00:00,9.3432e-06,9.3604e-06,8.3378e-06,8.9155e-06,918925915190.5
2023-05-09 00:00:00,8.9155e-06,9.0247e-06,8.7043e-06,8.997e-06,642586571958.3
2023-05-10 00:00:00,8.997e-06,9.1314e-06,8.6258e-06,8.9957e-06,555320653255.6
2023-05-11 00:00:00,8.9957e-06,9.0011e-06,8.5181e-06,8.6804e-06,435420575427.1
2023-05-12 00:00:00,8.6804e-06,8.8476e-06,8.4598e-06,8.8364e-06,618753464224.1
2023-05-13 00:00:00,8.8364e-06,8.8483e-06,8.666e-06,8.7215e-06,441176865048.2
2023-05-14 00:00:00,8.7215e-06,8.8798e-06,8.6405e-06,8.7851e-06,509043792732.8
2023-05-15 00:00:00,8.7851e-06,8.9127e-06,8.6596e-06,8.7919e-06,647751693901.3
2023-05-16 00:00:00,8.7919e-06,8.8294e-06,8.6719e-06,8.7745e-06,591181987908.1
2023-05-17 00:00:00,8.7745e-06,8.8484e-06,8.582e-06,8.7622e-06,390653590169.8
2023-05-18 00:00:00,8.7622e-06,8.8294e-06,8.486e-06,8.6975e-06,487804141763.2
2023-05-19 00:00:00,8.6975e-06,8.7416e-06,8.6396e-06,8.6803e-06,355344789337.4
2023-05-20 00:00:00,8.6803e-06,8.7697e-06,8.6304e-06,8.7174e-06,275485763595.6
2023-05-21 00:00:00,8.7174e-06,8.7584e-06,8.4735e-06,8.5228e-06,314924587274.0
2023-05-22 00:00:00,8.5228e-06,9.0148e-06,8.4157e-06,8.7807e-06,549365021066.4
2023-05-23 00:00:00,8.7807e-06,9.1724e-06,8.7807e-06,8.8966e-06,522071639116.4
2023-05-24 00:00:00,8.8966e-06,8.9002e-06,8.4048e-06,8.5051e-06,413355364459.9
2023-05-25 00:00:00,8.5051e-06,8.6781e-06,8.2785e-06,8.5065e-06,427229293530.9
2023-05-26 00:00:00,8.5065e-06,8.6381e-06,8.4245e-06,8.5434e-06,321527331212.5
2023-05-27 00:00:00,8.5434e-06,8.6578e-06,8.5046e-06,8.6317e-06,154157054930.5
2023-05-28 00:00:00,8.6317e-06,8.8998e-06,8.5965e-06,8.8031e-06,196372530767.3
2023-05-29 00:00:00,8.8031e-06,8.8657e-06,8.6791e-06,8.7041e-06,204203221713.4
2023-05-30 00:00:00,8.7041e-06,8.8275e-06,8.6177e-06,8.6677e-06,384040908562.9
2023-05-31 00:00:00,8.6677e-06,8.7056e-06,8.3202e-06,8.5888e-06,330805631479.2
2023-06-01 00:00:00,8.5888e-06,8.7728e-06,8.4378e-06,8.4587e-06,441555869447.1
2023-06-02 00:00:00,8.4587e-06,8.735e-06,8.2434e-06,8.6006e-06,480372482312.0
2023-06-03 00:00:00,8.6006e-06,8.6986e-06,8.5181e-06,8.5983e-06,237082669519.3
2023-06-04 00:00:00,8.5983e-06,8.69e-06,8.5439e-06,8.6033e-06,264560501783.5
2023-06-05 00:00:00,8.6033e-06,8.6591e-06,7.7251e-06,7.9718e-06,640268565397.0
2023-06-06 00:00:00,7.9718e-06,8.2416e-06,7.851e-06,8.1752e-06,452358114563.6
2023-06-07 00:00:00,8.1752e-06,8.1946e-06,7.7601e-06,7.8755e-06,533220453473.4
2023-06-08 00:00:00,7.8755e-06,8.0101e-06,7.8159e-06,7.9458e-06,490343748624.5
2023-06-09 00:00:00,7.9458e-06,8.0515e-06,7.8102e-06,7.8725e-06,437304805379.2
2023-06-10 00:00:00,7.8725e-06,7.926e-06,5.0125e-06,6.8569e-06,1397888951144.2
2023-06-11 00:00:00,6.8569e-06,6.8687e-06,6.5383e-06,6.6645e-06,1129139964432.1
2023-06-12 00:00:00,6.6645e-06,6.699e-06,6.3976e-06,6.6665e-06,1525350591792.7
2023-06-13 00:00:00,6.6665e-06,6.935e-06,6.602e-06,6.795e-06,1280466391517.1
2023-06-14 00:00:00,6.795e-06,6.9374e-06,6.4293e-06,6.5584e-06,119363529941.1
2023-06-15 00:00:00,6.5584e-06,6.8323e-06,6.509e-06,6.7572e-06,101930236462.6
2023-06-16 00:00:00,6.7572e-06,6.8675e-06,6.611e-06,6.8356e-06,101310149559.7
2023-06-17 00:00:00,6.8356e-06,6.9968e-06,6.7886e-06,6.9782e-06,100266559023.3
2023-06-18 00:00:00,6.9782e-06,7.555e-06,6.905e-06,7.212e-06,260531609361.7
2023-06-19 00:00:00,7.212e-06,7.325e-06,7.0368e-06,7.2299e-06,156818879605.3
2023-06-20 00:00:00,7.2299e-06,7.2861e-06,6.9812e-06,7.2714e-06,145916273811.1
2023-06-21 00:00:00,7.2714e-06,7.621e-06,7.251e-06,7.5462e-06,255696642736.6
2023-06-22 00:00:00,7.5462e-06,8.4619e-06,7.5332e-06,7.8082e-06,539800041324.1
2023-06-23 00:00:00,7.8082e-06,8.1524e-06,7.7056e-06,7.9333e-06,248862864139.0
2023-06-24 00:00:00,7.9333e-06,8.0784e-06,7.665e-06,7.8025e-06,122567503494.6
2023-06-25 00:00:00,7.8025e-06,8.0385e-06,7.7636e-06,7.8577e-06,78115156298.8
2023-06-26 00:00:00,7.8577e-06,8.0173e-06,7.4355e-06,7.5541e-06,151924052339.4
2023-06-27 00:00:00,7.5541e-06,7.6778e-06,7.4709e-06,7.604e-06,88700394554.5
2023-06-28 00:00:00,7.604e-06,7.604e-06,7.0122e-06,7.2251e-06,97620854519.3
2023-06-29 00:00:00,7.2251e-06,7.4354e-06,7.1673e-06,7.3267e-06,128136178057.4
2023-06-30 00:00:00,7.3267e-06,7.66e-06,7.03e-06,7.5574e-06,191120936493.1
2023-07-01 00:00:00,7.5574e-06,7.7735e-06,7.4898e-06,7.6539e-06,151509060226.8
2023-07-02 00:00:00,7.6539e-06,7.7195e-06,7.4141e-06,7.6561e-06,192320688662.5
2023-07-03 00:00:00,7.6561e-06,7.7992e-06,7.6165e-06,7.7659e-06,210477243252.5
2023-07-04 00:00:00,7.7659e-06,7.8574e-06,7.6101e-06,7.6774e-06,178709200648.5
2023-07-05 00:00:00,7.6774e-06,7.7412e-06,7.3552e-06,7.4643e-06,163139368584.0
2023-07-06 00:00:00,7.4643e-06,7.6721e-06,7.1278e-06,7.1459e-06,184976171532.5
2023-07-07 00:00:00,7.1459e-06,7.3189e-06,7.061e-06,7.3154e-06,129452545021.7
2023-07-08 00:00:00,7.3154e-06,7.7248e-06,7.2697e-06,7.6442e-06,124780752085.8
2023-07-09 00:00:00,7.6442e-06,7.8e-06,7.5751e-06,7.7366e-06,167835472614.6
2023-07-10 00:00:00,7.7366e-06,7.7392e-06,7.4052e-06,7.5447e-06,224356915620.5
2023-07-11 00:00:00,7.5447e-06,7.6196e-06,7.4279e-06,7.5235e-06,273470893908.8
2023-07-12 00:00:00,7.5235e-06,7.6003e-06,7.3436e-06,7.5065e-06,244653684754.0
2023-07-13 00:00:00,7.5065e-06,8.1286e-06,7.4342e-06,7.983e-06,460048661201.5
2023-07-14 00:00:00,7.983e-06,8.4392e-06,7.5816e-06,7.988e-06,710611125704.2
2023-07-15 00:00:00,7.988e-06,8.5303e-06,7.9075e-06,8.0892e-06,729781558909.2
2023-07-16 00:00:00,8.0892e-06,8.1704e-06,7.8139e-06,7.8545e-06,460664453416.4
2023-07-17 00:00:00,7.8545e-06,8.0749e-06,7.6205e-06,7.8422e-06,325541298808.9
2023-07-18 00:00:00,7.8422e-06,7.8982e-06,7.5728e-06,7.7159e-06,261235993178.7
2023-07-19 00:00:00,7.7159e-06,7.8477e-06,7.6404e-06,7.7437e-06,248477897682.3
2023-07-20 00:00:00,7.7437e-06,7.9274e-06,7.6034e-06,7.6957e-06,300160104723.6
2023-07-21 00:00:00,7.6957e-06,8.0178e-06,7.6501e-06,7.8359e-06,328497468114.6
2023-07-22 00:00:00,7.8359e-06,7.9082e-06,7.6902e-06,7.7749e-06,274777685661.9
2023-07-23 00:00:00,7.7749e-06,7.9101e-06,7.7224e-06,7.8548e-06,185738829359.6
2023-07-24 00:00:00,7.8548e-06,8.0213e-06,7.5688e-06,7.6675e-06,446034168802.8
2023-07-25 00:00:00,7.6675e-06,7.9459e-06,7.6511e-06,7.9123e-06,419012987591.2
2023-07-26 00:00:00,7.9123e-06,7.9777e-06,7.7117e-06,7.8561e-06,315543618216.2
2023-07-27 00:00:00,7.8561e-06,7.931e-06,7.737e-06,7.796e-06,212421274323.8
2023-07-28 00:00:00,7.796e-06,8.4422e-06,7.774e-06,8.1727e-06,545669983676.5
2023-07-29 00:00:00,8.1727e-06,8.64e-06,8.1316e-06,8.5282e-06,539039023660.7
2023-07-30 00:00:00,8.5282e-06,8.7777e-06,8.084e-06,8.2857e-06,683846841609.3
2023-07-31 00:00:00,8.2857e-06,8.7207e-06,8.2274e-06,8.4633e-06,552706754128.6
2023-08-01 00:00:00,8.4633e-06,8.4633e-06,8.1239e-06,8.4255e-06,475173685364.3
2023-08-02 00:00:00,8.4255e-06,8.4684e-06,8.0742e-06,8.1534e-06,530728133756.6
2023-08-03 00:00:00,8.1534e-06,8.382e-06,8.1254e-06,8.2871e-06,569695682716.1
2023-08-04 00:00:00,8.2871e-06,8.841e-06,8.2824e-06,8.6872e-06,906148380348.9
2023-08-05 00:00:00,8.6872e-06,1.05161e-05,8.6508e-06,9.9808e-06,2379628386721.4
2023-08-06 00:00:00,9.9808e-06,1.02922e-05,9.2e-06,9.3773e-06,904990418423.4
2023-08-07 00:00:00,9.3773e-06,9.4865e-06,8.7595e-06,8.9768e-06,491755488001.3
2023-08-08 00:00:00,8.9768e-06,9.6842e-06,8.8748e-06,9.5237e-06,814554914777.5
2023-08-09 00:00:00,9.5237e-06,1.00523e-05,9.4159e-06,9.6324e-06,1314385219671.6
2023-08-10 00:00:00,9.6324e-06,1.01692e-05,9.5832e-06,9.9232e-06,864151991857.9
2023-08-11 00:00:00,9.9232e-06,1.06224e-05,9.782e-06,1.05217e-05,687146857737.0
2023-08-12 00:00:00,1.05217e-05,1.15e-05,1.04502e-05,1.0675e-05,963706873185.2
2023-08-13 00:00:00,1.0675e-05,1.08353e-05,1.01343e-05,1.02274e-05,658065024834.0
2023-08-14 00:00:00,1.02274e-05,1.066e-05,9.9633e-06,1.01903e-05,977186127477.8
2023-08-15 00:00:00,1.01903e-05,1.06564e-05,9.186e-06,9.9331e-06,1111493767874.8
2023-08-16 00:00:00,9.9331e-06,1.01595e-05,9.0298e-06,9.2095e-06,1147452831475.4
2023-08-17 00:00:00,9.2095e-06,9.3604e-06,7.16e-06,8.1152e-06,1094761253094.1
2023-08-18 00:00:00,8.1152e-06,8.71e-06,8.0333e-06,8.5815e-06,717078590805.7
2023-08-19 00:00:00,8.5815e-06,8.6858e-06,8.3137e-06,8.4457e-06,294404831004.9
2023-08-20 00:00:00,8.4457e-06,8.484e-06,8.1379e-06,8.3109e-06,250922007582.7
2023-08-21 00:00:00,8.3109e-06,8.38e-06,7.7589e-06,7.9712e-06,375657699955.1
2023-08-22 00:00:00,7.9712e-06,8.0659e-06,7.5576e-06,7.9977e-06,448926519294.9
2023-08-23 00:00:00,7.9977e-06,8.539e-06,7.9762e-06,8.313e-06,445675986599.5
2023-08-24 00:00:00,8.313e-06,8.3584e-06,8.0373e-06,8.2159e-06,311957871496.5
2023-08-25 00:00:00,8.2159e-06,8.2562e-06,7.977e-06,8.1507e-06,363594205675.5
2023-08-26 00:00:00,8.1507e-06,8.2478e-06,8.0773e-06,8.0882e-06,153410349541.4
2023-08-27 00:00:00,8.0882e-06,8.1746e-06,7.9274e-06,8.0458e-06,138289573755.0
2023-08-28 00:00:00,8.0458e-06,8.3384e-06,7.8614e-06,8.2264e-06,265761306176.4
2023-08-29 00:00:00,8.2264e-06,8.458e-06,8.0435e-06,8.3652e-06,329157185889.7
2023-08-30 00:00:00,8.3652e-06,8.378e-06,8.0749e-06,8.157e-06,172981425534.8
2023-08-31 00:00:00,8.157e-06,8.2433e-06,7.791e-06,7.9871e-06,223340927065.0
2023-09-01 00:00:00,7.9871e-06,8.0484e-06,7.7309e-06,7.8988e-06,169313023416.2
2023-09-02 00:00:00,7.8988e-06,7.9379e-06,7.7666e-06,7.8334e-06,99776789785.4
2023-09-03 00:00:00,7.8334e-06,7.8652e-06,7.6404e-06,7.6873e-06,95123305520.9
2023-09-04 00:00:00,7.6873e-06,7.7882e-06,7.3931e-06,7.497e-06,128160002409.6
2023-09-05 00:00:00,7.497e-06,7.7217e-06,7.4376e-06,7.6499e-06,98290350667.7
2023-09-06 00:00:00,7.6499e-06,7.793e-06,7.5063e-06,7.6849e-06,170410375423.2
2023-09-07 00:00:00,7.6849e-06,7.7104e-06,7.5556e-06,7.684e-06,119985190694.4
2023-09-08 00:00:00,7.684e-06,7.7107e-06,7.4764e-06,7.5961e-06,144517402516.6
2023-09-09 00:00:00,7.5961e-06,7.6508e-06,7.5587e-06,7.5645e-06,59066282301.4
2023-09-10 00:00:00,7.5645e-06,7.5657e-06,7.2027e-06,7.3607e-06,151917052485.9
2023-09-11 00:00:00,7.3607e-06,7.3886e-06,6.96e-06,7.0581e-06,239225933118.4
2023-09-12 00:00:00,7.0581e-06,7.3711e-06,7.0532e-06,7.167e-06,299578228897.4
2023-09-13 00:00:00,7.167e-06,7.3614e-06,7.1473e-06,7.2533e-06,178290809165.4
2023-09-14 00:00:00,7.2533e-06,7.4489e-06,7.2128e-06,7.3624e-06,75598055030.1
2023-09-15 00:00:00,7.3624e-06,7.4787e-06,7.3112e-06,7.4468e-06,83891522729.6
2023-09-16 00:00:00,7.4468e-06,7.5702e-06,7.3276e-06,7.3926e-06,46830466324.0
2023-09-17 00:00:00,7.3926e-06,7.3957e-06,7.0987e-06,7.2164e-06,60842532067.8
2023-09-18 00:00:00,7.2164e-06,7.4126e-06,7.139e-06,7.2504e-06,115645326386.0
2023-09-19 00:00:00,7.2504e-06,7.4297e-06,7.224e-06,7.4078e-06,136799446924.6
2023-09-20 00:00:00,7.4078e-06,7.486e-06,7.2661e-06,7.4428e-06,156860123163.6
2023-09-21 00:00:00,7.4428e-06,7.5345e-06,7.2152e-06,7.2431e-06,183347766822.2
2023-09-22 00:00:00,7.2431e-06,7.316e-06,7.1524e-06,7.295e-06,123288791219.9
2023-09-23 00:00:00,7.295e-06,7.7036e-06,7.295e-06,7.5056e-06,192854125133.7
2023-09-24 00:00:00,7.5056e-06,7.5056e-06,7.255e-06,7.306e-06,112394692157.6
2023-09-25 00:00:00,7.306e-06,7.3934e-06,7.1668e-06,7.2873e-06,115525608079.4
2023-09-26 00:00:00,7.2873e-06,7.333e-06,7.1828e-06,7.262e-06,109076317731.0
2023-09-27 00:00:00,7.262e-06,7.3178e-06,7.1403e-06,7.2196e-06,141042395225.3
2023-09-28 00:00:00,7.2196e-06,7.3375e-06,7.211e-06,7.3082e-06,133612771715.5
2023-09-29 00:00:00,7.3082e-06,7.423e-06,7.2724e-06,7.3194e-06,130569204920.5
2023-09-30 00:00:00,7.3194e-06,7.3993e-06,7.3035e-06,7.3343e-06,83236357444.2
2023-10-01 00:00:00,7.3343e-06,7.5836e-06,7.3318e-06,7.5233e-06,87081341724.6
2023-10-02 00:00:00,7.5233e-06,7.608e-06,7.1829e-06,7.3173e-06,149381001436.1
2023-10-03 00:00:00,7.3173e-06,7.3415e-06,7.22e-06,7.2826e-06,134991098317.1
2023-10-04 00:00:00,7.2826e-06,7.2826e-06,7.05e-06,7.2365e-06,126360639824.4
2023-10-05 00:00:00,7.2365e-06,7.2756e-06,7.1285e-06,7.132e-06,66342950205.6
2023-10-06 00:00:00,7.132e-06,7.25e-06,7.132e-06,7.2328e-06,40690778572.1
2023-10-07 00:00:00,7.2328e-06,7.2594e-06,7.1817e-06,7.2391e-06,33553973423.2
2023-10-08 00:00:00,7.2391e-06,7.2926e-06,7.1739e-06,7.192e-06,38808232088.6
2023-10-09 00:00:00,7.192e-06,7.2057e-06,6.7139e-06,6.9145e-06,197113429195.1
2023-10-10 00:00:00,6.9145e-06,6.9754e-06,6.8156e-06,6.9087e-06,73050289501.5
2023-10-11 00:00:00,6.9087e-06,6.9466e-06,6.714e-06,6.7787e-06,95832627186.2
2023-10-12 00:00:00,6.7787e-06,6.8922e-06,6.7329e-06,6.7969e-06,69871415867.4
2023-10-13 00:00:00,6.7969e-06,6.9997e-06,6.7725e-06,6.9154e-06,55029651157.8
2023-10-14 00:00:00,6.9154e-06,7.142e-06,6.9084e-06,7.0231e-06,109456852011.4
2023-10-15 00:00:00,7.0231e-06,7.066e-06,6.9383e-06,6.9817e-06,42230949190.1
2023-10-16 00:00:00,6.9817e-06,7.2949e-06,6.9594e-06,7.0983e-06,110394935705.3
2023-10-17 00:00:00,7.0983e-06,7.1212e-06,6.8272e-06,6.8882e-06,64891852852.3
2023-10-18 00:00:00,6.8882e-06,6.9604e-06,6.7029e-06,6.7661e-06,82640117479.1
2023-10-19 00:00:00,6.7661e-06,6.86e-06,6.6131e-06,6.8383e-06,77156818433.1
2023-10-20 00:00:00,6.8383e-06,7.0382e-06,6.8259e-06,6.9049e-06,110418324471.0
2023-10-21 00:00:00,6.9049e-06,7.177e-06,6.8822e-06,7.0609e-06,96651895771.7
2023-10-22 00:00:00,7.0609e-06,7.1371e-06,6.9211e-06,7.1371e-06,65918145524.0
2023-10-23 00:00:00,7.1371e-06,7.5098e-06,7.0913e-06,7.5076e-06,254981265321.7
2023-10-24 00:00:00,7.5076e-06,7.7538e-06,7.226e-06,7.3922e-06,305184631669.4
2023-10-25 00:00:00,7.3922e-06,7.9788e-06,7.2646e-06,7.8023e-06,415503583915.8
2023-10-26 00:00:00,7.8023e-06,8.2433e-06,7.575e-06,7.9031e-06,420806005741.8
2023-10-27 00:00:00,7.9031e-06,7.9699e-06,7.5757e-06,7.6903e-06,288777677294.3
2023-10-28 00:00:00,7.6903e-06,8.1113e-06,7.6661e-06,7.9631e-06,137879840711.8
2023-10-29 00:00:00,7.9631e-06,8.1221e-06,7.7214e-06,8.0153e-06,234638426308.6
2023-10-30 00:00:00,8.0153e-06,8.0624e-06,7.81e-06,7.9714e-06,156312848952.0
2023-10-31 00:00:00,7.9714e-06,8.0346e-06,7.5005e-06,7.7813e-06,251985413378.8
2023-11-01 00:00:00,7.7813e-06,7.9752e-06,7.5612e-06,7.9728e-06,223546893448.7
2023-11-02 00:00:00,7.9728e-06,8.08e-06,7.6607e-06,7.8583e-06,256013021047.9
2023-11-03 00:00:00,7.8583e-06,7.8583e-06,7.6132e-06,7.82e-06,202055972881.6
2023-11-04 00:00:00,7.82e-06,7.9695e-06,7.777e-06,7.9519e-06,153251438180.2
2023-11-05 00:00:00,7.9519e-06,8.3128e-06,7.8922e-06,8.1173e-06,458013055340.2
2023-11-06 00:00:00,8.1173e-06,8.5142e-06,8e-06,8.4634e-06,533089862028.7
2023-11-07 00:00:00,8.4634e-06,8.4634e-06,7.9541e-06,8.193e-06,438709871995.8
2023-11-08 00:00:00,8.193e-06,8.3421e-06,8.1447e-06,8.2748e-06,185456276317.5
2023-11-09 00:00:00,8.2748e-06,8.7112e-06,7.5867e-06,8.2213e-06,725872405370.4
2023-11-10 00:00:00,8.2213e-06,8.6688e-06,8.0796e-06,8.4964e-06,460667482080.1
2023-11-11 00:00:00,8.4964e-06,9.6567e-06,8.463e-06,9.088e-06,1281291659452.3
2023-11-12 00:00:00,9.088e-06,9.1487e-06,8.6467e-06,8.9136e-06,276882297767.4
2023-11-13 00:00:00,8.9136e-06,9.1704e-06,8.425e-06,8.5319e-06,324678002995.4
2023-11-14 00:00:00,8.5319e-06,8.6877e-06,7.9861e-06,8.3368e-06,457963768982.9
2023-11-15 00:00:00,8.3368e-06,8.8363e-06,8.3248e-06,8.7967e-06,158506002212.7
2023-11-16 00:00:00,8.7967e-06,9.183e-06,8.2819e-06,8.494e-06,437168228689.0
2023-11-17 00:00:00,8.494e-06,9.1523e-06,8.408e-06,8.82e-06,340960607746.8
2023-11-18 00:00:00,8.82e-06,8.9046e-06,8.3945e-06,8.5513e-06,267010844545.4
2023-11-19 00:00:00,8.5513e-06,8.7036e-06,8.3514e-06,8.6788e-06,185947494138.6
2023-11-20 00:00:00,8.6788e-06,8.7164e-06,8.3523e-06,8.431e-06,219372825329.5
2023-11-21 00:00:00,8.431e-06,8.5085e-06,7.6e-06,7.7329e-06,280777658753.7
2023-11-22 00:00:00,7.7329e-06,8.1815e-06,7.7016e-06,8.0952e-06,221171622808.4
2023-11-23 00:00:00,8.0952e-06,8.1851e-06,8e-06,8.1108e-06,110236787453.3
2023-11-24 00:00:00,8.1108e-06,8.2947e-06,8.0907e-06,8.1837e-06,148409046252.8
2023-11-25 00:00:00,8.1837e-06,8.5844e-06,8.1608e-06,8.4745e-06,213530849722.5
2023-11-26 00:00:00,8.4745e-06,8.4795e-06,8.052e-06,8.3062e-06,197311031657.5
2023-11-27 00:00:00,8.3062e-06,8.6525e-06,8.0252e-06,8.1913e-06,280561690427.5
2023-11-28 00:00:00,8.1913e-06,8.3297e-06,8.0264e-06,8.309e-06,157784680588.8
2023-11-29 00:00:00,8.309e-06,8.3854e-06,8.1591e-06,8.2157e-06,526423133520.0
2023-11-30 00:00:00,8.2157e-06,8.2989e-06,8.1242e-06,8.2969e-06,375158050165.7
2023-12-01 00:00:00,8.2969e-06,8.3876e-06,8.2554e-06,8.3657e-06,444013443829.5
2023-12-02 00:00:00,8.3657e-06,8.5666e-06,8.3446e-06,8.5271e-06,381803922257.5
2023-12-03 00:00:00,8.5271e-06,9.4775e-06,8.3602e-06,9.0268e-06,810792695653.0
2023-12-04 00:00:00,9.0268e-06,9.6488e-06,8.6471e-06,9.2102e-06,1273753849071.1
2023-12-05 00:00:00,9.2102e-06,9.5848e-06,8.8834e-06,9.4873e-06,1158092878007.6
2023-12-06 00:00:00,9.4873e-06,1.08048e-05,9.3107e-06,9.7223e-06,1357544779493.2
2023-12-07 00:00:00,9.7223e-06,9.8675e-06,9.3772e-06,9.7807e-06,786068535536.0
2023-12-08 00:00:00,9.7807e-06,1.0432e-05,9.7478e-06,1.02e-05,837972189504.6
2023-12-09 00:00:00,1.02e-05,1.04439e-05,9.8902e-06,9.9927e-06,677488270071.1
2023-12-10 00:00:00,9.9927e-06,1.03903e-05,9.9017e-06,1.03284e-05,593232562100.8
2023-12-11 00:00:00,1.03284e-05,1.05935e-05,9.1392e-06,9.5156e-06,983117830399.4
2023-12-12 00:00:00,9.5156e-06,9.759e-06,9.2985e-06,9.5788e-06,411999309322.1
2023-12-13 00:00:00,9.5788e-06,9.8616e-06,9.1379e-06,9.805e-06,301141528202.1
2023-12-14 00:00:00,9.805e-06,1.01943e-05,9.4962e-06,1.009e-05,323533354592.1
2023-12-15 00:00:00,1.009e-05,1.00997e-05,9.5646e-06,9.5945e-06,362633674857.3
2023-12-16 00:00:00,9.5945e-06,1.17107e-05,9.4646e-06,1.15974e-05,1078358921334.1
2023-12-17 00:00:00,1.15974e-05,1.19449e-05,1.02288e-05,1.02979e-05,1063273249985.1
2023-12-18 00:00:00,1.02979e-05,1.04883e-05,9.55e-06,1.0437e-05,538551143701.2
2023-12-19 00:00:00,1.0437e-05,1.05842e-05,9.9897e-06,1.01239e-05,414664484532.7
2023-12-20 00:00:00,1.01239e-05,1.05e-05,9.9541e-06,1.02367e-05,286572096338.4
2023-12-21 00:00:00,1.02367e-05,1.05554e-05,1.01353e-05,1.04413e-05,264491371082.5
2023-12-22 00:00:00,1.04413e-05,1.09521e-05,1.03198e-05,1.0905e-05,406494455965.6
2023-12-23 00:00:00,1.0905e-05,1.12693e-05,1.05162e-05,1.10625e-05,422226216178.1
2023-12-24 00:00:00,1.10625e-05,1.10923e-05,1.04229e-05,1.06489e-05,349917967550.0
2023-12-25 00:00:00,1.06489e-05,1.10515e-05,1.0528e-05,1.10124e-05,257282051192.2
2023-12-26 00:00:00,1.10124e-05,1.10231e-05,9.9703e-06,1.05884e-05,262340227639.1
2023-12-27 00:00:00,1.05884e-05,1.09399e-05,1.02737e-05,1.08983e-05,242161483607.4
2023-12-28 00:00:00,1.08983e-05,1.10473e-05,1.04373e-05,1.06146e-05,311827894978.3
2023-12-29 00:00:00,1.06146e-05,1.07077e-05,1.025e-05,1.04253e-05,175153417121.4
2023-12-30 00:00:00,1.04253e-05,1.0592e-05,1.03592e-05,1.0433e-05,126690705116.0
2023-12-31 00:00:00,1.0433e-05,1.06002e-05,1.02428e-05,1.03518e-05,120718989525.7
2024-01-01 00:00:00,1.03518e-05,1.07e-05,1.02162e-05,1.06855e-05,123999230234.6
2024-01-02 00:00:00,1.06855e-05,1.09166e-05,1.04592e-05,1.0559e-05,198840310670.8
2024-01-03 00:00:00,1.0559e-05,1.0659e-05,8.2104e-06,9.5656e-06,600972978870.0
2024-01-04 00:00:00,9.5656e-06,1.01349e-05,9.4184e-06,9.9915e-06,286456659258.8
2024-01-05 00:00:00,9.9915e-06,1.00814e-05,9.4044e-06,9.8223e-06,307083422255.9
2024-01-06 00:00:00,9.8223e-06,9.8257e-06,9.3186e-06,9.6024e-06,138174871492.0
2024-01-07 00:00:00,9.6024e-06,9.6776e-06,8.9299e-06,9.0229e-06,208249814473.0
2024-01-08 00:00:00,9.0229e-06,9.5899e-06,8.4925e-06,9.58e-06,386864147341.1
2024-01-09 00:00:00,9.58e-06,1.00036e-05,9.0405e-06,9.6657e-06,513781177475.8
2024-01-10 00:00:00,9.6657e-06,1.01625e-05,9.1079e-06,9.9799e-06,341078377230.8
2024-01-11 00:00:00,9.9799e-06,1.04999e-05,9.8592e-06,1.01506e-05,404444913015.4
2024-01-12 00:00:00,1.01506e-05,1.03006e-05,9.2707e-06,9.6336e-06,275422187461.5
2024-01-13 00:00:00,9.6336e-06,1.006e-05,9.4083e-06,9.8785e-06,210097474117.5
2024-01-14 00:00:00,9.8785e-06,1.00532e-05,9.532e-06,9.5687e-06,148945121892.1
2024-01-15 00:00:00,9.5687e-06,9.76e-06,9.4861e-06,9.5362e-06,115601212763.5
2024-01-16 00:00:00,9.5362e-06,9.7462e-06,9.4241e-06,9.6663e-06,124147387976.6
2024-01-17 00:00:00,9.6663e-06,9.7204e-06,9.3863e-06,9.5272e-06,151060547312.2
2024-01-18 00:00:00,9.5272e-06,9.5651e-06,8.9613e-06,9.2092e-06,262987452114.7
2024-01-19 00:00:00,9.2092e-06,9.393e-06,8.7884e-06,9.3051e-06,280394708017.2
2024-01-20 00:00:00,9.3051e-06,9.8511e-06,9.2699e-06,9.6892e-06,349318477421.8
2024-01-21 00:00:00,9.6892e-06,9.7374e-06,9.3276e-06,9.3418e-06,242718836512.6
2024-01-22 00:00:00,9.3418e-06,9.376e-06,8.8605e-06,8.915e-06,346064747659.0
2024-01-23 00:00:00,8.915e-06,9.0637e-06,8.4385e-06,8.8356e-06,345813719701.3
2024-01-24 00:00:00,8.8356e-06,9e-06,8.6274e-06,8.8978e-06,740330173818.1
2024-01-25 00:00:00,8.8978e-06,8.924e-06,8.7243e-06,8.8617e-06,233641521302.7
2024-01-26 00:00:00,8.8617e-06,9.1332e-06,8.7915e-06,9.0415e-06,177642474629.3
2024-01-27 00:00:00,9.0415e-06,9.2166e-06,8.9744e-06,9.1285e-06,126749997767.1
2024-01-28 00:00:00,9.1285e-06,9.2482e-06,8.9136e-06,9.0072e-06,192905640452.4
2024-01-29 00:00:00,9.0072e-06,9.284e-06,8.9251e-06,9.2038e-06,351698432434.9
2024-01-30 00:00:00,9.2038e-06,9.4551e-06,9.014e-06,9.0459e-06,282415421348.0
2024-01-31 00:00:00,9.0459e-06,9.1367e-06,8.8476e-06,8.946e-06,256745311459.8
2024-02-01 00:00:00,8.946e-06,9.0479e-06,8.7858e-06,9.027e-06,237089796903.9
2024-02-02 00:00:00,9.027e-06,9.1088e-06,8.9314e-06,9.075e-06,196042857334.6
2024-02-03 00:00:00,9.075e-06,9.1568e-06,9.0132e-06,9.1099e-06,179688034528.0
2024-02-04 00:00:00,9.1099e-06,9.135e-06,8.8429e-06,8.8974e-06,271281089264.1
2024-02-05 00:00:00,8.8974e-06,9.0386e-06,8.7818e-06,8.9071e-06,213123108207.9
2024-02-06 00:00:00,8.9071e-06,8.9498e-06,8.8221e-06,8.863e-06,238408933404.1
2024-02-07 00:00:00,8.863e-06,9.09e-06,8.8022e-06,9.0681e-06,320040614060.1
2024-02-08 00:00:00,9.0681e-06,9.3767e-06,9.0239e-06,9.2145e-06,491220100890.4
2024-02-09 00:00:00,9.2145e-06,9.4653e-06,9.2145e-06,9.3887e-06,380634319366.8
2024-02-10 00:00:00,9.3887e-06,9.5089e-06,9.2314e-06,9.4107e-06,306141110435.8
2024-02-11 00:00:00,9.4107e-06,9.6168e-06,9.3386e-06,9.4057e-06,363093658846.4
2024-02-12 00:00:00,9.4057e-06,9.6716e-06,9.214e-06,9.6179e-06,363150469620.7
2024-02-13 00:00:00,9.6179e-06,9.7373e-06,9.2764e-06,9.4647e-06,370532190456.8
2024-02-14 00:00:00,9.4647e-06,9.8324e-06,9.3934e-06,9.746e-06,432965912687.9
2024-02-15 00:00:00,9.746e-06,1.00425e-05,9.6595e-06,9.8678e-06,564923869321.1
2024-02-16 00:00:00,9.8678e-06,1.00399e-05,9.6399e-06,9.8744e-06,426449920125.5
2024-02-17 00:00:00,9.8744e-06,9.8844e-06,9.4069e-06,9.6251e-06,258081261995.9
2024-02-18 00:00:00,9.6251e-06,9.836e-06,9.5816e-06,9.7359e-06,266673543777.6
2024-02-19 00:00:00,9.7359e-06,9.9466e-06,9.6856e-06,9.899e-06,349813208353.4
2024-02-20 00:00:00,9.899e-06,9.9625e-06,9.357e-06,9.7561e-06,501545453870.0
2024-02-21 00:00:00,9.7561e-06,9.7761e-06,9.304e-06,9.5546e-06,369734720078.2
2024-02-22 00:00:00,9.5546e-06,9.7122e-06,9.3909e-06,9.5333e-06,290394996874.9
2024-02-23 00:00:00,9.5333e-06,9.6029e-06,9.3466e-06,9.5187e-06,279646749375.2
2024-02-24 00:00:00,9.5187e-06,9.6664e-06,9.3452e-06,9.6426e-06,318578339851.0
2024-02-25 00:00:00,9.6426e-06,9.7323e-06,9.5638e-06,9.6688e-06,334742271269.2
2024-02-26 00:00:00,9.6688e-06,1.02301e-05,9.4551e-06,1.00664e-05,405002255858.8
2024-02-27 00:00:00,1.00664e-05,1.14349e-05,9.9538e-06,1.08907e-05,1134556863412.7
2024-02-28 00:00:00,1.08907e-05,1.25331e-05,9.8628e-06,1.17023e-05,1781620772160.1
2024-02-29 00:00:00,1.17023e-05,1.47405e-05,1.14381e-05,1.2556e-05,2642188498494.2
2024-03-01 00:00:00,1.2556e-05,1.72285e-05,1.24253e-05,1.68745e-05,2673988407246.0
2024-03-02 00:00:00,1.68745e-05,2.352e-05,1.65934e-05,2.25888e-05,4405670902396.5
2024-03-03 00:00:00,2.25888e-05,2.388e-05,1.86e-05,2.25321e-05,2960778895016.9
2024-03-04 00:00:00,2.25321e-05,3.69e-05,2.13532e-05,3.58941e-05,4797569210023.9
2024-03-05 00:00:00,3.58941e-05,4.56453e-05,2.50001e-05,3.51378e-05,7371185382921.7
2024-03-06 00:00:00,3.51378e-05,3.94439e-05,3.045e-05,3.3269e-05,2946508290977.6
2024-03-07 00:00:00,3.3269e-05,3.4697e-05,2.92725e-05,3.14886e-05,2095630511693.3
2024-03-08 00:00:00,3.14886e-05,3.80356e-05,3.086e-05,3.51694e-05,2442434701790.4
2024-03-09 00:00:00,3.51694e-05,3.69223e-05,3.38161e-05,3.4943e-05,1358237912013.4
2024-03-10 00:00:00,3.4943e-05,3.54e-05,3.16335e-05,3.28511e-05,959378557749.2
2024-03-11 00:00:00,3.28511e-05,3.52274e-05,3.01e-05,3.38823e-05,1400497994879.1
2024-03-12 00:00:00,3.38823e-05,3.48881e-05,2.98773e-05,3.22125e-05,992290218470.5
2024-03-13 00:00:00,3.22125e-05,3.35659e-05,3.11439e-05,3.20267e-05,809209912201.6
2024-03-14 00:00:00,3.20267e-05,3.53162e-05,3.04112e-05,3.22169e-05,1696997254695.6
2024-03-15 00:00:00,3.22169e-05,3.27602e-05,2.7004e-05,2.99024e-05,1221770704766.4
2024-03-16 00:00:00,2.99024e-05,3.03582e-05,2.37e-05,2.53879e-05,1057386300202.7
2024-03-17 00:00:00,2.53879e-05,3.02172e-05,2.42536e-05,2.95452e-05,1473699703739.5
2024-03-18 00:00:00,2.95452e-05,2.95948e-05,2.63382e-05,2.68457e-05,1216408169353.5
2024-03-19 00:00:00,2.68457e-05,2.737e-05,2.41086e-05,2.48846e-05,1089858774705.9
2024-03-20 00:00:00,2.48846e-05,2.80087e-05,2.3669e-05,2.77566e-05,935673750803.7
2024-03-21 00:00:00,2.77566e-05,2.86791e-05,2.62679e-05,2.71932e-05,785165525018.8
2024-03-22 00:00:00,2.71932e-05,2.86156e-05,2.58001e-05,2.65351e-05,835207820679.5
2024-03-23 00:00:00,2.65351e-05,2.85175e-05,2.63075e-05,2.71322e-05,794524940360.7
2024-03-24 00:00:00,2.71322e-05,2.83343e-05,2.7082e-05,2.80709e-05,594162860140.7
2024-03-25 00:00:00,2.80709e-05,3.06601e-05,2.74498e-05,2.8704e-05,1052381755802.3
2024-03-26 00:00:00,2.8704e-05,3.26601e-05,2.84717e-05,3.06418e-05,1321584194897.0
2024-03-27 00:00:00,3.06418e-05,3.18664e-05,2.91363e-05,3.01717e-05,1083862153944.1
2024-03-28 00:00:00,3.01717e-05,3.3e-05,2.98102e-05,3.20163e-05,1249133711594.4
2024-03-29 00:00:00,3.20163e-05,3.21609e-05,3.00858e-05,3.07885e-05,676008006005.8
2024-03-30 00:00:00,3.07885e-05,3.09974e-05,2.94972e-05,2.98252e-05,565784188846.7
2024-03-31 00:00:00,2.98252e-05,3.08094e-05,2.97154e-05,3.0738e-05,427716838863.1
2024-04-01 00:00:00,3.0738e-05,3.07462e-05,2.75397e-05,2.86405e-05,644783603792.8
2024-04-02 00:00:00,2.86405e-05,2.86405e-05,2.57017e-05,2.63926e-05,629618632908.4
2024-04-03 00:00:00,2.63926e-05,2.75191e-05,2.54866e-05,2.63329e-05,634404435706.2
2024-04-04 00:00:00,2.63329e-05,2.84736e-05,2.58809e-05,2.7702e-05,426978636929.7
2024-04-05 00:00:00,2.7702e-05,2.77372e-05,2.62981e-05,2.67947e-05,523163992713.5
2024-04-06 00:00:00,2.67947e-05,2.7792e-05,2.66934e-05,2.74368e-05,324992237888.1
2024-04-07 00:00:00,2.74368e-05,2.8987e-05,2.73732e-05,2.81753e-05,495898057203.6
2024-04-08 00:00:00,2.81753e-05,2.95514e-05,2.77157e-05,2.87428e-05,535904984598.7
2024-04-09 00:00:00,2.87428e-05,2.955e-05,2.71876e-05,2.74842e-05,543086159100.9
2024-04-10 00:00:00,2.74842e-05,2.885e-05,2.63992e-05,2.80528e-05,728453397027.8
2024-04-11 00:00:00,2.80528e-05,2.81631e-05,2.72055e-05,2.75132e-05,462824942053.2
2024-04-12 00:00:00,2.75132e-05,2.91e-05,2.06051e-05,2.47479e-05,1535883470511.1
2024-04-13 00:00:00,2.47479e-05,2.53664e-05,1.83153e-05,2.11027e-05,2253214850929.9
2024-04-14 00:00:00,2.11027e-05,2.29824e-05,2.05351e-05,2.27058e-05,1796749526475.5
2024-04-15 00:00:00,2.27058e-05,2.38257e-05,2.0985e-05,2.19311e-05,1463768767738.2
2024-04-16 00:00:00,2.19311e-05,2.28828e-05,2.07727e-05,2.26818e-05,1032445150082.8
2024-04-17 00:00:00,2.26818e-05,2.30366e-05,2.13271e-05,2.20571e-05,466469841649.5
2024-04-18 00:00:00,2.20571e-05,2.34468e-05,2.14e-05,2.27875e-05,582603252454.6
2024-04-19 00:00:00,2.27875e-05,2.35642e-05,2.083e-05,2.28535e-05,538120321924.3
2024-04-20 00:00:00,2.28535e-05,2.67393e-05,2.26173e-05,2.61819e-05,1098094490261.5
2024-04-21 00:00:00,2.61819e-05,2.81969e-05,2.54312e-05,2.62678e-05,1088681873284.6
2024-04-22 00:00:00,2.62678e-05,2.8402e-05,2.61378e-05,2.68955e-05,995580938986.9
2024-04-23 00:00:00,2.68955e-05,2.814e-05,2.61885e-05,2.68214e-05,826486704819.4
2024-04-24 00:00:00,2.68214e-05,2.76941e-05,2.52467e-05,2.57001e-05,1052454788249.2
2024-04-25 00:00:00,2.57001e-05,2.65523e-05,2.44755e-05,2.57193e-05,967435176782.6
2024-04-26 00:00:00,2.57193e-05,2.59992e-05,2.49203e-05,2.52191e-05,608082212999.1
2024-04-27 00:00:00,2.52191e-05,2.53471e-05,2.3945e-05,2.47748e-05,530926687618.1
2024-04-28 00:00:00,2.47748e-05,2.51725e-05,2.40717e-05,2.42148e-05,335804899431.4
2024-04-29 00:00:00,2.42148e-05,2.43743e-05,2.30308e-05,2.41134e-05,618344642171.5
2024-04-30 00:00:00,2.41134e-05,2.46581e-05,2.17665e-05,2.23902e-05,810675111952.3
2024-05-01 00:00:00,2.23902e-05,2.31427e-05,2.05714e-05,2.26635e-05,898430230942.3
2024-05-02 00:00:00,2.26635e-05,2.33129e-05,2.15227e-05,2.27942e-05,784478940456.2
2024-05-03 00:00:00,2.27942e-05,2.47374e-05,2.26132e-05,2.4438e-05,573419848091.4
2024-05-04 00:00:00,2.4438e-05,2.63211e-05,2.42915e-05,2.50497e-05,714809635591.7
2024-05-05 00:00:00,2.50497e-05,2.52336e-05,2.43193e-05,2.47068e-05,393679956759.7
2024-05-06 00:00:00,2.47068e-05,2.56959e-05,2.38153e-05,2.38748e-05,574800305561.6
2024-05-07 00:00:00,2.38748e-05,2.42419e-05,2.29232e-05,2.29876e-05,530243889913.1
2024-05-08 00:00:00,2.29876e-05,2.325e-05,2.23269e-05,2.2538e-05,514757318481.8
2024-05-09 00:00:00,2.2538e-05,2.37823e-05,2.22907e-05,2.34687e-05,425087167854.5
2024-05-10 00:00:00,2.34687e-05,2.36189e-05,2.21391e-05,2.24305e-05,426769428165.4
2024-05-11 00:00:00,2.24305e-05,2.29303e-05,2.23453e-05,2.25024e-05,140760663309.6
2024-05-12 00:00:00,2.25024e-05,2.27469e-05,2.20944e-05,2.23167e-05,145221177516.5
2024-05-13 00:00:00,2.23167e-05,2.46781e-05,2.156e-05,2.33565e-05,783861450047.0
2024-05-14 00:00:00,2.33565e-05,2.446e-05,2.28732e-05,2.29766e-05,1110125290180.7
2024-05-15 00:00:00,2.29766e-05,2.55506e-05,2.28631e-05,2.52494e-05,1364636282311.1
2024-05-16 00:00:00,2.52494e-05,2.589e-05,2.417e-05,2.4564e-05,1250078975325.2
2024-05-17 00:00:00,2.4564e-05,2.53076e-05,2.4191e-05,2.50152e-05,674818760933.4
2024-05-18 00:00:00,2.50152e-05,2.51912e-05,2.43633e-05,2.47561e-05,485928553488.5
2024-05-19 00:00:00,2.47561e-05,2.50832e-05,2.35855e-05,2.38558e-05,467138511374.8
2024-05-20 00:00:00,2.38558e-05,2.61273e-05,2.35112e-05,2.6063e-05,788214780519.3
2024-05-21 00:00:00,2.6063e-05,2.66959e-05,2.50385e-05,2.61165e-05,1022771365794.4
2024-05-22 00:00:00,2.61165e-05,2.6867e-05,2.50106e-05,2.53254e-05,1005535398213.4
2024-05-23 00:00:00,2.53254e-05,2.57299e-05,2.31253e-05,2.46053e-05,918733488153.1
2024-05-24 00:00:00,2.46053e-05,2.51012e-05,2.36194e-05,2.44122e-05,598309896118.6
2024-05-25 00:00:00,2.44122e-05,2.52813e-05,2.43e-05,2.50745e-05,412120829313.1
2024-05-26 00:00:00,2.50745e-05,2.516e-05,2.4137e-05,2.4325e-05,337477779630.5
2024-05-27 00:00:00,2.4325e-05,2.62286e-05,2.43147e-05,2.55172e-05,941437363307.9
2024-05-28 00:00:00,2.55172e-05,2.73955e-05,2.44006e-05,2.67429e-05,2160617765711.2
2024-05-29 00:00:00,2.67429e-05,2.94524e-05,2.65451e-05,2.75532e-05,2221087233278.7
2024-05-30 00:00:00,2.75532e-05,2.86003e-05,2.561e-05,2.58989e-05,1410760943905.5
2024-05-31 00:00:00,2.58989e-05,2.6345e-05,2.48578e-05,2.54281e-05,698832433420.9
2024-06-01 00:00:00,2.54281e-05,2.54965e-05,2.51117e-05,2.52705e-05,353195300108.9
2024-06-02 00:00:00,2.52705e-05,2.54942e-05,2.40047e-05,2.46122e-05,656835882564.7
2024-06-03 00:00:00,2.46122e-05,2.53872e-05,2.42814e-05,2.44437e-05,713497275751.4
2024-06-04 00:00:00,2.44437e-05,2.46655e-05,2.22883e-05,2.46013e-05,2485849588946.5
2024-06-05 00:00:00,2.46013e-05,2.63169e-05,2.44982e-05,2.59336e-05,1598000878211.5
2024-06-06 00:00:00,2.59336e-05,2.62207e-05,2.49393e-05,2.52318e-05,673623391909.8
2024-06-07 00:00:00,2.52318e-05,2.54832e-05,2.11653e-05,2.37025e-05,1357513885774.9
2024-06-08 00:00:00,2.37025e-05,2.41384e-05,2.29914e-05,2.32105e-05,807354337564.2
2024-06-09 00:00:00,2.32105e-05,2.36666e-05,2.29545e-05,2.34803e-05,605004042724.9
2024-06-10 00:00:00,2.34803e-05,2.36265e-05,2.26874e-05,2.29191e-05,713080469747.6
2024-06-11 00:00:00,2.29191e-05,2.29693e-05,2.10596e-05,2.16268e-05,1266656687534.6
2024-06-12 00:00:00,2.16268e-05,2.32298e-05,2.11126e-05,2.22062e-05,1242260257739.0
2024-06-13 00:00:00,2.22062e-05,2.22074e-05,2.09472e-05,2.11866e-05,677071811797.4
2024-06-14 00:00:00,2.11866e-05,2.18905e-05,1.96152e-05,2.02941e-05,813001031802.4
2024-06-15 00:00:00,2.02941e-05,2.09854e-05,1.99891e-05,2.07692e-05,380087252025.1
2024-06-16 00:00:00,2.07692e-05,2.10895e-05,2.03917e-05,2.09482e-05,234634812763.6
2024-06-17 00:00:00,2.09482e-05,2.10655e-05,1.85946e-05,1.93254e-05,621412479511.0
2024-06-18 00:00:00,1.93254e-05,1.94272e-05,1.68866e-05,1.8089e-05,1402247486223.3
2024-06-19 00:00:00,1.8089e-05,1.89236e-05,1.797e-05,1.81181e-05,665803021113.8
2024-06-20 00:00:00,1.81181e-05,1.9e-05,1.77896e-05,1.80442e-05,748922634516.9
2024-06-21 00:00:00,1.80442e-05,1.8245e-05,1.73891e-05,1.78646e-05,522742653153.8
2024-06-22 00:00:00,1.78646e-05,1.83281e-05,1.76601e-05,1.7987e-05,351822317337.5
2024-06-23 00:00:00,1.7987e-05,1.82189e-05,1.74143e-05,1.75307e-05,296205778923.2
2024-06-24 00:00:00,1.75307e-05,1.76703e-05,1.6328e-05,1.70437e-05,707842155675.1
2024-06-25 00:00:00,1.70437e-05,1.82344e-05,1.69867e-05,1.7738e-05,269429735963.4
2024-06-26 00:00:00,1.7738e-05,1.80625e-05,1.71079e-05,1.71378e-05,383743701976.4
2024-06-27 00:00:00,1.71378e-05,1.77158e-05,1.68654e-05,1.75657e-05,499663898332.5
2024-06-28 00:00:00,1.75657e-05,1.81437e-05,1.68068e-05,1.69935e-05,533771968904.1
2024-06-29 00:00:00,1.69935e-05,1.72592e-05,1.6859e-05,1.69064e-05,268863495188.6
2024-06-30 00:00:00,1.69064e-05,1.74284e-05,1.62791e-05,1.72567e-05,513216750407.6
2024-07-01 00:00:00,1.72567e-05,1.76005e-05,1.69521e-05,1.70893e-05,445905910868.7
2024-07-02 00:00:00,1.70893e-05,1.74137e-05,1.69597e-05,1.72689e-05,342955396030.2
2024-07-03 00:00:00,1.72689e-05,1.74501e-05,1.61216e-05,1.63865e-05,500309829989.9
2024-07-04 00:00:00,1.63865e-05,1.6481e-05,1.45319e-05,1.46257e-05,734934098564.7
2024-07-05 00:00:00,1.46257e-05,1.5072e-05,1.26553e-05,1.49737e-05,1441146360966.7
2024-07-06 00:00:00,1.49737e-05,1.7542e-05,1.4682e-05,1.73898e-05,824139292991.8
2024-07-07 00:00:00,1.73898e-05,1.74153e-05,1.53885e-05,1.55001e-05,538555588394.3
2024-07-08 00:00:00,1.55001e-05,1.71053e-05,1.47286e-05,1.61847e-05,671399147593.6
2024-07-09 00:00:00,1.61847e-05,1.66581e-05,1.59181e-05,1.63682e-05,754080269836.5
2024-07-10 00:00:00,1.63682e-05,1.68842e-05,1.60306e-05,1.64043e-05,636404619572.0
2024-07-11 00:00:00,1.64043e-05,1.70311e-05,1.61403e-05,1.62331e-05,539034163336.2
2024-07-12 00:00:00,1.62331e-05,1.66324e-05,1.57766e-05,1.64985e-05,811837595172.9
2024-07-13 00:00:00,1.64985e-05,1.73876e-05,1.64318e-05,1.71134e-05,761354012088.1
2024-07-14 00:00:00,1.71134e-05,1.77793e-05,1.70594e-05,1.76205e-05,529307427940.4
2024-07-15 00:00:00,1.76205e-05,1.93868e-05,1.74814e-05,1.92537e-05,768250911499.8
2024-07-16 00:00:00,1.92537e-05,2.01655e-05,1.83738e-05,1.93251e-05,1335100638119.6
2024-07-17 00:00:00,1.93251e-05,1.98409e-05,1.85013e-05,1.86124e-05,740643984925.2
2024-07-18 00:00:00,1.86124e-05,1.8973e-05,1.67947e-05,1.73915e-05,2855721460129.9
2024-07-19 00:00:00,1.73915e-05,1.81655e-05,1.68598e-05,1.77945e-05,1146335122251.3
2024-07-20 00:00:00,1.77945e-05,1.84673e-05,1.74634e-05,1.80991e-05,910120845214.2
2024-07-21 00:00:00,1.80991e-05,1.84496e-05,1.70108e-05,1.8245e-05,783856652814.8
2024-07-22 00:00:00,1.8245e-05,1.83179e-05,1.7409e-05,1.75635e-05,833695815938.0
2024-07-23 00:00:00,1.75635e-05,1.77872e-05,1.67001e-05,1.7036e-05,841645235155.0
2024-07-24 00:00:00,1.7036e-05,1.75748e-05,1.66144e-05,1.67992e-05,607721097468.1
2024-07-25 00:00:00,1.67992e-05,1.68825e-05,1.58076e-05,1.63967e-05,698501980631.6
2024-07-26 00:00:00,1.63967e-05,1.70255e-05,1.6371e-05,1.69615e-05,389173030043.3
2024-07-27 00:00:00,1.69615e-05,1.76214e-05,1.67176e-05,1.7015e-05,524015515030.6
2024-07-28 00:00:00,1.7015e-05,1.71731e-05,1.66362e-05,1.67996e-05,245907652883.3
2024-07-29 00:00:00,1.67996e-05,1.73106e-05,1.65128e-05,1.66219e-05,387346166584.5
2024-07-30 00:00:00,1.66219e-05,1.68443e-05,1.6004e-05,1.64083e-05,432159216097.8
2024-07-31 00:00:00,1.64083e-05,1.66979e-05,1.57057e-05,1.59241e-05,503786460288.3
2024-08-01 00:00:00,1.59241e-05,1.60369e-05,1.48644e-05,1.57931e-05,758975708695.7
2024-08-02 00:00:00,1.57931e-05,1.58893e-05,1.45944e-05,1.4653e-05,814034208189.0
2024-08-03 00:00:00,1.4653e-05,1.48356e-05,1.37749e-05,1.42351e-05,740769324242.9
2024-08-04 00:00:00,1.42351e-05,1.4326e-05,1.29539e-05,1.3343e-05,672344007975.3
2024-08-05 00:00:00,1.3343e-05,1.39595e-05,1.0777e-05,1.32387e-05,2555458416195.8
2024-08-06 00:00:00,1.32387e-05,1.40462e-05,1.31166e-05,1.34533e-05,1020227651548.2
2024-08-07 00:00:00,1.34533e-05,1.39468e-05,1.27137e-05,1.28846e-05,762292232841.2
2024-08-08 00:00:00,1.28846e-05,1.44004e-05,1.26399e-05,1.43163e-05,604738766002.8
2024-08-09 00:00:00,1.43163e-05,1.43235e-05,1.36578e-05,1.40352e-05,494212994853.7
2024-08-10 00:00:00,1.40352e-05,1.42906e-05,1.3864e-05,1.40923e-05,249601481900.3
2024-08-11 00:00:00,1.40923e-05,1.46709e-05,1.32755e-05,1.33934e-05,534780550401.1
2024-08-12 00:00:00,1.33934e-05,1.40999e-05,1.32727e-05,1.39145e-05,630973281590.2
2024-08-13 00:00:00,1.39145e-05,1.40646e-05,1.3493e-05,1.38817e-05,581225401955.3
2024-08-14 00:00:00,1.38817e-05,1.40425e-05,1.3416e-05,1.36073e-05,636444421828.0
2024-08-15 00:00:00,1.36073e-05,1.3751e-05,1.31022e-05,1.32688e-05,695656322856.8
2024-08-16 00:00:00,1.32688e-05,1.3486e-05,1.28912e-05,1.32173e-05,575985429778.0
2024-08-17 00:00:00,1.32173e-05,1.34265e-05,1.31449e-05,1.33763e-05,214146079697.9
2024-08-18 00:00:00,1.33763e-05,1.3593e-05,1.3227e-05,1.3227e-05,203760005847.6
2024-08-19 00:00:00,1.3227e-05,1.35383e-05,1.29819e-05,1.33315e-05,518503152231.9
2024-08-20 00:00:00,1.33315e-05,1.39334e-05,1.33153e-05,1.36469e-05,565249344974.9
2024-08-21 00:00:00,1.36469e-05,1.422e-05,1.34809e-05,1.41072e-05,333589835989.4
2024-08-22 00:00:00,1.41072e-05,1.4387e-05,1.3837e-05,1.40498e-05,311880050932.7
2024-08-23 00:00:00,1.40498e-05,1.55072e-05,1.40344e-05,1.52996e-05,444017646466.0
2024-08-24 00:00:00,1.52996e-05,1.61193e-05,1.50906e-05,1.56252e-05,526626421057.7
2024-08-25 00:00:00,1.56252e-05,1.5654e-05,1.46931e-05,1.51091e-05,464145074449.4
2024-08-26 00:00:00,1.51091e-05,1.52485e-05,1.43468e-05,1.4611e-05,496488349687.0
2024-08-27 00:00:00,1.4611e-05,1.48378e-05,1.33615e-05,1.37618e-05,685275699977.6
2024-08-28 00:00:00,1.37618e-05,1.42033e-05,1.3412e-05,1.38531e-05,602105263267.8
2024-08-29 00:00:00,1.38531e-05,1.45441e-05,1.3826e-05,1.40739e-05,429406691645.2
2024-08-30 00:00:00,1.40739e-05,1.42303e-05,1.36221e-05,1.39974e-05,470712773513.0
2024-08-31 00:00:00,1.39974e-05,1.40962e-05,1.3724e-05,1.38334e-05,226759173829.6
2024-09-01 00:00:00,1.38334e-05,1.38703e-05,1.30414e-05,1.31513e-05,381915352066.3
2024-09-02 00:00:00,1.31513e-05,1.37252e-05,1.31081e-05,1.36637e-05,400227993822.3
2024-09-03 00:00:00,1.36637e-05,1.38505e-05,1.30379e-05,1.30877e-05,304965167598.0
2024-09-04 00:00:00,1.30877e-05,1.36858e-05,1.24351e-05,1.3592e-05,650819791694.3
2024-09-05 00:00:00,1.3592e-05,1.36384e-05,1.30559e-05,1.3195e-05,494181185408.8
2024-09-06 00:00:00,1.3195e-05,1.345e-05,1.23173e-05,1.27925e-05,735369768684.9
2024-09-07 00:00:00,1.27925e-05,1.30419e-05,1.27201e-05,1.28676e-05,267329244987.0
2024-09-08 00:00:00,1.28676e-05,1.31762e-05,1.28069e-05,1.30796e-05,297999858402.8
2024-09-09 00:00:00,1.30796e-05,1.37539e-05,1.29733e-05,1.35308e-05,499940265218.7
2024-09-10 00:00:00,1.35308e-05,1.36885e-05,1.33018e-05,1.35303e-05,264509827059.3
2024-09-11 00:00:00,1.35303e-05,1.35454e-05,1.29314e-05,1.32564e-05,360009335589.6
2024-09-12 00:00:00,1.32564e-05,1.35289e-05,1.31913e-05,1.35182e-05,345506179857.7
2024-09-13 00:00:00,1.35182e-05,1.41e-05,1.33837e-05,1.39644e-05,378007049877.9
2024-09-14 00:00:00,1.39644e-05,1.40561e-05,1.35877e-05,1.37329e-05,204096975815.5
2024-09-15 00:00:00,1.37329e-05,1.38675e-05,1.32768e-05,1.33886e-05,204523714250.1
2024-09-16 00:00:00,1.33886e-05,1.34629e-05,1.30034e-05,1.31784e-05,253180303006.4
2024-09-17 00:00:00,1.31784e-05,1.35696e-05,1.30352e-05,1.3316e-05,235271684493.2
2024-09-18 00:00:00,1.3316e-05,1.37056e-05,1.29563e-05,1.36948e-05,281616979356.4
2024-09-19 00:00:00,1.36948e-05,1.45929e-05,1.36948e-05,1.40973e-05,614584956784.9
2024-09-20 00:00:00,1.40973e-05,1.45125e-05,1.38838e-05,1.43768e-05,474901925689.0
2024-09-21 00:00:00,1.43768e-05,1.5033e-05,1.41101e-05,1.49934e-05,386971627984.2
2024-09-22 00:00:00,1.49934e-05,1.50787e-05,1.41602e-05,1.45358e-05,348495990007.8
2024-09-23 00:00:00,1.45358e-05,1.48613e-05,1.42009e-05,1.4481e-05,358948359626.2
2024-09-24 00:00:00,1.4481e-05,1.49253e-05,1.42767e-05,1.48254e-05,442861475104.9
2024-09-25 00:00:00,1.48254e-05,1.57581e-05,1.47247e-05,1.5255e-05,1365219878145.2
2024-09-26 00:00:00,1.5255e-05,1.93447e-05,1.49079e-05,1.86188e-05,2567620745580.4
2024-09-27 00:00:00,1.86188e-05,2.16887e-05,1.85483e-05,2.02623e-05,1810880987261.7
2024-09-28 00:00:00,2.02623e-05,2.14861e-05,1.90057e-05,1.96206e-05,1424841456934.9
2024-09-29 00:00:00,1.96206e-05,2.03888e-05,1.90484e-05,1.93437e-05,573155176798.1
2024-09-30 00:00:00,1.93437e-05,1.93694e-05,1.74261e-05,1.7565e-05,871826875320.4
2024-10-01 00:00:00,1.7565e-05,1.864e-05,1.55458e-05,1.64108e-05,1771201844398.8
2024-10-02 00:00:00,1.64108e-05,1.70942e-05,1.60049e-05,1.6287e-05,950833705178.5
2024-10-03 00:00:00,1.6287e-05,1.67551e-05,1.54796e-05,1.60713e-05,1035315142885.9
2024-10-04 00:00:00,1.60713e-05,1.77241e-05,1.59659e-05,1.73985e-05,850687098952.4
2024-10-05 00:00:00,1.73985e-05,1.79506e-05,1.68994e-05,1.74408e-05,694980484386.4
2024-10-06 00:00:00,1.74408e-05,1.88477e-05,1.71145e-05,1.81168e-05,581420969467.1
2024-10-07 00:00:00,1.81168e-05,1.88127e-05,1.7411e-05,1.74248e-05,903623779926.3
2024-10-08 00:00:00,1.74248e-05,1.76954e-05,1.69835e-05,1.72553e-05,602397109646.5
2024-10-09 00:00:00,1.72553e-05,1.80173e-05,1.67063e-05,1.69106e-05,984445393852.3
2024-10-10 00:00:00,1.69106e-05,1.72314e-05,1.60569e-05,1.67739e-05,774627884678.5
2024-10-11 00:00:00,1.67739e-05,1.80984e-05,1.65909e-05,1.76634e-05,824091477504.9
2024-10-12 00:00:00,1.76634e-05,1.81278e-05,1.76248e-05,1.78413e-05,524099550134.0
2024-10-13 00:00:00,1.78413e-05,1.79352e-05,1.70883e-05,1.76457e-05,419677480867.9
2024-10-14 00:00:00,1.76457e-05,1.89784e-05,1.73581e-05,1.87128e-05,793236564898.8
2024-10-15 00:00:00,1.87128e-05,1.89961e-05,1.75247e-05,1.82388e-05,891831428632.3
2024-10-16 00:00:00,1.82388e-05,1.91464e-05,1.78895e-05,1.85803e-05,836290550175.4
2024-10-17 00:00:00,1.85803e-05,1.87196e-05,1.75858e-05,1.82108e-05,520977369965.8
2024-10-18 00:00:00,1.82108e-05,1.93258e-05,1.81444e-05,1.87888e-05,1126019962513.5
2024-10-19 00:00:00,1.87888e-05,1.95458e-05,1.86491e-05,1.90241e-05,743861678233.8
2024-10-20 00:00:00,1.90241e-05,1.91922e-05,1.83906e-05,1.90464e-05,290374242959.4
2024-10-21 00:00:00,1.90464e-05,1.93355e-05,1.80296e-05,1.83607e-05,600822691474.8
2024-10-22 00:00:00,1.83607e-05,1.86116e-05,1.79333e-05,1.81577e-05,386965062979.3
2024-10-23 00:00:00,1.81577e-05,1.81981e-05,1.70532e-05,1.76483e-05,530109373949.8
2024-10-24 00:00:00,1.76483e-05,1.81799e-05,1.73912e-05,1.80384e-05,394972496445.4
2024-10-25 00:00:00,1.80384e-05,1.80875e-05,1.58e-05,1.65519e-05,513951266103.0
2024-10-26 00:00:00,1.65519e-05,1.71553e-05,1.6367e-05,1.70144e-05,424043589695.5
2024-10-27 00:00:00,1.70144e-05,1.73751e-05,1.68353e-05,1.72301e-05,206248234905.5
2024-10-28 00:00:00,1.72301e-05,1.83991e-05,1.68114e-05,1.82354e-05,662247756946.0
2024-10-29 00:00:00,1.82354e-05,1.98439e-05,1.81156e-05,1.90675e-05,1196497282299.1
2024-10-30 00:00:00,1.90675e-05,1.93486e-05,1.82041e-05,1.83913e-05,578981603160.0
2024-10-31 00:00:00,1.83913e-05,1.91831e-05,1.77094e-05,1.78982e-05,545557290739.0
2024-11-01 00:00:00,1.78982e-05,1.81815e-05,1.71656e-05,1.75806e-05,436785292877.1
2024-11-02 00:00:00,1.75806e-05,1.79344e-05,1.72457e-05,1.74458e-05,265136232509.9
2024-11-03 00:00:00,1.74458e-05,1.74633e-05,1.61917e-05,1.68824e-05,402122511687.1
2024-11-04 00:00:00,1.68824e-05,1.72587e-05,1.63909e-05,1.68611e-05,334200049416.3
2024-11-05 00:00:00,1.68611e-05,1.85488e-05,1.68583e-05,1.78613e-05,601404792850.2
2024-11-06 00:00:00,1.78613e-05,1.98864e-05,1.78532e-05,1.90764e-05,1149759287652.6
2024-11-07 00:00:00,1.90764e-05,1.95152e-05,1.8292e-05,1.9147e-05,572099836579.4
2024-11-08 00:00:00,1.9147e-05,1.94702e-05,1.84105e-05,1.90273e-05,723325759174.3
2024-11-09 00:00:00,1.90273e-05,2.05106e-05,1.85061e-05,2.05034e-05,907542386383.3
2024-11-10 00:00:00,2.05034e-05,2.80678e-05,2.01251e-05,2.60551e-05,3445337111273.2
2024-11-11 00:00:00,2.60551e-05,2.89658e-05,2.4408e-05,2.78925e-05,2165814016289.3
2024-11-12 00:00:00,2.78925e-05,3.04738e-05,2.43849e-05,2.64664e-05,3487658318543.6
2024-11-13 00:00:00,2.64664e-05,2.79992e-05,2.33212e-05,2.582e-05,2854395267109.9
2024-11-14 00:00:00,2.582e-05,2.67704e-05,2.28292e-05,2.3407e-05,2503562751785.2
2024-11-15 00:00:00,2.3407e-05,2.60619e-05,2.25855e-05,2.55482e-05,1324868017921.2
2024-11-16 00:00:00,2.55482e-05,2.62208e-05,2.3976e-05,2.46064e-05,1264273093729.4
2024-11-17 00:00:00,2.46064e-05,2.57052e-05,2.3252e-05,2.47786e-05,1153179143143.7
2024-11-18 00:00:00,2.47786e-05,2.58435e-05,2.39753e-05,2.48322e-05,1263336956151.8
2024-11-19 00:00:00,2.48322e-05,2.61492e-05,2.42748e-05,2.47513e-05,1642868000673.7
2024-11-20 00:00:00,2.47513e-05,2.48204e-05,2.3378e-05,2.38785e-05,947787840726.4
2024-11-21 00:00:00,2.38785e-05,2.5473e-05,2.303e-05,2.47624e-05,1211287314327.7
2024-11-22 00:00:00,2.47624e-05,2.57826e-05,2.425e-05,2.54185e-05,1299729311908.1
2024-11-23 00:00:00,2.54185e-05,2.81289e-05,2.48884e-05,2.59362e-05,2276979902431.8
2024-11-24 00:00:00,2.59362e-05,2.81849e-05,2.42618e-05,2.57462e-05,1935531815040.3
2024-11-25 00:00:00,2.57462e-05,2.64802e-05,2.43216e-05,2.47675e-05,1295268581421.7
2024-11-26 00:00:00,2.47675e-05,2.54201e-05,2.3323e-05,2.43558e-05,1167537729105.8
2024-11-27 00:00:00,2.43558e-05,2.584e-05,2.40468e-05,2.57206e-05,730751829519.6
2024-11-28 00:00:00,2.57206e-05,2.65154e-05,2.48728e-05,2.5488e-05,673789823363.6
2024-11-29 00:00:00,2.5488e-05,2.636e-05,2.53009e-05,2.60349e-05,909757876157.5
2024-11-30 00:00:00,2.60349e-05,2.753e-05,2.556e-05,2.67247e-05,968505482773.3
2024-12-01 00:00:00,2.67247e-05,3.31681e-05,2.65881e-05,3.08754e-05,4082841678451.9
2024-12-02 00:00:00,3.08754e-05,3.26274e-05,2.82389e-05,2.9916e-05,2466283281821.3
2024-12-03 00:00:00,2.9916e-05,3.09498e-05,2.65684e-05,2.85975e-05,1578823231265.0
2024-12-04 00:00:00,2.85975e-05,3.30162e-05,2.85975e-05,3.28492e-05,2292276332185.9
2024-12-05 00:00:00,3.28492e-05,3.2967e-05,2.9279e-05,3.04552e-05,2195488523779.6
2024-12-06 00:00:00,3.04552e-05,3.15173e-05,2.93388e-05,3.08408e-05,1028263314154.9
2024-12-07 00:00:00,3.08408e-05,3.34101e-05,3.02876e-05,3.19634e-05,1614612333759.4
2024-12-08 00:00:00,3.19634e-05,3.34305e-05,3.11941e-05,3.2191e-05,1100216434026.3
2024-12-09 00:00:00,3.2191e-05,3.22361e-05,2.35e-05,2.72192e-05,2501694442733.7
2024-12-10 00:00:00,2.72192e-05,2.76926e-05,2.41728e-05,2.71681e-05,2295926070504.5
2024-12-11 00:00:00,2.71681e-05,2.93194e-05,2.59941e-05,2.88057e-05,1089428311016.5
2024-12-12 00:00:00,2.88057e-05,2.97732e-05,2.77767e-05,2.81395e-05,909518245559.8
2024-12-13 00:00:00,2.81395e-05,2.85856e-05,2.7438e-05,2.85451e-05,517003787956.1
2024-12-14 00:00:00,2.85451e-05,2.88362e-05,2.68328e-05,2.74769e-05,460202948925.2
2024-12-15 00:00:00,2.74769e-05,2.80671e-05,2.68308e-05,2.78855e-05,368269468933.5
2024-12-16 00:00:00,2.78855e-05,2.83235e-05,2.65464e-05,2.7185e-05,681093839678.7
2024-12-17 00:00:00,2.7185e-05,2.749e-05,2.60049e-05,2.63183e-05,478534806233.0
2024-12-18 00:00:00,2.63183e-05,2.64582e-05,2.36311e-05,2.40488e-05,759821096335.9
2024-12-19 00:00:00,2.40488e-05,2.44922e-05,2.10486e-05,2.15706e-05,1189222031484.1
2024-12-20 00:00:00,2.15706e-05,2.27087e-05,1.85306e-05,2.24653e-05,1426364207920.7
2024-12-21 00:00:00,2.24653e-05,2.3998e-05,2.14264e-05,2.16984e-05,830797090715.8
2024-12-22 00:00:00,2.16984e-05,2.22429e-05,2.08874e-05,2.15195e-05,559318635356.2
2024-12-23 00:00:00,2.15195e-05,2.28387e-05,2.09594e-05,2.25166e-05,581103715094.4
2024-12-24 00:00:00,2.25166e-05,2.36522e-05,2.19283e-05,2.34925e-05,390588676332.0
2024-12-25 00:00:00,2.34925e-05,2.40845e-05,2.25728e-05,2.28248e-05,344586480730.9
2024-12-26 00:00:00,2.28248e-05,2.31253e-05,2.12782e-05,2.15948e-05,351153756919.5
2024-12-27 00:00:00,2.15948e-05,2.2432e-05,2.13449e-05,2.16871e-05,268879509380.6
2024-12-28 00:00:00,2.16871e-05,2.23862e-05,2.15316e-05,2.21823e-05,166257558960.7
2024-12-29 00:00:00,2.21823e-05,2.24481e-05,2.13162e-05,2.13479e-05,254607602089.7
2024-12-30 00:00:00,2.13479e-05,2.1887e-05,2.05374e-05,2.11434e-05,331839250692.1
2024-12-31 00:00:00,2.11434e-05,2.19156e-05,2.05117e-05,2.11753e-05,345978257753.5
2025-01-01 00:00:00,2.11753e-05,2.17398e-05,2.07122e-05,2.16866e-05,242176857499.3
2025-01-02 00:00:00,2.16866e-05,2.30603e-05,2.16002e-05,2.28988e-05,318902022208.9
2025-01-03 00:00:00,2.28988e-05,2.46415e-05,2.24927e-05,2.44231e-05,401902971027.3
2025-01-04 00:00:00,2.44231e-05,2.49267e-05,2.38856e-05,2.43193e-05,320659658129.6
2025-01-05 00:00:00,2.43193e-05,2.44022e-05,2.34496e-05,2.39287e-05,188884503439.9
2025-01-06 00:00:00,2.39287e-05,2.46226e-05,2.34241e-05,2.4055e-05,352459754381.6
2025-01-07 00:00:00,2.4055e-05,2.42733e-05,2.16677e-05,2.17804e-05,749769761766.8
2025-01-08 00:00:00,2.17804e-05,2.19772e-05,2.02593e-05,2.12956e-05,468480525722.6
2025-01-09 00:00:00,2.12956e-05,2.20217e-05,2.04868e-05,2.10434e-05,439861787136.9
2025-01-10 00:00:00,2.10434e-05,2.19016e-05,2.10347e-05,2.15652e-05,368205513863.2
2025-01-11 00:00:00,2.15652e-05,2.2733e-05,2.13495e-05,2.21969e-05,312863669668.6
2025-01-12 00:00:00,2.21969e-05,2.22077e-05,2.12948e-05,2.15509e-05,218952542331.3
2025-01-13 00:00:00,2.15509e-05,2.216e-05,1.96e-05,2.12001e-05,594387470487.2
2025-01-14 00:00:00,2.12001e-05,2.19862e-05,2.1101e-05,2.162e-05,199411596091.6
2025-01-15 00:00:00,2.162e-05,2.28487e-05,2.04896e-05,2.27385e-05,929854692103.3
2025-01-16 00:00:00,2.27385e-05,2.3497e-05,2.1699e-05,2.20127e-05,448998551278.8
2025-01-17 00:00:00,2.20127e-05,2.46208e-05,2.20125e-05,2.4203e-05,823172434415.1
2025-01-18 00:00:00,2.4203e-05,2.49574e-05,2.23518e-05,2.27687e-05,631311242052.1
2025-01-19 00:00:00,2.27687e-05,2.32591e-05,1.97653e-05,2.03376e-05,1356243050898.6
2025-01-20 00:00:00,2.03376e-05,2.216e-05,1.96487e-05,2.03397e-05,1446840726641.2
2025-01-21 00:00:00,2.03397e-05,2.13495e-05,1.96439e-05,2.09048e-05,585561323678.6
2025-01-22 00:00:00,2.09048e-05,2.0997e-05,2.00609e-05,2.01801e-05,318560353164.6
2025-01-23 00:00:00,2.01801e-05,2.05e-05,1.9545e-05,2.01436e-05,457496970843.0
2025-01-24 00:00:00,2.01436e-05,2.05666e-05,1.94949e-05,1.99625e-05,266200718981.0
2025-01-25 00:00:00,1.99625e-05,2.0229e-05,1.96875e-05,1.99412e-05,169458483053.0
2025-01-26 00:00:00,1.99412e-05,2.01526e-05,1.90298e-05,1.9096e-05,190591491997.2
2025-01-27 00:00:00,1.9096e-05,1.91642e-05,1.72742e-05,1.89735e-05,580288508383.3
2025-01-28 00:00:00,1.89735e-05,1.93258e-05,1.772e-05,1.79671e-05,239888850088.1
2025-01-29 00:00:00,1.79671e-05,1.88188e-05,1.78047e-05,1.8293e-05,270632668045.3
2025-01-30 00:00:00,1.8293e-05,1.89875e-05,1.81716e-05,1.86795e-05,200314300959.9
2025-01-31 00:00:00,1.86795e-05,1.968e-05,1.849e-05,1.88989e-05,377222528317.6
2025-02-01 00:00:00,1.88989e-05,1.92423e-05,1.74767e-05,1.76088e-05,323800266570.9
2025-02-02 00:00:00,1.76088e-05,1.79559e-05,1.47111e-05,1.55185e-05,1093519235374.1
2025-02-03 00:00:00,1.55185e-05,1.68775e-05,1.15824e-05,1.67968e-05,3494736174233.2
2025-02-04 00:00:00,1.67968e-05,1.69279e-05,1.5058e-05,1.57529e-05,1363960176250.8
2025-02-05 00:00:00,1.57529e-05,1.67511e-05,1.54915e-05,1.57716e-05,546150712462.1
2025-02-06 00:00:00,1.57716e-05,1.61536e-05,1.47277e-05,1.48601e-05,381468130369.4
2025-02-07 00:00:00,1.48601e-05,1.57097e-05,1.462e-05,1.511e-05,278248231162.3
2025-02-08 00:00:00,1.511e-05,1.60618e-05,1.501e-05,1.596e-05,263188013230.9
2025-02-09 00:00:00,1.596e-05,1.653e-05,1.515e-05,1.567e-05,219888767161.3
2025-02-10 00:00:00,1.567e-05,1.611e-05,1.528e-05,1.581e-05,150947917250.8
2025-02-11 00:00:00,1.581e-05,1.649e-05,1.545e-05,1.569e-05,305443290748.0
2025-02-12 00:00:00,1.569e-05,1.734e-05,1.548e-05,1.699e-05,429241914695.1
2025-02-13 00:00:00,1.699e-05,1.705e-05,1.592e-05,1.63e-05,204979017397.5
2025-02-14 00:00:00,1.63e-05,1.719e-05,1.618e-05,1.671e-05,360439259215.0
2025-02-15 00:00:00,1.671e-05,1.703e-05,1.623e-05,1.632e-05,133454758622.6
2025-02-16 00:00:00,1.632e-05,1.639e-05,1.583e-05,1.598e-05,102186821602.7
2025-02-17 00:00:00,1.598e-05,1.629e-05,1.538e-05,1.574e-05,216978992054.3
2025-02-18 00:00:00,1.574e-05,1.58e-05,1.486e-05,1.523e-05,263921949185.8
2025-02-19 00:00:00,1.523e-05,1.554e-05,1.506e-05,1.542e-05,171274870516.4
2025-02-20 00:00:00,1.542e-05,1.561e-05,1.529e-05,1.555e-05,128819681277.6
2025-02-21 00:00:00,1.555e-05,1.598e-05,1.481e-05,1.502e-05,506960151129.0
2025-02-22 00:00:00,1.502e-05,1.578e-05,1.497e-05,1.56e-05,108289983047.7
2025-02-23 00:00:00,1.56e-05,1.578e-05,1.53e-05,1.545e-05,105709174520.0
2025-02-24 00:00:00,1.545e-05,1.55596e-05,1.344e-05,1.363e-05,174252319050.1
2025-02-25 00:00:00,1.363e-05,1.428e-05,1.304e-05,1.41e-05,329636586589.0
2025-02-26 00:00:00,1.41e-05,1.456e-05,1.376e-05,1.442e-05,192235531681.8
2025-02-27 00:00:00,1.442e-05,1.486e-05,1.42e-05,1.443e-05,108689958567.0
2025-02-28 00:00:00,1.443e-05,1.444e-05,1.301e-05,1.394e-05,215209145407.1
2025-03-01 00:00:00,1.394e-05,1.415e-05,1.339e-05,1.364e-05,94648746034.8
2025-03-02 00:00:00,1.364e-05,1.518e-05,1.349e-05,1.515e-05,227244367338.5
2025-03-03 00:00:00,1.515e-05,1.52e-05,1.27e-05,1.291e-05,242882180568.1
2025-03-04 00:00:00,1.291e-05,1.325e-05,1.217e-05,1.31e-05,213726698211.5
2025-03-05 00:00:00,1.31e-05,1.344e-05,1.286e-05,1.337e-05,160974383179.4
2025-03-06 00:00:00,1.337e-05,1.383e-05,1.316e-05,1.339e-05,155027887297.7
2025-03-07 00:00:00,1.339e-05,1.375e-05,1.277e-05,1.313e-05,149637250853.4
2025-03-08 00:00:00,1.313e-05,1.325e-05,1.257e-05,1.267e-05,95255666607.6
2025-03-09 00:00:00,1.267e-05,1.27132e-05,1.152e-05,1.165e-05,134776367574.2
2025-03-10 00:00:00,1.165e-05,1.3e-05,1.143e-05,1.15e-05,321793374761.0
2025-03-11 00:00:00,1.15e-05,1.228e-05,1.082e-05,1.204e-05,253519986902.9
2025-03-12 00:00:00,1.204e-05,1.261e-05,1.177e-05,1.233e-05,140014032205.1
2025-03-13 00:00:00,1.233e-05,1.239e-05,1.179e-05,1.201e-05,96439342172.5
2025-03-14 00:00:00,1.201e-05,1.29e-05,1.199e-05,1.277e-05,116686385485.7
2025-03-15 00:00:00,1.277e-05,1.297e-05,1.263e-05,1.283e-05,97422209889.4
2025-03-16 00:00:00,1.283e-05,1.382e-05,1.257e-05,1.312e-05,343289452734.4
2025-03-17 00:00:00,1.312e-05,1.35913e-05,1.279e-05,1.297e-05,194544655690.9
2025-03-18 00:00:00,1.297e-05,1.297e-05,1.227e-05,1.255e-05,128134707579.4
2025-03-19 00:00:00,1.255e-05,1.299e-05,1.249e-05,1.294e-05,133031825331.3
2025-03-20 00:00:00,1.294e-05,1.304e-05,1.2608e-05,1.294e-05,106860676617.2
2025-03-21 00:00:00,1.294e-05,1.308e-05,1.247e-05,1.251e-05,75067484732.3
2025-03-22 00:00:00,1.251e-05,1.296e-05,1.248e-05,1.281e-05,131351540877.6
2025-03-23 00:00:00,1.281e-05,1.311e-05,1.278e-05,1.296e-05,104646506393.8
2025-03-24 00:00:00,1.296e-05,1.37e-05,1.278e-05,1.353e-05,253822280694.0
2025-03-25 00:00:00,1.353e-05,1.404e-05,1.335e-05,1.386e-05,202331503562.1
2025-03-26 00:00:00,1.386e-05,1.567e-05,1.38e-05,1.422e-05,693149279777.8
2025-03-27 00:00:00,1.422e-05,1.473e-05,1.393e-05,1.403e-05,256924356216.6
2025-03-28 00:00:00,1.403e-05,1.405e-05,1.301e-05,1.324e-05,879263504421.7
2025-03-29 00:00:00,1.324e-05,1.338e-05,1.244e-05,1.267e-05,323578412193.6
2025-03-30 00:00:00,1.267e-05,1.284e-05,1.228e-05,1.245e-05,342341744653.8
2025-03-31 00:00:00,1.245e-05,1.257e-05,1.197e-05,1.238e-05,333716844586.2
2025-04-01 00:00:00,1.238e-05,1.315e-05,1.237e-05,1.268e-05,266030695919.1
2025-04-02 00:00:00,1.268e-05,1.305e-05,1.195e-05,1.205e-05,578104753716.0
2025-04-03 00:00:00,1.205e-05,1.245e-05,1.182e-05,1.221e-05,338580982888.9
2025-04-04 00:00:00,1.221e-05,1.254e-05,1.194e-05,1.231e-05,365978815459.7
2025-04-05 00:00:00,1.231e-05,1.243e-05,1.209e-05,1.234e-05,119334037949.3
2025-04-06 00:00:00,1.234e-05,1.238e-05,1.103e-05,1.132e-05,389631111019.2
2025-04-07 00:00:00,1.132e-05,1.183e-05,1.029e-05,1.142e-05,964680295823.8
2025-04-08 00:00:00,1.142e-05,1.172e-05,1.053e-05,1.065e-05,386820254225.7
2025-04-09 00:00:00,1.065e-05,1.213e-05,1.03e-05,1.193e-05,773449356337.9
2025-04-10 00:00:00,1.193e-05,1.214e-05,1.142e-05,1.164e-05,337668717017.6
2025-04-11 00:00:00,1.164e-05,1.238e-05,1.161e-05,1.221e-05,251029652336.5
2025-04-12 00:00:00,1.221e-05,1.268e-05,1.205e-05,1.254e-05,192796020932.7
2025-04-13 00:00:00,1.254e-05,1.259e-05,1.194e-05,1.205e-05,146712839656.5
2025-04-14 00:00:00,1.205e-05,1.243e-05,1.194e-05,1.2e-05,174898347057.3
2025-04-15 00:00:00,1.2e-05,1.215e-05,1.167e-05,1.169e-05,152537077005.8
2025-04-16 00:00:00,1.169e-05,1.198e-05,1.147e-05,1.184e-05,241949134714.3
2025-04-17 00:00:00,1.184e-05,1.204e-05,1.162e-05,1.179e-05,185790138706.8
2025-04-18 00:00:00,1.179e-05,1.247e-05,1.167e-05,1.228e-05,152754456986.0
2025-04-19 00:00:00,1.228e-05,1.242e-05,1.212e-05,1.236e-05,113916447290.7
2025-04-20 00:00:00,1.236e-05,1.255e-05,1.21e-05,1.236e-05,126271264664.3
2025-04-21 00:00:00,1.236e-05,1.281e-05,1.221e-05,1.236e-05,191400327352.5
2025-04-22 00:00:00,1.236e-05,1.38e-05,1.217e-05,1.358e-05,290115646895.6
2025-04-23 00:00:00,1.358e-05,1.39e-05,1.315e-05,1.357e-05,331983608463.7
2025-04-24 00:00:00,1.357e-05,1.379e-05,1.29e-05,1.378e-05,190995136028.8
2025-04-25 00:00:00,1.378e-05,1.429e-05,1.366e-05,1.416e-05,294654684956.9
2025-04-26 00:00:00,1.416e-05,1.523e-05,1.404e-05,1.415e-05,330566778855.7
2025-04-27 00:00:00,1.415e-05,1.418e-05,1.342e-05,1.344e-05,191563709490.6
2025-04-28 00:00:00,1.344e-05,1.42e-05,1.317e-05,1.373e-05,263546894610.8
2025-04-29 00:00:00,1.373e-05,1.392e-05,1.326e-05,1.341e-05,168485071346.0
2025-04-30 00:00:00,1.341e-05,1.354e-05,1.27968e-05,1.324e-05,176491606747.8
2025-05-01 00:00:00,1.324e-05,1.374e-05,1.32e-05,1.35e-05,171020878033.8
2025-05-02 00:00:00,1.35e-05,1.369e-05,1.328e-05,1.346e-05,146923763970.5
2025-05-03 00:00:00,1.346e-05,1.348e-05,1.288e-05,1.298e-05,105343500978.9
2025-05-04 00:00:00,1.298e-05,1.323e-05,1.26e-05,1.266e-05,151509723598.7
2025-05-05 00:00:00,1.266e-05,1.298e-05,1.25285e-05,1.269e-05,175492921866.1
2025-05-06 00:00:00,1.269e-05,1.277e-05,1.231e-05,1.274e-05,233889954622.2
2025-05-07 00:00:00,1.274e-05,1.295e-05,1.255e-05,1.28e-05,178237474333.4
2025-05-08 00:00:00,1.28e-05,1.457e-05,1.273e-05,1.439e-05,386172214991.5
2025-05-09 00:00:00,1.439e-05,1.563e-05,1.41107e-05,1.505e-05,833979215849.7
2025-05-10 00:00:00,1.505e-05,1.708e-05,1.485e-05,1.707e-05,612353300744.1
2025-05-11 00:00:00,1.707e-05,1.729e-05,1.561e-05,1.59e-05,712585874773.5
2025-05-12 00:00:00,1.59e-05,1.765e-05,1.505e-05,1.577e-05,1087132747769.2
2025-05-13 00:00:00,1.577e-05,1.661e-05,1.48e-05,1.635e-05,597787541990.6
2025-05-14 00:00:00,1.635e-05,1.671e-05,1.552e-05,1.572e-05,461448745910.1
2025-05-15 00:00:00,1.572e-05,1.59e-05,1.444e-05,1.482e-05,475263283298.6
2025-05-16 00:00:00,1.482e-05,1.519e-05,1.441e-05,1.457e-05,239141523961.8
2025-05-17 00:00:00,1.457e-05,1.462e-05,1.398e-05,1.419e-05,275736516686.3
2025-05-18 00:00:00,1.419e-05,1.535e-05,1.407e-05,1.502e-05,345860769343.9
2025-05-19 00:00:00,1.502e-05,1.514e-05,1.388e-05,1.46e-05,349780194024.2
2025-05-20 00:00:00,1.46e-05,1.492e-05,1.413e-05,1.46e-05,271797828724.4
2025-05-21 00:00:00,1.46e-05,1.518e-05,1.428e-05,1.485e-05,432197488123.5
2025-05-22 00:00:00,1.485e-05,1.555e-05,1.483e-05,1.555e-05,451475600476.4
2025-05-23 00:00:00,1.555e-05,1.605e-05,1.418e-05,1.43e-05,470426611226.1
2025-05-24 00:00:00,1.43e-05,1.4584e-05,1.425e-05,1.438e-05,124906903892.6
2025-05-25 00:00:00,1.438e-05,1.469e-05,1.392e-05,1.448e-05,225794006305.6
2025-05-26 00:00:00,1.448e-05,1.476e-05,1.42e-05,1.441e-05,179111582162.5
2025-05-27 00:00:00,1.441e-05,1.468e-05,1.405e-05,1.447e-05,187933547589.8
2025-05-28 00:00:00,1.447e-05,1.454e-05,1.394e-05,1.433e-05,179388541220.4
2025-05-29 00:00:00,1.433e-05,1.468e-05,1.384e-05,1.389e-05,236923796285.8
2025-05-30 00:00:00,1.389e-05,1.397e-05,1.267e-05,1.275e-05,534711080503.9
2025-05-31 00:00:00,1.275e-05,1.294e-05,1.225e-05,1.281e-05,286074537392.6
2025-06-01 00:00:00,1.281e-05,1.307e-05,1.257e-05,1.295e-05,210328036453.0
2025-06-02 00:00:00,1.295e-05,1.323e-05,1.263e-05,1.319e-05,174254584243.7
2025-06-03 00:00:00,1.319e-05,1.343e-05,1.293e-05,1.304e-05,164691453554.3
2025-06-04 00:00:00,1.304e-05,1.318e-05,1.27e-05,1.281e-05,91363577581.9
2025-06-05 00:00:00,1.281e-05,1.297e-05,1.19e-05,1.201e-05,347514756678.4
2025-06-06 00:00:00,1.201e-05,1.283e-05,1.195e-05,1.241e-05,202951097946.8
2025-06-07 00:00:00,1.241e-05,1.288e-05,1.234e-05,1.273e-05,152826908548.8
2025-06-08 00:00:00,1.273e-05,1.273e-05,1.241e-05,1.25e-05,93729899941.2
2025-06-09 00:00:00,1.25e-05,1.316e-05,1.233e-05,1.311e-05,180197970954.2
2025-06-10 00:00:00,1.311e-05,1.338e-05,1.282e-05,1.336e-05,209632481886.5
2025-06-11 00:00:00,1.336e-05,1.361e-05,1.284e-05,1.295e-05,283165423388.5
2025-06-12 00:00:00,1.295e-05,1.3e-05,1.213e-05,1.223e-05,182421455323.8
2025-06-13 00:00:00,1.223e-05,1.223e-05,1.139e-05,1.211e-05,432080124422.7
2025-06-14 00:00:00,1.211e-05,1.224e-05,1.188e-05,1.204e-05,132482436841.6
2025-06-15 00:00:00,1.204e-05,1.215e-05,1.18e-05,1.203e-05,155990161561.1
2025-06-16 00:00:00,1.203e-05,1.232e-05,1.184e-05,1.187e-05,162185125823.5
2025-06-17 00:00:00,1.187e-05,1.207e-05,1.135e-05,1.16e-05,327333441326.2
2025-06-18 00:00:00,1.16e-05,1.178e-05,1.135e-05,1.168e-05,300657843428.7
2025-06-19 00:00:00,1.168e-05,1.176e-05,1.1429e-05,1.1583e-05,323070150789.2
2025-06-20 00:00:00,1.1583e-05,1.1832e-05,1.1067e-05,1.1307e-05,651379522016.2
2025-06-21 00:00:00,1.1307e-05,1.1429e-05,1.0573e-05,1.0895e-05,573611528821.7
2025-06-22 00:00:00,1.0895e-05,1.10513e-05,1.0047e-05,1.0589e-05,1092513276952.8
2025-06-23 00:00:00,1.0589e-05,1.1664e-05,1.0566e-05,1.1568e-05,762409764618.3
2025-06-24 00:00:00,1.1568e-05,1.191e-05,1.1512e-05,1.1708e-05,411370857788.1
2025-06-25 00:00:00,1.1708e-05,1.1779e-05,1.1485e-05,1.1621e-05,263051669243.2
2025-06-26 00:00:00,1.1621e-05,1.18e-05,1.1165e-05,1.1209e-05,306591524498.2
2025-06-27 00:00:00,1.1209e-05,1.1401e-05,1.105e-05,1.1325e-05,290080890124.2
2025-06-28 00:00:00,1.1325e-05,1.1624e-05,1.1287e-05,1.1553e-05,221777083662.2
2025-06-29 00:00:00,1.1553e-05,1.1984e-05,1.1446e-05,1.1864e-05,294794447756.5
2025-06-30 00:00:00,1.1864e-05,1.1927e-05,1.1261e-05,1.1427e-05,318613463932.6
2025-07-01 00:00:00,1.1427e-05,1.1514e-05,1.1084e-05,1.1194e-05,176934998601.8
2025-07-02 00:00:00,1.1194e-05,1.1994e-05,1.1138e-05,1.1798e-05,270133507579.1
2025-07-03 00:00:00,1.1798e-05,1.2143e-05,1.1717e-05,1.1893e-05,234125674682.1
2025-07-04 00:00:00,1.1893e-05,1.1995e-05,1.1213e-05,1.1431e-05,174620921940.1
2025-07-05 00:00:00,1.1431e-05,1.1586e-05,1.1343e-05,1.1465e-05,75340099101.5
2025-07-06 00:00:00,1.1465e-05,1.1965e-05,1.1375e-05,1.183e-05,131970768738.4
2025-07-07 00:00:00,1.183e-05,1.194e-05,1.146e-05,1.1631e-05,138727175608.3
2025-07-08 00:00:00,1.1631e-05,1.1967e-05,1.1542e-05,1.186e-05,196712623972.9
2025-07-09 00:00:00,1.186e-05,1.2554e-05,1.1775e-05,1.2388e-05,350087767759.7
2025-07-10 00:00:00,1.2388e-05,1.3435e-05,1.2308e-05,1.335e-05,428568942537.5
2025-07-11 00:00:00,1.335e-05,1.3872e-05,1.306e-05,1.3301e-05,513633741286.8
2025-07-12 00:00:00,1.3301e-05,1.3537e-05,1.2824e-05,1.3198e-05,255011714970.3
2025-07-13 00:00:00,1.3198e-05,1.35e-05,1.3087e-05,1.3305e-05,210590945896.4
2025-07-14 00:00:00,1.3305e-05,1.4155e-05,1.3124e-05,1.3259e-05,292029429658.4
2025-07-15 00:00:00,1.3259e-05,1.3822e-05,1.275e-05,1.3741e-05,300563463149.1
2025-07-16 00:00:00,1.3741e-05,1.48349e-05,1.3456e-05,1.437e-05,514819062746.8
2025-07-17 00:00:00,1.437e-05,1.4733e-05,1.3886e-05,1.4471e-05,451443935383.2
2025-07-18 00:00:00,1.4471e-05,1.57711e-05,1.423e-05,1.4667e-05,930587470008.7
2025-07-19 00:00:00,1.4667e-05,1.5356e-05,1.4316e-05,1.4894e-05,461202702179.8
2025-07-20 00:00:00,1.4894e-05,1.5836e-05,1.4791e-05,1.552e-05,464274469374.4
2025-07-21 00:00:00,1.552e-05,1.597e-05,1.5094e-05,1.5472e-05,516011919324.0
2025-07-22 00:00:00,1.5472e-05,1.5665e-05,1.4725e-05,1.5454e-05,394076999749.6
2025-07-23 00:00:00,1.5454e-05,1.5465e-05,1.3405e-05,1.3856e-05,603461603749.0
2025-07-24 00:00:00,1.3856e-05,1.405e-05,1.2973e-05,1.3616e-05,500151923231.2
2025-07-25 00:00:00,1.3616e-05,1.4109e-05,1.3114e-05,1.4087e-05,370877678487.2
2025-07-26 00:00:00,1.4087e-05,1.421e-05,1.391e-05,1.3967e-05,164982814938.1
2025-07-27 00:00:00,1.3967e-05,1.4278e-05,1.3896e-05,1.4165e-05,156060163502.5
2025-07-28 00:00:00,1.4165e-05,1.4373e-05,1.3262e-05,1.3353e-05,320239753366.3
2025-07-29 00:00:00,1.3353e-05,1.3672e-05,1.2897e-05,1.3125e-05,223364845727.6
2025-07-30 00:00:00,1.3125e-05,1.3183e-05,1.224e-05,1.2867e-05,345926227922.2
2025-07-31 00:00:00,1.2867e-05,1.3173e-05,1.2382e-05,1.2443e-05,150852835993.9
2025-08-01 00:00:00,1.2443e-05,1.2501e-05,1.1732e-05,1.2061e-05,362755376838.3
2025-08-02 00:00:00,1.2061e-05,1.2264e-05,1.161e-05,1.1824e-05,206934839130.5
2025-08-03 00:00:00,1.1824e-05,1.2256e-05,1.1656e-05,1.2197e-05,156868666530.5
2025-08-04 00:00:00,1.2197e-05,1.2569e-05,1.2193e-05,1.2517e-05,241793242491.5
2025-08-05 00:00:00,1.2517e-05,1.2583e-05,1.186e-05,1.2084e-05,244371184526.5
2025-08-06 00:00:00,1.2084e-05,1.2439e-05,1.1884e-05,1.2335e-05,158917201709.9
2025-08-07 00:00:00,1.2335e-05,1.2885e-05,1.2281e-05,1.2882e-05,176087025744.3
2025-08-08 00:00:00,1.2882e-05,1.35106e-05,1.2698e-05,1.325e-05,531569022701.6
2025-08-09 00:00:00,1.325e-05,1.4058e-05,1.3178e-05,1.3723e-05,362754312732.0
2025-08-10 00:00:00,1.3723e-05,1.4e-05,1.3263e-05,1.3567e-05,454161831368.2
2025-08-11 00:00:00,1.3567e-05,1.3918e-05,1.2813e-05,1.2926e-05,441528824661.7
2025-08-12 00:00:00,1.2926e-05,1.375e-05,1.2708e-05,1.3543e-05,304929145610.4
2025-08-13 00:00:00,1.3543e-05,1.4026e-05,1.3401e-05,1.3919e-05,300237963234.9
2025-08-14 00:00:00,1.3919e-05,1.4187e-05,1.2625e-05,1.2886e-05,532274412639.5
2025-08-15 00:00:00,1.2886e-05,1.3146e-05,1.2502e-05,1.2863e-05,373763603330.9
2025-08-16 00:00:00,1.2863e-05,1.3045e-05,1.2782e-05,1.2981e-05,176927589770.3
2025-08-17 00:00:00,1.2981e-05,1.3386e-05,1.2908e-05,1.3019e-05,168656165653.2
2025-08-18 00:00:00,1.3019e-05,1.3033e-05,1.2445e-05,1.271e-05,309156154834.1
2025-08-19 00:00:00,1.271e-05,1.281e-05,1.2064e-05,1.2093e-05,341726940912.0
2025-08-20 00:00:00,1.2093e-05,1.2634e-05,1.2027e-05,1.2573e-05,353166774192.2
2025-08-21 00:00:00,1.2573e-05,1.2719e-05,1.2264e-05,1.2371e-05,174215633380.1
2025-08-22 00:00:00,1.2371e-05,1.3502e-05,1.2021e-05,1.3387e-05,590538459251.6
2025-08-23 00:00:00,1.3387e-05,1.3405e-05,1.2946e-05,1.3261e-05,360602205464.8
2025-08-24 00:00:00,1.3261e-05,1.3512e-05,1.2718e-05,1.2967e-05,356423502294.4
2025-08-25 00:00:00,1.2967e-05,1.3136e-05,1.1821e-05,1.2031e-05,763732751901.3
2025-08-26 00:00:00,1.2031e-05,1.2612e-05,1.1899e-05,1.254e-05,468971389183.0
2025-08-27 00:00:00,1.254e-05,1.2645e-05,1.2365e-05,1.2492e-05,241971642391.3
2025-08-28 00:00:00,1.2492e-05,1.2723e-05,1.2404e-05,1.2673e-05,269798918861.4
2025-08-29 00:00:00,1.2673e-05,1.2726e-05,1.1986e-05,1.2197e-05,483071976118.8
2025-08-30 00:00:00,1.2197e-05,1.2471e-05,1.2024e-05,1.2327e-05,171869411644.2
2025-08-31 00:00:00,1.2327e-05,1.2504e-05,1.2163e-05,1.2189e-05,120113076190.7
2025-09-01 00:00:00,1.2189e-05,1.2623e-05,1.1811e-05,1.2111e-05,447759758966.0
2025-09-02 00:00:00,1.2111e-05,1.2477e-05,1.2029e-05,1.2435e-05,270075515435.4
2025-09-03 00:00:00,1.2435e-05,1.2573e-05,1.2302e-05,1.2483e-05,252381537195.2
2025-09-04 00:00:00,1.2483e-05,1.2528e-05,1.2005e-05,1.2109e-05,185726958872.8
2025-09-05 00:00:00,1.2109e-05,1.2471e-05,1.2069e-05,1.2394e-05,300150040326.0
2025-09-06 00:00:00,1.2394e-05,1.2443e-05,1.2157e-05,1.2274e-05,123436065561.3
2025-09-07 00:00:00,1.2274e-05,1.2507e-05,1.2265e-05,1.2476e-05,215297438062.1
2025-09-08 00:00:00,1.2476e-05,1.2976e-05,1.2394e-05,1.2879e-05,280568000961.3
2025-09-09 00:00:00,1.2879e-05,1.3197e-05,1.2668e-05,1.2882e-05,456018465495.5
2025-09-10 00:00:00,1.2882e-05,1.3173e-05,1.2754e-05,1.3059e-05,311111335858.4
2025-09-11 00:00:00,1.3059e-05,1.3263e-05,1.289e-05,1.3257e-05,361485359927.3
2025-09-12 00:00:00,1.3257e-05,1.3915e-05,1.3191e-05,1.391e-05,632323936448.4
2025-09-13 00:00:00,1.391e-05,1.4837e-05,1.3748e-05,1.4282e-05,890765390734.3
2025-09-14 00:00:00,1.4282e-05,1.43e-05,1.3535e-05,1.3682e-05,272287926027.3
2025-09-15 00:00:00,1.3682e-05,1.3805e-05,1.2917e-05,1.3066e-05,512023546988.5
2025-09-16 00:00:00,1.3066e-05,1.3251e-05,1.2863e-05,1.3159e-05,366066301190.6
2025-09-17 00:00:00,1.3159e-05,1.36e-05,1.283e-05,1.35e-05,297164582182.5
2025-09-18 00:00:00,1.35e-05,1.36e-05,1.32783e-05,1.34e-05,196508516453.5
2025-09-19 00:00:00,1.34e-05,1.355e-05,1.278e-05,1.286e-05,214384988281.9
2025-09-20 00:00:00,1.286e-05,1.305e-05,1.278e-05,1.292e-05,103120554777.5
2025-09-21 00:00:00,1.292e-05,1.304e-05,1.273e-05,1.273e-05,137628349192.1
2025-09-22 00:00:00,1.273e-05,1.277e-05,1.171e-05,1.213e-05,696493919602.2
2025-09-23 00:00:00,1.213e-05,1.229e-05,1.189e-05,1.21e-05,237483580469.8
2025-09-24 00:00:00,1.21e-05,1.236e-05,1.19e-05,1.214e-05,189690654088.7
2025-09-25 00:00:00,1.214e-05,1.216e-05,1.14962e-05,1.163e-05,358072631477.9
2025-09-26 00:00:00,1.163e-05,1.198e-05,1.151e-05,1.192e-05,164061333146.4
2025-09-27 00:00:00,1.192e-05,1.192e-05,1.172e-05,1.18e-05,97035994193.7
2025-09-28 00:00:00,1.18e-05,1.203e-05,1.158e-05,1.202e-05,142284664911.7
2025-09-29 00:00:00,1.202e-05,1.205e-05,1.171e-05,1.197e-05,126035690685.2
2025-09-30 00:00:00,1.197e-05,1.199e-05,1.155e-05,1.183e-05,143026590354.6
2025-10-01 00:00:00,1.183e-05,1.24e-05,1.176e-05,1.239e-05,171955958596.9
2025-10-02 00:00:00,1.239e-05,1.271e-05,1.231e-05,1.264e-05,169034447090.5
2025-10-03 00:00:00,1.264e-05,1.287e-05,1.234e-05,1.265e-05,168786603916.4
2025-10-04 00:00:00,1.265e-05,1.274e-05,1.224e-05,1.237e-05,125415257440.9
2025-10-05 00:00:00,1.237e-05,1.296e-05,1.23e-05,1.245e-05,218651431533.9
2025-10-06 00:00:00,1.245e-05,1.302e-05,1.238e-05,1.285e-05,202353461986.6
2025-10-07 00:00:00,1.285e-05,1.291e-05,1.1891e-05,1.219e-05,219155550006.6
2025-10-08 00:00:00,1.219e-05,1.247e-05,1.204e-05,1.233e-05,151876912586.0
2025-10-09 00:00:00,1.233e-05,1.234e-05,1.172e-05,1.201e-05,200303490338.6
2025-10-10 00:00:00,1.201e-05,1.214e-05,6.676e-06,9.7e-06,1157829680257.8
2025-10-11 00:00:00,9.7e-06,1.071e-05,9.57e-06,9.94e-06,606623902940.1
2025-10-12 00:00:00,9.94e-06,1.087e-05,9.78e-06,1.07e-05,668836948412.4
2025-10-13 00:00:00,1.07e-05,1.129e-05,1.054e-05,1.112e-05,288249750292.7
2025-10-14 00:00:00,1.112e-05,1.117e-05,1.02e-05,1.073e-05,300193015265.4
2025-10-15 00:00:00,1.073e-05,1.089e-05,1.019e-05,1.033e-05,272408127836.0
2025-10-16 00:00:00,1.033e-05,1.05236e-05,9.89e-06,1e-05,204617277449.2
2025-10-17 00:00:00,1e-05,1.012e-05,9.25e-06,9.74e-06,400197705721.9
2025-10-18 00:00:00,9.74e-06,9.98e-06,9.73e-06,9.92e-06,145649226339.3
2025-10-19 00:00:00,9.92e-06,1.018e-05,9.8e-06,1.007e-05,149847405249.0
2025-10-20 00:00:00,1.007e-05,1.034e-05,9.93e-06,1.019e-05,151709539714.7
2025-10-21 00:00:00,1.019e-05,1.055e-05,9.87e-06,1.006e-05,176033516567.2
2025-10-22 00:00:00,1.006e-05,1.01e-05,9.59e-06,9.86e-06,199342232499.4
2025-10-23 00:00:00,9.86e-06,1.02e-05,9.85e-06,1.01e-05,176639908589.1
2025-10-24 00:00:00,1.01e-05,1.034e-05,1.005e-05,1.024e-05,138147440705.7
2025-10-25 00:00:00,1.024e-05,1.025e-05,1.008e-05,1.02e-05,71761004247.6
2025-10-26 00:00:00,1.02e-05,1.069e-05,1.009e-05,1.057e-05,122629832162.3
2025-10-27 00:00:00,1.057e-05,1.069e-05,1.034e-05,1.039e-05,89259470744.3
2025-10-28 00:00:00,1.039e-05,1.044e-05,9.96e-06,1.011e-05,166056365385.3
2025-10-29 00:00:00,1.011e-05,1.044e-05,9.95e-06,1.016e-05,171015993860.6
2025-10-30 00:00:00,1.016e-05,1.025e-05,9.37e-06,9.73e-06,158919661095.8
2025-10-31 00:00:00,9.73e-06,1.006e-05,9.7e-06,1.003e-05,119140113667.5
2025-11-01 00:00:00,1.003e-05,1.004e-05,9.99e-06,1.002e-05,1639381182.6
