timestamp,open,high,low,close,volume
2020-10-21 00:00:00,2.178,2.178,2.128,2.128,67680.1
2020-10-22 00:00:00,2.128,2.242,2.126,2.192,194739.3
2020-10-23 00:00:00,2.192,2.268,2.167,2.219,175873.7
2020-10-24 00:00:00,2.219,2.243,2.195,2.221,176357.8
2020-10-25 00:00:00,2.221,2.247,2.151,2.165,109867.8
2020-10-26 00:00:00,2.165,2.18,2.062,2.092,154165.3
2020-10-27 00:00:00,2.092,2.127,2.067,2.084,228929.7
2020-10-28 00:00:00,2.084,2.118,1.939,1.999,333692.2
2020-10-29 00:00:00,1.999,2.049,1.892,1.932,463465.9
2020-10-30 00:00:00,1.932,1.964,1.791,1.902,459161.8
2020-10-31 00:00:00,1.902,2.016,1.876,1.977,415756.5
2020-11-01 00:00:00,1.977,2.005,1.93,1.991,394264.3
2020-11-02 00:00:00,1.991,2.064,1.876,1.894,553619.1
2020-11-03 00:00:00,1.894,1.908,1.804,1.867,349596.9
2020-11-04 00:00:00,1.867,1.899,1.781,1.872,404291.3
2020-11-05 00:00:00,1.872,1.968,1.804,1.883,447153.0
2020-11-06 00:00:00,1.883,2.099,1.875,2.09,806077.2
2020-11-07 00:00:00,2.09,2.22,1.956,2.018,954408.7
2020-11-08 00:00:00,2.018,2.153,1.975,2.091,518704.4
2020-11-09 00:00:00,2.091,2.155,2.026,2.111,555019.1
2020-11-10 00:00:00,2.111,2.191,2.091,2.152,571951.5
2020-11-11 00:00:00,2.152,2.2,2.108,2.122,710535.7
2020-11-12 00:00:00,2.122,2.148,2.043,2.068,727846.4
2020-11-13 00:00:00,2.068,2.163,2.062,2.151,823433.4
2020-11-14 00:00:00,2.151,2.158,2.048,2.096,543551.7
2020-11-15 00:00:00,2.096,2.106,1.968,2.012,566611.1
2020-11-16 00:00:00,2.012,2.094,1.992,2.083,525558.2
2020-11-17 00:00:00,2.083,2.154,2.069,2.144,433566.1
2020-11-18 00:00:00,2.144,2.2,1.997,2.082,917101.3
2020-11-19 00:00:00,2.082,2.143,2.017,2.077,701743.7
2020-11-20 00:00:00,2.077,2.158,2.067,2.11,993430.5
2020-11-21 00:00:00,2.11,2.4,2.052,2.395,2102029.2
2020-11-22 00:00:00,2.395,2.447,2.153,2.282,1667753.8
2020-11-23 00:00:00,2.282,2.662,2.275,2.624,1957318.4
2020-11-24 00:00:00,2.624,2.827,2.483,2.673,1555445.3
2020-11-25 00:00:00,2.673,2.964,2.476,2.603,2088964.2
2020-11-26 00:00:00,2.603,2.661,2.084,2.243,1894068.9
2020-11-27 00:00:00,2.243,2.337,2.161,2.251,499531.5
2020-11-28 00:00:00,2.251,2.433,2.206,2.321,573793.3
2020-11-29 00:00:00,2.321,2.438,2.272,2.36,517276.9
2020-11-30 00:00:00,2.36,2.56,2.338,2.495,815172.7
2020-12-01 00:00:00,2.495,2.556,2.2,2.325,1043979.2
2020-12-02 00:00:00,2.325,2.422,2.289,2.394,516813.4
2020-12-03 00:00:00,2.394,2.452,2.379,2.409,611828.6
2020-12-04 00:00:00,2.409,2.435,2.223,2.281,571841.6
2020-12-05 00:00:00,2.281,2.332,2.243,2.325,372968.4
2020-12-06 00:00:00,2.325,2.345,2.252,2.325,1319078.9
2020-12-07 00:00:00,2.325,2.329,2.214,2.277,1014071.2
2020-12-08 00:00:00,2.277,2.364,2.098,2.155,1606811.4
2020-12-09 00:00:00,2.155,2.205,2.018,2.175,541517.4
2020-12-10 00:00:00,2.175,2.183,2.077,2.107,417136.1
2020-12-11 00:00:00,2.107,2.113,2.047,2.079,386901.6
2020-12-12 00:00:00,2.079,2.157,2.074,2.135,356537.6
2020-12-13 00:00:00,2.135,2.268,2.128,2.23,383795.8
2020-12-14 00:00:00,2.23,2.267,2.18,2.225,516454.3
2020-12-15 00:00:00,2.225,2.259,2.184,2.234,306505.6
2020-12-16 00:00:00,2.234,2.375,2.206,2.372,495875.0
2020-12-17 00:00:00,2.372,2.444,2.273,2.298,1534914.1
2020-12-18 00:00:00,2.298,2.349,2.26,2.328,445578.7
2020-12-19 00:00:00,2.328,2.393,2.303,2.328,523717.1
2020-12-20 00:00:00,2.328,2.362,2.239,2.268,561075.0
2020-12-21 00:00:00,2.268,2.314,2.123,2.182,579576.4
2020-12-22 00:00:00,2.182,2.196,2.08,2.188,324418.2
2020-12-23 00:00:00,2.188,2.203,1.569,1.819,1132427.4
2020-12-24 00:00:00,1.819,2.081,1.781,2.059,816296.0
2020-12-25 00:00:00,2.059,2.116,1.966,2.03,545275.1
2020-12-26 00:00:00,2.03,2.04,1.925,1.978,355609.7
2020-12-27 00:00:00,1.978,2.148,1.88,2.005,1595890.1
2020-12-28 00:00:00,2.005,2.242,1.985,2.124,912874.4
2020-12-29 00:00:00,2.124,2.177,1.982,2.044,661272.8
2020-12-30 00:00:00,2.044,2.076,1.961,1.991,610549.6
2020-12-31 00:00:00,1.991,2.023,1.94,2.012,365431.8
2021-01-01 00:00:00,2.012,2.131,1.976,2.009,568036.8
2021-01-02 00:00:00,2.009,2.059,1.948,2.002,781005.7
2021-01-03 00:00:00,2.002,2.237,1.958,2.139,2287436.4
2021-01-04 00:00:00,2.139,2.366,2.013,2.334,2456941.5
2021-01-05 00:00:00,2.334,2.461,2.142,2.374,1773637.7
2021-01-06 00:00:00,2.374,2.743,2.296,2.657,2631216.3
2021-01-07 00:00:00,2.657,2.8,2.4,2.533,2239135.4
2021-01-08 00:00:00,2.533,2.578,2.247,2.46,1703239.5
2021-01-09 00:00:00,2.46,2.694,2.418,2.641,1550041.6
2021-01-10 00:00:00,2.641,2.956,2.41,2.771,2749784.6
2021-01-11 00:00:00,2.771,2.775,2.102,2.329,2233238.4
2021-01-12 00:00:00,2.329,2.45,2.196,2.297,1224937.1
2021-01-13 00:00:00,2.297,2.507,2.228,2.505,819392.8
2021-01-14 00:00:00,2.505,2.619,2.413,2.554,1154898.3
2021-01-15 00:00:00,2.554,2.916,2.472,2.716,2273571.9
2021-01-16 00:00:00,2.716,3.194,2.704,2.86,3792269.8
2021-01-17 00:00:00,2.86,3.136,2.67,2.969,2046767.9
2021-01-18 00:00:00,2.969,3.119,2.834,3.039,1101854.1
2021-01-19 00:00:00,3.039,3.236,2.866,2.871,1871371.3
2021-01-20 00:00:00,2.871,2.948,2.648,2.913,938878.4
2021-01-21 00:00:00,2.913,2.933,2.424,2.46,1226377.0
2021-01-22 00:00:00,2.46,3.118,2.309,2.919,2330600.9
2021-01-23 00:00:00,2.919,3.532,2.815,3.168,3509644.9
2021-01-24 00:00:00,3.168,3.298,2.903,3.051,2077781.0
2021-01-25 00:00:00,3.051,3.186,2.905,2.922,1362337.7
2021-01-26 00:00:00,2.922,3.012,2.759,2.915,996915.3
2021-01-27 00:00:00,2.915,2.942,2.634,2.798,1302481.6
2021-01-28 00:00:00,2.798,3.088,2.718,2.995,2006977.3
2021-01-29 00:00:00,2.995,3.076,2.817,2.916,1467941.9
2021-01-30 00:00:00,2.916,3.026,2.806,2.897,1509350.6
2021-01-31 00:00:00,2.897,2.951,2.736,2.846,1069214.1
2021-02-01 00:00:00,2.846,2.937,2.761,2.924,904785.9
2021-02-02 00:00:00,2.924,2.965,2.835,2.915,1008195.2
2021-02-03 00:00:00,2.915,3.21,2.895,3.051,2374448.8
2021-02-04 00:00:00,3.051,3.195,2.828,2.966,2431116.4
2021-02-05 00:00:00,2.966,3.546,2.961,3.475,3241428.9
2021-02-06 00:00:00,3.475,3.529,3.09,3.179,2063267.9
2021-02-07 00:00:00,3.179,3.469,3.065,3.306,2745716.0
2021-02-08 00:00:00,3.306,3.445,3.238,3.407,2267171.7
2021-02-09 00:00:00,3.407,3.901,3.176,3.774,4387305.1
2021-02-10 00:00:00,3.774,3.915,3.432,3.85,3834350.0
2021-02-11 00:00:00,3.85,4.347,3.811,4.115,5103627.1
2021-02-12 00:00:00,4.115,5.455,4.01,5.013,8830861.0
2021-02-13 00:00:00,5.013,5.385,4.587,5.364,6750838.6
2021-02-14 00:00:00,5.364,5.663,4.717,4.865,5481466.1
2021-02-15 00:00:00,4.865,4.976,3.804,4.54,8616820.1
2021-02-16 00:00:00,4.54,4.9,4.286,4.548,4652997.3
2021-02-17 00:00:00,4.548,4.778,4.177,4.613,3718857.0
2021-02-18 00:00:00,4.613,5.01,4.507,4.842,3524936.5
2021-02-19 00:00:00,4.842,5.136,4.574,4.984,4415253.3
2021-02-20 00:00:00,4.984,5.163,4.304,4.63,5693144.7
2021-02-21 00:00:00,4.63,4.81,4.505,4.676,3172199.4
2021-02-22 00:00:00,4.676,4.684,3.582,4.279,5724702.8
2021-02-23 00:00:00,4.279,4.298,2.879,3.551,6025270.4
2021-02-24 00:00:00,3.551,3.9,3.358,3.534,2584751.8
2021-02-25 00:00:00,3.534,3.842,3.303,3.342,2429017.1
2021-02-26 00:00:00,3.342,3.799,3.174,3.473,3031274.9
2021-02-27 00:00:00,3.473,3.86,3.47,3.637,3808099.1
2021-02-28 00:00:00,3.637,3.672,3.191,3.423,2821156.7
2021-03-01 00:00:00,3.423,3.689,3.39,3.637,2309187.7
2021-03-02 00:00:00,3.637,3.811,3.492,3.688,2454002.4
2021-03-03 00:00:00,3.688,4.004,3.662,3.844,2386940.3
2021-03-04 00:00:00,3.844,3.972,3.561,3.663,2440304.2
2021-03-05 00:00:00,3.663,3.861,3.446,3.757,2316010.9
2021-03-06 00:00:00,3.757,4.02,3.71,3.871,2010225.7
2021-03-07 00:00:00,3.871,4.22,3.83,4.193,1577823.5
2021-03-08 00:00:00,4.193,4.501,4.057,4.403,3315049.8
2021-03-09 00:00:00,4.403,4.592,4.334,4.47,2281661.8
2021-03-10 00:00:00,4.47,4.487,4.068,4.148,3093559.3
2021-03-11 00:00:00,4.148,4.195,3.946,4.124,1701394.0
2021-03-12 00:00:00,4.124,4.152,3.813,3.97,1981793.7
2021-03-13 00:00:00,3.97,4.239,3.812,4.173,2218950.1
2021-03-14 00:00:00,4.173,4.206,3.922,3.934,1879357.9
2021-03-15 00:00:00,3.934,4.061,3.74,3.833,1722622.2
2021-03-16 00:00:00,3.833,4.056,3.688,4.043,1361639.4
2021-03-17 00:00:00,4.043,4.457,3.841,4.404,1980937.6
2021-03-18 00:00:00,4.404,4.589,4.231,4.268,2602130.7
2021-03-19 00:00:00,4.268,4.356,4.112,4.234,1539296.3
2021-03-20 00:00:00,4.234,4.61,4.213,4.364,2300177.7
2021-03-21 00:00:00,4.364,4.427,4.05,4.178,2322247.9
2021-03-22 00:00:00,4.178,4.429,4.023,4.05,2174954.3
2021-03-23 00:00:00,4.05,4.238,3.956,4.131,1210268.7
2021-03-24 00:00:00,4.131,4.532,3.851,3.99,3301192.3
2021-03-25 00:00:00,3.99,4.08,3.755,3.923,2143396.3
2021-03-26 00:00:00,3.923,4.205,3.923,4.201,1555426.9
2021-03-27 00:00:00,4.201,4.229,4.03,4.11,1214863.6
2021-03-28 00:00:00,4.11,4.33,4.075,4.226,1255974.0
2021-03-29 00:00:00,4.226,4.635,4.192,4.595,2046686.9
2021-03-30 00:00:00,4.595,4.791,4.552,4.563,2181627.7
2021-03-31 00:00:00,4.563,4.886,4.217,4.83,2365354.8
2021-04-01 00:00:00,4.83,5.355,4.748,5.125,4012275.6
2021-04-02 00:00:00,5.125,5.392,4.98,5.301,3158486.6
2021-04-03 00:00:00,5.301,5.425,4.732,4.761,3446720.0
2021-04-04 00:00:00,4.761,5.209,4.668,5.134,1980070.1
2021-04-05 00:00:00,5.134,6.471,4.974,6.113,7870177.1
2021-04-06 00:00:00,6.113,6.807,5.843,6.165,8224981.2
2021-04-07 00:00:00,6.165,6.48,5.385,5.527,6790901.4
2021-04-08 00:00:00,5.527,6.238,5.474,6.165,3631419.4
2021-04-09 00:00:00,6.165,6.895,6.015,6.831,6404452.1
2021-04-10 00:00:00,6.831,7.22,6.253,6.575,7063513.5
2021-04-11 00:00:00,6.575,6.691,6.305,6.457,3189670.7
2021-04-12 00:00:00,6.457,6.519,6.104,6.279,3651240.1
2021-04-13 00:00:00,6.279,6.694,6.106,6.551,5018739.1
2021-04-14 00:00:00,6.551,6.913,6.151,6.578,6105141.8
2021-04-15 00:00:00,6.578,6.934,6.384,6.791,5091961.9
2021-04-16 00:00:00,6.791,7.485,6.551,7.196,11307129.2
2021-04-17 00:00:00,7.196,7.683,6.966,7.054,6638184.3
2021-04-18 00:00:00,7.054,7.174,5.144,6.192,10244137.4
2021-04-19 00:00:00,6.192,6.424,5.308,5.449,5720843.7
2021-04-20 00:00:00,5.449,5.713,4.957,5.709,5689469.3
2021-04-21 00:00:00,5.709,5.843,5.315,5.334,3922613.9
2021-04-22 00:00:00,5.334,5.765,4.86,4.92,4898623.3
2021-04-23 00:00:00,4.92,5.074,4.022,4.816,7156623.5
2021-04-24 00:00:00,4.816,4.824,4.4,4.447,3276208.9
2021-04-25 00:00:00,4.447,4.791,4.231,4.447,4669293.4
2021-04-26 00:00:00,4.447,5.356,4.392,5.225,5366450.5
2021-04-27 00:00:00,5.225,5.49,5.153,5.435,4240932.2
2021-04-28 00:00:00,5.435,5.553,5.073,5.254,3979376.3
2021-04-29 00:00:00,5.254,5.439,5.104,5.242,3447240.7
2021-04-30 00:00:00,5.242,5.659,5.133,5.618,3496629.2
2021-05-01 00:00:00,5.618,5.896,5.496,5.821,3488228.1
2021-05-02 00:00:00,5.821,5.863,5.452,5.611,2918812.1
2021-05-03 00:00:00,5.611,6.101,5.601,6.009,4793265.3
2021-05-04 00:00:00,6.009,6.064,5.421,5.498,6397668.7
2021-05-05 00:00:00,5.498,6.709,5.416,6.604,6400759.4
2021-05-06 00:00:00,6.604,8.08,6.454,7.595,12488954.9
2021-05-07 00:00:00,7.595,8.44,6.765,7.079,11462252.2
2021-05-08 00:00:00,7.079,7.316,6.821,6.985,5669415.9
2021-05-09 00:00:00,6.985,7.164,6.508,7.096,5125443.6
2021-05-10 00:00:00,7.096,7.263,5.875,6.194,7322059.8
2021-05-11 00:00:00,6.194,7.28,5.92,7.133,9424274.9
2021-05-12 00:00:00,7.133,7.338,5.867,5.952,9872098.5
2021-05-13 00:00:00,5.952,6.412,5.723,6.13,9256060.0
2021-05-14 00:00:00,6.13,6.514,6.039,6.468,4720665.9
2021-05-15 00:00:00,6.468,6.516,5.743,5.788,5499480.0
2021-05-16 00:00:00,5.788,6.226,5.353,5.675,5909128.5
2021-05-17 00:00:00,5.675,5.675,5.043,5.181,5816306.1
2021-05-18 00:00:00,5.181,5.951,5.099,5.747,7141590.1
2021-05-19 00:00:00,5.747,5.844,2.609,3.612,26368414.5
2021-05-20 00:00:00,3.612,4.474,3.152,4.181,14561558.5
2021-05-21 00:00:00,4.181,4.396,3.112,3.665,9888499.2
2021-05-22 00:00:00,3.665,3.74,3.218,3.431,5476831.5
2021-05-23 00:00:00,3.431,3.599,2.429,2.903,8635651.6
2021-05-24 00:00:00,2.903,3.613,2.83,3.537,5320308.6
2021-05-25 00:00:00,3.537,3.755,3.244,3.662,6209898.1
2021-05-26 00:00:00,3.662,3.979,3.579,3.925,5896733.7
2021-05-27 00:00:00,3.925,4.169,3.578,3.873,8637840.4
2021-05-28 00:00:00,3.873,3.929,3.25,3.393,9131084.4
2021-05-29 00:00:00,3.393,3.566,3.035,3.198,7180629.7
2021-05-30 00:00:00,3.198,3.452,3.017,3.285,5811694.2
2021-05-31 00:00:00,3.285,3.609,3.146,3.602,6321231.0
2021-06-01 00:00:00,3.602,3.698,3.437,3.667,6925112.1
2021-06-02 00:00:00,3.667,3.888,3.575,3.81,4946790.4
2021-06-03 00:00:00,3.81,3.987,3.722,3.877,3666198.4
2021-06-04 00:00:00,3.877,3.903,3.37,3.551,4319485.2
2021-06-05 00:00:00,3.551,3.688,3.267,3.426,3407790.3
2021-06-06 00:00:00,3.426,3.896,3.404,3.834,3916255.9
2021-06-07 00:00:00,3.834,4.128,3.424,3.484,10444774.6
2021-06-08 00:00:00,3.484,3.581,3.07,3.442,9479809.3
2021-06-09 00:00:00,3.442,3.535,3.222,3.509,7233572.8
2021-06-10 00:00:00,3.509,3.554,3.193,3.275,4125938.6
2021-06-11 00:00:00,3.275,3.367,3.08,3.128,4196861.0
2021-06-12 00:00:00,3.128,3.222,2.92,3.139,3941322.3
2021-06-13 00:00:00,3.139,3.321,3.001,3.309,3270150.7
2021-06-14 00:00:00,3.309,3.353,3.187,3.35,2228560.0
2021-06-15 00:00:00,3.35,3.392,3.211,3.27,2760218.4
2021-06-16 00:00:00,3.27,3.327,3.089,3.118,2758240.3
2021-06-17 00:00:00,3.118,3.437,3.113,3.371,5634299.2
2021-06-18 00:00:00,3.371,3.383,2.985,3.095,5220738.8
2021-06-19 00:00:00,3.095,3.174,3.016,3.029,2867257.1
2021-06-20 00:00:00,3.029,3.117,2.861,3.073,3685641.9
2021-06-21 00:00:00,3.073,3.096,2.477,2.483,6413467.6
2021-06-22 00:00:00,2.483,2.657,2.117,2.37,9451203.7
2021-06-23 00:00:00,2.37,2.78,2.275,2.685,5344919.4
2021-06-24 00:00:00,2.685,2.847,2.572,2.827,5001507.6
2021-06-25 00:00:00,2.827,2.879,2.483,2.521,5585301.9
2021-06-26 00:00:00,2.521,2.618,2.386,2.541,4159095.0
2021-06-27 00:00:00,2.541,2.63,2.454,2.623,2064377.5
2021-06-28 00:00:00,2.623,2.738,2.563,2.7,2093497.3
2021-06-29 00:00:00,2.7,2.991,2.699,2.978,5441326.7
2021-06-30 00:00:00,2.978,3.043,2.751,3.042,5273526.1
2021-07-01 00:00:00,3.042,3.063,2.837,2.943,1721484.6
2021-07-02 00:00:00,2.943,2.979,2.749,2.953,1263414.2
2021-07-03 00:00:00,2.953,3.024,2.876,3.024,1069273.2
2021-07-04 00:00:00,3.024,3.108,2.91,3.039,1047149.1
2021-07-05 00:00:00,3.039,3.039,2.792,2.827,2318736.3
2021-07-06 00:00:00,2.827,2.983,2.803,2.863,2791410.0
2021-07-07 00:00:00,2.863,2.963,2.813,2.875,3063488.8
2021-07-08 00:00:00,2.875,2.894,2.616,2.693,3612358.0
2021-07-09 00:00:00,2.693,2.798,2.577,2.753,3272576.8
2021-07-10 00:00:00,2.753,2.836,2.695,2.783,3455487.0
2021-07-11 00:00:00,2.783,2.888,2.731,2.844,3360756.3
2021-07-12 00:00:00,2.844,2.948,2.762,2.805,4628260.6
2021-07-13 00:00:00,2.805,2.915,2.765,2.807,5097964.4
2021-07-14 00:00:00,2.807,2.817,2.536,2.719,3042743.2
2021-07-15 00:00:00,2.719,2.75,2.522,2.574,2227146.7
2021-07-16 00:00:00,2.574,2.641,2.401,2.408,2293817.7
2021-07-17 00:00:00,2.408,2.479,2.37,2.406,1980020.0
2021-07-18 00:00:00,2.406,2.492,2.38,2.427,1294198.1
2021-07-19 00:00:00,2.427,2.448,2.263,2.284,1537606.3
2021-07-20 00:00:00,2.284,2.335,2.101,2.15,2395581.3
2021-07-21 00:00:00,2.15,2.437,2.104,2.394,1531775.1
2021-07-22 00:00:00,2.394,2.509,2.333,2.499,1534114.3
2021-07-23 00:00:00,2.499,2.69,2.494,2.685,3034685.1
2021-07-24 00:00:00,2.685,2.815,2.648,2.811,3163698.6
2021-07-25 00:00:00,2.811,2.903,2.714,2.887,3649434.5
2021-07-26 00:00:00,2.887,3.115,2.826,2.839,5549094.9
2021-07-27 00:00:00,2.839,2.928,2.741,2.86,2743276.4
2021-07-28 00:00:00,2.86,2.899,2.761,2.808,2237905.3
2021-07-29 00:00:00,2.808,2.864,2.734,2.846,1589172.7
2021-07-30 00:00:00,2.846,2.968,2.762,2.967,2224884.1
2021-07-31 00:00:00,2.967,3.104,2.918,3.032,2581422.5
2021-08-01 00:00:00,3.032,3.18,2.9,2.951,4210521.9
2021-08-02 00:00:00,2.951,3.313,2.886,3.13,5132088.6
2021-08-03 00:00:00,3.13,3.208,2.971,3.054,4314664.0
2021-08-04 00:00:00,3.054,3.19,2.995,3.179,2160472.9
2021-08-05 00:00:00,3.179,3.277,3.074,3.224,3363617.6
2021-08-06 00:00:00,3.224,3.365,3.152,3.356,2251295.3
2021-08-07 00:00:00,3.356,3.539,3.306,3.429,2580138.1
2021-08-08 00:00:00,3.429,3.494,3.159,3.183,2181665.8
2021-08-09 00:00:00,3.183,3.349,3.106,3.288,2101593.4
2021-08-10 00:00:00,3.288,3.353,3.187,3.269,3058018.9
2021-08-11 00:00:00,3.269,3.567,3.266,3.451,4037123.4
2021-08-12 00:00:00,3.451,3.617,3.224,3.353,4475940.3
2021-08-13 00:00:00,3.353,3.599,3.302,3.597,4100924.8
2021-08-14 00:00:00,3.597,3.724,3.471,3.7,5059371.3
2021-08-15 00:00:00,3.7,3.767,3.551,3.744,3718294.1
2021-08-16 00:00:00,3.744,3.9,3.613,3.638,4051556.2
2021-08-17 00:00:00,3.638,3.803,3.384,3.402,3997159.5
2021-08-18 00:00:00,3.402,3.468,3.229,3.344,3597502.4
2021-08-19 00:00:00,3.344,3.652,3.288,3.646,4453139.8
2021-08-20 00:00:00,3.646,3.739,3.591,3.732,3076937.6
2021-08-21 00:00:00,3.732,3.832,3.608,3.694,4796165.3
2021-08-22 00:00:00,3.694,3.886,3.662,3.8,3616039.3
2021-08-23 00:00:00,3.8,4.346,3.781,4.312,9356723.2
2021-08-24 00:00:00,4.312,4.483,3.897,3.968,13840380.4
2021-08-25 00:00:00,3.968,5.446,3.962,5.1,34957179.7
2021-08-26 00:00:00,5.1,5.121,4.285,4.445,29622883.9
2021-08-27 00:00:00,4.445,5.528,4.251,5.246,33719426.6
2021-08-28 00:00:00,5.246,5.697,5.019,5.642,18588144.8
2021-08-29 00:00:00,5.642,6.135,5.394,5.897,36480516.0
2021-08-30 00:00:00,5.897,6.006,5.276,5.396,28857461.5
2021-08-31 00:00:00,5.396,5.599,5.013,5.166,17898604.7
2021-09-01 00:00:00,5.166,5.533,5.02,5.427,9966494.9
2021-09-02 00:00:00,5.427,5.445,5.195,5.298,6496463.8
2021-09-03 00:00:00,5.298,5.483,5.118,5.315,6796544.0
2021-09-04 00:00:00,5.315,5.606,5.255,5.402,8216122.0
2021-09-05 00:00:00,5.402,5.603,5.265,5.566,8037951.9
2021-09-06 00:00:00,5.566,5.775,5.404,5.604,9714717.0
2021-09-07 00:00:00,5.604,5.718,3.844,4.409,19294254.1
2021-09-08 00:00:00,4.409,4.506,3.897,4.339,8024067.5
2021-09-09 00:00:00,4.339,5.708,4.266,5.587,28641568.8
2021-09-10 00:00:00,5.587,6.872,5.324,6.196,88111337.5
2021-09-11 00:00:00,6.196,6.959,6.052,6.127,45736691.4
2021-09-12 00:00:00,6.127,7.243,5.912,7.033,35631935.3
2021-09-13 00:00:00,7.033,7.892,6.232,7.169,76497141.6
2021-09-14 00:00:00,7.169,8.048,6.836,7.122,44865151.1
2021-09-15 00:00:00,7.122,7.649,6.714,6.902,27073608.9
2021-09-16 00:00:00,6.902,7.043,6.436,6.948,21202477.5
2021-09-17 00:00:00,6.948,6.973,6.049,6.122,18708790.0
2021-09-18 00:00:00,6.122,6.734,5.923,6.405,17700012.2
2021-09-19 00:00:00,6.405,6.936,6.107,6.515,18746553.4
2021-09-20 00:00:00,6.515,6.555,5.054,5.298,30821651.1
2021-09-21 00:00:00,5.298,5.517,4.471,4.681,28033472.2
2021-09-22 00:00:00,4.681,5.622,4.513,5.57,20180385.1
2021-09-23 00:00:00,5.57,6.582,5.5,6.209,29866767.2
2021-09-24 00:00:00,6.209,7.404,5.803,6.989,61548491.8
2021-09-25 00:00:00,6.989,7.499,6.774,6.825,42540428.0
2021-09-26 00:00:00,6.825,7.067,6.42,6.517,31630739.4
2021-09-27 00:00:00,6.517,6.66,6.003,6.04,18266920.5
2021-09-28 00:00:00,6.04,6.265,5.434,5.474,21214662.6
2021-09-29 00:00:00,5.474,6.079,5.345,5.639,17851504.2
2021-09-30 00:00:00,5.639,6.081,5.589,6.066,14561754.8
2021-10-01 00:00:00,6.066,6.864,6.01,6.689,22366686.3
2021-10-02 00:00:00,6.689,7.788,6.527,7.333,20263024.1
2021-10-03 00:00:00,7.333,8.932,7.333,8.71,41575653.8
2021-10-04 00:00:00,8.71,9.166,8.182,8.347,35244401.5
2021-10-05 00:00:00,8.347,8.558,7.706,7.951,18434899.6
2021-10-06 00:00:00,7.951,8.538,7.158,7.775,26304961.1
2021-10-07 00:00:00,7.775,8.082,7.424,7.613,17127150.8
2021-10-08 00:00:00,7.613,7.808,7.231,7.3,11317268.0
2021-10-09 00:00:00,7.3,7.646,7.216,7.629,6281604.0
2021-10-10 00:00:00,7.629,8.098,6.934,6.973,13761653.6
2021-10-11 00:00:00,6.973,7.406,6.635,6.908,11245662.4
2021-10-12 00:00:00,6.908,7.276,6.615,7.117,16042945.0
2021-10-13 00:00:00,7.117,7.32,6.85,7.297,8081596.8
2021-10-14 00:00:00,7.297,7.431,7.073,7.144,6112106.4
2021-10-15 00:00:00,7.144,7.161,6.746,6.855,6509211.0
2021-10-16 00:00:00,6.855,7.145,6.835,6.911,4569703.1
2021-10-17 00:00:00,6.911,6.985,6.343,6.622,4670140.4
2021-10-18 00:00:00,6.622,6.676,6.381,6.557,3574921.9
2021-10-19 00:00:00,6.557,6.897,6.513,6.749,5868554.3
2021-10-20 00:00:00,6.749,7.139,6.572,7.024,5173877.7
2021-10-21 00:00:00,7.024,7.154,6.615,6.664,6611061.9
2021-10-22 00:00:00,6.664,6.9,6.553,6.711,4058115.6
2021-10-23 00:00:00,6.711,6.824,6.637,6.741,2532931.8
2021-10-24 00:00:00,6.741,6.75,6.283,6.482,2978827.9
2021-10-25 00:00:00,6.482,6.724,6.43,6.638,3555832.6
2021-10-26 00:00:00,6.638,7.175,6.633,6.827,9406121.1
2021-10-27 00:00:00,6.827,6.893,5.536,5.889,11100669.3
2021-10-28 00:00:00,5.889,6.258,5.792,6.14,5995747.0
2021-10-29 00:00:00,6.14,6.749,6.076,6.57,4840002.1
2021-10-30 00:00:00,6.57,6.797,6.173,6.307,6403882.6
2021-10-31 00:00:00,6.307,6.555,6.02,6.357,5472590.2
2021-11-01 00:00:00,6.357,6.387,6.05,6.251,3311637.6
2021-11-02 00:00:00,6.251,6.374,6.14,6.271,3306673.9
2021-11-03 00:00:00,6.271,6.494,6.054,6.329,5716450.7
2021-11-04 00:00:00,6.329,6.488,6.083,6.34,3260767.2
2021-11-05 00:00:00,6.34,6.86,6.235,6.468,8089427.9
2021-11-06 00:00:00,6.468,6.828,6.239,6.452,4586761.1
2021-11-07 00:00:00,6.452,6.471,6.304,6.378,2179173.3
2021-11-08 00:00:00,6.378,6.571,6.29,6.514,3822679.7
2021-11-09 00:00:00,6.514,6.632,6.25,6.3,5138460.4
2021-11-10 00:00:00,6.3,6.475,5.245,5.784,7514310.8
2021-11-11 00:00:00,5.784,6.052,5.696,5.866,3660237.8
2021-11-12 00:00:00,5.866,5.988,5.556,5.769,2992337.1
2021-11-13 00:00:00,5.769,6.008,5.665,5.894,2548111.2
2021-11-14 00:00:00,5.894,6.071,5.679,5.834,1929294.8
2021-11-15 00:00:00,5.834,5.966,5.668,5.719,1807936.2
2021-11-16 00:00:00,5.719,5.719,4.93,5.207,8165237.4
2021-11-17 00:00:00,5.207,5.323,4.971,5.241,3168440.4
2021-11-18 00:00:00,5.241,5.276,4.64,4.793,5066407.6
2021-11-19 00:00:00,4.793,5.313,4.685,5.269,2733742.8
2021-11-20 00:00:00,5.269,5.6,5.268,5.523,4106406.4
2021-11-21 00:00:00,5.523,5.56,5.21,5.225,1798458.5
2021-11-22 00:00:00,5.225,5.235,4.907,5.017,2012112.8
2021-11-23 00:00:00,5.017,5.215,4.934,5.109,1357531.1
2021-11-24 00:00:00,5.109,5.181,4.784,4.899,1748553.0
2021-11-25 00:00:00,4.899,5.18,4.83,5.072,2077739.3
2021-11-26 00:00:00,5.072,5.208,4.473,4.66,5259895.0
2021-11-27 00:00:00,4.66,4.773,4.57,4.621,1407311.5
2021-11-28 00:00:00,4.621,4.655,4.265,4.647,3101677.7
2021-11-29 00:00:00,4.647,5.768,4.631,5.61,11027263.9
2021-11-30 00:00:00,5.61,5.921,5.239,5.483,16236665.1
2021-12-01 00:00:00,5.483,5.517,5.131,5.24,5163400.6
2021-12-02 00:00:00,5.24,5.323,5.001,5.102,3887204.7
2021-12-03 00:00:00,5.102,5.361,4.624,4.801,7173647.0
2021-12-04 00:00:00,4.801,4.808,3.216,4.138,16432391.8
2021-12-05 00:00:00,4.138,4.242,3.744,3.87,10581309.5
2021-12-06 00:00:00,3.87,4.191,3.661,4.147,14358010.0
2021-12-07 00:00:00,4.147,5.707,4.058,5.642,30095323.4
2021-12-08 00:00:00,5.642,6.013,5.121,5.68,38581313.3
2021-12-09 00:00:00,5.68,6.187,4.811,4.844,24007050.6
2021-12-10 00:00:00,4.844,4.973,4.304,4.337,19201886.4
2021-12-11 00:00:00,4.337,4.626,4.245,4.521,10512584.4
2021-12-12 00:00:00,4.521,4.672,4.313,4.506,5686190.6
2021-12-13 00:00:00,4.506,4.529,3.905,4.042,8255639.6
2021-12-14 00:00:00,4.042,4.593,4.029,4.516,16847912.1
2021-12-15 00:00:00,4.516,4.559,4.053,4.489,11500690.9
2021-12-16 00:00:00,4.489,4.699,4.304,4.313,7816874.3
2021-12-17 00:00:00,4.313,4.387,4.061,4.144,5367163.7
2021-12-18 00:00:00,4.144,4.335,4.077,4.247,3305240.4
2021-12-19 00:00:00,4.247,4.309,4.117,4.138,2619925.8
2021-12-20 00:00:00,4.138,4.258,3.87,4.101,4574960.8
2021-12-21 00:00:00,4.101,4.251,4.05,4.232,2609214.5
2021-12-22 00:00:00,4.232,4.69,4.229,4.539,5548894.5
2021-12-23 00:00:00,4.539,4.814,4.456,4.767,6362154.9
2021-12-24 00:00:00,4.767,4.81,4.427,4.491,6032280.5
2021-12-25 00:00:00,4.491,4.719,4.44,4.584,4337718.9
2021-12-26 00:00:00,4.584,4.912,4.456,4.863,8406367.9
2021-12-27 00:00:00,4.863,5.174,4.761,5.105,7033094.1
2021-12-28 00:00:00,5.105,5.105,4.426,4.487,11883438.2
2021-12-29 00:00:00,4.487,4.539,4.212,4.371,6633918.5
2021-12-30 00:00:00,4.371,4.517,4.218,4.346,5962970.0
2021-12-31 00:00:00,4.346,4.515,4.187,4.344,5225513.9
2022-01-01 00:00:00,4.344,4.785,4.343,4.741,7510621.1
2022-01-02 00:00:00,4.741,4.786,4.588,4.652,2947602.3
2022-01-03 00:00:00,4.652,5.04,4.514,4.802,7466323.7
2022-01-04 00:00:00,4.802,5.355,4.579,5.04,16721285.0
2022-01-05 00:00:00,5.04,5.302,4.277,4.509,14406624.7
2022-01-06 00:00:00,4.509,4.541,4.214,4.452,8592553.6
2022-01-07 00:00:00,4.452,4.484,4.05,4.255,7412345.2
2022-01-08 00:00:00,4.255,4.368,3.867,4.002,3462232.9
2022-01-09 00:00:00,4.002,4.339,3.968,4.215,2911856.2
2022-01-10 00:00:00,4.215,4.259,3.782,4.024,4643558.2
2022-01-11 00:00:00,4.024,4.22,3.934,4.165,2275691.9
2022-01-12 00:00:00,4.165,4.466,4.147,4.389,2214710.2
2022-01-13 00:00:00,4.389,4.425,4.092,4.119,1694675.0
2022-01-14 00:00:00,4.119,4.315,4.075,4.288,1565948.1
2022-01-15 00:00:00,4.288,4.357,4.228,4.278,809731.8
2022-01-16 00:00:00,4.278,4.342,4.195,4.29,1084041.0
2022-01-17 00:00:00,4.29,4.309,3.993,4.053,1090353.4
2022-01-18 00:00:00,4.053,4.209,3.921,4.117,1631898.0
2022-01-19 00:00:00,4.117,4.143,3.81,3.877,1654550.8
2022-01-20 00:00:00,3.877,4.083,3.676,3.703,1513479.8
2022-01-21 00:00:00,3.703,3.765,3.256,3.331,5536081.2
2022-01-22 00:00:00,3.331,3.433,2.686,2.953,8190070.3
2022-01-23 00:00:00,2.953,3.153,2.837,3.077,2740308.2
2022-01-24 00:00:00,3.077,3.078,2.524,2.97,4612042.5
2022-01-25 00:00:00,2.97,3.012,2.841,2.918,1712360.4
2022-01-26 00:00:00,2.918,3.226,2.851,2.941,2855007.2
2022-01-27 00:00:00,2.941,3.051,2.735,2.906,1827720.1
2022-01-28 00:00:00,2.906,3.044,2.828,3.024,2126546.0
2022-01-29 00:00:00,3.024,3.136,3.004,3.089,1260015.5
2022-01-30 00:00:00,3.089,3.52,3.085,3.268,4470989.7
2022-01-31 00:00:00,3.268,3.524,3.096,3.484,3093367.2
2022-02-01 00:00:00,3.484,3.767,3.471,3.734,1852645.0
2022-02-02 00:00:00,3.734,3.901,3.573,3.752,5711307.7
2022-02-03 00:00:00,3.752,3.972,3.608,3.835,7571487.1
2022-02-04 00:00:00,3.835,4.029,3.674,4.009,3991932.6
2022-02-05 00:00:00,4.009,4.072,3.849,3.929,2451811.6
2022-02-06 00:00:00,3.929,3.998,3.764,3.92,1692482.4
2022-02-07 00:00:00,3.92,4.19,3.832,4.141,1965272.1
2022-02-08 00:00:00,4.141,4.485,4.007,4.391,5297187.7
2022-02-09 00:00:00,4.391,4.595,4.316,4.438,5237016.5
2022-02-10 00:00:00,4.438,4.577,4.109,4.123,4072091.7
2022-02-11 00:00:00,4.123,4.462,4.019,4.302,4904408.2
2022-02-12 00:00:00,4.302,4.424,4.05,4.109,5666692.5
2022-02-13 00:00:00,4.109,4.126,3.813,3.85,1520543.0
2022-02-14 00:00:00,3.85,3.995,3.732,3.94,2029836.8
2022-02-15 00:00:00,3.94,4.183,3.898,4.148,1575888.5
2022-02-16 00:00:00,4.148,4.19,3.938,4.039,1362296.3
2022-02-17 00:00:00,4.039,4.05,3.616,3.672,2440281.4
2022-02-18 00:00:00,3.672,3.853,3.588,3.623,1678996.8
2022-02-19 00:00:00,3.623,3.696,3.469,3.601,1147696.4
2022-02-20 00:00:00,3.601,3.602,3.214,3.267,1682717.3
2022-02-21 00:00:00,3.267,3.466,2.949,2.965,3228627.9
2022-02-22 00:00:00,2.965,3.08,2.815,3.064,2356533.6
2022-02-23 00:00:00,3.064,3.22,2.927,2.934,1584862.8
2022-02-24 00:00:00,2.934,3.071,2.556,3.03,5948763.9
2022-02-25 00:00:00,3.03,3.252,2.961,3.205,4180132.8
2022-02-26 00:00:00,3.205,3.488,3.195,3.422,2704615.3
2022-02-27 00:00:00,3.422,3.448,3.053,3.109,2965465.0
2022-02-28 00:00:00,3.109,3.56,3.033,3.533,1761049.3
2022-03-01 00:00:00,3.533,3.665,3.421,3.494,1562660.3
2022-03-02 00:00:00,3.494,3.646,3.371,3.491,2266529.4
2022-03-03 00:00:00,3.491,3.519,3.303,3.388,1679306.2
2022-03-04 00:00:00,3.388,3.398,3.035,3.078,1523692.7
2022-03-05 00:00:00,3.078,3.163,2.969,3.143,835434.7
2022-03-06 00:00:00,3.143,3.174,2.957,2.966,1067483.5
2022-03-07 00:00:00,2.966,3.075,2.837,2.921,1612086.6
2022-03-08 00:00:00,2.921,3.041,2.904,3.008,1088561.5
2022-03-09 00:00:00,3.008,3.189,3.005,3.173,1264663.2
2022-03-10 00:00:00,3.173,3.237,2.951,3.05,1865686.9
2022-03-11 00:00:00,3.05,3.108,2.959,2.989,1693100.4
2022-03-12 00:00:00,2.989,3.079,2.979,3.023,659620.5
2022-03-13 00:00:00,3.023,3.083,2.9,2.905,695521.1
2022-03-14 00:00:00,2.905,3.012,2.858,2.993,641384.3
2022-03-15 00:00:00,2.993,3.008,2.882,2.968,761057.9
2022-03-16 00:00:00,2.968,3.102,2.923,3.098,1673547.5
2022-03-17 00:00:00,3.098,3.155,3.06,3.081,609559.8
2022-03-18 00:00:00,3.081,3.17,3.014,3.147,1102172.0
2022-03-19 00:00:00,3.147,3.288,3.145,3.255,2499194.0
2022-03-20 00:00:00,3.255,3.428,3.199,3.332,3976938.4
2022-03-21 00:00:00,3.332,3.336,3.187,3.238,1877617.1
2022-03-22 00:00:00,3.238,3.388,3.222,3.296,1800082.0
2022-03-23 00:00:00,3.296,3.569,3.287,3.453,3833340.3
2022-03-24 00:00:00,3.453,3.565,3.407,3.531,2250600.5
2022-03-25 00:00:00,3.531,3.581,3.429,3.51,2375701.2
2022-03-26 00:00:00,3.51,3.783,3.457,3.657,4054795.7
2022-03-27 00:00:00,3.657,3.864,3.635,3.862,2706975.9
2022-03-28 00:00:00,3.862,3.985,3.677,3.711,3303232.1
2022-03-29 00:00:00,3.711,3.924,3.698,3.792,3233740.6
2022-03-30 00:00:00,3.792,3.882,3.651,3.834,3231044.6
2022-03-31 00:00:00,3.834,4.024,3.656,3.72,5999379.6
2022-04-01 00:00:00,3.72,3.976,3.535,3.903,4110175.3
2022-04-02 00:00:00,3.903,4.131,3.878,3.91,4708565.5
2022-04-03 00:00:00,3.91,4.065,3.88,4.042,2635587.5
2022-04-04 00:00:00,4.042,4.042,3.712,3.894,2845998.5
2022-04-05 00:00:00,3.894,3.927,3.653,3.672,1869939.6
2022-04-06 00:00:00,3.672,3.672,3.235,3.289,5613289.0
2022-04-07 00:00:00,3.289,3.431,3.238,3.386,3662008.5
2022-04-08 00:00:00,3.386,3.423,3.128,3.171,3501618.1
2022-04-09 00:00:00,3.171,3.21,3.074,3.205,2298872.2
2022-04-10 00:00:00,3.205,3.302,3.107,3.122,1948934.5
2022-04-11 00:00:00,3.122,3.144,2.94,2.96,3791025.8
2022-04-12 00:00:00,2.96,3.198,2.943,3.065,3130098.5
2022-04-13 00:00:00,3.065,3.197,3.034,3.176,2032242.8
2022-04-14 00:00:00,3.176,3.279,3.065,3.094,2080289.3
2022-04-15 00:00:00,3.094,3.238,3.093,3.195,2634959.9
2022-04-16 00:00:00,3.195,3.295,3.157,3.281,2117601.1
2022-04-17 00:00:00,3.281,3.295,3.077,3.086,2351411.0
2022-04-18 00:00:00,3.086,3.187,2.925,3.174,4116910.1
2022-04-19 00:00:00,3.174,3.264,3.126,3.231,2002973.1
2022-04-20 00:00:00,3.231,3.271,3.097,3.145,3689269.9
2022-04-21 00:00:00,3.145,3.237,2.966,3.032,3004700.6
2022-04-22 00:00:00,3.032,3.157,2.98,3.08,3586905.5
2022-04-23 00:00:00,3.08,3.096,2.989,2.998,1867607.5
2022-04-24 00:00:00,2.998,3.043,2.927,2.958,2444491.9
2022-04-25 00:00:00,2.958,2.968,2.791,2.95,4504970.9
2022-04-26 00:00:00,2.95,2.973,2.742,2.746,3699567.9
2022-04-27 00:00:00,2.746,2.853,2.702,2.818,3312963.9
2022-04-28 00:00:00,2.818,2.857,2.736,2.804,2528914.1
2022-04-29 00:00:00,2.804,2.824,2.634,2.684,2811724.6
2022-04-30 00:00:00,2.684,2.75,2.422,2.528,4875392.8
2022-05-01 00:00:00,2.528,2.604,2.461,2.569,3647258.6
2022-05-02 00:00:00,2.569,2.607,2.389,2.494,4208737.8
2022-05-03 00:00:00,2.494,2.584,2.422,2.488,2325168.3
2022-05-04 00:00:00,2.488,2.748,2.473,2.702,2852504.4
2022-05-05 00:00:00,2.702,2.876,2.4,2.486,8145520.8
2022-05-06 00:00:00,2.486,2.527,2.396,2.503,5401822.7
2022-05-07 00:00:00,2.503,2.64,2.416,2.513,6979510.7
2022-05-08 00:00:00,2.513,2.642,2.512,2.554,7387682.4
2022-05-09 00:00:00,2.554,2.662,1.991,2.007,9952203.6
2022-05-10 00:00:00,2.007,2.29,1.986,2.106,7592526.0
2022-05-11 00:00:00,2.106,2.184,1.693,1.784,17781959.1
2022-05-12 00:00:00,1.784,1.888,1.446,1.678,12858673.0
2022-05-13 00:00:00,1.678,1.934,1.655,1.766,3793139.0
2022-05-14 00:00:00,1.766,1.868,1.651,1.823,2928846.0
2022-05-15 00:00:00,1.823,1.928,1.773,1.916,2250987.2
2022-05-16 00:00:00,1.916,1.918,1.717,1.773,2991683.2
2022-05-17 00:00:00,1.773,1.873,1.748,1.859,1783833.3
2022-05-18 00:00:00,1.859,1.891,1.661,1.676,2078886.9
2022-05-19 00:00:00,1.676,1.777,1.608,1.756,2633105.1
2022-05-20 00:00:00,1.756,1.8,1.675,1.736,3195088.9
2022-05-21 00:00:00,1.736,1.864,1.697,1.82,3532819.8
2022-05-22 00:00:00,1.82,2.011,1.782,1.973,6026551.9
2022-05-23 00:00:00,1.973,2.064,1.866,1.872,5692315.9
2022-05-24 00:00:00,1.872,2.149,1.856,2.116,16689669.7
2022-05-25 00:00:00,2.116,2.145,1.993,2.131,9312833.0
2022-05-26 00:00:00,2.131,2.256,1.8,1.862,15074272.8
2022-05-27 00:00:00,1.862,1.894,1.756,1.818,9745287.8
2022-05-28 00:00:00,1.818,1.98,1.808,1.968,8248680.6
2022-05-29 00:00:00,1.968,2.049,1.911,1.985,7496283.4
2022-05-30 00:00:00,1.985,2.204,1.969,2.137,5774514.4
2022-05-31 00:00:00,2.137,2.199,2.019,2.089,5338717.2
2022-06-01 00:00:00,2.089,2.131,1.909,1.943,5623212.9
2022-06-02 00:00:00,1.943,2.012,1.861,1.981,4784392.1
2022-06-03 00:00:00,1.981,1.993,1.87,1.902,2820046.9
2022-06-04 00:00:00,1.902,1.925,1.839,1.911,2338694.5
2022-06-05 00:00:00,1.911,1.99,1.866,1.953,2519201.5
2022-06-06 00:00:00,1.953,2.17,1.946,2.06,3169646.7
2022-06-07 00:00:00,2.06,2.209,1.949,2.067,12914935.0
2022-06-08 00:00:00,2.067,2.164,1.988,2.09,5192838.0
2022-06-09 00:00:00,2.09,2.268,2.053,2.226,8297384.4
2022-06-10 00:00:00,2.226,2.367,1.941,1.968,8765678.4
2022-06-11 00:00:00,1.968,2.068,1.787,1.798,6952762.5
2022-06-12 00:00:00,1.798,1.864,1.625,1.633,7458763.5
2022-06-13 00:00:00,1.633,1.652,1.336,1.401,12065143.2
2022-06-14 00:00:00,1.401,1.467,1.284,1.446,8355362.2
2022-06-15 00:00:00,1.446,1.536,1.299,1.528,7882628.3
2022-06-16 00:00:00,1.528,1.549,1.33,1.359,5254813.7
2022-06-17 00:00:00,1.359,1.468,1.345,1.386,3722183.3
2022-06-18 00:00:00,1.386,1.415,1.192,1.284,4605851.7
2022-06-19 00:00:00,1.284,1.415,1.208,1.39,3429180.6
2022-06-20 00:00:00,1.39,1.461,1.316,1.444,2991445.8
2022-06-21 00:00:00,1.444,1.525,1.396,1.427,3078416.0
2022-06-22 00:00:00,1.427,1.428,1.33,1.339,2404108.9
2022-06-23 00:00:00,1.339,1.452,1.329,1.436,2199384.1
2022-06-24 00:00:00,1.436,1.579,1.436,1.534,3116906.0
2022-06-25 00:00:00,1.534,1.578,1.455,1.542,2470365.3
2022-06-26 00:00:00,1.542,1.598,1.433,1.442,2505821.9
2022-06-27 00:00:00,1.442,1.646,1.434,1.599,12774601.0
2022-06-28 00:00:00,1.599,1.682,1.505,1.513,14244534.8
2022-06-29 00:00:00,1.513,1.563,1.458,1.476,6298315.2
2022-06-30 00:00:00,1.476,1.485,1.34,1.424,6289189.2
2022-07-01 00:00:00,1.424,1.472,1.328,1.376,6363222.7
2022-07-02 00:00:00,1.376,1.508,1.356,1.454,11615499.9
2022-07-03 00:00:00,1.454,1.473,1.394,1.448,3678658.4
2022-07-04 00:00:00,1.448,1.561,1.437,1.532,5170807.2
2022-07-05 00:00:00,1.532,1.557,1.428,1.468,4601866.8
2022-07-06 00:00:00,1.468,1.586,1.457,1.544,3446625.7
2022-07-07 00:00:00,1.544,1.594,1.532,1.568,4056833.3
2022-07-08 00:00:00,1.568,1.604,1.5,1.526,2943285.3
2022-07-09 00:00:00,1.526,1.653,1.525,1.62,5256405.9
2022-07-10 00:00:00,1.62,1.665,1.535,1.623,3636831.9
2022-07-11 00:00:00,1.623,1.708,1.562,1.572,18069079.3
2022-07-12 00:00:00,1.572,1.624,1.421,1.435,8036962.5
2022-07-13 00:00:00,1.435,1.521,1.396,1.519,8594891.6
2022-07-14 00:00:00,1.519,1.583,1.457,1.564,3518483.6
2022-07-15 00:00:00,1.564,1.622,1.549,1.572,2835432.4
2022-07-16 00:00:00,1.572,1.634,1.537,1.602,2141487.1
2022-07-17 00:00:00,1.602,1.639,1.562,1.574,2495547.3
2022-07-18 00:00:00,1.574,1.749,1.566,1.729,5995631.3
2022-07-19 00:00:00,1.729,1.794,1.655,1.742,5702929.9
2022-07-20 00:00:00,1.742,1.779,1.601,1.62,4207572.3
2022-07-21 00:00:00,1.62,1.688,1.558,1.674,2744225.1
2022-07-22 00:00:00,1.674,1.741,1.608,1.63,2702517.9
2022-07-23 00:00:00,1.63,1.683,1.6,1.652,1671607.8
2022-07-24 00:00:00,1.652,1.721,1.652,1.682,1884650.8
2022-07-25 00:00:00,1.682,1.687,1.505,1.507,2481326.1
2022-07-26 00:00:00,1.507,1.556,1.472,1.555,3495206.4
2022-07-27 00:00:00,1.555,1.645,1.525,1.642,4514203.2
2022-07-28 00:00:00,1.642,1.75,1.597,1.717,3993817.8
2022-07-29 00:00:00,1.717,1.78,1.659,1.707,3694040.6
2022-07-30 00:00:00,1.707,1.862,1.707,1.818,6253270.4
2022-07-31 00:00:00,1.818,1.852,1.732,1.738,3804767.5
2022-08-01 00:00:00,1.738,1.856,1.72,1.809,3445591.9
2022-08-02 00:00:00,1.809,1.833,1.674,1.71,2434023.5
2022-08-03 00:00:00,1.71,1.785,1.665,1.715,2249488.5
2022-08-04 00:00:00,1.715,1.856,1.713,1.814,4060133.8
2022-08-05 00:00:00,1.814,1.887,1.807,1.862,3131940.4
2022-08-06 00:00:00,1.862,1.898,1.842,1.876,1892622.2
2022-08-07 00:00:00,1.876,1.932,1.837,1.888,2212334.1
2022-08-08 00:00:00,1.888,1.945,1.86,1.892,1823166.5
2022-08-09 00:00:00,1.892,1.918,1.753,1.8,1929619.1
2022-08-10 00:00:00,1.8,1.875,1.738,1.875,2165595.6
2022-08-11 00:00:00,1.875,1.956,1.87,1.898,1688908.4
2022-08-12 00:00:00,1.898,1.926,1.856,1.923,1286534.6
2022-08-13 00:00:00,1.923,1.945,1.887,1.908,872441.7
2022-08-14 00:00:00,1.908,1.957,1.797,1.815,1758230.1
2022-08-15 00:00:00,1.815,1.863,1.772,1.818,2128285.5
2022-08-16 00:00:00,1.818,1.908,1.779,1.886,2705461.9
2022-08-17 00:00:00,1.886,2.039,1.844,1.884,7606741.8
2022-08-18 00:00:00,1.884,1.888,1.775,1.784,2646198.4
2022-08-19 00:00:00,1.784,1.787,1.55,1.574,7003545.1
2022-08-20 00:00:00,1.574,1.636,1.521,1.559,2808362.4
2022-08-21 00:00:00,1.559,1.647,1.549,1.63,2930564.8
2022-08-22 00:00:00,1.63,1.634,1.516,1.588,3286157.8
2022-08-23 00:00:00,1.588,1.606,1.535,1.591,1693365.9
2022-08-24 00:00:00,1.591,1.644,1.553,1.598,2873897.6
2022-08-25 00:00:00,1.598,1.678,1.595,1.667,3198912.1
2022-08-26 00:00:00,1.667,1.67,1.458,1.48,4233716.6
2022-08-27 00:00:00,1.48,1.486,1.428,1.461,2857673.9
2022-08-28 00:00:00,1.461,1.493,1.42,1.426,1838840.2
2022-08-29 00:00:00,1.426,1.537,1.415,1.529,2578822.7
2022-08-30 00:00:00,1.529,1.549,1.447,1.496,2892651.6
2022-08-31 00:00:00,1.496,1.58,1.496,1.51,3643843.5
2022-09-01 00:00:00,1.51,1.54,1.472,1.538,2056334.3
2022-09-02 00:00:00,1.538,1.563,1.466,1.488,1972968.8
2022-09-03 00:00:00,1.488,1.53,1.467,1.521,1659680.4
2022-09-04 00:00:00,1.521,1.557,1.508,1.554,1390472.8
2022-09-05 00:00:00,1.554,1.565,1.499,1.544,1382449.8
2022-09-06 00:00:00,1.544,1.591,1.424,1.425,3146237.3
2022-09-07 00:00:00,1.425,1.503,1.399,1.487,1595973.6
2022-09-08 00:00:00,1.487,1.604,1.468,1.587,3123864.0
2022-09-09 00:00:00,1.587,1.662,1.581,1.64,3240332.6
2022-09-10 00:00:00,1.64,1.679,1.624,1.663,2282203.8
2022-09-11 00:00:00,1.663,1.76,1.644,1.681,3390403.3
2022-09-12 00:00:00,1.681,1.723,1.611,1.653,2583522.2
2022-09-13 00:00:00,1.653,1.689,1.517,1.527,3721618.9
2022-09-14 00:00:00,1.527,1.621,1.511,1.603,2070161.0
2022-09-15 00:00:00,1.603,1.614,1.507,1.519,2799801.6
2022-09-16 00:00:00,1.519,1.552,1.496,1.518,1373714.4
2022-09-17 00:00:00,1.518,1.564,1.518,1.548,732610.7
2022-09-18 00:00:00,1.548,1.571,1.422,1.436,2336671.7
2022-09-19 00:00:00,1.436,1.502,1.407,1.482,2545161.6
2022-09-20 00:00:00,1.482,1.522,1.452,1.462,2056592.9
2022-09-21 00:00:00,1.462,1.524,1.383,1.407,5844824.7
2022-09-22 00:00:00,1.407,1.524,1.406,1.507,2368861.5
2022-09-23 00:00:00,1.507,1.551,1.425,1.515,2703096.3
2022-09-24 00:00:00,1.515,1.556,1.466,1.476,1210081.7
2022-09-25 00:00:00,1.476,1.507,1.437,1.456,1302114.1
2022-09-26 00:00:00,1.456,1.478,1.421,1.473,1422269.3
2022-09-27 00:00:00,1.473,1.543,1.422,1.441,1866412.0
2022-09-28 00:00:00,1.441,1.455,1.388,1.44,2129710.2
2022-09-29 00:00:00,1.44,1.448,1.408,1.437,1197099.5
2022-09-30 00:00:00,1.437,1.462,1.408,1.422,2695791.7
2022-10-01 00:00:00,1.422,1.435,1.397,1.408,752209.0
2022-10-02 00:00:00,1.408,1.422,1.362,1.374,1278008.6
2022-10-03 00:00:00,1.374,1.45,1.355,1.435,2214593.7
2022-10-04 00:00:00,1.435,1.468,1.426,1.455,1466712.5
2022-10-05 00:00:00,1.455,1.457,1.404,1.43,1376729.4
2022-10-06 00:00:00,1.43,1.454,1.416,1.427,2194124.4
2022-10-07 00:00:00,1.427,1.434,1.39,1.409,1487195.7
2022-10-08 00:00:00,1.409,1.425,1.398,1.406,529493.2
2022-10-09 00:00:00,1.406,1.429,1.402,1.427,631596.9
2022-10-10 00:00:00,1.427,1.442,1.362,1.367,1558436.5
2022-10-11 00:00:00,1.367,1.368,1.327,1.342,1898654.9
2022-10-12 00:00:00,1.342,1.363,1.339,1.351,696723.4
2022-10-13 00:00:00,1.351,1.424,1.258,1.382,6839136.0
2022-10-14 00:00:00,1.382,1.435,1.353,1.368,1995377.9
2022-10-15 00:00:00,1.368,1.382,1.341,1.355,770445.6
2022-10-16 00:00:00,1.355,1.372,1.338,1.355,611309.4
2022-10-17 00:00:00,1.355,1.396,1.343,1.389,652772.2
2022-10-18 00:00:00,1.389,1.409,1.349,1.374,1416582.8
2022-10-19 00:00:00,1.374,1.38,1.314,1.325,1564864.1
2022-10-20 00:00:00,1.325,1.358,1.306,1.318,1266462.2
2022-10-21 00:00:00,1.318,1.352,1.289,1.342,1710884.0
2022-10-22 00:00:00,1.342,1.351,1.328,1.339,439064.4
2022-10-23 00:00:00,1.339,1.38,1.329,1.372,1243482.0
2022-10-24 00:00:00,1.372,1.4,1.334,1.352,3076274.1
2022-10-25 00:00:00,1.352,1.42,1.343,1.385,1987188.9
2022-10-26 00:00:00,1.385,1.457,1.384,1.432,1933947.3
2022-10-27 00:00:00,1.432,1.492,1.401,1.41,2103459.1
2022-10-28 00:00:00,1.41,1.46,1.391,1.441,1354179.9
2022-10-29 00:00:00,1.441,1.482,1.424,1.443,1967815.4
2022-10-30 00:00:00,1.443,1.482,1.397,1.42,1371328.1
2022-10-31 00:00:00,1.42,1.471,1.409,1.424,1705842.9
2022-11-01 00:00:00,1.424,1.436,1.401,1.413,1114081.6
2022-11-02 00:00:00,1.413,1.426,1.348,1.381,2438036.1
2022-11-03 00:00:00,1.381,1.425,1.355,1.369,2271603.5
2022-11-04 00:00:00,1.369,1.447,1.36,1.447,4102312.0
2022-11-05 00:00:00,1.447,1.477,1.416,1.446,3698885.2
2022-11-06 00:00:00,1.446,1.456,1.366,1.37,2336410.9
2022-11-07 00:00:00,1.37,1.401,1.328,1.361,2603824.2
2022-11-08 00:00:00,1.361,1.38,1.053,1.172,10933039.1
2022-11-09 00:00:00,1.172,1.184,0.974,1.015,11139574.2
2022-11-10 00:00:00,1.015,1.158,0.999,1.142,4841314.0
2022-11-11 00:00:00,1.142,1.152,1.032,1.069,2772863.1
2022-11-12 00:00:00,1.069,1.072,1.012,1.039,2112036.8
2022-11-13 00:00:00,1.039,1.06,0.989,1.01,3145075.5
2022-11-14 00:00:00,1.01,1.031,0.934,1.014,2835707.7
2022-11-15 00:00:00,1.014,1.048,0.997,1.026,1608372.2
2022-11-16 00:00:00,1.026,1.032,0.967,0.987,1615623.7
2022-11-17 00:00:00,0.987,0.991,0.961,0.975,1135501.7
2022-11-18 00:00:00,0.975,0.996,0.964,0.982,1043966.7
2022-11-19 00:00:00,0.982,1.009,0.964,0.998,830984.4
2022-11-20 00:00:00,0.998,1.017,0.966,0.974,2166176.0
2022-11-21 00:00:00,0.974,0.977,0.918,0.94,2499308.0
2022-11-22 00:00:00,0.94,0.969,0.91,0.968,2275772.4
2022-11-23 00:00:00,0.968,1.005,0.964,1.002,1904475.2
2022-11-24 00:00:00,1.002,1.022,0.986,1.004,1807774.4
2022-11-25 00:00:00,1.004,1.008,0.975,0.989,1124446.9
2022-11-26 00:00:00,0.989,1.017,0.975,0.988,1410432.3
2022-11-27 00:00:00,0.988,1.012,0.98,0.989,1090215.6
2022-11-28 00:00:00,0.989,1.0,0.946,0.977,1457495.7
2022-11-29 00:00:00,0.977,0.996,0.968,0.976,1422561.9
2022-11-30 00:00:00,0.976,1.025,0.976,1.019,1762570.3
2022-12-01 00:00:00,1.019,1.024,0.989,1.003,980416.8
2022-12-02 00:00:00,1.003,1.042,0.988,1.029,1638175.6
2022-12-03 00:00:00,1.029,1.032,0.993,0.996,674213.7
2022-12-04 00:00:00,0.996,1.009,0.992,1.004,448977.9
2022-12-05 00:00:00,1.004,1.03,0.998,1.004,1038336.5
2022-12-06 00:00:00,1.004,1.027,1.004,1.013,789962.4
2022-12-07 00:00:00,1.013,1.019,0.966,0.984,932892.0
2022-12-08 00:00:00,0.984,1.005,0.969,1.0,830117.3
2022-12-09 00:00:00,1.0,1.003,0.979,0.984,451058.6
2022-12-10 00:00:00,0.984,1.004,0.983,0.999,360454.6
2022-12-11 00:00:00,0.999,1.009,0.986,0.988,373608.0
2022-12-12 00:00:00,0.988,0.988,0.948,0.959,1294854.9
2022-12-13 00:00:00,0.959,0.984,0.91,0.972,2870067.2
2022-12-14 00:00:00,0.972,0.981,0.943,0.95,1891013.0
2022-12-15 00:00:00,0.95,0.971,0.922,0.956,2505374.8
2022-12-16 00:00:00,0.956,0.963,0.824,0.838,2740317.1
2022-12-17 00:00:00,0.838,0.865,0.827,0.844,2762684.1
2022-12-18 00:00:00,0.844,0.851,0.826,0.836,1282405.0
2022-12-19 00:00:00,0.836,0.848,0.759,0.776,2994158.4
2022-12-20 00:00:00,0.776,0.811,0.775,0.806,2283718.1
2022-12-21 00:00:00,0.806,0.809,0.789,0.806,2021799.7
2022-12-22 00:00:00,0.806,0.81,0.776,0.805,1763737.5
2022-12-23 00:00:00,0.805,0.815,0.795,0.803,1298373.4
2022-12-24 00:00:00,0.803,0.807,0.798,0.8,717473.2
2022-12-25 00:00:00,0.8,0.801,0.772,0.785,1035752.8
2022-12-26 00:00:00,0.785,0.797,0.782,0.797,972537.1
2022-12-27 00:00:00,0.797,0.799,0.764,0.773,1438817.7
2022-12-28 00:00:00,0.773,0.774,0.729,0.736,2434005.3
2022-12-29 00:00:00,0.736,0.743,0.704,0.725,2273414.7
2022-12-30 00:00:00,0.725,0.731,0.697,0.723,2103599.7
2022-12-31 00:00:00,0.723,0.729,0.712,0.716,1051476.9
2023-01-01 00:00:00,0.716,0.722,0.705,0.719,946962.7
2023-01-02 00:00:00,0.719,0.745,0.707,0.739,1864233.3
2023-01-03 00:00:00,0.739,0.759,0.734,0.754,2210684.1
2023-01-04 00:00:00,0.754,0.776,0.75,0.767,2395907.3
2023-01-05 00:00:00,0.767,0.777,0.747,0.762,1860937.9
2023-01-06 00:00:00,0.762,0.773,0.746,0.772,1846079.8
2023-01-07 00:00:00,0.772,0.794,0.771,0.791,1029641.9
2023-01-08 00:00:00,0.791,0.827,0.781,0.821,1772989.9
2023-01-09 00:00:00,0.821,0.854,0.817,0.83,3143428.5
2023-01-10 00:00:00,0.83,0.845,0.816,0.832,3110537.4
2023-01-11 00:00:00,0.832,0.859,0.807,0.857,3222154.1
2023-01-12 00:00:00,0.857,0.894,0.831,0.889,4952746.7
2023-01-13 00:00:00,0.889,0.93,0.875,0.917,3397758.2
2023-01-14 00:00:00,0.917,1.038,0.916,1.009,7667045.6
2023-01-15 00:00:00,1.009,1.083,0.979,1.028,9762733.8
2023-01-16 00:00:00,1.028,1.048,0.99,1.01,6217777.6
2023-01-17 00:00:00,1.01,1.064,0.987,1.016,4858519.8
2023-01-18 00:00:00,1.016,1.039,0.94,0.952,6634680.2
2023-01-19 00:00:00,0.952,1.065,0.951,0.995,6485711.1
2023-01-20 00:00:00,0.995,1.073,0.972,1.065,3802885.7
2023-01-21 00:00:00,1.065,1.185,1.053,1.101,16041034.2
2023-01-22 00:00:00,1.101,1.139,1.082,1.108,7206602.4
2023-01-23 00:00:00,1.108,1.132,1.09,1.113,7595003.5
2023-01-24 00:00:00,1.113,1.154,1.042,1.057,4531381.7
2023-01-25 00:00:00,1.057,1.118,1.024,1.091,4508998.7
2023-01-26 00:00:00,1.091,1.117,1.071,1.092,3593830.4
2023-01-27 00:00:00,1.092,1.128,1.06,1.124,3758231.1
2023-01-28 00:00:00,1.124,1.145,1.086,1.098,3335249.1
2023-01-29 00:00:00,1.098,1.182,1.083,1.161,7206066.8
2023-01-30 00:00:00,1.161,1.164,1.031,1.056,5213467.2
2023-01-31 00:00:00,1.056,1.078,1.045,1.058,2355238.5
2023-02-01 00:00:00,1.058,1.099,1.017,1.093,4755199.6
2023-02-02 00:00:00,1.093,1.143,1.078,1.093,4169861.0
2023-02-03 00:00:00,1.093,1.158,1.086,1.144,3226583.0
2023-02-04 00:00:00,1.144,1.178,1.128,1.164,3810399.5
2023-02-05 00:00:00,1.164,1.236,1.14,1.188,7522516.5
2023-02-06 00:00:00,1.188,1.191,1.138,1.145,3173338.1
2023-02-07 00:00:00,1.145,1.222,1.138,1.217,2845006.9
2023-02-08 00:00:00,1.217,1.265,1.179,1.225,3306930.0
2023-02-09 00:00:00,1.225,1.236,1.049,1.075,4653157.7
2023-02-10 00:00:00,1.075,1.107,1.057,1.088,2380927.3
2023-02-11 00:00:00,1.088,1.096,1.064,1.083,859635.7
2023-02-12 00:00:00,1.083,1.111,1.058,1.078,1448575.2
2023-02-13 00:00:00,1.078,1.081,1.001,1.038,2883781.1
2023-02-14 00:00:00,1.038,1.064,1.013,1.061,1774268.9
2023-02-15 00:00:00,1.061,1.149,1.049,1.148,1851433.1
2023-02-16 00:00:00,1.148,1.173,1.088,1.094,2723328.0
2023-02-17 00:00:00,1.094,1.166,1.088,1.154,2234305.2
2023-02-18 00:00:00,1.154,1.191,1.149,1.177,1678145.1
2023-02-19 00:00:00,1.177,1.217,1.161,1.191,2386193.2
2023-02-20 00:00:00,1.191,1.281,1.157,1.259,3128142.7
2023-02-21 00:00:00,1.259,1.299,1.192,1.223,3052276.9
2023-02-22 00:00:00,1.223,1.458,1.222,1.426,24258540.7
2023-02-23 00:00:00,1.426,1.481,1.33,1.346,14806830.8
2023-02-24 00:00:00,1.346,1.347,1.216,1.238,6297266.7
2023-02-25 00:00:00,1.238,1.249,1.149,1.197,3867921.4
2023-02-26 00:00:00,1.197,1.221,1.187,1.216,2581878.3
2023-02-27 00:00:00,1.216,1.224,1.162,1.186,2637438.4
2023-02-28 00:00:00,1.186,1.195,1.129,1.137,3082717.0
2023-03-01 00:00:00,1.137,1.205,1.13,1.203,2562413.7
2023-03-02 00:00:00,1.203,1.204,1.137,1.178,2242234.2
2023-03-03 00:00:00,1.178,1.18,1.057,1.147,5215722.8
2023-03-04 00:00:00,1.147,1.149,1.089,1.114,2217365.0
2023-03-05 00:00:00,1.114,1.144,1.104,1.114,1488468.3
2023-03-06 00:00:00,1.114,1.148,1.095,1.137,2180744.9
2023-03-07 00:00:00,1.137,1.147,1.084,1.109,1817509.7
2023-03-08 00:00:00,1.109,1.113,1.015,1.027,2997771.1
2023-03-09 00:00:00,1.027,1.063,0.964,0.989,4603158.0
2023-03-10 00:00:00,0.989,1.018,0.956,1.012,3994225.5
2023-03-11 00:00:00,1.012,1.031,0.952,0.982,2907242.0
2023-03-12 00:00:00,0.982,1.055,0.957,1.05,3159257.9
2023-03-13 00:00:00,1.05,1.102,1.023,1.089,3697879.3
2023-03-14 00:00:00,1.089,1.235,1.06,1.195,8080975.3
2023-03-15 00:00:00,1.195,1.24,1.118,1.146,6868768.9
2023-03-16 00:00:00,1.146,1.206,1.127,1.185,5038919.2
2023-03-17 00:00:00,1.185,1.255,1.168,1.254,3520820.5
2023-03-18 00:00:00,1.254,1.262,1.179,1.188,3695105.9
2023-03-19 00:00:00,1.188,1.259,1.183,1.241,3296857.3
2023-03-20 00:00:00,1.241,1.265,1.157,1.164,4545345.9
2023-03-21 00:00:00,1.164,1.197,1.133,1.185,4213301.3
2023-03-22 00:00:00,1.185,1.188,1.078,1.111,5212290.8
2023-03-23 00:00:00,1.111,1.188,1.11,1.164,3468629.9
2023-03-24 00:00:00,1.164,1.179,1.11,1.128,3242450.6
2023-03-25 00:00:00,1.128,1.142,1.093,1.109,1675207.5
2023-03-26 00:00:00,1.109,1.149,1.102,1.137,1550694.0
2023-03-27 00:00:00,1.137,1.153,1.055,1.077,3198953.4
2023-03-28 00:00:00,1.077,1.096,1.061,1.09,2062790.0
2023-03-29 00:00:00,1.09,1.148,1.086,1.136,2097051.2
2023-03-30 00:00:00,1.136,1.154,1.09,1.109,3032437.8
2023-03-31 00:00:00,1.109,1.134,1.088,1.117,2007421.3
2023-04-01 00:00:00,1.117,1.132,1.103,1.127,1477463.2
2023-04-02 00:00:00,1.127,1.134,1.085,1.1,1540566.1
2023-04-03 00:00:00,1.1,1.126,1.072,1.113,2640793.7
2023-04-04 00:00:00,1.113,1.131,1.097,1.115,1832448.2
2023-04-05 00:00:00,1.115,1.149,1.105,1.135,1643003.2
2023-04-06 00:00:00,1.135,1.173,1.113,1.134,3760834.1
2023-04-07 00:00:00,1.134,1.137,1.082,1.1,2892662.3
2023-04-08 00:00:00,1.1,1.107,1.094,1.097,816285.9
2023-04-09 00:00:00,1.097,1.108,1.075,1.1,1419576.2
2023-04-10 00:00:00,1.1,1.127,1.087,1.121,1686309.5
2023-04-11 00:00:00,1.121,1.13,1.103,1.115,1957648.1
2023-04-12 00:00:00,1.115,1.118,1.076,1.094,2569736.9
2023-04-13 00:00:00,1.094,1.129,1.083,1.123,1703426.6
2023-04-14 00:00:00,1.123,1.162,1.122,1.153,2514270.1
2023-04-15 00:00:00,1.153,1.165,1.133,1.16,1511407.6
2023-04-16 00:00:00,1.16,1.19,1.141,1.18,1760175.9
2023-04-17 00:00:00,1.18,1.182,1.132,1.143,2402637.5
2023-04-18 00:00:00,1.143,1.178,1.131,1.164,2324566.5
2023-04-19 00:00:00,1.164,1.165,1.036,1.058,5097974.2
2023-04-20 00:00:00,1.058,1.067,1.019,1.026,2127886.8
2023-04-21 00:00:00,1.026,1.047,0.989,1.0,2282457.4
2023-04-22 00:00:00,1.0,1.031,0.996,1.029,686934.3
2023-04-23 00:00:00,1.029,1.032,0.991,1.015,867647.8
2023-04-24 00:00:00,1.015,1.032,0.989,1.001,1164455.3
2023-04-25 00:00:00,1.001,1.026,0.973,1.02,2036060.4
2023-04-26 00:00:00,1.02,1.054,0.955,1.004,2412902.8
2023-04-27 00:00:00,1.004,1.042,0.999,1.03,2728721.0
2023-04-28 00:00:00,1.03,1.031,1.001,1.013,1023713.6
2023-04-29 00:00:00,1.013,1.029,1.009,1.027,748748.5
2023-04-30 00:00:00,1.027,1.033,0.996,0.999,903702.0
2023-05-01 00:00:00,0.999,1.013,0.966,0.983,1838463.7
2023-05-02 00:00:00,0.983,0.996,0.977,0.99,1298484.4
2023-05-03 00:00:00,0.99,1.003,0.96,0.997,1675957.7
2023-05-04 00:00:00,0.997,1.004,0.983,0.993,1199302.0
2023-05-05 00:00:00,0.993,1.03,0.989,1.021,2224786.3
2023-05-06 00:00:00,1.021,1.028,0.974,0.981,1785463.5
2023-05-07 00:00:00,0.981,0.986,0.959,0.963,1436464.0
2023-05-08 00:00:00,0.963,0.969,0.883,0.909,3729123.5
2023-05-09 00:00:00,0.909,0.92,0.896,0.906,1280706.6
2023-05-10 00:00:00,0.906,0.925,0.867,0.914,3198642.8
2023-05-11 00:00:00,0.914,0.915,0.865,0.892,2742434.0
2023-05-12 00:00:00,0.892,0.895,0.856,0.894,2421932.2
2023-05-13 00:00:00,0.894,0.896,0.879,0.884,1176566.8
2023-05-14 00:00:00,0.884,0.896,0.872,0.887,918245.4
2023-05-15 00:00:00,0.887,0.904,0.874,0.889,1489381.8
2023-05-16 00:00:00,0.889,0.902,0.875,0.899,1605914.0
2023-05-17 00:00:00,0.899,0.917,0.879,0.908,6330992.7
2023-05-18 00:00:00,0.908,0.916,0.888,0.9,883430.2
2023-05-19 00:00:00,0.9,0.903,0.886,0.892,917988.1
2023-05-20 00:00:00,0.892,0.904,0.883,0.902,535299.2
2023-05-21 00:00:00,0.902,0.903,0.891,0.895,569871.6
2023-05-22 00:00:00,0.895,0.901,0.88,0.887,881971.6
2023-05-23 00:00:00,0.887,0.91,0.884,0.894,1189592.7
2023-05-24 00:00:00,0.894,0.895,0.853,0.869,1541198.7
2023-05-25 00:00:00,0.869,0.874,0.851,0.87,861167.3
2023-05-26 00:00:00,0.87,0.883,0.866,0.881,1286002.1
2023-05-27 00:00:00,0.881,0.896,0.877,0.894,1001375.2
2023-05-28 00:00:00,0.894,0.93,0.892,0.925,1075596.1
2023-05-29 00:00:00,0.925,0.94,0.923,0.931,1271303.4
2023-05-30 00:00:00,0.931,0.948,0.925,0.93,1168612.3
2023-05-31 00:00:00,0.93,0.936,0.891,0.903,1197095.4
2023-06-01 00:00:00,0.903,0.907,0.882,0.887,1009870.0
2023-06-02 00:00:00,0.887,0.909,0.876,0.909,1049773.4
2023-06-03 00:00:00,0.909,0.918,0.9,0.914,696588.1
2023-06-04 00:00:00,0.914,0.925,0.907,0.913,516886.2
2023-06-05 00:00:00,0.913,0.915,0.819,0.855,2938100.0
2023-06-06 00:00:00,0.855,0.886,0.837,0.88,1630836.3
2023-06-07 00:00:00,0.88,0.881,0.84,0.845,1450855.4
2023-06-08 00:00:00,0.845,0.849,0.831,0.84,1126335.2
2023-06-09 00:00:00,0.84,0.844,0.818,0.826,1274338.4
2023-06-10 00:00:00,0.826,0.826,0.643,0.728,7655306.7
2023-06-11 00:00:00,0.728,0.734,0.711,0.719,1286769.3
2023-06-12 00:00:00,0.719,0.726,0.701,0.721,1622682.9
2023-06-13 00:00:00,0.721,0.748,0.715,0.721,2454320.4
2023-06-14 00:00:00,0.721,0.793,0.708,0.726,13634840.6
2023-06-15 00:00:00,0.726,0.759,0.701,0.721,5876117.7
2023-06-16 00:00:00,0.721,0.729,0.701,0.716,3895574.5
2023-06-17 00:00:00,0.716,0.736,0.711,0.728,2149259.9
2023-06-18 00:00:00,0.728,0.742,0.714,0.717,2395273.4
2023-06-19 00:00:00,0.717,0.733,0.706,0.726,2274797.9
2023-06-20 00:00:00,0.726,0.74,0.707,0.739,1736759.9
2023-06-21 00:00:00,0.739,0.778,0.737,0.775,3312514.6
2023-06-22 00:00:00,0.775,0.797,0.761,0.762,2542695.6
2023-06-23 00:00:00,0.762,0.808,0.761,0.795,3008319.0
2023-06-24 00:00:00,0.795,0.827,0.791,0.825,3174192.5
2023-06-25 00:00:00,0.825,0.854,0.813,0.821,2474413.1
2023-06-26 00:00:00,0.821,0.826,0.785,0.798,2399966.4
2023-06-27 00:00:00,0.798,0.81,0.792,0.806,1687881.2
2023-06-28 00:00:00,0.806,0.807,0.725,0.76,3154978.8
2023-06-29 00:00:00,0.76,0.78,0.753,0.768,1312872.7
2023-06-30 00:00:00,0.768,0.827,0.758,0.807,5255074.7
2023-07-01 00:00:00,0.807,0.832,0.797,0.826,2367939.4
2023-07-02 00:00:00,0.826,0.836,0.805,0.835,2115434.4
2023-07-03 00:00:00,0.835,0.863,0.83,0.849,2963038.3
2023-07-04 00:00:00,0.849,0.862,0.816,0.825,2072651.3
2023-07-05 00:00:00,0.825,0.839,0.793,0.806,1993950.2
2023-07-06 00:00:00,0.806,0.828,0.773,0.779,2188997.5
2023-07-07 00:00:00,0.779,0.797,0.768,0.794,1686823.3
2023-07-08 00:00:00,0.794,0.816,0.787,0.816,955981.7
2023-07-09 00:00:00,0.816,0.825,0.806,0.812,880131.0
2023-07-10 00:00:00,0.812,0.831,0.794,0.814,1658298.9
2023-07-11 00:00:00,0.814,0.835,0.807,0.828,1033102.3
2023-07-12 00:00:00,0.828,0.845,0.813,0.824,1073042.7
2023-07-13 00:00:00,0.824,0.911,0.817,0.905,3529278.6
2023-07-14 00:00:00,0.905,0.924,0.85,0.876,2796858.4
2023-07-15 00:00:00,0.876,0.9,0.868,0.881,1314393.5
2023-07-16 00:00:00,0.881,0.884,0.854,0.858,1230705.3
2023-07-17 00:00:00,0.858,0.885,0.841,0.863,2047116.3
2023-07-18 00:00:00,0.863,0.87,0.815,0.826,2555338.6
2023-07-19 00:00:00,0.826,0.851,0.821,0.838,1556503.8
2023-07-20 00:00:00,0.838,0.921,0.837,0.866,9600593.4
2023-07-21 00:00:00,0.866,0.866,0.839,0.849,2864938.1
2023-07-22 00:00:00,0.849,0.857,0.83,0.837,1563117.2
2023-07-23 00:00:00,0.837,0.884,0.832,0.874,1543977.2
2023-07-24 00:00:00,0.874,0.892,0.792,0.811,4531785.1
2023-07-25 00:00:00,0.811,0.816,0.801,0.812,1483866.6
2023-07-26 00:00:00,0.812,0.824,0.801,0.813,1589596.4
2023-07-27 00:00:00,0.813,0.828,0.798,0.809,1642274.8
2023-07-28 00:00:00,0.809,0.83,0.806,0.827,1518284.6
2023-07-29 00:00:00,0.827,0.844,0.826,0.842,677197.3
2023-07-30 00:00:00,0.842,0.846,0.812,0.836,1203427.0
2023-07-31 00:00:00,0.836,0.849,0.816,0.825,1579812.5
2023-08-01 00:00:00,0.825,0.842,0.792,0.84,1626003.0
2023-08-02 00:00:00,0.84,0.856,0.827,0.835,2293161.5
2023-08-03 00:00:00,0.835,0.846,0.809,0.816,1649320.9
2023-08-04 00:00:00,0.816,0.819,0.796,0.809,1660582.2
2023-08-05 00:00:00,0.809,0.811,0.798,0.807,995621.4
2023-08-06 00:00:00,0.807,0.815,0.8,0.804,1048481.8
2023-08-07 00:00:00,0.804,0.811,0.771,0.793,1632516.9
2023-08-08 00:00:00,0.793,0.808,0.788,0.798,1572109.5
2023-08-09 00:00:00,0.798,0.806,0.786,0.793,1025534.8
2023-08-10 00:00:00,0.793,0.798,0.782,0.791,1026605.3
2023-08-11 00:00:00,0.791,0.798,0.785,0.794,807980.4
2023-08-12 00:00:00,0.794,0.806,0.789,0.793,746886.2
2023-08-13 00:00:00,0.793,0.802,0.787,0.794,629068.7
2023-08-14 00:00:00,0.794,0.808,0.786,0.799,1761507.8
2023-08-15 00:00:00,0.799,0.799,0.726,0.762,2729178.2
2023-08-16 00:00:00,0.762,0.767,0.717,0.731,3555716.0
2023-08-17 00:00:00,0.731,0.737,0.611,0.681,4100276.5
2023-08-18 00:00:00,0.681,0.705,0.679,0.7,2147133.8
2023-08-19 00:00:00,0.7,0.713,0.693,0.708,673757.4
2023-08-20 00:00:00,0.708,0.712,0.698,0.709,662381.8
2023-08-21 00:00:00,0.709,0.712,0.673,0.696,1700868.9
2023-08-22 00:00:00,0.696,0.7,0.663,0.69,1396314.1
2023-08-23 00:00:00,0.69,0.714,0.688,0.707,1340843.5
2023-08-24 00:00:00,0.707,0.71,0.686,0.693,825141.7
2023-08-25 00:00:00,0.693,0.7,0.675,0.697,1030613.1
2023-08-26 00:00:00,0.697,0.71,0.676,0.68,8245781.3
2023-08-27 00:00:00,0.68,0.699,0.676,0.699,635426.6
2023-08-28 00:00:00,0.699,0.709,0.688,0.704,782042.0
2023-08-29 00:00:00,0.704,0.739,0.686,0.729,3053077.8
2023-08-30 00:00:00,0.729,0.731,0.708,0.715,1024810.3
2023-08-31 00:00:00,0.715,0.719,0.676,0.685,1547660.2
2023-09-01 00:00:00,0.685,0.69,0.665,0.681,1281201.5
2023-09-02 00:00:00,0.681,0.691,0.677,0.688,849364.0
2023-09-03 00:00:00,0.688,0.698,0.68,0.686,677012.3
2023-09-04 00:00:00,0.686,0.7,0.686,0.696,707325.3
2023-09-05 00:00:00,0.696,0.708,0.684,0.698,847992.5
2023-09-06 00:00:00,0.698,0.702,0.68,0.691,1115930.2
2023-09-07 00:00:00,0.691,0.699,0.681,0.696,1645497.7
2023-09-08 00:00:00,0.696,0.702,0.682,0.695,1004436.0
2023-09-09 00:00:00,0.695,0.697,0.689,0.695,356276.8
2023-09-10 00:00:00,0.695,0.696,0.663,0.674,3372597.0
2023-09-11 00:00:00,0.674,0.677,0.636,0.641,4239381.2
2023-09-12 00:00:00,0.641,0.659,0.632,0.634,5438645.9
2023-09-13 00:00:00,0.634,0.652,0.629,0.644,3436608.0
2023-09-14 00:00:00,0.644,0.655,0.637,0.655,1815205.7
2023-09-15 00:00:00,0.655,0.678,0.651,0.675,1599347.6
2023-09-16 00:00:00,0.675,0.69,0.674,0.681,2831222.4
2023-09-17 00:00:00,0.681,0.682,0.646,0.659,2801892.6
2023-09-18 00:00:00,0.659,0.682,0.654,0.669,1114047.1
2023-09-19 00:00:00,0.669,0.68,0.667,0.679,711009.7
2023-09-20 00:00:00,0.679,0.685,0.666,0.675,1092596.7
2023-09-21 00:00:00,0.675,0.681,0.653,0.658,865920.8
2023-09-22 00:00:00,0.658,0.668,0.651,0.666,685831.3
2023-09-23 00:00:00,0.666,0.671,0.655,0.665,899290.3
2023-09-24 00:00:00,0.665,0.666,0.647,0.65,781420.9
2023-09-25 00:00:00,0.65,0.662,0.641,0.657,1904678.2
2023-09-26 00:00:00,0.657,0.661,0.646,0.654,632196.6
2023-09-27 00:00:00,0.654,0.666,0.645,0.652,675239.1
2023-09-28 00:00:00,0.652,0.669,0.65,0.667,1075999.2
2023-09-29 00:00:00,0.667,0.68,0.665,0.679,1270283.0
2023-09-30 00:00:00,0.679,0.687,0.677,0.68,618233.2
2023-10-01 00:00:00,0.68,0.708,0.679,0.704,740608.9
2023-10-02 00:00:00,0.704,0.711,0.668,0.676,4133395.3
2023-10-03 00:00:00,0.676,0.688,0.667,0.67,825164.4
2023-10-04 00:00:00,0.67,0.683,0.651,0.68,1292176.5
2023-10-05 00:00:00,0.68,0.686,0.666,0.667,838584.5
2023-10-06 00:00:00,0.667,0.68,0.661,0.678,676722.4
2023-10-07 00:00:00,0.678,0.683,0.67,0.675,778295.6
2023-10-08 00:00:00,0.675,0.68,0.67,0.675,567090.4
2023-10-09 00:00:00,0.675,0.678,0.634,0.648,1852293.8
2023-10-10 00:00:00,0.648,0.734,0.647,0.689,41251560.0
2023-10-11 00:00:00,0.689,0.689,0.65,0.655,10110018.1
2023-10-12 00:00:00,0.655,0.657,0.632,0.642,3810217.2
2023-10-13 00:00:00,0.642,0.661,0.641,0.651,2493660.4
2023-10-14 00:00:00,0.651,0.665,0.648,0.655,6682580.3
2023-10-15 00:00:00,0.655,0.661,0.646,0.652,2708445.6
2023-10-16 00:00:00,0.652,0.678,0.649,0.657,7401433.3
2023-10-17 00:00:00,0.657,0.66,0.635,0.65,3506401.8
2023-10-18 00:00:00,0.65,0.656,0.625,0.629,4727904.4
2023-10-19 00:00:00,0.629,0.631,0.615,0.623,5089816.1
2023-10-20 00:00:00,0.623,0.65,0.623,0.646,6796915.6
2023-10-21 00:00:00,0.646,0.671,0.642,0.669,3131016.4
2023-10-22 00:00:00,0.669,0.68,0.652,0.675,4903932.4
2023-10-23 00:00:00,0.675,0.712,0.665,0.706,8446039.1
2023-10-24 00:00:00,0.706,0.724,0.685,0.71,8950555.7
2023-10-25 00:00:00,0.71,0.7247,0.692,0.713,11057435.7
2023-10-26 00:00:00,0.713,0.7317,0.6853,0.7108,16170943.7
2023-10-27 00:00:00,0.7108,0.7144,0.6881,0.708,14055180.8
2023-10-28 00:00:00,0.708,0.737,0.7078,0.7314,9493353.2
2023-10-29 00:00:00,0.7314,0.7549,0.718,0.745,8963148.1
2023-10-30 00:00:00,0.745,0.7629,0.7318,0.754,9779822.9
2023-10-31 00:00:00,0.754,0.7641,0.7152,0.7565,8054089.1
2023-11-01 00:00:00,0.7565,0.7956,0.7403,0.7874,8790362.7
2023-11-02 00:00:00,0.7874,0.8049,0.7701,0.7999,6920011.1
2023-11-03 00:00:00,0.7999,0.8,0.7646,0.7822,8440106.6
2023-11-04 00:00:00,0.7822,0.7912,0.7682,0.7903,3184342.2
2023-11-05 00:00:00,0.7903,0.8274,0.7835,0.8093,8004287.9
2023-11-06 00:00:00,0.8093,0.8328,0.7934,0.8325,6426745.5
2023-11-07 00:00:00,0.8325,0.8511,0.8114,0.8376,7139908.2
2023-11-08 00:00:00,0.8376,0.8999,0.8375,0.8699,9925174.8
2023-11-09 00:00:00,0.8699,0.8906,0.7581,0.8545,10805532.9
2023-11-10 00:00:00,0.8545,0.9022,0.8392,0.8989,6703773.5
2023-11-11 00:00:00,0.8989,0.9197,0.8602,0.914,5728128.7
2023-11-12 00:00:00,0.914,0.9421,0.8856,0.9322,4742185.9
2023-11-13 00:00:00,0.9322,0.9487,0.8824,0.8884,4793478.7
2023-11-14 00:00:00,0.8884,0.948,0.8114,0.8515,10696015.3
2023-11-15 00:00:00,0.8515,0.8877,0.8394,0.8877,3757232.9
2023-11-16 00:00:00,0.8877,0.9039,0.8272,0.8368,5526504.4
2023-11-17 00:00:00,0.8368,0.8572,0.8103,0.8522,5160957.3
2023-11-18 00:00:00,0.8522,0.8522,0.8039,0.8395,3244543.4
2023-11-19 00:00:00,0.8395,0.8617,0.8211,0.8592,2023850.4
2023-11-20 00:00:00,0.8592,0.8677,0.834,0.8438,3629800.2
2023-11-21 00:00:00,0.8438,0.8527,0.7612,0.7654,7900844.9
2023-11-22 00:00:00,0.7654,0.811,0.7629,0.8075,4404146.9
2023-11-23 00:00:00,0.8075,0.8184,0.7971,0.8135,3732397.4
2023-11-24 00:00:00,0.8135,0.8288,0.8102,0.8229,3293856.0
2023-11-25 00:00:00,0.8229,0.8519,0.8162,0.8476,2443412.2
2023-11-26 00:00:00,0.8476,0.8497,0.8157,0.8417,4762301.2
2023-11-27 00:00:00,0.8417,0.846,0.7869,0.8081,4349627.5
2023-11-28 00:00:00,0.8081,0.823,0.7851,0.8139,3387447.3
2023-11-29 00:00:00,0.8139,0.8447,0.8111,0.8254,3195759.0
2023-11-30 00:00:00,0.8254,0.8351,0.8116,0.8342,1912736.4
2023-12-01 00:00:00,0.8342,0.8456,0.8265,0.8442,1639040.2
2023-12-02 00:00:00,0.8442,0.8749,0.8425,0.8699,1984041.2
2023-12-03 00:00:00,0.8699,0.874,0.8356,0.8548,4877268.3
2023-12-04 00:00:00,0.8548,0.88,0.8368,0.8794,4908850.2
2023-12-05 00:00:00,0.8794,0.8975,0.8589,0.8966,4020735.3
2023-12-06 00:00:00,0.8966,0.9041,0.8633,0.8823,3599298.4
2023-12-07 00:00:00,0.8823,0.9258,0.8808,0.9098,6863297.7
2023-12-08 00:00:00,0.9098,0.9496,0.9031,0.9478,3727767.9
2023-12-09 00:00:00,0.9478,0.9985,0.9476,0.9756,7376654.8
2023-12-10 00:00:00,0.9756,0.9906,0.9416,0.9648,3546287.2
2023-12-11 00:00:00,0.9648,0.9693,0.7916,0.8733,6467767.2
2023-12-12 00:00:00,0.8733,0.9327,0.8717,0.9306,5323634.4
2023-12-13 00:00:00,0.9306,0.934,0.8692,0.9197,5447095.1
2023-12-14 00:00:00,0.9197,0.9819,0.8949,0.9795,6799465.8
2023-12-15 00:00:00,0.9795,0.9808,0.9119,0.9167,4413016.1
2023-12-16 00:00:00,0.9167,0.9523,0.9034,0.9446,1844376.5
2023-12-17 00:00:00,0.9446,0.9468,0.9056,0.9115,2071042.3
2023-12-18 00:00:00,0.9115,0.9172,0.836,0.8928,3999723.0
2023-12-19 00:00:00,0.8928,0.913,0.8594,0.8637,4975278.2
2023-12-20 00:00:00,0.8637,0.9077,0.8574,0.884,2812980.1
2023-12-21 00:00:00,0.884,0.9344,0.8818,0.9303,3551416.3
2023-12-22 00:00:00,0.9303,1.0119,0.9265,0.992,11198206.1
2023-12-23 00:00:00,0.992,1.04,0.95,0.9909,6484887.1
2023-12-24 00:00:00,0.9909,1.0127,0.9639,0.982,4754094.8
2023-12-25 00:00:00,0.982,1.0498,0.9757,1.0425,6007695.2
2023-12-26 00:00:00,1.0425,1.0703,0.9612,1.0509,5620999.5
2023-12-27 00:00:00,1.0509,1.1378,1.0185,1.1152,8281445.5
2023-12-28 00:00:00,1.1152,1.1314,1.0391,1.0546,3663355.9
2023-12-29 00:00:00,1.0546,1.0708,1.0036,1.032,2256542.8
2023-12-30 00:00:00,1.032,1.0585,1.0111,1.0213,1549622.4
2023-12-31 00:00:00,1.0213,1.0442,0.9885,1.011,1128053.0
2024-01-01 00:00:00,1.011,1.1197,1.011,1.1037,5155475.8
2024-01-02 00:00:00,1.1037,1.1188,1.0524,1.069,2254880.0
2024-01-03 00:00:00,1.069,1.126,0.84,0.9782,5464134.2
2024-01-04 00:00:00,0.9782,0.9883,0.9491,0.9752,1669458.4
2024-01-05 00:00:00,0.9752,0.9832,0.901,0.9406,2646722.3
2024-01-06 00:00:00,0.9406,0.9421,0.8841,0.9216,1156933.2
2024-01-07 00:00:00,0.9216,0.9396,0.864,0.8728,955680.9
2024-01-08 00:00:00,0.8728,0.9427,0.8136,0.9379,2191810.5
2024-01-09 00:00:00,0.9379,0.94,0.8594,0.8909,2913338.6
2024-01-10 00:00:00,0.8909,0.9687,0.848,0.9439,3684828.6
2024-01-11 00:00:00,0.9439,1.1904,0.9381,1.0832,20470599.0
2024-01-12 00:00:00,1.0832,1.1145,0.9773,1.0284,11927168.4
2024-01-13 00:00:00,1.0284,1.0962,0.9948,1.0805,3536770.7
2024-01-14 00:00:00,1.0805,1.1935,1.0569,1.1153,12414308.4
2024-01-15 00:00:00,1.1153,1.2474,1.1123,1.1635,12809810.7
2024-01-16 00:00:00,1.1635,1.1933,1.1065,1.1275,5436482.4
2024-01-17 00:00:00,1.1275,1.1438,1.0706,1.1,3350244.5
2024-01-18 00:00:00,1.1,1.106,1.016,1.0434,3455255.0
2024-01-19 00:00:00,1.0434,1.0474,0.9678,1.0223,3254997.5
2024-01-20 00:00:00,1.0223,1.0454,1.009,1.0361,1989047.3
2024-01-21 00:00:00,1.0361,1.0498,1.0177,1.0223,1527066.2
2024-01-22 00:00:00,1.0223,1.0315,0.9456,0.958,4327172.5
2024-01-23 00:00:00,0.958,0.981,0.8972,0.941,4150676.9
2024-01-24 00:00:00,0.941,0.9617,0.9323,0.9529,2924743.3
2024-01-25 00:00:00,0.9529,0.9555,0.9123,0.9347,2100041.9
2024-01-26 00:00:00,0.9347,0.9733,0.9241,0.9731,2403311.3
2024-01-27 00:00:00,0.9731,1.0044,0.9671,1.0039,1596023.1
2024-01-28 00:00:00,1.0039,1.016,0.9656,0.9788,1826395.5
2024-01-29 00:00:00,0.9788,1.0092,0.9622,1.0084,2794935.3
2024-01-30 00:00:00,1.0084,1.0286,0.9762,0.9816,5988585.4
2024-01-31 00:00:00,0.9816,0.9917,0.9521,0.9673,4334427.2
2024-02-01 00:00:00,0.9673,0.9853,0.9377,0.9841,2556086.9
2024-02-02 00:00:00,0.9841,1.026,0.9808,1.0174,6010710.6
2024-02-03 00:00:00,1.0174,1.0311,0.9875,0.9973,3167190.8
2024-02-04 00:00:00,0.9973,0.9977,0.9565,0.9579,1731106.9
2024-02-05 00:00:00,0.9579,0.9903,0.9431,0.9668,1944215.9
2024-02-06 00:00:00,0.9668,0.9902,0.9645,0.9796,2507404.7
2024-02-07 00:00:00,0.9796,1.0096,0.9641,1.0053,3431171.4
2024-02-08 00:00:00,1.0053,1.0158,0.994,1.0141,1797113.7
2024-02-09 00:00:00,1.0141,1.051,1.0102,1.038,3376719.7
2024-02-10 00:00:00,1.038,1.0485,1.0181,1.0389,1840214.6
2024-02-11 00:00:00,1.0389,1.0471,1.0263,1.0332,2233384.7
2024-02-12 00:00:00,1.0332,1.0551,1.0095,1.0473,2660797.0
2024-02-13 00:00:00,1.0473,1.0617,1.0164,1.0438,4157362.2
2024-02-14 00:00:00,1.0438,1.073,1.0302,1.0705,3122370.8
2024-02-15 00:00:00,1.0705,1.1004,1.0557,1.0805,3856520.6
2024-02-16 00:00:00,1.0805,1.0972,1.0422,1.081,3950598.8
2024-02-17 00:00:00,1.081,1.0891,1.0323,1.0634,2321947.9
2024-02-18 00:00:00,1.0634,1.0856,1.0598,1.0769,2418844.1
2024-02-19 00:00:00,1.0769,1.1028,1.0691,1.0979,2762924.0
2024-02-20 00:00:00,1.0979,1.1396,1.05,1.1095,8305901.3
2024-02-21 00:00:00,1.1095,1.1149,1.0425,1.0887,3809362.6
2024-02-22 00:00:00,1.0887,1.1444,1.0593,1.1102,4332681.3
2024-02-23 00:00:00,1.1102,1.1186,1.063,1.0884,4262301.8
2024-02-24 00:00:00,1.0884,1.1321,1.048,1.1284,3254227.6
2024-02-25 00:00:00,1.1284,1.1363,1.1037,1.1188,1578109.1
2024-02-26 00:00:00,1.1188,1.1511,1.0855,1.145,3038697.5
2024-02-27 00:00:00,1.145,1.1666,1.1116,1.1433,3640332.9
2024-02-28 00:00:00,1.1433,1.2253,1.114,1.202,8346040.9
2024-02-29 00:00:00,1.202,1.3473,1.1906,1.2373,12792004.8
2024-03-01 00:00:00,1.2373,1.2871,1.2218,1.2857,2312319.6
2024-03-02 00:00:00,1.2857,1.4368,1.2504,1.4285,3711241.7
2024-03-03 00:00:00,1.4285,1.4285,1.2821,1.3746,4111286.9
2024-03-04 00:00:00,1.3746,1.4892,1.3526,1.4226,6976106.2
2024-03-05 00:00:00,1.4226,1.5063,1.1271,1.3066,11605719.6
2024-03-06 00:00:00,1.3066,1.4038,1.2619,1.4038,4618260.0
2024-03-07 00:00:00,1.4038,1.5259,1.3948,1.4819,6688377.9
2024-03-08 00:00:00,1.4819,1.4962,1.3831,1.4413,3937834.9
2024-03-09 00:00:00,1.4413,1.4617,1.4208,1.443,2191696.5
2024-03-10 00:00:00,1.443,1.4621,1.3822,1.424,2304991.0
2024-03-11 00:00:00,1.424,1.5371,1.3439,1.5274,4625833.5
2024-03-12 00:00:00,1.5274,1.5872,1.4097,1.5621,8136595.4
2024-03-13 00:00:00,1.5621,1.5985,1.4776,1.5403,4535425.2
2024-03-14 00:00:00,1.5403,1.5428,1.4054,1.4932,5393032.1
2024-03-15 00:00:00,1.4932,1.5056,1.2854,1.398,6721890.6
2024-03-16 00:00:00,1.398,1.4337,1.2619,1.2925,3540516.4
2024-03-17 00:00:00,1.2925,1.3586,1.2336,1.3436,3055922.5
2024-03-18 00:00:00,1.3436,1.3605,1.2491,1.2708,2357598.0
2024-03-19 00:00:00,1.2708,1.2862,1.1169,1.144,4931416.3
2024-03-20 00:00:00,1.144,1.267,1.1009,1.2618,4252029.2
2024-03-21 00:00:00,1.2618,1.2812,1.2174,1.246,2400443.9
2024-03-22 00:00:00,1.246,1.2671,1.1818,1.228,2122518.8
2024-03-23 00:00:00,1.228,1.2757,1.2142,1.2372,2929902.6
2024-03-24 00:00:00,1.2372,1.3004,1.2358,1.2944,1733567.6
2024-03-25 00:00:00,1.2944,1.3654,1.2859,1.3514,5725873.6
2024-03-26 00:00:00,1.3514,1.3856,1.3297,1.3799,1725389.9
2024-03-27 00:00:00,1.3799,1.4312,1.3294,1.3933,5070881.3
2024-03-28 00:00:00,1.3933,1.4197,1.3398,1.4152,1785930.2
2024-03-29 00:00:00,1.4152,1.447,1.3909,1.4216,2484967.2
2024-03-30 00:00:00,1.4216,1.4261,1.3623,1.3715,1200656.2
2024-03-31 00:00:00,1.3715,1.4114,1.3651,1.4038,570353.1
2024-04-01 00:00:00,1.4038,1.4162,1.3118,1.3514,2521419.5
2024-04-02 00:00:00,1.3514,1.3521,1.2173,1.2336,2753650.6
2024-04-03 00:00:00,1.2336,1.263,1.1908,1.2167,1693590.0
2024-04-04 00:00:00,1.2167,1.2969,1.1917,1.2702,1407795.0
2024-04-05 00:00:00,1.2702,1.2758,1.2022,1.2511,1272652.2
2024-04-06 00:00:00,1.2511,1.2744,1.2464,1.2655,680445.8
2024-04-07 00:00:00,1.2655,1.2831,1.2541,1.2716,749759.5
2024-04-08 00:00:00,1.2716,1.3358,1.246,1.3293,1410091.3
2024-04-09 00:00:00,1.3293,1.3383,1.2627,1.2664,2182383.2
2024-04-10 00:00:00,1.2664,1.2817,1.2029,1.276,1800051.3
2024-04-11 00:00:00,1.276,1.3156,1.2585,1.2838,3823278.1
2024-04-12 00:00:00,1.2838,1.3027,1.0492,1.0991,9543004.8
2024-04-13 00:00:00,1.0991,1.1154,0.8607,0.9863,10013362.5
2024-04-14 00:00:00,0.9863,1.0569,0.9462,1.0461,6225857.0
2024-04-15 00:00:00,1.0461,1.1156,0.9636,0.9968,5404611.2
2024-04-16 00:00:00,0.9968,1.0314,0.9593,1.0011,5841629.4
2024-04-17 00:00:00,1.0011,1.0073,0.9244,0.9448,4017532.3
2024-04-18 00:00:00,0.9448,0.983,0.9182,0.9729,3276096.8
2024-04-19 00:00:00,0.9729,0.9978,0.8958,0.9838,3841079.5
2024-04-20 00:00:00,0.9838,1.0862,0.9696,1.0804,2649175.4
2024-04-21 00:00:00,1.0804,1.0835,1.0241,1.0404,2307709.8
2024-04-22 00:00:00,1.0404,1.0724,1.0307,1.0616,1947333.9
2024-04-23 00:00:00,1.0616,1.0706,1.038,1.0481,1849869.2
2024-04-24 00:00:00,1.0481,1.1025,0.9976,1.0083,4772241.4
2024-04-25 00:00:00,1.0083,1.0333,0.9869,1.0136,2796152.3
2024-04-26 00:00:00,1.0136,1.0219,0.9849,0.9981,2737425.9
2024-04-27 00:00:00,0.9981,1.0201,0.9586,1.0063,2634226.8
2024-04-28 00:00:00,1.0063,1.0253,0.9891,0.9944,1749467.1
2024-04-29 00:00:00,0.9944,1.0164,0.9612,0.9844,2884593.5
2024-04-30 00:00:00,0.9844,0.9929,0.8804,0.9141,4613266.1
2024-05-01 00:00:00,0.9141,0.9326,0.8683,0.9242,7840308.0
2024-05-02 00:00:00,0.9242,0.9479,0.8957,0.9359,3711374.2
2024-05-03 00:00:00,0.9359,0.9826,0.9245,0.9752,3081204.9
2024-05-04 00:00:00,0.9752,0.9819,0.9622,0.9641,2227201.9
2024-05-05 00:00:00,0.9641,0.9796,0.946,0.9643,2087058.7
2024-05-06 00:00:00,0.9643,0.9909,0.9343,0.9395,3462324.4
2024-05-07 00:00:00,0.9395,0.951,0.9178,0.9219,3015993.4
2024-05-08 00:00:00,0.9219,0.9468,0.9094,0.921,4882659.5
2024-05-09 00:00:00,0.921,0.9441,0.9004,0.9387,2030557.8
2024-05-10 00:00:00,0.9387,0.9659,0.8942,0.9088,5340775.8
2024-05-11 00:00:00,0.9088,0.9243,0.9046,0.9066,1411441.9
2024-05-12 00:00:00,0.9066,0.9098,0.8833,0.8885,1124660.8
2024-05-13 00:00:00,0.8885,0.9134,0.8586,0.8853,4287009.4
2024-05-14 00:00:00,0.8853,0.8963,0.8653,0.8688,3092595.6
2024-05-15 00:00:00,0.8688,0.9206,0.8571,0.9157,3597525.7
2024-05-16 00:00:00,0.9157,0.9278,0.8995,0.9235,2557387.4
2024-05-17 00:00:00,0.9235,0.954,0.917,0.9397,2798664.0
2024-05-18 00:00:00,0.9397,0.9524,0.93,0.9462,1222987.7
2024-05-19 00:00:00,0.9462,0.9533,0.9018,0.9093,1752482.8
2024-05-20 00:00:00,0.9093,0.9894,0.8978,0.9857,3731605.4
2024-05-21 00:00:00,0.9857,1.012,0.9795,0.9901,3761097.2
2024-05-22 00:00:00,0.9901,1.0012,0.956,0.9678,3954364.9
2024-05-23 00:00:00,0.9678,0.9898,0.9029,0.9467,7279200.5
2024-05-24 00:00:00,0.9467,0.9863,0.9286,0.9841,3583292.9
2024-05-25 00:00:00,0.9841,1.0051,0.9744,0.9953,2140926.3
2024-05-26 00:00:00,0.9953,0.9953,0.9521,0.9596,1754295.5
2024-05-27 00:00:00,0.9596,1.0114,0.9501,0.9958,2484556.5
2024-05-28 00:00:00,0.9958,0.9972,0.9584,0.9715,5188042.8
2024-05-29 00:00:00,0.9715,0.9934,0.9443,0.9463,3370871.6
2024-05-30 00:00:00,0.9463,0.9782,0.9253,0.9583,2779017.3
2024-05-31 00:00:00,0.9583,0.9713,0.9345,0.9583,2062642.2
2024-06-01 00:00:00,0.9583,0.9599,0.938,0.9383,737246.1
2024-06-02 00:00:00,0.9383,0.9502,0.9195,0.9253,1221842.7
2024-06-03 00:00:00,0.9253,0.9486,0.918,0.9272,1585749.4
2024-06-04 00:00:00,0.9272,0.9511,0.914,0.9495,1866582.6
2024-06-05 00:00:00,0.9495,0.9605,0.9444,0.957,1908257.6
2024-06-06 00:00:00,0.957,0.9598,0.9292,0.9384,1357296.7
2024-06-07 00:00:00,0.9384,0.9534,0.7717,0.8743,6893057.9
2024-06-08 00:00:00,0.8743,0.8788,0.8236,0.8284,3256093.5
2024-06-09 00:00:00,0.8284,0.8541,0.8266,0.851,1596242.5
2024-06-10 00:00:00,0.851,0.8642,0.8341,0.8452,5001719.3
2024-06-11 00:00:00,0.8452,0.8545,0.7918,0.8137,6635625.0
2024-06-12 00:00:00,0.8137,0.8615,0.7969,0.847,5984355.2
2024-06-13 00:00:00,0.847,0.8541,0.8059,0.8139,3840224.7
2024-06-14 00:00:00,0.8139,0.8487,0.7958,0.8135,4918873.7
2024-06-15 00:00:00,0.8135,0.8228,0.8071,0.8159,1519404.5
2024-06-16 00:00:00,0.8159,0.8198,0.8049,0.8164,1518665.1
2024-06-17 00:00:00,0.8164,0.8207,0.7383,0.76,6962200.2
2024-06-18 00:00:00,0.76,0.7619,0.672,0.7517,12120769.2
2024-06-19 00:00:00,0.7517,0.7843,0.748,0.7752,4893044.1
2024-06-20 00:00:00,0.7752,0.801,0.7702,0.7773,4455509.4
2024-06-21 00:00:00,0.7773,0.7948,0.7657,0.7781,4055248.9
2024-06-22 00:00:00,0.7781,0.7821,0.7681,0.772,1461040.1
2024-06-23 00:00:00,0.772,0.7816,0.7642,0.7739,1969057.8
2024-06-24 00:00:00,0.7739,0.7806,0.7296,0.7758,7019492.0
2024-06-25 00:00:00,0.7758,0.8041,0.7735,0.7932,2782025.6
2024-06-26 00:00:00,0.7932,0.8015,0.7685,0.7716,1965256.8
2024-06-27 00:00:00,0.7716,0.7908,0.7585,0.7763,2915596.8
2024-06-28 00:00:00,0.7763,0.7815,0.7575,0.7593,2703745.6
2024-06-29 00:00:00,0.7593,0.7864,0.7579,0.7677,1472241.4
2024-06-30 00:00:00,0.7677,0.7969,0.7556,0.7944,1767417.5
2024-07-01 00:00:00,0.7944,0.8054,0.7835,0.7842,1951038.7
2024-07-02 00:00:00,0.7842,0.8078,0.7818,0.8026,1875421.6
2024-07-03 00:00:00,0.8026,0.8026,0.7573,0.7673,2945709.0
2024-07-04 00:00:00,0.7673,0.7715,0.6785,0.6813,5037783.8
2024-07-05 00:00:00,0.6813,0.7406,0.6163,0.7265,10078375.9
2024-07-06 00:00:00,0.7265,0.7536,0.7164,0.7449,2243629.7
2024-07-07 00:00:00,0.7449,0.7486,0.687,0.6898,2048650.8
2024-07-08 00:00:00,0.6898,0.7347,0.6654,0.7143,4749668.0
2024-07-09 00:00:00,0.7143,0.755,0.7073,0.7495,2626175.2
2024-07-10 00:00:00,0.7495,0.7661,0.738,0.745,2024020.6
2024-07-11 00:00:00,0.745,0.7758,0.7395,0.7489,2123047.9
2024-07-12 00:00:00,0.7489,0.7704,0.7355,0.7703,2436989.4
2024-07-13 00:00:00,0.7703,0.7941,0.7679,0.7849,1155110.0
2024-07-14 00:00:00,0.7849,0.7948,0.7753,0.7912,1518419.9
2024-07-15 00:00:00,0.7912,0.8227,0.7896,0.8223,2602214.7
2024-07-16 00:00:00,0.8223,0.8313,0.7849,0.8222,4007575.7
2024-07-17 00:00:00,0.8222,0.8365,0.8031,0.8038,2529638.6
2024-07-18 00:00:00,0.8038,0.8231,0.7825,0.7985,2493579.2
2024-07-19 00:00:00,0.7985,0.8286,0.7855,0.8086,3141785.9
2024-07-20 00:00:00,0.8086,0.8144,0.7879,0.8044,2330636.0
2024-07-21 00:00:00,0.8044,0.8099,0.7657,0.8049,2741919.6
2024-07-22 00:00:00,0.8049,0.8099,0.7662,0.7713,2701378.8
2024-07-23 00:00:00,0.7713,0.7875,0.7416,0.7584,4556512.0
2024-07-24 00:00:00,0.7584,0.7743,0.7361,0.7428,2420594.8
2024-07-25 00:00:00,0.7428,0.7477,0.7159,0.743,5332652.7
2024-07-26 00:00:00,0.743,0.7799,0.7414,0.7774,2565647.7
2024-07-27 00:00:00,0.7774,0.7879,0.7637,0.7762,2102034.0
2024-07-28 00:00:00,0.7762,0.7811,0.763,0.7722,1245873.7
2024-07-29 00:00:00,0.7722,0.7972,0.7519,0.7557,3369359.4
2024-07-30 00:00:00,0.7557,0.7677,0.7374,0.7512,2518135.6
2024-07-31 00:00:00,0.7512,0.7572,0.7291,0.7307,2805818.1
2024-08-01 00:00:00,0.7307,0.7368,0.6881,0.7265,5410914.3
2024-08-02 00:00:00,0.7265,0.7287,0.6789,0.6885,4160656.2
2024-08-03 00:00:00,0.6885,0.7075,0.6638,0.6844,3639817.5
2024-08-04 00:00:00,0.6844,0.6929,0.636,0.6607,4691627.7
2024-08-05 00:00:00,0.6607,0.6649,0.5394,0.6138,22703699.6
2024-08-06 00:00:00,0.6138,0.6566,0.613,0.6443,4821626.7
2024-08-07 00:00:00,0.6443,0.6802,0.6291,0.6391,7837475.8
2024-08-08 00:00:00,0.6391,0.7063,0.6292,0.7035,4527853.6
2024-08-09 00:00:00,0.7035,0.7054,0.6757,0.686,4043250.4
2024-08-10 00:00:00,0.686,0.6918,0.6738,0.6868,2544658.3
2024-08-11 00:00:00,0.6868,0.694,0.6498,0.6517,2179461.9
2024-08-12 00:00:00,0.6517,0.6861,0.6512,0.6765,5550177.1
2024-08-13 00:00:00,0.6765,0.6963,0.6608,0.6824,2770389.2
2024-08-14 00:00:00,0.6824,0.6857,0.6508,0.6538,3845498.9
2024-08-15 00:00:00,0.6538,0.6695,0.6324,0.6437,3746750.5
2024-08-16 00:00:00,0.6437,0.6557,0.6291,0.6484,3335620.5
2024-08-17 00:00:00,0.6484,0.6564,0.6413,0.6555,1235294.4
2024-08-18 00:00:00,0.6555,0.6675,0.6453,0.6459,1488193.2
2024-08-19 00:00:00,0.6459,0.6608,0.6433,0.6587,2040595.8
2024-08-20 00:00:00,0.6587,0.6769,0.6493,0.6653,2271534.7
2024-08-21 00:00:00,0.6653,0.7029,0.6585,0.6927,2460442.0
2024-08-22 00:00:00,0.6927,0.7042,0.6823,0.6954,1677827.2
2024-08-23 00:00:00,0.6954,0.7458,0.6932,0.7418,3349921.4
2024-08-24 00:00:00,0.7418,0.755,0.7311,0.7499,2049895.0
2024-08-25 00:00:00,0.7499,0.7507,0.7199,0.7386,2848987.0
2024-08-26 00:00:00,0.7386,0.7497,0.7038,0.706,3306951.9
2024-08-27 00:00:00,0.706,0.7207,0.6572,0.6752,3225648.6
2024-08-28 00:00:00,0.6752,0.6897,0.6481,0.6685,4584104.5
2024-08-29 00:00:00,0.6685,0.6907,0.6609,0.6723,3334264.4
2024-08-30 00:00:00,0.6723,0.6812,0.6484,0.6731,3256481.9
2024-08-31 00:00:00,0.6731,0.6776,0.6532,0.6591,1196801.9
2024-09-01 00:00:00,0.6591,0.6605,0.6228,0.6282,2777696.6
2024-09-02 00:00:00,0.6282,0.6601,0.6268,0.6557,3100838.7
2024-09-03 00:00:00,0.6557,0.6643,0.6206,0.6224,2200420.3
2024-09-04 00:00:00,0.6224,0.6518,0.5967,0.6388,4094999.9
2024-09-05 00:00:00,0.6388,0.6418,0.6109,0.6165,2816849.9
2024-09-06 00:00:00,0.6165,0.6293,0.5766,0.5965,6705775.3
2024-09-07 00:00:00,0.5965,0.6159,0.5925,0.6058,2018495.6
2024-09-08 00:00:00,0.6058,0.6236,0.6028,0.6178,2762487.3
2024-09-09 00:00:00,0.6178,0.6466,0.6152,0.6416,3842101.2
2024-09-10 00:00:00,0.6416,0.6495,0.6321,0.6433,2720892.3
2024-09-11 00:00:00,0.6433,0.6435,0.6168,0.6316,4578537.1
2024-09-12 00:00:00,0.6316,0.6457,0.6277,0.6438,2946632.5
2024-09-13 00:00:00,0.6438,0.6603,0.641,0.6567,2820780.5
2024-09-14 00:00:00,0.6567,0.6571,0.643,0.6495,1785288.7
2024-09-15 00:00:00,0.6495,0.6542,0.6216,0.6274,2595620.9
2024-09-16 00:00:00,0.6274,0.6362,0.6177,0.6273,2676277.6
2024-09-17 00:00:00,0.6273,0.6439,0.6212,0.6362,2605482.8
2024-09-18 00:00:00,0.6362,0.6509,0.6156,0.6505,3291743.1
2024-09-19 00:00:00,0.6505,0.6848,0.6505,0.6791,4135207.0
2024-09-20 00:00:00,0.6791,0.6974,0.6715,0.6925,3967250.9
2024-09-21 00:00:00,0.6925,0.7071,0.6907,0.7047,2723046.4
2024-09-22 00:00:00,0.7047,0.7048,0.6723,0.6913,2192082.4
2024-09-23 00:00:00,0.6913,0.7086,0.6808,0.6971,6070514.6
2024-09-24 00:00:00,0.6971,0.7113,0.6834,0.7095,3801612.7
2024-09-25 00:00:00,0.7095,0.7169,0.6988,0.7072,4122385.4
2024-09-26 00:00:00,0.7072,0.7414,0.698,0.739,4161376.5
2024-09-27 00:00:00,0.739,0.7567,0.7368,0.7556,2427588.0
2024-09-28 00:00:00,0.7556,0.7642,0.7305,0.7408,2061569.3
2024-09-29 00:00:00,0.7408,0.7575,0.7275,0.7449,1533222.6
2024-09-30 00:00:00,0.7449,0.747,0.6992,0.7044,3186628.1
2024-10-01 00:00:00,0.7044,0.7185,0.6409,0.6585,6629340.0
2024-10-02 00:00:00,0.6585,0.6788,0.6335,0.6426,5112453.9
2024-10-03 00:00:00,0.6426,0.6507,0.6203,0.6374,3818123.6
2024-10-04 00:00:00,0.6374,0.6593,0.6334,0.6561,3568136.7
2024-10-05 00:00:00,0.6561,0.6668,0.6502,0.6632,1470642.7
2024-10-06 00:00:00,0.6632,0.6777,0.6601,0.6769,2246621.6
2024-10-07 00:00:00,0.6769,0.6862,0.6602,0.6618,3567150.4
2024-10-08 00:00:00,0.6618,0.6686,0.649,0.6551,2972509.6
2024-10-09 00:00:00,0.6551,0.6627,0.6329,0.6479,2657696.8
2024-10-10 00:00:00,0.6479,0.6586,0.6287,0.6504,2463145.3
2024-10-11 00:00:00,0.6504,0.6839,0.6488,0.6828,1543305.1
2024-10-12 00:00:00,0.6828,0.7031,0.6825,0.6928,1598193.4
2024-10-13 00:00:00,0.6928,0.6965,0.6766,0.6879,1311408.9
2024-10-14 00:00:00,0.6879,0.713,0.6824,0.7081,1780989.2
2024-10-15 00:00:00,0.7081,0.7144,0.6794,0.7006,3226172.7
2024-10-16 00:00:00,0.7006,0.7037,0.6853,0.6911,2086903.6
2024-10-17 00:00:00,0.6911,0.6963,0.6692,0.6769,1796534.2
2024-10-18 00:00:00,0.6769,0.6939,0.674,0.6934,1788090.2
2024-10-19 00:00:00,0.6934,0.7022,0.6856,0.6927,1434957.5
2024-10-20 00:00:00,0.6927,0.7107,0.6845,0.7097,1774348.3
2024-10-21 00:00:00,0.7097,0.7142,0.6869,0.6932,3017130.9
2024-10-22 00:00:00,0.6932,0.7031,0.6772,0.6844,2779377.8
2024-10-23 00:00:00,0.6844,0.6852,0.6453,0.662,2980033.3
2024-10-24 00:00:00,0.662,0.6749,0.6584,0.6689,2738920.3
2024-10-25 00:00:00,0.6689,0.6732,0.6102,0.6259,5175099.6
2024-10-26 00:00:00,0.6259,0.6389,0.6181,0.6301,2931535.1
2024-10-27 00:00:00,0.6301,0.644,0.6287,0.6384,1417396.3
2024-10-28 00:00:00,0.6384,0.6539,0.6267,0.6478,2630207.6
2024-10-29 00:00:00,0.6478,0.6797,0.6474,0.6774,3249707.7
2024-10-30 00:00:00,0.6774,0.6792,0.6592,0.6612,1920280.6
2024-10-31 00:00:00,0.6612,0.6644,0.6266,0.6296,2211655.8
2024-11-01 00:00:00,0.6296,0.6413,0.615,0.6279,3861890.2
2024-11-02 00:00:00,0.6279,0.6356,0.6146,0.623,1572868.6
2024-11-03 00:00:00,0.623,0.6245,0.5938,0.5987,3938607.4
2024-11-04 00:00:00,0.5987,0.607,0.576,0.5916,2897256.1
2024-11-05 00:00:00,0.5916,0.6166,0.5902,0.6136,3114396.6
2024-11-06 00:00:00,0.6136,0.6581,0.6136,0.6519,4740615.8
2024-11-07 00:00:00,0.6519,0.6631,0.6369,0.6566,2995654.9
2024-11-08 00:00:00,0.6566,0.6716,0.642,0.671,3469384.3
2024-11-09 00:00:00,0.671,0.6886,0.6583,0.6876,3652748.9
2024-11-10 00:00:00,0.6876,0.7442,0.6822,0.7189,7420761.3
2024-11-11 00:00:00,0.7189,0.7563,0.703,0.7532,7399779.9
2024-11-12 00:00:00,0.7532,0.7723,0.6924,0.7407,11916637.8
2024-11-13 00:00:00,0.7407,0.753,0.6884,0.7334,12545988.3
2024-11-14 00:00:00,0.7334,0.7571,0.695,0.7102,7898296.7
2024-11-15 00:00:00,0.7102,0.7512,0.6836,0.7484,5896808.3
2024-11-16 00:00:00,0.7484,0.8854,0.746,0.8699,9578437.8
2024-11-17 00:00:00,0.8699,0.8827,0.7727,0.7935,12507055.3
2024-11-18 00:00:00,0.7935,1.3125,0.7818,1.1774,128852406.8
2024-11-19 00:00:00,1.1774,1.2366,1.0227,1.052,110951903.6
2024-11-20 00:00:00,1.052,1.1699,0.9962,1.057,69196727.6
2024-11-21 00:00:00,1.057,1.1144,1.0072,1.0574,38702220.1
2024-11-22 00:00:00,1.0574,1.1493,1.0275,1.128,53234329.0
2024-11-23 00:00:00,1.128,1.2231,1.1018,1.1518,38031456.7
2024-11-24 00:00:00,1.1518,1.6199,1.1398,1.4123,104975850.2
2024-11-25 00:00:00,1.4123,1.4148,1.2245,1.2445,41184862.8
2024-11-26 00:00:00,1.2445,1.2694,1.1345,1.1999,31611227.8
2024-11-27 00:00:00,1.1999,1.3142,1.1714,1.2707,25659816.4
2024-11-28 00:00:00,1.2707,1.2927,1.2254,1.2798,13424734.2
2024-11-29 00:00:00,1.2798,1.4,1.2366,1.3705,16809114.0
2024-11-30 00:00:00,1.3705,1.85,1.3088,1.6734,69822748.3
2024-12-01 00:00:00,1.6734,1.7967,1.5474,1.6651,61938315.0
2024-12-02 00:00:00,1.6651,1.7533,1.546,1.6415,52475394.0
2024-12-03 00:00:00,1.6415,1.75,1.5015,1.719,53362480.4
2024-12-04 00:00:00,1.719,1.8582,1.6318,1.7254,44027304.1
2024-12-05 00:00:00,1.7254,1.7489,1.6129,1.651,30336152.0
2024-12-06 00:00:00,1.651,1.7904,1.6144,1.7592,24836543.3
2024-12-07 00:00:00,1.7592,1.9124,1.7264,1.7952,33809970.2
2024-12-08 00:00:00,1.7952,1.8478,1.7231,1.7555,11498687.0
2024-12-09 00:00:00,1.7555,1.7561,1.2393,1.4355,36538818.4
2024-12-10 00:00:00,1.4355,1.4788,1.2715,1.4198,32875360.3
2024-12-11 00:00:00,1.4198,1.5142,1.3582,1.4781,18216385.6
2024-12-12 00:00:00,1.4781,1.5555,1.4509,1.4778,16030343.6
2024-12-13 00:00:00,1.4778,1.4963,1.4282,1.4763,13009697.7
2024-12-14 00:00:00,1.4763,1.4945,1.3758,1.407,9512053.3
2024-12-15 00:00:00,1.407,1.5542,1.3693,1.5035,15448427.9
2024-12-16 00:00:00,1.5035,1.5385,1.3984,1.4577,17014712.6
2024-12-17 00:00:00,1.4577,1.5533,1.4274,1.4446,23135573.7
2024-12-18 00:00:00,1.4446,1.5055,1.3012,1.3274,34748670.3
2024-12-19 00:00:00,1.3274,1.3536,1.1474,1.2013,27684112.3
2024-12-20 00:00:00,1.2013,1.2771,1.0793,1.2471,24713802.0
2024-12-21 00:00:00,1.2471,1.4559,1.2397,1.2981,31487400.7
2024-12-22 00:00:00,1.2981,1.299,1.2036,1.2519,18801427.8
2024-12-23 00:00:00,1.2519,1.364,1.2161,1.3556,18590209.2
2024-12-24 00:00:00,1.3556,1.4625,1.3207,1.4299,11855501.9
2024-12-25 00:00:00,1.4299,1.4461,1.3912,1.4418,7922098.3
2024-12-26 00:00:00,1.4418,1.4602,1.3254,1.3464,13869231.3
2024-12-27 00:00:00,1.3464,1.4,1.3089,1.3414,8781354.4
2024-12-28 00:00:00,1.3414,1.4702,1.3173,1.43,7295044.9
2024-12-29 00:00:00,1.43,1.4419,1.3282,1.3376,7533252.6
2024-12-30 00:00:00,1.3376,1.4117,1.2717,1.3528,11736730.2
2024-12-31 00:00:00,1.3528,1.3697,1.2794,1.2849,9520181.9
2025-01-01 00:00:00,1.2849,1.3848,1.2627,1.3659,6578828.1
2025-01-02 00:00:00,1.3659,1.434,1.3472,1.3674,9982846.3
2025-01-03 00:00:00,1.3674,1.4449,1.3489,1.4358,5225514.4
2025-01-04 00:00:00,1.4358,1.4652,1.3993,1.4171,4519726.6
2025-01-05 00:00:00,1.4171,1.452,1.3989,1.4466,4840300.1
2025-01-06 00:00:00,1.4466,1.4912,1.4211,1.4478,8325647.1
2025-01-07 00:00:00,1.4478,1.4718,1.306,1.307,9031380.3
2025-01-08 00:00:00,1.307,1.3429,1.2579,1.3236,8982900.9
2025-01-09 00:00:00,1.3236,1.4876,1.2349,1.2734,23542786.3
2025-01-10 00:00:00,1.2734,1.2947,1.2302,1.2832,7904772.3
2025-01-11 00:00:00,1.2832,1.309,1.2533,1.2795,4242376.5
2025-01-12 00:00:00,1.2795,1.3005,1.2422,1.2563,6565618.1
2025-01-13 00:00:00,1.2563,1.2873,1.1612,1.2343,10981335.5
2025-01-14 00:00:00,1.2343,1.2771,1.225,1.2707,3992934.7
2025-01-15 00:00:00,1.2707,1.3534,1.2534,1.3495,5636213.9
2025-01-16 00:00:00,1.3495,1.4004,1.3228,1.3538,6898791.8
2025-01-17 00:00:00,1.3538,1.426,1.3538,1.4176,6350843.2
2025-01-18 00:00:00,1.4176,1.4272,1.3047,1.3287,6914608.7
2025-01-19 00:00:00,1.3287,1.3591,1.1935,1.2193,11651190.4
2025-01-20 00:00:00,1.2193,1.3325,1.1885,1.2393,10939682.3
2025-01-21 00:00:00,1.2393,1.2479,1.181,1.2232,5242030.9
2025-01-22 00:00:00,1.2232,1.2272,1.1739,1.1793,2846648.2
2025-01-23 00:00:00,1.1793,1.197,1.1337,1.169,3801461.8
2025-01-24 00:00:00,1.169,1.1984,1.1343,1.1443,2286459.0
2025-01-25 00:00:00,1.1443,1.1745,1.1282,1.1532,1411372.3
2025-01-26 00:00:00,1.1532,1.1745,1.1155,1.1161,2146323.8
2025-01-27 00:00:00,1.1161,1.1228,1.0101,1.0999,6205179.3
2025-01-28 00:00:00,1.0999,1.1117,1.0367,1.0455,2059458.8
2025-01-29 00:00:00,1.0455,1.0921,1.0278,1.0599,2856340.0
2025-01-30 00:00:00,1.0599,1.1228,1.0522,1.0909,2385834.9
2025-01-31 00:00:00,1.0909,1.134,1.0714,1.0934,2172730.6
2025-02-01 00:00:00,1.0934,1.1037,0.9981,1.0053,1998534.7
2025-02-02 00:00:00,1.0053,1.0266,0.8429,0.885,6318301.5
2025-02-03 00:00:00,0.885,0.9498,0.6825,0.9379,25139792.4
2025-02-04 00:00:00,0.9379,0.9484,0.8403,0.8779,4290515.8
2025-02-05 00:00:00,0.8779,0.9111,0.852,0.863,1997233.7
2025-02-06 00:00:00,0.863,0.8838,0.8204,0.8307,2157081.0
2025-02-07 00:00:00,0.8307,0.8794,0.8103,0.8376,2523459.3
2025-02-08 00:00:00,0.8376,0.8792,0.8257,0.877,1622973.2
2025-02-09 00:00:00,0.877,0.9211,0.845,0.8799,2507068.1
2025-02-10 00:00:00,0.8799,0.9015,0.8507,0.8914,2130274.3
2025-02-11 00:00:00,0.8914,0.9269,0.8544,0.863,3723124.9
2025-02-12 00:00:00,0.863,0.9233,0.8431,0.9178,3318680.0
2025-02-13 00:00:00,0.9178,0.9237,0.8737,0.8989,1656957.1
2025-02-14 00:00:00,0.8989,0.9286,0.8875,0.9137,2930874.0
2025-02-15 00:00:00,0.9137,0.9251,0.8768,0.8857,2850121.5
2025-02-16 00:00:00,0.8857,0.9085,0.8708,0.8971,2394007.4
2025-02-17 00:00:00,0.8971,0.9224,0.874,0.89,2406974.4
2025-02-18 00:00:00,0.89,0.8957,0.824,0.8532,4226146.2
2025-02-19 00:00:00,0.8532,0.8758,0.8396,0.8716,1755461.9
2025-02-20 00:00:00,0.8716,0.8979,0.8626,0.8942,1918043.7
2025-02-21 00:00:00,0.8942,0.9185,0.8508,0.8696,3618652.9
2025-02-22 00:00:00,0.8696,0.8984,0.8664,0.8929,1986107.9
2025-02-23 00:00:00,0.8929,0.8953,0.8593,0.8659,1116504.2
2025-02-24 00:00:00,0.8659,0.867,0.7615,0.7733,5169397.4
2025-02-25 00:00:00,0.7733,0.7921,0.7254,0.7778,5134257.2
2025-02-26 00:00:00,0.7778,0.7891,0.741,0.7601,3290845.5
2025-02-27 00:00:00,0.7601,0.787,0.7402,0.762,1883977.2
2025-02-28 00:00:00,0.762,0.7735,0.6967,0.7661,4569426.5
2025-03-01 00:00:00,0.7661,0.773,0.736,0.7638,1551497.4
2025-03-02 00:00:00,0.7638,0.8616,0.75,0.858,4033158.1
2025-03-03 00:00:00,0.858,0.869,0.7319,0.741,3400969.2
2025-03-04 00:00:00,0.741,0.7458,0.6781,0.735,4153242.4
2025-03-05 00:00:00,0.735,0.777,0.7315,0.7748,1340734.9
2025-03-06 00:00:00,0.7748,0.7972,0.7566,0.7653,1461871.0
2025-03-07 00:00:00,0.7653,0.7977,0.7257,0.7613,2897960.8
2025-03-08 00:00:00,0.7613,0.7651,0.7325,0.74,945038.7
2025-03-09 00:00:00,0.74,0.7448,0.6714,0.6781,2298592.0
2025-03-10 00:00:00,0.6781,0.7261,0.6375,0.6383,6022541.2
2025-03-11 00:00:00,0.6383,0.6902,0.6057,0.674,5079728.9
2025-03-12 00:00:00,0.674,0.7072,0.6578,0.686,2744844.6
2025-03-13 00:00:00,0.686,0.7005,0.6622,0.6759,1850586.5
2025-03-14 00:00:00,0.6759,0.7142,0.6737,0.7077,1354780.3
2025-03-15 00:00:00,0.7077,0.716,0.6988,0.7108,826819.8
2025-03-16 00:00:00,0.7108,0.7175,0.675,0.6801,2596092.4
2025-03-17 00:00:00,0.6801,0.7167,0.6798,0.7158,2348727.5
2025-03-18 00:00:00,0.7158,0.7181,0.6788,0.7082,2570360.2
2025-03-19 00:00:00,0.7082,0.7297,0.7082,0.7287,2469980.5
2025-03-20 00:00:00,0.7287,0.7317,0.7027,0.7087,1755844.6
2025-03-21 00:00:00,0.7087,0.7122,0.6814,0.6845,1702498.1
2025-03-22 00:00:00,0.6845,0.7112,0.6779,0.6913,2927713.3
2025-03-23 00:00:00,0.6913,0.7004,0.6789,0.6943,1534129.3
2025-03-24 00:00:00,0.6943,0.7306,0.6814,0.7219,1768117.9
2025-03-25 00:00:00,0.7219,0.7316,0.7109,0.731,1470358.2
2025-03-26 00:00:00,0.731,0.7479,0.7122,0.7214,2236920.2
2025-03-27 00:00:00,0.7214,0.7384,0.7138,0.7296,1431306.7
2025-03-28 00:00:00,0.7296,0.7325,0.6708,0.6777,2120499.9
2025-03-29 00:00:00,0.6777,0.6806,0.6413,0.652,3438810.6
2025-03-30 00:00:00,0.652,0.6632,0.6404,0.653,1878819.6
2025-03-31 00:00:00,0.653,0.6647,0.6319,0.6526,2341635.4
2025-04-01 00:00:00,0.6526,0.6783,0.6474,0.6627,1566121.4
2025-04-02 00:00:00,0.6627,0.6903,0.6363,0.6371,5292882.4
2025-04-03 00:00:00,0.6371,0.6763,0.6211,0.6495,9867397.7
2025-04-04 00:00:00,0.6495,0.6587,0.6296,0.6542,3494320.8
2025-04-05 00:00:00,0.6542,0.6643,0.6486,0.6553,893916.9
2025-04-06 00:00:00,0.6553,0.6561,0.5689,0.5817,2485489.5
2025-04-07 00:00:00,0.5817,0.6117,0.5302,0.5939,11032366.7
2025-04-08 00:00:00,0.5939,0.6129,0.5685,0.5747,2313780.0
2025-04-09 00:00:00,0.5747,0.6201,0.5514,0.6036,6440227.5
2025-04-10 00:00:00,0.6036,0.6041,0.5277,0.5411,7783264.9
2025-04-11 00:00:00,0.5411,0.5552,0.5316,0.5418,7897956.0
2025-04-12 00:00:00,0.5418,0.5572,0.5312,0.5567,6115704.7
2025-04-13 00:00:00,0.5567,0.559,0.4932,0.5026,12067060.4
2025-04-14 00:00:00,0.5026,0.5141,0.4865,0.4926,9751629.7
2025-04-15 00:00:00,0.4926,0.5242,0.4864,0.4927,16604694.0
2025-04-16 00:00:00,0.4927,0.5133,0.4899,0.4911,10572076.6
2025-04-17 00:00:00,0.4911,0.5058,0.4853,0.4976,7236693.7
2025-04-18 00:00:00,0.4976,0.504,0.4881,0.4997,3964300.9
2025-04-19 00:00:00,0.4997,0.5068,0.498,0.5045,3962180.0
2025-04-20 00:00:00,0.5045,0.5109,0.4834,0.4944,5068987.6
2025-04-21 00:00:00,0.4944,0.5174,0.4929,0.5013,7520662.6
2025-04-22 00:00:00,0.5013,0.5409,0.4916,0.5342,7050290.8
2025-04-23 00:00:00,0.5342,0.5497,0.5274,0.5413,6847703.7
2025-04-24 00:00:00,0.5413,0.5542,0.5192,0.5526,10948835.8
2025-04-25 00:00:00,0.5526,0.5659,0.5456,0.5645,7845055.2
2025-04-26 00:00:00,0.5645,0.5844,0.5555,0.5708,4750862.9
2025-04-27 00:00:00,0.5708,0.5767,0.5438,0.5495,5632044.6
2025-04-28 00:00:00,0.5495,0.566,0.533,0.5538,8202073.5
2025-04-29 00:00:00,0.5538,0.5684,0.5465,0.5536,6575065.9
2025-04-30 00:00:00,0.5536,0.5621,0.5317,0.5512,8574407.5
2025-05-01 00:00:00,0.5512,0.5704,0.5504,0.5641,4402484.6
2025-05-02 00:00:00,0.5641,0.5723,0.5564,0.5698,4563213.3
2025-05-03 00:00:00,0.5698,0.575,0.5426,0.556,3561152.4
2025-05-04 00:00:00,0.556,0.5604,0.5333,0.536,5352037.0
2025-05-05 00:00:00,0.536,0.5439,0.5279,0.5396,3973353.3
2025-05-06 00:00:00,0.5396,0.5434,0.5132,0.5351,4696380.1
2025-05-07 00:00:00,0.5351,0.5457,0.5274,0.5402,3768068.2
2025-05-08 00:00:00,0.5402,0.6016,0.537,0.5959,3518379.3
2025-05-09 00:00:00,0.5959,0.635,0.5905,0.6304,6250591.0
2025-05-10 00:00:00,0.6304,0.69,0.6252,0.69,5145364.8
2025-05-11 00:00:00,0.69,0.696,0.6507,0.667,6811859.1
2025-05-12 00:00:00,0.667,0.7013,0.6429,0.6831,10725876.1
2025-05-13 00:00:00,0.6831,0.7016,0.6465,0.6933,6695030.7
2025-05-14 00:00:00,0.6933,0.7004,0.6615,0.671,6604851.6
2025-05-15 00:00:00,0.671,0.6771,0.6238,0.6392,7744673.5
2025-05-16 00:00:00,0.6392,0.6691,0.6295,0.6351,7168029.6
2025-05-17 00:00:00,0.6351,0.6372,0.6038,0.6115,4639853.7
2025-05-18 00:00:00,0.6115,0.6444,0.5978,0.636,4339519.7
2025-05-19 00:00:00,0.636,0.6365,0.5899,0.615,4444517.4
2025-05-20 00:00:00,0.615,0.6329,0.6004,0.6238,3702312.2
2025-05-21 00:00:00,0.6238,0.6455,0.6112,0.6345,3920652.3
2025-05-22 00:00:00,0.6345,0.661,0.6333,0.6568,2275617.1
2025-05-23 00:00:00,0.6568,0.674,0.6127,0.6156,4307267.1
2025-05-24 00:00:00,0.6156,0.6336,0.6126,0.6148,1408832.8
2025-05-25 00:00:00,0.6148,0.6186,0.594,0.6185,2146451.8
2025-05-26 00:00:00,0.6185,0.625,0.604,0.6104,1701599.4
2025-05-27 00:00:00,0.6104,0.6278,0.5956,0.6213,3055364.1
2025-05-28 00:00:00,0.6213,0.6451,0.6131,0.6437,2999603.0
2025-05-29 00:00:00,0.6437,0.6567,0.6115,0.6155,4650667.8
2025-05-30 00:00:00,0.6155,0.6204,0.5596,0.5628,5075496.8
2025-05-31 00:00:00,0.5628,0.574,0.5449,0.5704,4248310.4
2025-06-01 00:00:00,0.5704,0.5749,0.5557,0.5705,1752824.0
2025-06-02 00:00:00,0.5705,0.5805,0.5582,0.5794,3199830.0
2025-06-03 00:00:00,0.5794,0.5954,0.5789,0.5854,2460761.1
2025-06-04 00:00:00,0.5854,0.5931,0.5683,0.5749,1792551.1
2025-06-05 00:00:00,0.5749,0.5818,0.5323,0.5398,4082715.7
2025-06-06 00:00:00,0.5398,0.5649,0.5378,0.5545,2247961.9
2025-06-07 00:00:00,0.5545,0.5716,0.5528,0.5697,965125.3
2025-06-08 00:00:00,0.5697,0.5811,0.5622,0.5714,3103438.6
2025-06-09 00:00:00,0.5714,0.5934,0.5552,0.5925,4981711.5
2025-06-10 00:00:00,0.5925,0.6242,0.5899,0.6216,3416993.6
2025-06-11 00:00:00,0.6216,0.6364,0.6026,0.6121,3675031.5
2025-06-12 00:00:00,0.6121,0.6149,0.5864,0.587,3763834.9
2025-06-13 00:00:00,0.587,0.5881,0.5481,0.5704,4497727.2
2025-06-14 00:00:00,0.5704,0.5732,0.5516,0.5591,1450561.9
2025-06-15 00:00:00,0.5591,0.5628,0.5461,0.5604,1269503.2
2025-06-16 00:00:00,0.5604,0.582,0.553,0.5618,3627793.2
2025-06-17 00:00:00,0.5618,0.5679,0.5318,0.5387,3200839.8
2025-06-18 00:00:00,0.5387,0.5458,0.5204,0.5366,3324880.6
2025-06-19 00:00:00,0.5366,0.5418,0.5238,0.532,1143300.8
2025-06-20 00:00:00,0.532,0.5384,0.5039,0.5157,6956544.7
2025-06-21 00:00:00,0.5157,0.5248,0.4893,0.5046,2871451.4
2025-06-22 00:00:00,0.5046,0.5077,0.4708,0.4947,6881380.0
2025-06-23 00:00:00,0.4947,0.5339,0.4876,0.5321,3942109.9
2025-06-24 00:00:00,0.5321,0.5404,0.5268,0.5356,2156025.9
2025-06-25 00:00:00,0.5356,0.5428,0.5224,0.5269,1952753.4
2025-06-26 00:00:00,0.5269,0.5393,0.5158,0.5224,1844205.5
2025-06-27 00:00:00,0.5224,0.5365,0.5193,0.5277,1960647.4
2025-06-28 00:00:00,0.5277,0.5359,0.5211,0.5345,1213227.5
2025-06-29 00:00:00,0.5345,0.5506,0.5276,0.5492,1920817.6
2025-06-30 00:00:00,0.5492,0.5504,0.5297,0.5375,1808263.9
2025-07-01 00:00:00,0.5375,0.5413,0.5128,0.5159,2295644.3
2025-07-02 00:00:00,0.5159,0.5554,0.513,0.5499,2210021.5
2025-07-03 00:00:00,0.5499,0.5604,0.5468,0.5512,2479868.4
2025-07-04 00:00:00,0.5512,0.554,0.5238,0.5294,2035815.3
2025-07-05 00:00:00,0.5294,0.5333,0.5173,0.5266,1934736.8
2025-07-06 00:00:00,0.5266,0.5362,0.5177,0.5286,1440443.4
2025-07-07 00:00:00,0.5286,0.5347,0.5137,0.5218,1666406.6
2025-07-08 00:00:00,0.5218,0.5387,0.5168,0.5348,1807625.7
2025-07-09 00:00:00,0.5348,0.5632,0.5323,0.56,1983897.0
2025-07-10 00:00:00,0.56,0.5922,0.5556,0.5918,2607187.7
2025-07-11 00:00:00,0.5918,0.6203,0.5844,0.5992,3483453.7
2025-07-12 00:00:00,0.5992,0.6451,0.5906,0.6218,8122224.7
2025-07-13 00:00:00,0.6218,0.652,0.6145,0.6432,2851348.3
2025-07-14 00:00:00,0.6432,0.663,0.6253,0.6377,3297676.7
2025-07-15 00:00:00,0.6377,0.6538,0.6179,0.6512,2684852.6
2025-07-16 00:00:00,0.6512,0.6721,0.6397,0.6563,2773788.2
2025-07-17 00:00:00,0.6563,0.6776,0.638,0.67,9231234.1
2025-07-18 00:00:00,0.67,0.7582,0.6638,0.6966,13403952.6
2025-07-19 00:00:00,0.6966,1.1103,0.6828,1.0291,214194872.3
2025-07-20 00:00:00,1.0291,1.2187,0.957,1.0707,330599192.0
2025-07-21 00:00:00,1.0707,1.174,0.9905,0.9926,71380786.9
2025-07-22 00:00:00,0.9926,1.0009,0.9306,0.9676,32115706.9
2025-07-23 00:00:00,0.9676,1.0225,0.8653,0.8785,29872574.8
2025-07-24 00:00:00,0.8785,1.0245,0.8414,0.8746,35942655.5
2025-07-25 00:00:00,0.8746,0.9495,0.8375,0.8953,18068248.1
2025-07-26 00:00:00,0.8953,0.9162,0.8761,0.8981,9488692.2
2025-07-27 00:00:00,0.8981,0.9059,0.8766,0.9022,5670610.0
2025-07-28 00:00:00,0.9022,0.9279,0.854,0.8608,8557868.7
2025-07-29 00:00:00,0.8608,0.9182,0.8295,0.8508,17875884.7
2025-07-30 00:00:00,0.8508,0.8616,0.7894,0.8303,6651851.9
2025-07-31 00:00:00,0.8303,0.8396,0.7718,0.7765,4026482.9
2025-08-01 00:00:00,0.7765,0.7841,0.7327,0.7541,8447361.7
2025-08-02 00:00:00,0.7541,0.7605,0.7184,0.7383,5901965.1
2025-08-03 00:00:00,0.7383,0.7662,0.7237,0.7601,4338938.1
2025-08-04 00:00:00,0.7601,0.7923,0.7535,0.7876,4714075.4
2025-08-05 00:00:00,0.7876,0.8288,0.7556,0.7673,23342559.8
2025-08-06 00:00:00,0.7673,0.7916,0.7454,0.7796,7797813.8
2025-08-07 00:00:00,0.7796,0.8091,0.7737,0.8079,6018133.8
2025-08-08 00:00:00,0.8079,0.8345,0.7943,0.8226,16208107.3
2025-08-09 00:00:00,0.8226,0.9948,0.8208,0.9053,55088066.4
2025-08-10 00:00:00,0.9053,0.9079,0.8601,0.8801,17294905.0
2025-08-11 00:00:00,0.8801,0.8964,0.8072,0.8163,19490778.6
2025-08-12 00:00:00,0.8163,0.9662,0.8048,0.8658,57634029.1
2025-08-13 00:00:00,0.8658,0.8904,0.8498,0.8868,16921479.8
2025-08-14 00:00:00,0.8868,0.8996,0.8203,0.834,18801607.6
2025-08-15 00:00:00,0.834,0.8572,0.8042,0.8327,9425109.0
2025-08-16 00:00:00,0.8327,0.8801,0.8274,0.848,13266058.2
2025-08-17 00:00:00,0.848,0.878,0.8446,0.8566,9181219.3
2025-08-18 00:00:00,0.8566,0.858,0.8055,0.8188,10051732.7
2025-08-19 00:00:00,0.8188,0.8336,0.78,0.7814,10441697.9
2025-08-20 00:00:00,0.7814,0.8231,0.7766,0.8195,7328561.6
2025-08-21 00:00:00,0.8195,0.8527,0.7964,0.7994,12813426.6
2025-08-22 00:00:00,0.7994,0.8735,0.7735,0.8674,13242369.4
2025-08-23 00:00:00,0.8674,0.8788,0.8474,0.8572,5850961.1
2025-08-24 00:00:00,0.8572,0.8677,0.8182,0.83,8331934.8
2025-08-25 00:00:00,0.83,0.8429,0.766,0.7802,9802859.1
2025-08-26 00:00:00,0.7802,0.7996,0.7757,0.7933,6750237.1
2025-08-27 00:00:00,0.7933,0.8031,0.7817,0.7865,5142107.1
2025-08-28 00:00:00,0.7865,0.8038,0.7743,0.7838,5312268.2
2025-08-29 00:00:00,0.7838,0.7844,0.7159,0.7329,10803046.4
2025-08-30 00:00:00,0.7329,0.7444,0.7245,0.7367,4465368.5
2025-08-31 00:00:00,0.7367,0.7482,0.7166,0.7187,4545917.2
2025-09-01 00:00:00,0.7187,0.7423,0.6916,0.7057,8522546.6
2025-09-02 00:00:00,0.7057,0.7287,0.7031,0.7257,5827964.3
2025-09-03 00:00:00,0.7257,0.7385,0.7219,0.7265,3642120.4
2025-09-04 00:00:00,0.7265,0.7297,0.6987,0.7053,3957036.5
2025-09-05 00:00:00,0.7053,0.7304,0.7046,0.7149,4838429.2
2025-09-06 00:00:00,0.7149,0.7175,0.7033,0.707,1781573.9
2025-09-07 00:00:00,0.707,0.7136,0.7042,0.7093,2213305.2
2025-09-08 00:00:00,0.7093,0.73,0.7051,0.7275,4118507.0
2025-09-09 00:00:00,0.7275,0.7459,0.7141,0.7203,3606629.5
2025-09-10 00:00:00,0.7203,0.7423,0.7146,0.7384,3002144.9
2025-09-11 00:00:00,0.7384,0.7586,0.7251,0.7559,4166019.6
2025-09-12 00:00:00,0.7559,0.8005,0.7437,0.7757,13878804.3
2025-09-13 00:00:00,0.7757,0.8118,0.7678,0.7976,9505986.5
2025-09-14 00:00:00,0.7976,0.8017,0.7538,0.7683,6190116.8
2025-09-15 00:00:00,0.7683,0.777,0.7474,0.7546,7309766.1
2025-09-16 00:00:00,0.7546,0.7949,0.7495,0.7682,9557136.2
2025-09-17 00:00:00,0.7682,0.7937,0.7556,0.7885,5558252.2
2025-09-18 00:00:00,0.7885,0.8054,0.7745,0.7912,6175429.6
2025-09-19 00:00:00,0.7912,0.8312,0.7484,0.755,12635089.9
2025-09-20 00:00:00,0.755,0.7712,0.7487,0.76,2727723.1
2025-09-21 00:00:00,0.76,0.7628,0.7476,0.7484,2491211.6
2025-09-22 00:00:00,0.7484,0.7516,0.6694,0.698,15786919.9
2025-09-23 00:00:00,0.698,0.7085,0.6851,0.6988,5286889.0
2025-09-24 00:00:00,0.6988,0.7191,0.6937,0.6973,5188857.8
2025-09-25 00:00:00,0.6973,0.6996,0.6411,0.6575,12311532.9
2025-09-26 00:00:00,0.6575,0.6849,0.6541,0.6793,5755638.2
2025-09-27 00:00:00,0.6793,0.6793,0.6657,0.6702,2495083.9
2025-09-28 00:00:00,0.6702,0.6747,0.6501,0.6735,3745365.8
2025-09-29 00:00:00,0.6735,0.6768,0.6508,0.6685,4937569.2
2025-09-30 00:00:00,0.6685,0.6719,0.6477,0.6676,4127683.8
2025-10-01 00:00:00,0.6676,0.7025,0.6676,0.7019,8574919.5
2025-10-02 00:00:00,0.7019,0.7173,0.6892,0.7112,6410566.8
2025-10-03 00:00:00,0.7112,0.7349,0.7023,0.7178,6136533.7
2025-10-04 00:00:00,0.7178,0.72,0.6794,0.6919,5427238.4
2025-10-05 00:00:00,0.6919,0.7762,0.6873,0.714,15712637.7
2025-10-06 00:00:00,0.714,0.7314,0.6999,0.7161,7121823.2
2025-10-07 00:00:00,0.7161,0.7178,0.6693,0.6783,10142812.0
2025-10-08 00:00:00,0.6783,0.7001,0.6682,0.6854,4559820.3
2025-10-09 00:00:00,0.6854,0.6864,0.657,0.6767,5290562.5
2025-10-10 00:00:00,0.6767,0.6899,0.429,0.5614,22361262.4
2025-10-11 00:00:00,0.5614,0.605,0.5512,0.5791,13557446.2
2025-10-12 00:00:00,0.5791,0.6407,0.5705,0.6293,8517324.5
2025-10-13 00:00:00,0.6293,0.6598,0.6224,0.6568,8964101.4
2025-10-14 00:00:00,0.6568,0.6588,0.5884,0.6276,8827762.8
2025-10-15 00:00:00,0.6276,0.6408,0.5958,0.6073,7384895.8
2025-10-16 00:00:00,0.6073,0.6247,0.5842,0.595,5452513.6
2025-10-17 00:00:00,0.595,0.6059,0.5542,0.5769,10113985.5
2025-10-18 00:00:00,0.5769,0.5916,0.5749,0.5857,3415970.7
2025-10-19 00:00:00,0.5857,0.6048,0.5761,0.5958,6634038.5
2025-10-20 00:00:00,0.5958,0.6129,0.5863,0.5978,5300881.4
2025-10-21 00:00:00,0.5978,0.6193,0.5767,0.5863,6418565.5
2025-10-22 00:00:00,0.5863,0.6118,0.5649,0.5821,8387529.8
2025-10-23 00:00:00,0.5821,0.6019,0.579,0.5937,4156595.6
2025-10-24 00:00:00,0.5937,0.608,0.5879,0.6023,3598744.5
2025-10-25 00:00:00,0.6023,0.6092,0.5945,0.6051,1880978.3
2025-10-26 00:00:00,0.6051,0.6209,0.5994,0.6135,2566083.0
2025-10-27 00:00:00,0.6135,0.6219,0.5958,0.5993,3391733.1
2025-10-28 00:00:00,0.5993,0.6205,0.5791,0.5907,4916831.1
2025-10-29 00:00:00,0.5907,0.6017,0.573,0.5891,5122873.8
2025-10-30 00:00:00,0.5891,0.5958,0.5459,0.5638,8523827.5
2025-10-31 00:00:00,0.5638,0.5854,0.5618,0.5798,7439433.0
2025-11-01 00:00:00,0.5798,0.5808,0.5772,0.5796,151232.0
