{
  "analysis_info": {
    "data_source": "WalkForward_MACD_ATR_SOLUSDT_1h_20251008_092833",
    "analysis_date": "20251008_092833",
    "train_window": 17520,
    "test_window": 720,
    "step": 720,
    "n_windows": 12,
    "objective": "profit_factor",
    "param_grid": {
      "macd_fast": [
        2,
        3,
        4
      ],
      "macd_slow": [
        4,
        5,
        6,
        7,
        8
      ],
      "macd_signal": [
        1,
        2,
        3,
        4
      ],
      "atr_window": [
        56,
        57,
        58,
        59,
        60,
        61,
        62,
        63,
        64,
        65,
        66,
        67,
        68,
        69,
        70,
        71,
        72,
        73,
        74,
        75,
        76,
        77,
        78,
        79,
        80,
        81,
        82,
        83,
        84,
        85,
        86,
        87,
        88,
        89,
        90,
        91,
        92,
        93,
        94,
        95,
        96,
        97,
        98,
        99,
        100,
        101,
        102,
        103,
        104,
        105,
        106,
        107,
        108,
        109,
        110,
        111,
        112,
        113,
        114,
        115,
        116,
        117,
        118,
        119,
        120,
        121,
        122,
        123,
        124,
        125,
        126,
        127,
        128,
        129,
        130,
        131,
        132,
        133,
        134,
        135,
        136,
        137,
        138,
        139,
        140,
        141,
        142,
        143,
        144,
        145,
        146,
        147,
        148,
        149,
        150,
        151,
        152,
        153,
        154,
        155,
        156,
        157,
        158,
        159,
        160,
        161,
        162,
        163,
        164,
        165,
        166,
        167,
        168
      ],
      "atr_multiplier": [
        0.5,
        1.0,
        1.5
      ]
    },
    "transaction_cost": 0.002,
    "slippage": 0.0005
  },
  "combined_metrics": {
    "avg_oos_sharpe": 35.8640842977018,
    "std_oos_sharpe": 117.42256975413545,
    "avg_oos_return": -0.01680926911688922,
    "avg_oos_max_dd": -0.2513749806399749,
    "avg_oos_profit_factor": 0.9949131462997887,
    "avg_oos_win_rate": 0.4398148148148149,
    "total_oos_trades": 210,
    "positive_windows": 5,
    "negative_windows": 7,
    "consistency": 0.4166666666666667,
    "is_oos_sharpe_ratio": 12.58027265427014
  },
  "data_info": {
    "start_date": "2022-10-01 00:00:00",
    "end_date": "2025-09-30 00:00:00",
    "total_bars": 26281
  }
}